Populatie,KenmerkenVanHuishoudens,RegioS,Perioden,ParticuliereHuishoudens_1,GestandaardiseerdInkomen1e10Groep_7,GestandaardiseerdInkomen2e10Groep_8,GestandaardiseerdInkomen3e10Groep_9,GestandaardiseerdInkomen4e10Groep_10,GestandaardiseerdInkomen5e10Groep_11,GestandaardiseerdInkomen6e10Groep_12,GestandaardiseerdInkomen7e10Groep_13,GestandaardiseerdInkomen8e10Groep_14,GestandaardiseerdInkomen9e10Groep_15,GestandaardiseerdInkomen10e10Groep_16
1050010,1050015,NL01,2022JJ00,3085.0,17.0,15.0,15.0,12.0,10.0,8.0,7.0,6.0,5.0,4.0
1050010,1050015,LD01,2022JJ00,316.2,20.0,16.0,16.0,12.0,10.0,8.0,7.0,5.0,3.0,2.0
1050010,1050015,LD02,2022JJ00,578.0,16.0,16.0,16.0,12.0,11.0,8.0,7.0,6.0,4.0,3.0
1050010,1050015,LD03,2022JJ00,1568.9,17.0,15.0,14.0,11.0,10.0,8.0,8.0,7.0,6.0,5.0
1050010,1050015,LD04,2022JJ00,621.9,15.0,15.0,16.0,13.0,11.0,8.0,7.0,6.0,4.0,3.0
1050010,1050015,PV20,2022JJ00,132.0,28.0,16.0,15.0,11.0,9.0,7.0,6.0,4.0,3.0,2.0
1050010,1050015,PV21,2022JJ00,110.1,17.0,17.0,17.0,13.0,11.0,8.0,7.0,5.0,3.0,2.0
1050010,1050015,PV22,2022JJ00,74.1,13.0,16.0,17.0,13.0,11.0,9.0,8.0,6.0,4.0,3.0
1050010,1050015,PV23,2022JJ00,180.9,16.0,17.0,17.0,13.0,11.0,8.0,7.0,5.0,4.0,3.0
1050010,1050015,PV24,2022JJ00,57.9,13.0,16.0,16.0,12.0,11.0,9.0,8.0,7.0,5.0,4.0
1050010,1050015,PV25,2022JJ00,339.2,17.0,15.0,16.0,12.0,11.0,8.0,7.0,6.0,4.0,3.0
1050010,1050015,PV26,2022JJ00,234.5,18.0,13.0,13.0,11.0,11.0,9.0,8.0,7.0,6.0,5.0
1050010,1050015,PV27,2022JJ00,581.2,16.0,16.0,14.0,10.0,10.0,8.0,7.0,7.0,6.0,7.0
1050010,1050015,PV28,2022JJ00,688.2,18.0,16.0,14.0,11.0,10.0,8.0,7.0,6.0,5.0,5.0
1050010,1050015,PV29,2022JJ00,64.9,13.0,15.0,16.0,13.0,11.0,9.0,8.0,7.0,5.0,4.0
1050010,1050015,PV30,2022JJ00,420.7,15.0,15.0,16.0,12.0,11.0,9.0,8.0,6.0,5.0,4.0
1050010,1050015,PV31,2022JJ00,201.2,16.0,17.0,17.0,13.0,11.0,8.0,7.0,5.0,3.0,3.0
1050010,1050015,CR01,2022JJ00,22.2,15.0,19.0,20.0,14.0,10.0,8.0,6.0,4.0,2.0,2.0
1050010,1050015,CR02,2022JJ00,8.0,14.0,19.0,19.0,12.0,11.0,9.0,7.0,4.0,3.0,2.0
1050010,1050015,CR03,2022JJ00,101.8,31.0,15.0,13.0,10.0,9.0,7.0,6.0,4.0,3.0,2.0
1050010,1050015,CR04,2022JJ00,59.3,20.0,17.0,16.0,13.0,10.0,8.0,7.0,5.0,3.0,2.0
1050010,1050015,CR05,2022JJ00,21.5,13.0,16.0,17.0,13.0,11.0,9.0,8.0,6.0,4.0,3.0
1050010,1050015,CR06,2022JJ00,29.3,13.0,18.0,18.0,13.0,11.0,9.0,7.0,5.0,3.0,2.0
1050010,1050015,CR07,2022JJ00,28.8,12.0,15.0,16.0,13.0,12.0,9.0,9.0,6.0,4.0,3.0
1050010,1050015,CR08,2022JJ00,25.3,14.0,18.0,19.0,13.0,11.0,8.0,7.0,5.0,3.0,2.0
1050010,1050015,CR09,2022JJ00,20.0,12.0,16.0,17.0,14.0,12.0,9.0,8.0,5.0,4.0,3.0
1050010,1050015,CR10,2022JJ00,55.7,14.0,15.0,17.0,13.0,11.0,9.0,8.0,6.0,4.0,3.0
1050010,1050015,CR11,2022JJ00,25.3,14.0,16.0,17.0,13.0,11.0,9.0,8.0,6.0,4.0,3.0
1050010,1050015,CR12,2022JJ00,99.9,18.0,17.0,17.0,12.0,11.0,8.0,7.0,5.0,3.0,2.0
1050010,1050015,CR13,2022JJ00,101.9,16.0,14.0,16.0,13.0,11.0,9.0,8.0,6.0,4.0,3.0
1050010,1050015,CR14,2022JJ00,57.7,11.0,16.0,18.0,14.0,12.0,9.0,8.0,6.0,4.0,3.0
1050010,1050015,CR15,2022JJ00,147.5,21.0,16.0,15.0,11.0,10.0,8.0,7.0,5.0,4.0,3.0
1050010,1050015,CR16,2022JJ00,32.0,13.0,16.0,17.0,13.0,10.0,9.0,7.0,6.0,5.0,4.0
1050010,1050015,CR17,2022JJ00,234.5,18.0,13.0,13.0,11.0,11.0,9.0,8.0,7.0,6.0,5.0
1050010,1050015,CR18,2022JJ00,58.8,11.0,15.0,17.0,13.0,12.0,9.0,8.0,6.0,5.0,3.0
1050010,1050015,CR19,2022JJ00,41.6,12.0,14.0,14.0,12.0,11.0,9.0,9.0,7.0,6.0,5.0
1050010,1050015,CR20,2022JJ00,31.7,11.0,14.0,15.0,13.0,11.0,10.0,9.0,7.0,6.0,4.0
1050010,1050015,CR21,2022JJ00,44.8,12.0,14.0,13.0,11.0,11.0,9.0,8.0,8.0,7.0,7.0
1050010,1050015,CR22,2022JJ00,27.8,12.0,16.0,17.0,12.0,11.0,9.0,8.0,6.0,5.0,4.0
1050010,1050015,CR23,2022JJ00,335.1,19.0,16.0,12.0,9.0,9.0,8.0,7.0,6.0,6.0,8.0
1050010,1050015,CR24,2022JJ00,41.4,11.0,14.0,15.0,11.0,11.0,9.0,8.0,7.0,6.0,8.0
1050010,1050015,CR25,2022JJ00,79.9,20.0,12.0,13.0,11.0,11.0,8.0,7.0,7.0,6.0,5.0
1050010,1050015,CR26,2022JJ00,181.6,18.0,16.0,13.0,10.0,10.0,8.0,8.0,6.0,6.0,5.0
1050010,1050015,CR27,2022JJ00,47.7,29.0,12.0,14.0,10.0,9.0,7.0,6.0,5.0,4.0,3.0
1050010,1050015,CR28,2022JJ00,48.4,12.0,14.0,15.0,12.0,11.0,9.0,9.0,8.0,6.0,5.0
1050010,1050015,CR29,2022JJ00,274.8,17.0,17.0,15.0,10.0,9.0,8.0,7.0,6.0,5.0,4.0
1050010,1050015,CR30,2022JJ00,55.9,11.0,16.0,17.0,12.0,10.0,9.0,8.0,7.0,5.0,4.0
1050010,1050015,CR31,2022JJ00,18.1,12.0,15.0,16.0,14.0,11.0,9.0,8.0,6.0,5.0,4.0
1050010,1050015,CR32,2022JJ00,46.8,13.0,15.0,16.0,13.0,11.0,9.0,9.0,7.0,5.0,4.0
1050010,1050015,CR33,2022JJ00,102.7,15.0,15.0,16.0,12.0,11.0,8.0,8.0,6.0,5.0,4.0
1050010,1050015,CR34,2022JJ00,85.0,20.0,15.0,16.0,12.0,10.0,8.0,7.0,5.0,4.0,3.0
1050010,1050015,CR35,2022JJ00,99.1,11.0,15.0,16.0,13.0,12.0,9.0,8.0,7.0,5.0,4.0
1050010,1050015,CR36,2022JJ00,133.9,16.0,14.0,15.0,12.0,11.0,9.0,8.0,6.0,5.0,4.0
1050010,1050015,CR37,2022JJ00,43.0,13.0,15.0,18.0,15.0,12.0,9.0,7.0,5.0,4.0,3.0
1050010,1050015,CR38,2022JJ00,38.0,11.0,16.0,17.0,14.0,12.0,9.0,8.0,6.0,4.0,3.0
1050010,1050015,CR39,2022JJ00,120.3,19.0,18.0,17.0,12.0,10.0,8.0,6.0,4.0,3.0,3.0
1050010,1050015,CR40,2022JJ00,57.9,13.0,16.0,16.0,12.0,11.0,9.0,8.0,7.0,5.0,4.0
1050010,1050015,GM1680,2022JJ00,3.2,12.0,14.0,16.0,14.0,11.0,9.0,8.0,7.0,6.0,4.0
1050010,1050015,GM0358,2022JJ00,4.2,12.0,13.0,16.0,13.0,11.0,9.0,7.0,7.0,6.0,6.0
1050010,1050015,GM0197,2022JJ00,3.5,8.0,15.0,18.0,17.0,14.0,10.0,9.0,5.0,3.0,2.0
1050010,1050015,GM0059,2022JJ00,3.7,16.0,20.0,16.0,15.0,10.0,8.0,7.0,4.0,2.0,2.0
1050010,1050015,GM0482,2022JJ00,2.6,11.0,16.0,21.0,14.0,10.0,9.0,8.0,6.0,5.0,2.0
1050010,1050015,GM0613,2022JJ00,2.8,8.0,12.0,15.0,12.0,11.0,9.0,8.0,9.0,8.0,7.0
1050010,1050015,GM0361,2022JJ00,21.8,13.0,16.0,14.0,12.0,11.0,9.0,8.0,7.0,5.0,4.0
1050010,1050015,GM0141,2022JJ00,12.2,15.0,21.0,18.0,13.0,10.0,8.0,6.0,4.0,3.0,2.0
1050010,1050015,GM0034,2022JJ00,29.3,13.0,16.0,14.0,11.0,10.0,9.0,9.0,7.0,6.0,5.0
1050010,1050015,GM0484,2022JJ00,16.3,11.0,13.0,15.0,13.0,12.0,9.0,9.0,8.0,6.0,5.0
1050010,1050015,GM1723,2022JJ00,1.1,10.0,10.0,13.0,14.0,13.0,11.0,9.0,8.0,6.0,5.0
1050010,1050015,GM1959,2022JJ00,6.4,9.0,15.0,18.0,14.0,11.0,8.0,8.0,7.0,5.0,5.0
1050010,1050015,GM0060,2022JJ00,0.7,,,,,,,,,,
1050010,1050015,GM0307,2022JJ00,26.0,13.0,15.0,14.0,11.0,11.0,9.0,9.0,7.0,6.0,5.0
1050010,1050015,GM0362,2022JJ00,18.1,21.0,11.0,13.0,10.0,10.0,8.0,7.0,7.0,6.0,8.0
1050010,1050015,GM0363,2022JJ00,255.5,21.0,17.0,12.0,9.0,8.0,7.0,6.0,6.0,6.0,8.0
1050010,1050015,GM0200,2022JJ00,27.2,13.0,15.0,17.0,13.0,11.0,9.0,8.0,6.0,5.0,4.0
1050010,1050015,GM0202,2022JJ00,39.2,22.0,19.0,15.0,10.0,9.0,7.0,6.0,5.0,4.0,3.0
1050010,1050015,GM0106,2022JJ00,12.4,14.0,16.0,17.0,12.0,12.0,9.0,8.0,5.0,4.0,2.0
1050010,1050015,GM0743,2022JJ00,2.3,13.0,15.0,16.0,15.0,12.0,8.0,8.0,6.0,4.0,3.0
1050010,1050015,GM0744,2022JJ00,1.0,11.0,12.0,14.0,18.0,13.0,9.0,9.0,6.0,4.0,3.0
1050010,1050015,GM0308,2022JJ00,4.2,9.0,13.0,14.0,13.0,12.0,10.0,8.0,8.0,7.0,7.0
1050010,1050015,GM0489,2022JJ00,5.0,8.0,11.0,16.0,12.0,10.0,9.0,8.0,9.0,9.0,7.0
1050010,1050015,GM0203,2022JJ00,6.4,12.0,12.0,16.0,14.0,12.0,9.0,8.0,7.0,5.0,4.0
1050010,1050015,GM0888,2022JJ00,2.4,10.0,15.0,17.0,15.0,12.0,10.0,8.0,6.0,4.0,3.0
1050010,1050015,GM1954,2022JJ00,4.9,10.0,15.0,17.0,14.0,13.0,10.0,8.0,6.0,4.0,3.0
1050010,1050015,GM0889,2022JJ00,1.8,9.0,15.0,21.0,17.0,11.0,8.0,8.0,6.0,3.0,2.0
1050010,1050015,GM1945,2022JJ00,5.5,13.0,18.0,18.0,13.0,10.0,8.0,7.0,6.0,4.0,4.0
1050010,1050015,GM1724,2022JJ00,2.3,9.0,13.0,14.0,15.0,14.0,10.0,9.0,8.0,6.0,4.0
1050010,1050015,GM0893,2022JJ00,1.6,10.0,15.0,21.0,15.0,11.0,9.0,8.0,5.0,4.0,2.0
1050010,1050015,GM0373,2022JJ00,5.2,10.0,13.0,13.0,11.0,11.0,8.0,9.0,8.0,7.0,9.0
1050010,1050015,GM0748,2022JJ00,10.7,12.0,18.0,17.0,13.0,10.0,8.0,8.0,6.0,4.0,3.0
1050010,1050015,GM1859,2022JJ00,5.7,10.0,15.0,18.0,15.0,12.0,10.0,8.0,5.0,4.0,3.0
1050010,1050015,GM1721,2022JJ00,3.6,10.0,14.0,16.0,14.0,13.0,9.0,8.0,7.0,5.0,4.0
1050010,1050015,GM0753,2022JJ00,4.0,11.0,13.0,14.0,13.0,13.0,10.0,8.0,8.0,5.0,6.0
1050010,1050015,GM0209,2022JJ00,3.3,11.0,15.0,17.0,12.0,11.0,9.0,10.0,7.0,5.0,4.0
1050010,1050015,GM0375,2022JJ00,7.4,12.0,15.0,16.0,12.0,11.0,10.0,9.0,7.0,5.0,3.0
1050010,1050015,GM0310,2022JJ00,7.1,11.0,13.0,13.0,12.0,11.0,9.0,9.0,8.0,7.0,7.0
1050010,1050015,GM1728,2022JJ00,2.6,9.0,12.0,14.0,15.0,14.0,11.0,9.0,8.0,4.0,3.0
1050010,1050015,GM0376,2022JJ00,1.5,8.0,10.0,13.0,10.0,10.0,9.0,9.0,8.0,7.0,14.0
1050010,1050015,GM0377,2022JJ00,3.1,10.0,11.0,11.0,10.0,10.0,8.0,8.0,8.0,8.0,15.0
1050010,1050015,GM1901,2022JJ00,4.3,11.0,12.0,14.0,12.0,11.0,9.0,9.0,9.0,6.0,6.0
1050010,1050015,GM0755,2022JJ00,1.1,8.0,11.0,17.0,15.0,13.0,12.0,9.0,7.0,4.0,3.0
1050010,1050015,GM1681,2022JJ00,3.2,14.0,16.0,17.0,13.0,11.0,9.0,8.0,6.0,3.0,3.0
1050010,1050015,GM0147,2022JJ00,2.8,8.0,15.0,19.0,13.0,12.0,10.0,9.0,7.0,5.0,3.0
1050010,1050015,GM0654,2022JJ00,2.9,8.0,13.0,17.0,14.0,11.0,10.0,9.0,8.0,5.0,5.0
1050010,1050015,GM0757,2022JJ00,5.1,11.0,15.0,18.0,14.0,11.0,10.0,7.0,6.0,4.0,4.0
1050010,1050015,GM0758,2022JJ00,37.2,20.0,14.0,14.0,11.0,10.0,8.0,7.0,6.0,5.0,5.0
1050010,1050015,GM1876,2022JJ00,4.5,12.0,13.0,17.0,14.0,12.0,9.0,8.0,6.0,4.0,4.0
1050010,1050015,GM0213,2022JJ00,2.7,11.0,15.0,18.0,14.0,11.0,8.0,8.0,7.0,4.0,3.0
1050010,1050015,GM0899,2022JJ00,5.4,11.0,19.0,20.0,15.0,12.0,9.0,7.0,4.0,3.0,1.0
1050010,1050015,GM0312,2022JJ00,2.0,11.0,10.0,11.0,12.0,12.0,9.0,9.0,11.0,9.0,7.0
1050010,1050015,GM0313,2022JJ00,2.2,10.0,11.0,16.0,17.0,14.0,10.0,8.0,7.0,5.0,4.0
1050010,1050015,GM0214,2022JJ00,2.9,11.0,14.0,16.0,12.0,11.0,9.0,8.0,8.0,5.0,6.0
1050010,1050015,GM0502,2022JJ00,12.1,12.0,17.0,17.0,10.0,11.0,9.0,9.0,7.0,6.0,4.0
1050010,1050015,GM0383,2022JJ00,5.3,9.0,10.0,11.0,13.0,12.0,11.0,10.0,9.0,8.0,7.0
1050010,1050015,GM0109,2022JJ00,5.0,13.0,16.0,18.0,14.0,11.0,9.0,8.0,6.0,3.0,3.0
1050010,1050015,GM1706,2022JJ00,2.6,10.0,14.0,14.0,13.0,13.0,10.0,10.0,7.0,5.0,4.0
1050010,1050015,GM0216,2022JJ00,4.3,10.0,14.0,16.0,13.0,11.0,11.0,8.0,8.0,6.0,4.0
1050010,1050015,GM0148,2022JJ00,3.3,9.0,14.0,15.0,16.0,12.0,11.0,9.0,7.0,4.0,3.0
1050010,1050015,GM1891,2022JJ00,2.4,12.0,22.0,20.0,16.0,9.0,7.0,6.0,3.0,3.0,2.0
1050010,1050015,GM0503,2022JJ00,30.9,38.0,11.0,11.0,8.0,8.0,6.0,5.0,4.0,4.0,3.0
1050010,1050015,GM0762,2022JJ00,4.4,10.0,15.0,19.0,14.0,11.0,9.0,8.0,6.0,5.0,3.0
1050010,1050015,GM0150,2022JJ00,18.4,16.0,16.0,16.0,12.0,11.0,9.0,7.0,6.0,4.0,3.0
1050010,1050015,GM0384,2022JJ00,6.9,27.0,10.0,11.0,9.0,9.0,8.0,7.0,7.0,7.0,5.0
1050010,1050015,GM1980,2022JJ00,10.9,11.0,13.0,14.0,12.0,12.0,11.0,10.0,8.0,6.0,4.0
1050010,1050015,GM1774,2022JJ00,2.8,9.0,14.0,15.0,16.0,13.0,9.0,9.0,7.0,4.0,4.0
1050010,1050015,GM0221,2022JJ00,1.9,11.0,22.0,20.0,10.0,10.0,8.0,7.0,5.0,4.0,3.0
1050010,1050015,GM0222,2022JJ00,9.4,13.0,19.0,18.0,12.0,10.0,8.0,7.0,6.0,4.0,2.0
1050010,1050015,GM0766,2022JJ00,3.4,10.0,13.0,16.0,13.0,14.0,10.0,8.0,7.0,5.0,4.0
1050010,1050015,GM0505,2022JJ00,21.7,13.0,17.0,16.0,12.0,10.0,9.0,8.0,7.0,5.0,3.0
1050010,1050015,GM0498,2022JJ00,2.4,11.0,15.0,15.0,14.0,12.0,9.0,8.0,7.0,4.0,4.0
1050010,1050015,GM1719,2022JJ00,3.3,9.0,14.0,18.0,14.0,12.0,8.0,7.0,7.0,6.0,4.0
1050010,1050015,GM0303,2022JJ00,5.5,15.0,13.0,17.0,12.0,11.0,9.0,8.0,6.0,5.0,3.0
1050010,1050015,GM0225,2022JJ00,2.3,9.0,17.0,18.0,13.0,13.0,9.0,8.0,6.0,4.0,3.0
1050010,1050015,GM0226,2022JJ00,3.0,8.0,18.0,20.0,12.0,11.0,10.0,8.0,7.0,5.0,3.0
1050010,1050015,GM1711,2022JJ00,4.6,9.0,15.0,16.0,16.0,12.0,9.0,9.0,6.0,4.0,3.0
1050010,1050015,GM0385,2022JJ00,4.3,8.0,13.0,13.0,13.0,13.0,9.0,10.0,9.0,7.0,5.0
1050010,1050015,GM0228,2022JJ00,17.2,14.0,13.0,15.0,12.0,12.0,10.0,9.0,7.0,5.0,3.0
1050010,1050015,GM0317,2022JJ00,1.2,8.0,11.0,14.0,11.0,12.0,9.0,10.0,10.0,7.0,7.0
1050010,1050015,GM1979,2022JJ00,8.0,14.0,19.0,19.0,12.0,11.0,9.0,7.0,4.0,3.0,2.0
1050010,1050015,GM0770,2022JJ00,2.5,10.0,14.0,13.0,13.0,13.0,9.0,8.0,9.0,6.0,5.0
1050010,1050015,GM1903,2022JJ00,3.1,10.0,11.0,14.0,15.0,13.0,10.0,9.0,7.0,6.0,4.0
1050010,1050015,GM0772,2022JJ00,58.2,24.0,14.0,13.0,10.0,10.0,8.0,7.0,6.0,5.0,4.0
1050010,1050015,GM0230,2022JJ00,2.6,9.0,15.0,17.0,16.0,12.0,9.0,9.0,6.0,4.0,3.0
1050010,1050015,GM0114,2022JJ00,17.1,15.0,19.0,20.0,13.0,10.0,8.0,7.0,4.0,2.0,2.0
1050010,1050015,GM0388,2022JJ00,3.3,11.0,17.0,16.0,13.0,11.0,10.0,8.0,5.0,4.0,3.0
1050010,1050015,GM0153,2022JJ00,35.1,29.0,18.0,15.0,10.0,9.0,7.0,5.0,4.0,3.0,2.0
1050010,1050015,GM0232,2022JJ00,4.4,10.0,14.0,18.0,15.0,13.0,9.0,7.0,6.0,4.0,4.0
1050010,1050015,GM0233,2022JJ00,3.9,11.0,14.0,16.0,14.0,12.0,9.0,8.0,6.0,5.0,4.0
1050010,1050015,GM0777,2022JJ00,5.8,11.0,16.0,16.0,13.0,11.0,9.0,8.0,7.0,5.0,3.0
1050010,1050015,GM1940,2022JJ00,7.0,12.0,15.0,16.0,14.0,11.0,9.0,8.0,6.0,5.0,4.0
1050010,1050015,GM0779,2022JJ00,3.0,10.0,15.0,18.0,15.0,10.0,9.0,9.0,6.0,5.0,3.0
1050010,1050015,GM1771,2022JJ00,6.0,11.0,14.0,16.0,12.0,12.0,9.0,9.0,7.0,6.0,4.0
1050010,1050015,GM1652,2022JJ00,4.0,10.0,16.0,18.0,15.0,12.0,9.0,8.0,5.0,4.0,3.0
1050010,1050015,GM0907,2022JJ00,2.4,11.0,16.0,16.0,14.0,13.0,10.0,8.0,6.0,4.0,2.0
1050010,1050015,GM0784,2022JJ00,3.4,10.0,15.0,18.0,13.0,12.0,9.0,8.0,7.0,4.0,3.0
1050010,1050015,GM1924,2022JJ00,6.7,10.0,16.0,17.0,11.0,11.0,9.0,9.0,7.0,6.0,4.0
1050010,1050015,GM0664,2022JJ00,7.1,12.0,16.0,19.0,12.0,11.0,8.0,8.0,6.0,4.0,3.0
1050010,1050015,GM0785,2022JJ00,3.0,10.0,16.0,15.0,12.0,10.0,9.0,9.0,7.0,6.0,4.0
1050010,1050015,GM1942,2022JJ00,10.1,11.0,13.0,13.0,10.0,11.0,9.0,8.0,8.0,7.0,10.0
1050010,1050015,GM0512,2022JJ00,6.5,11.0,18.0,19.0,12.0,10.0,9.0,7.0,6.0,5.0,4.0
1050010,1050015,GM0513,2022JJ00,13.4,14.0,16.0,15.0,11.0,10.0,9.0,8.0,7.0,5.0,4.0
1050010,1050015,GM0518,2022JJ00,126.2,21.0,17.0,12.0,9.0,9.0,8.0,7.0,6.0,5.0,5.0
1050010,1050015,GM0014,2022JJ00,76.5,37.0,14.0,12.0,9.0,8.0,6.0,5.0,4.0,3.0,2.0
1050010,1050015,GM1729,2022JJ00,2.1,10.0,15.0,19.0,15.0,11.0,9.0,7.0,6.0,4.0,4.0
1050010,1050015,GM0158,2022JJ00,3.0,9.0,16.0,17.0,15.0,12.0,9.0,9.0,5.0,4.0,3.0
1050010,1050015,GM0392,2022JJ00,33.6,13.0,14.0,13.0,11.0,11.0,9.0,8.0,7.0,6.0,6.0
1050010,1050015,GM0394,2022JJ00,20.4,11.0,12.0,14.0,11.0,11.0,9.0,9.0,8.0,7.0,6.0
1050010,1050015,GM1655,2022JJ00,3.8,12.0,15.0,17.0,14.0,11.0,8.0,8.0,6.0,5.0,3.0
1050010,1050015,GM0160,2022JJ00,7.1,11.0,14.0,20.0,15.0,12.0,10.0,7.0,5.0,3.0,2.0
1050010,1050015,GM0243,2022JJ00,7.0,11.0,17.0,16.0,13.0,12.0,9.0,8.0,6.0,4.0,4.0
1050010,1050015,GM0523,2022JJ00,2.1,9.0,17.0,18.0,12.0,11.0,10.0,7.0,7.0,5.0,3.0
1050010,1050015,GM0072,2022JJ00,3.0,16.0,17.0,20.0,11.0,9.0,7.0,8.0,4.0,4.0,3.0
1050010,1050015,GM0244,2022JJ00,1.5,6.0,12.0,17.0,16.0,13.0,11.0,10.0,6.0,5.0,4.0
1050010,1050015,GM0396,2022JJ00,5.9,9.0,14.0,16.0,13.0,11.0,10.0,10.0,7.0,6.0,4.0
1050010,1050015,GM0397,2022JJ00,4.4,7.0,11.0,13.0,11.0,11.0,10.0,9.0,10.0,9.0,11.0
1050010,1050015,GM0246,2022JJ00,2.1,9.0,12.0,18.0,15.0,13.0,9.0,9.0,6.0,4.0,4.0
1050010,1050015,GM0074,2022JJ00,8.4,14.0,17.0,18.0,13.0,11.0,9.0,7.0,5.0,4.0,3.0
1050010,1050015,GM0917,2022JJ00,21.1,16.0,22.0,19.0,12.0,10.0,8.0,6.0,4.0,2.0,2.0
1050010,1050015,GM1658,2022JJ00,2.0,9.0,11.0,12.0,12.0,12.0,11.0,9.0,10.0,6.0,8.0
1050010,1050015,GM0399,2022JJ00,3.8,14.0,11.0,12.0,11.0,10.0,9.0,9.0,9.0,7.0,7.0
1050010,1050015,GM0400,2022JJ00,11.2,13.0,16.0,17.0,12.0,11.0,9.0,8.0,6.0,4.0,2.0
1050010,1050015,GM0163,2022JJ00,4.3,8.0,13.0,18.0,17.0,15.0,10.0,9.0,6.0,3.0,3.0
1050010,1050015,GM0794,2022JJ00,14.8,13.0,18.0,19.0,13.0,11.0,8.0,7.0,5.0,4.0,3.0
1050010,1050015,GM0531,2022JJ00,3.1,8.0,12.0,19.0,12.0,9.0,9.0,10.0,9.0,7.0,5.0
1050010,1050015,GM0164,2022JJ00,15.5,15.0,18.0,17.0,12.0,11.0,8.0,7.0,5.0,4.0,3.0
1050010,1050015,GM0796,2022JJ00,30.1,15.0,16.0,15.0,11.0,10.0,9.0,7.0,7.0,6.0,5.0
1050010,1050015,GM0252,2022JJ00,2.3,12.0,13.0,16.0,11.0,10.0,10.0,9.0,8.0,6.0,5.0
1050010,1050015,GM0797,2022JJ00,5.8,10.0,16.0,18.0,13.0,10.0,9.0,9.0,6.0,5.0,4.0
1050010,1050015,GM0534,2022JJ00,3.5,9.0,13.0,17.0,14.0,12.0,10.0,8.0,7.0,5.0,4.0
1050010,1050015,GM0798,2022JJ00,1.9,10.0,12.0,13.0,14.0,13.0,10.0,9.0,8.0,6.0,5.0
1050010,1050015,GM0402,2022JJ00,17.8,12.0,15.0,15.0,11.0,11.0,9.0,9.0,7.0,6.0,5.0
1050010,1050015,GM1963,2022JJ00,11.1,8.0,13.0,17.0,12.0,11.0,9.0,9.0,8.0,7.0,6.0
1050010,1050015,GM1735,2022JJ00,4.7,11.0,14.0,18.0,15.0,12.0,9.0,8.0,6.0,4.0,4.0
1050010,1050015,GM1966,2022JJ00,7.6,13.0,17.0,18.0,14.0,11.0,9.0,8.0,5.0,3.0,2.0
1050010,1050015,GM1911,2022JJ00,6.8,11.0,15.0,17.0,14.0,12.0,9.0,8.0,6.0,5.0,3.0
1050010,1050015,GM0118,2022JJ00,8.5,11.0,17.0,19.0,15.0,12.0,9.0,8.0,5.0,3.0,2.0
1050010,1050015,GM0405,2022JJ00,12.4,11.0,17.0,17.0,12.0,11.0,9.0,9.0,6.0,5.0,4.0
1050010,1050015,GM1507,2022JJ00,5.6,11.0,13.0,17.0,16.0,12.0,9.0,8.0,6.0,4.0,3.0
1050010,1050015,GM0321,2022JJ00,5.8,10.0,13.0,15.0,12.0,11.0,9.0,8.0,8.0,8.0,7.0
1050010,1050015,GM0406,2022JJ00,6.6,8.0,16.0,17.0,12.0,11.0,9.0,8.0,7.0,6.0,6.0
1050010,1050015,GM0677,2022JJ00,4.3,11.0,15.0,16.0,14.0,11.0,9.0,8.0,7.0,5.0,4.0
1050010,1050015,GM0353,2022JJ00,4.5,9.0,13.0,16.0,12.0,12.0,9.0,9.0,7.0,7.0,6.0
1050010,1050015,GM1884,2022JJ00,3.5,10.0,13.0,16.0,13.0,12.0,10.0,8.0,7.0,6.0,5.0
1050010,1050015,GM0166,2022JJ00,7.2,12.0,17.0,18.0,13.0,11.0,9.0,8.0,5.0,3.0,3.0
1050010,1050015,GM0678,2022JJ00,1.5,10.0,13.0,14.0,15.0,11.0,9.0,10.0,9.0,6.0,4.0
1050010,1050015,GM0537,2022JJ00,8.4,9.0,13.0,17.0,14.0,13.0,10.0,8.0,7.0,5.0,4.0
1050010,1050015,GM0928,2022JJ00,9.6,15.0,20.0,21.0,13.0,11.0,7.0,6.0,3.0,2.0,1.0
1050010,1050015,GM1598,2022JJ00,2.7,9.0,12.0,13.0,15.0,12.0,11.0,10.0,7.0,6.0,5.0
1050010,1050015,GM0542,2022JJ00,3.8,9.0,17.0,18.0,12.0,10.0,8.0,9.0,7.0,6.0,4.0
1050010,1050015,GM1931,2022JJ00,7.4,12.0,14.0,16.0,13.0,11.0,9.0,8.0,7.0,5.0,4.0
1050010,1050015,GM1659,2022JJ00,2.8,10.0,16.0,16.0,14.0,12.0,10.0,8.0,7.0,5.0,3.0
1050010,1050015,GM1982,2022JJ00,12.0,9.0,15.0,17.0,14.0,13.0,10.0,8.0,6.0,4.0,3.0
1050010,1050015,GM0882,2022JJ00,6.2,12.0,19.0,19.0,14.0,12.0,9.0,7.0,5.0,3.0,2.0
1050010,1050015,GM0415,2022JJ00,1.4,11.0,12.0,14.0,13.0,10.0,8.0,9.0,7.0,7.0,10.0
1050010,1050015,GM1621,2022JJ00,5.6,8.0,12.0,15.0,11.0,11.0,8.0,9.0,9.0,9.0,9.0
1050010,1050015,GM0417,2022JJ00,1.9,11.0,11.0,11.0,9.0,9.0,9.0,8.0,7.0,8.0,17.0
1050010,1050015,GM0080,2022JJ00,29.7,26.0,16.0,15.0,11.0,10.0,7.0,6.0,5.0,3.0,2.0
1050010,1050015,GM0546,2022JJ00,35.8,32.0,12.0,11.0,9.0,9.0,7.0,6.0,5.0,5.0,4.0
1050010,1050015,GM0547,2022JJ00,4.4,10.0,12.0,15.0,11.0,11.0,10.0,9.0,9.0,7.0,6.0
1050010,1050015,GM1916,2022JJ00,15.1,11.0,14.0,14.0,10.0,10.0,9.0,9.0,9.0,7.0,7.0
1050010,1050015,GM0995,2022JJ00,12.4,14.0,18.0,16.0,12.0,11.0,9.0,8.0,6.0,4.0,3.0
1050010,1050015,GM1640,2022JJ00,4.8,11.0,12.0,15.0,15.0,13.0,10.0,10.0,7.0,4.0,3.0
1050010,1050015,GM0327,2022JJ00,4.1,8.0,12.0,14.0,12.0,12.0,11.0,10.0,9.0,7.0,5.0
1050010,1050015,GM1705,2022JJ00,5.6,10.0,14.0,17.0,15.0,12.0,9.0,8.0,7.0,5.0,4.0
1050010,1050015,GM0553,2022JJ00,3.4,8.0,13.0,19.0,14.0,11.0,10.0,8.0,7.0,5.0,5.0
1050010,1050015,GM0262,2022JJ00,4.7,10.0,14.0,16.0,13.0,11.0,9.0,9.0,7.0,5.0,5.0
1050010,1050015,GM0809,2022JJ00,3.1,9.0,14.0,18.0,13.0,13.0,10.0,8.0,6.0,4.0,4.0
1050010,1050015,GM0331,2022JJ00,1.5,10.0,12.0,13.0,13.0,12.0,11.0,9.0,8.0,6.0,5.0
1050010,1050015,GM0168,2022JJ00,2.6,10.0,16.0,19.0,15.0,11.0,10.0,8.0,4.0,4.0,3.0
1050010,1050015,GM0263,2022JJ00,3.4,15.0,16.0,17.0,12.0,10.0,8.0,7.0,6.0,5.0,4.0
1050010,1050015,GM1641,2022JJ00,3.4,9.0,13.0,15.0,16.0,12.0,10.0,10.0,7.0,5.0,3.0
1050010,1050015,GM1991,2022JJ00,8.4,10.0,15.0,17.0,14.0,13.0,9.0,9.0,6.0,5.0,3.0
1050010,1050015,GM0556,2022JJ00,5.2,11.0,16.0,17.0,12.0,11.0,9.0,9.0,7.0,5.0,4.0
1050010,1050015,GM0935,2022JJ00,32.4,33.0,16.0,14.0,9.0,8.0,6.0,5.0,4.0,3.0,3.0
1050010,1050015,GM0420,2022JJ00,6.0,12.0,15.0,17.0,13.0,11.0,9.0,8.0,6.0,4.0,4.0
1050010,1050015,GM0938,2022JJ00,2.6,10.0,14.0,16.0,14.0,11.0,10.0,9.0,6.0,6.0,4.0
1050010,1050015,GM1948,2022JJ00,10.8,9.0,14.0,16.0,15.0,12.0,10.0,9.0,7.0,5.0,4.0
1050010,1050015,GM0119,2022JJ00,5.9,14.0,16.0,17.0,12.0,12.0,9.0,8.0,5.0,4.0,3.0
1050010,1050015,GM0687,2022JJ00,9.4,15.0,15.0,15.0,12.0,11.0,9.0,8.0,7.0,5.0,3.0
1050010,1050015,GM1842,2022JJ00,2.2,11.0,11.0,13.0,13.0,10.0,10.0,10.0,7.0,9.0,6.0
1050010,1050015,GM1731,2022JJ00,4.4,11.0,16.0,17.0,14.0,11.0,10.0,8.0,6.0,4.0,3.0
1050010,1050015,GM1952,2022JJ00,9.9,16.0,18.0,19.0,12.0,11.0,8.0,6.0,4.0,3.0,2.0
1050010,1050015,GM1709,2022JJ00,5.1,11.0,14.0,18.0,13.0,11.0,8.0,8.0,7.0,5.0,4.0
1050010,1050015,GM1978,2022JJ00,4.5,10.0,13.0,16.0,12.0,12.0,10.0,9.0,8.0,5.0,5.0
1050010,1050015,GM1955,2022JJ00,4.7,11.0,17.0,19.0,15.0,11.0,9.0,7.0,5.0,4.0,2.0
1050010,1050015,GM0335,2022JJ00,1.6,7.0,10.0,14.0,13.0,13.0,12.0,10.0,9.0,6.0,5.0
1050010,1050015,GM0944,2022JJ00,1.1,10.0,12.0,14.0,11.0,11.0,11.0,10.0,9.0,6.0,6.0
1050010,1050015,GM1740,2022JJ00,2.5,13.0,18.0,19.0,15.0,10.0,8.0,6.0,5.0,4.0,3.0
1050010,1050015,GM0946,2022JJ00,2.1,11.0,16.0,18.0,14.0,11.0,8.0,8.0,6.0,4.0,4.0
1050010,1050015,GM0356,2022JJ00,11.2,10.0,15.0,15.0,12.0,11.0,11.0,10.0,8.0,5.0,4.0
1050010,1050015,GM0569,2022JJ00,3.3,9.0,11.0,15.0,15.0,12.0,10.0,8.0,9.0,6.0,6.0
1050010,1050015,GM0267,2022JJ00,5.2,11.0,14.0,15.0,13.0,11.0,10.0,9.0,7.0,6.0,4.0
1050010,1050015,GM0268,2022JJ00,50.3,31.0,15.0,13.0,10.0,8.0,6.0,6.0,4.0,3.0,3.0
1050010,1050015,GM1930,2022JJ00,13.2,9.0,17.0,18.0,12.0,10.0,9.0,8.0,7.0,6.0,3.0
1050010,1050015,GM1970,2022JJ00,6.7,14.0,18.0,18.0,14.0,11.0,9.0,6.0,5.0,3.0,2.0
1050010,1050015,GM1695,2022JJ00,1.4,12.0,10.0,12.0,15.0,14.0,11.0,9.0,7.0,5.0,5.0
1050010,1050015,GM1699,2022JJ00,4.4,10.0,14.0,16.0,14.0,12.0,10.0,10.0,7.0,5.0,3.0
1050010,1050015,GM0171,2022JJ00,6.2,12.0,15.0,18.0,13.0,11.0,10.0,9.0,6.0,4.0,2.0
1050010,1050015,GM0575,2022JJ00,7.3,10.0,12.0,16.0,13.0,12.0,9.0,8.0,7.0,6.0,7.0
1050010,1050015,GM0820,2022JJ00,2.9,8.0,11.0,13.0,12.0,11.0,10.0,9.0,10.0,9.0,7.0
1050010,1050015,GM0302,2022JJ00,3.2,12.0,14.0,18.0,15.0,12.0,8.0,7.0,6.0,4.0,3.0
1050010,1050015,GM0579,2022JJ00,3.6,11.0,10.0,11.0,9.0,9.0,10.0,10.0,10.0,10.0,10.0
1050010,1050015,GM0823,2022JJ00,2.2,8.0,12.0,15.0,14.0,14.0,10.0,9.0,7.0,5.0,6.0
1050010,1050015,GM0824,2022JJ00,4.4,11.0,13.0,15.0,13.0,11.0,9.0,8.0,8.0,6.0,6.0
1050010,1050015,GM1895,2022JJ00,6.9,17.0,19.0,18.0,14.0,11.0,8.0,6.0,3.0,2.0,2.0
1050010,1050015,GM0269,2022JJ00,2.4,11.0,16.0,18.0,15.0,12.0,9.0,7.0,6.0,4.0,3.0
1050010,1050015,GM0173,2022JJ00,4.9,11.0,17.0,18.0,14.0,12.0,9.0,8.0,5.0,3.0,3.0
1050010,1050015,GM1773,2022JJ00,2.2,10.0,16.0,18.0,14.0,11.0,8.0,8.0,6.0,5.0,3.0
1050010,1050015,GM0175,2022JJ00,2.3,11.0,14.0,16.0,15.0,14.0,9.0,8.0,7.0,4.0,3.0
1050010,1050015,GM1586,2022JJ00,3.8,8.0,13.0,16.0,17.0,14.0,11.0,9.0,6.0,4.0,2.0
1050010,1050015,GM0826,2022JJ00,8.3,10.0,16.0,18.0,13.0,11.0,9.0,8.0,7.0,5.0,4.0
1050010,1050015,GM0085,2022JJ00,3.8,13.0,18.0,17.0,14.0,11.0,8.0,7.0,4.0,3.0,3.0
1050010,1050015,GM0431,2022JJ00,1.2,9.0,13.0,17.0,14.0,11.0,10.0,8.0,7.0,5.0,6.0
1050010,1050015,GM0432,2022JJ00,1.6,12.0,13.0,16.0,14.0,12.0,9.0,8.0,8.0,4.0,4.0
1050010,1050015,GM0086,2022JJ00,3.9,11.0,15.0,17.0,14.0,11.0,10.0,8.0,6.0,4.0,3.0
1050010,1050015,GM0828,2022JJ00,14.3,10.0,17.0,17.0,14.0,12.0,8.0,8.0,6.0,4.0,3.0
1050010,1050015,GM1509,2022JJ00,5.5,10.0,16.0,20.0,15.0,13.0,9.0,7.0,5.0,3.0,2.0
1050010,1050015,GM0437,2022JJ00,2.3,12.0,12.0,13.0,13.0,11.0,8.0,7.0,7.0,8.0,8.0
1050010,1050015,GM0589,2022JJ00,1.4,9.0,11.0,15.0,13.0,13.0,10.0,9.0,8.0,7.0,5.0
1050010,1050015,GM1734,2022JJ00,5.5,10.0,14.0,18.0,13.0,11.0,9.0,8.0,7.0,6.0,4.0
1050010,1050015,GM0590,2022JJ00,4.6,9.0,14.0,18.0,11.0,11.0,10.0,10.0,7.0,6.0,3.0
1050010,1050015,GM1894,2022JJ00,5.4,10.0,14.0,19.0,15.0,12.0,9.0,8.0,6.0,4.0,3.0
1050010,1050015,GM0765,2022JJ00,1.9,14.0,19.0,21.0,14.0,12.0,7.0,6.0,3.0,2.0,1.0
1050010,1050015,GM1926,2022JJ00,5.4,11.0,10.0,14.0,12.0,10.0,9.0,10.0,9.0,8.0,7.0
1050010,1050015,GM0439,2022JJ00,14.2,11.0,16.0,18.0,12.0,11.0,9.0,8.0,7.0,5.0,3.0
1050010,1050015,GM0273,2022JJ00,2.7,12.0,14.0,16.0,14.0,13.0,8.0,7.0,7.0,4.0,5.0
1050010,1050015,GM0177,2022JJ00,4.7,9.0,14.0,17.0,16.0,14.0,10.0,8.0,6.0,4.0,3.0
1050010,1050015,GM0703,2022JJ00,2.9,12.0,14.0,18.0,14.0,11.0,9.0,8.0,6.0,5.0,3.0
1050010,1050015,GM0274,2022JJ00,5.6,11.0,13.0,15.0,11.0,11.0,10.0,9.0,7.0,6.0,6.0
1050010,1050015,GM0339,2022JJ00,0.6,,,,,,,,,,
1050010,1050015,GM1667,2022JJ00,1.6,9.0,11.0,14.0,15.0,14.0,11.0,10.0,7.0,5.0,4.0
1050010,1050015,GM0275,2022JJ00,8.7,16.0,17.0,17.0,12.0,10.0,8.0,7.0,6.0,4.0,3.0
1050010,1050015,GM0340,2022JJ00,2.6,10.0,13.0,17.0,15.0,12.0,9.0,8.0,7.0,5.0,5.0
1050010,1050015,GM0597,2022JJ00,7.2,9.0,14.0,19.0,12.0,11.0,9.0,9.0,7.0,5.0,3.0
1050010,1050015,GM1742,2022JJ00,3.8,9.0,17.0,16.0,14.0,12.0,10.0,8.0,6.0,5.0,3.0
1050010,1050015,GM0603,2022JJ00,11.4,13.0,14.0,15.0,12.0,11.0,9.0,9.0,7.0,6.0,5.0
1050010,1050015,GM1669,2022JJ00,2.9,9.0,14.0,17.0,16.0,13.0,11.0,8.0,6.0,4.0,2.0
1050010,1050015,GM0957,2022JJ00,11.7,12.0,20.0,18.0,13.0,11.0,8.0,7.0,5.0,4.0,3.0
1050010,1050015,GM0736,2022JJ00,6.0,10.0,10.0,14.0,12.0,11.0,9.0,10.0,8.0,7.0,8.0
1050010,1050015,GM1674,2022JJ00,13.0,13.0,16.0,18.0,13.0,11.0,9.0,8.0,6.0,4.0,3.0
1050010,1050015,GM0599,2022JJ00,157.0,22.0,18.0,14.0,10.0,9.0,7.0,6.0,5.0,4.0,4.0
1050010,1050015,GM0277,2022JJ00,0.1,,,,,,,,,,
1050010,1050015,GM0840,2022JJ00,2.8,13.0,19.0,19.0,13.0,10.0,7.0,7.0,5.0,4.0,3.0
1050010,1050015,GM0441,2022JJ00,7.1,10.0,14.0,16.0,14.0,12.0,10.0,9.0,6.0,5.0,4.0
1050010,1050015,GM0279,2022JJ00,1.3,9.0,9.0,15.0,14.0,14.0,10.0,10.0,9.0,6.0,3.0
1050010,1050015,GM0606,2022JJ00,15.4,15.0,16.0,16.0,11.0,10.0,9.0,8.0,7.0,5.0,3.0
1050010,1050015,GM0088,2022JJ00,0.3,,,,,,,,,,
1050010,1050015,GM1676,2022JJ00,5.5,10.0,15.0,19.0,13.0,10.0,9.0,9.0,7.0,5.0,5.0
1050010,1050015,GM0965,2022JJ00,1.7,11.0,15.0,21.0,16.0,11.0,9.0,7.0,5.0,3.0,2.0
1050010,1050015,GM0845,2022JJ00,3.5,10.0,12.0,14.0,15.0,12.0,10.0,10.0,7.0,5.0,5.0
1050010,1050015,GM1883,2022JJ00,18.2,15.0,19.0,17.0,13.0,11.0,8.0,7.0,5.0,4.0,3.0
1050010,1050015,GM0610,2022JJ00,3.7,11.0,17.0,16.0,12.0,11.0,10.0,8.0,6.0,4.0,3.0
1050010,1050015,GM1714,2022JJ00,4.2,13.0,13.0,18.0,15.0,11.0,8.0,7.0,6.0,5.0,4.0
1050010,1050015,GM0090,2022JJ00,9.3,14.0,18.0,18.0,12.0,11.0,9.0,8.0,5.0,3.0,2.0
1050010,1050015,GM0342,2022JJ00,7.0,10.0,12.0,15.0,12.0,11.0,11.0,9.0,8.0,6.0,6.0
1050010,1050015,GM0847,2022JJ00,2.4,11.0,15.0,16.0,14.0,12.0,10.0,9.0,6.0,4.0,3.0
1050010,1050015,GM0848,2022JJ00,2.1,8.0,10.0,12.0,12.0,10.0,11.0,10.0,10.0,9.0,8.0
1050010,1050015,GM0037,2022JJ00,5.3,15.0,19.0,23.0,13.0,10.0,8.0,5.0,3.0,2.0,1.0
1050010,1050015,GM0180,2022JJ00,1.5,11.0,12.0,15.0,15.0,13.0,9.0,9.0,7.0,5.0,4.0
1050010,1050015,GM0532,2022JJ00,2.8,9.0,15.0,19.0,14.0,12.0,10.0,9.0,5.0,4.0,2.0
1050010,1050015,GM0851,2022JJ00,3.6,13.0,15.0,20.0,13.0,10.0,9.0,7.0,5.0,4.0,3.0
1050010,1050015,GM1708,2022JJ00,6.5,11.0,15.0,19.0,13.0,12.0,8.0,8.0,5.0,4.0,3.0
1050010,1050015,GM0971,2022JJ00,3.6,9.0,15.0,17.0,15.0,13.0,9.0,9.0,7.0,4.0,3.0
1050010,1050015,GM1904,2022JJ00,9.3,10.0,12.0,15.0,12.0,11.0,10.0,9.0,7.0,6.0,7.0
1050010,1050015,GM1900,2022JJ00,14.5,13.0,16.0,18.0,13.0,11.0,9.0,8.0,5.0,4.0,3.0
1050010,1050015,GM0715,2022JJ00,9.6,11.0,16.0,16.0,13.0,11.0,10.0,9.0,6.0,5.0,4.0
1050010,1050015,GM0093,2022JJ00,1.3,32.0,11.0,13.0,9.0,9.0,6.0,7.0,4.0,4.0,5.0
1050010,1050015,GM0448,2022JJ00,2.5,11.0,12.0,18.0,14.0,14.0,9.0,8.0,6.0,4.0,5.0
1050010,1050015,GM1525,2022JJ00,5.0,10.0,11.0,15.0,13.0,12.0,10.0,9.0,7.0,7.0,7.0
1050010,1050015,GM0716,2022JJ00,3.2,10.0,15.0,18.0,15.0,11.0,10.0,8.0,6.0,4.0,3.0
1050010,1050015,GM0281,2022JJ00,7.1,17.0,17.0,17.0,12.0,10.0,8.0,7.0,5.0,4.0,2.0
1050010,1050015,GM0855,2022JJ00,49.5,26.0,15.0,15.0,11.0,10.0,7.0,6.0,5.0,3.0,2.0
1050010,1050015,GM0183,2022JJ00,2.1,13.0,14.0,16.0,15.0,13.0,9.0,7.0,5.0,3.0,2.0
1050010,1050015,GM1700,2022JJ00,3.6,10.0,17.0,20.0,15.0,11.0,10.0,7.0,5.0,3.0,2.0
1050010,1050015,GM1730,2022JJ00,4.3,11.0,12.0,13.0,13.0,11.0,10.0,10.0,8.0,6.0,5.0
1050010,1050015,GM0737,2022JJ00,4.2,11.0,15.0,17.0,14.0,12.0,10.0,9.0,6.0,4.0,2.0
1050010,1050015,GM0450,2022JJ00,1.6,9.0,11.0,13.0,13.0,14.0,11.0,10.0,8.0,7.0,4.0
1050010,1050015,GM0451,2022JJ00,4.4,9.0,13.0,17.0,13.0,11.0,10.0,9.0,8.0,6.0,5.0
1050010,1050015,GM0184,2022JJ00,1.4,10.0,14.0,19.0,16.0,12.0,10.0,7.0,6.0,4.0,3.0
1050010,1050015,GM0344,2022JJ00,88.8,28.0,11.0,10.0,9.0,10.0,8.0,7.0,6.0,6.0,5.0
1050010,1050015,GM1581,2022JJ00,7.5,14.0,12.0,14.0,12.0,10.0,8.0,9.0,8.0,7.0,7.0
1050010,1050015,GM0981,2022JJ00,2.1,18.0,20.0,19.0,13.0,10.0,6.0,5.0,4.0,4.0,2.0
1050010,1050015,GM0994,2022JJ00,3.0,12.0,16.0,19.0,13.0,11.0,8.0,8.0,6.0,4.0,4.0
1050010,1050015,GM0858,2022JJ00,5.2,9.0,15.0,18.0,13.0,12.0,9.0,8.0,7.0,5.0,4.0
1050010,1050015,GM0047,2022JJ00,4.5,14.0,18.0,20.0,14.0,10.0,9.0,7.0,4.0,3.0,1.0
1050010,1050015,GM0345,2022JJ00,9.4,10.0,16.0,17.0,14.0,11.0,10.0,9.0,6.0,5.0,3.0
1050010,1050015,GM0717,2022JJ00,3.0,9.0,11.0,13.0,15.0,12.0,9.0,10.0,8.0,5.0,7.0
1050010,1050015,GM0861,2022JJ00,6.6,7.0,13.0,16.0,12.0,12.0,10.0,9.0,7.0,7.0,6.0
1050010,1050015,GM0453,2022JJ00,11.4,13.0,16.0,16.0,13.0,11.0,9.0,8.0,6.0,5.0,4.0
1050010,1050015,GM0983,2022JJ00,18.5,15.0,16.0,19.0,14.0,12.0,8.0,7.0,4.0,3.0,2.0
1050010,1050015,GM0984,2022JJ00,6.5,12.0,15.0,19.0,15.0,11.0,9.0,8.0,5.0,4.0,3.0
1050010,1050015,GM1961,2022JJ00,7.0,10.0,14.0,18.0,13.0,12.0,9.0,8.0,6.0,5.0,4.0
1050010,1050015,GM0622,2022JJ00,14.0,14.0,18.0,18.0,11.0,10.0,8.0,8.0,6.0,4.0,3.0
1050010,1050015,GM0096,2022JJ00,0.4,,,,,,,,,,
1050010,1050015,GM0718,2022JJ00,9.9,18.0,17.0,16.0,12.0,10.0,8.0,8.0,6.0,3.0,2.0
1050010,1050015,GM0986,2022JJ00,1.7,8.0,12.0,18.0,16.0,12.0,9.0,9.0,7.0,6.0,4.0
1050010,1050015,GM1992,2022JJ00,10.6,9.0,13.0,15.0,11.0,10.0,9.0,9.0,9.0,8.0,7.0
1050010,1050015,GM0626,2022JJ00,3.8,11.0,10.0,13.0,11.0,12.0,10.0,9.0,9.0,8.0,8.0
1050010,1050015,GM0285,2022JJ00,2.9,11.0,15.0,17.0,14.0,13.0,8.0,8.0,6.0,4.0,4.0
1050010,1050015,GM0865,2022JJ00,4.4,9.0,13.0,16.0,12.0,12.0,9.0,8.0,8.0,6.0,7.0
1050010,1050015,GM1949,2022JJ00,7.0,12.0,16.0,17.0,14.0,12.0,10.0,8.0,5.0,4.0,2.0
1050010,1050015,GM0866,2022JJ00,2.4,8.0,11.0,12.0,11.0,12.0,9.0,9.0,9.0,8.0,10.0
1050010,1050015,GM0867,2022JJ00,7.9,13.0,16.0,19.0,12.0,11.0,8.0,7.0,5.0,4.0,3.0
1050010,1050015,GM0627,2022JJ00,3.7,11.0,15.0,16.0,11.0,10.0,11.0,9.0,7.0,5.0,4.0
1050010,1050015,GM0289,2022JJ00,11.9,49.0,9.0,10.0,8.0,7.0,5.0,4.0,3.0,3.0,2.0
1050010,1050015,GM0629,2022JJ00,4.1,15.0,12.0,13.0,10.0,9.0,7.0,7.0,7.0,7.0,14.0
1050010,1050015,GM0852,2022JJ00,2.4,9.0,12.0,12.0,13.0,11.0,11.0,10.0,9.0,6.0,8.0
1050010,1050015,GM0988,2022JJ00,8.4,12.0,16.0,17.0,13.0,12.0,10.0,8.0,6.0,4.0,3.0
1050010,1050015,GM1960,2022JJ00,5.6,10.0,14.0,15.0,13.0,11.0,10.0,8.0,7.0,6.0,6.0
1050010,1050015,GM0668,2022JJ00,2.5,10.0,15.0,17.0,15.0,11.0,9.0,7.0,7.0,4.0,4.0
1050010,1050015,GM1969,2022JJ00,7.8,12.0,16.0,17.0,14.0,11.0,9.0,8.0,6.0,4.0,3.0
1050010,1050015,GM1701,2022JJ00,2.8,11.0,14.0,15.0,14.0,11.0,9.0,8.0,7.0,5.0,4.0
1050010,1050015,GM0293,2022JJ00,2.1,11.0,18.0,19.0,12.0,11.0,9.0,8.0,5.0,4.0,2.0
1050010,1050015,GM1950,2022JJ00,3.6,13.0,18.0,20.0,14.0,11.0,8.0,7.0,4.0,3.0,2.0
1050010,1050015,GM1783,2022JJ00,14.6,12.0,15.0,18.0,12.0,10.0,8.0,8.0,7.0,5.0,4.0
1050010,1050015,GM0098,2022JJ00,3.8,12.0,17.0,19.0,15.0,11.0,8.0,7.0,5.0,4.0,2.0
1050010,1050015,GM0189,2022JJ00,2.5,9.0,14.0,16.0,15.0,13.0,10.0,9.0,6.0,5.0,4.0
1050010,1050015,GM0296,2022JJ00,5.5,10.0,17.0,18.0,13.0,11.0,9.0,8.0,7.0,4.0,4.0
1050010,1050015,GM1696,2022JJ00,3.5,9.0,13.0,15.0,12.0,11.0,8.0,9.0,7.0,7.0,10.0
1050010,1050015,GM0352,2022JJ00,3.0,8.0,12.0,16.0,13.0,11.0,11.0,10.0,9.0,6.0,5.0
1050010,1050015,GM0294,2022JJ00,4.4,12.0,16.0,18.0,14.0,12.0,10.0,8.0,5.0,3.0,2.0
1050010,1050015,GM0873,2022JJ00,2.9,12.0,12.0,16.0,13.0,12.0,10.0,9.0,6.0,5.0,4.0
1050010,1050015,GM0632,2022JJ00,7.1,11.0,13.0,14.0,13.0,12.0,10.0,9.0,7.0,7.0,5.0
1050010,1050015,GM1690,2022JJ00,2.9,11.0,14.0,15.0,14.0,12.0,9.0,9.0,7.0,5.0,4.0
1050010,1050015,GM0880,2022JJ00,2.3,9.0,14.0,17.0,14.0,11.0,9.0,9.0,8.0,5.0,4.0
1050010,1050015,GM0351,2022JJ00,1.4,7.0,10.0,16.0,14.0,14.0,11.0,11.0,8.0,6.0,5.0
1050010,1050015,GM0479,2022JJ00,25.5,12.0,17.0,17.0,12.0,11.0,9.0,8.0,6.0,5.0,4.0
1050010,1050015,GM0297,2022JJ00,3.7,14.0,17.0,16.0,12.0,10.0,8.0,7.0,6.0,5.0,4.0
1050010,1050015,GM0473,2022JJ00,3.7,11.0,16.0,16.0,12.0,11.0,8.0,7.0,6.0,6.0,7.0
1050010,1050015,GM0050,2022JJ00,3.2,13.0,15.0,19.0,12.0,10.0,8.0,7.0,6.0,5.0,4.0
1050010,1050015,GM0355,2022JJ00,11.9,18.0,15.0,14.0,11.0,10.0,8.0,7.0,6.0,6.0,6.0
1050010,1050015,GM0299,2022JJ00,6.7,11.0,17.0,19.0,14.0,11.0,9.0,8.0,6.0,4.0,2.0
1050010,1050015,GM0637,2022JJ00,19.5,10.0,15.0,16.0,11.0,11.0,10.0,10.0,8.0,6.0,4.0
1050010,1050015,GM0638,2022JJ00,1.1,9.0,8.0,14.0,12.0,13.0,11.0,10.0,10.0,6.0,6.0
1050010,1050015,GM1892,2022JJ00,5.0,10.0,14.0,16.0,12.0,10.0,9.0,9.0,8.0,7.0,6.0
1050010,1050015,GM0879,2022JJ00,3.0,14.0,12.0,14.0,16.0,13.0,8.0,7.0,6.0,5.0,4.0
1050010,1050015,GM0301,2022JJ00,8.8,12.0,19.0,18.0,12.0,11.0,8.0,8.0,5.0,4.0,3.0
1050010,1050015,GM1896,2022JJ00,2.3,10.0,14.0,18.0,13.0,13.0,9.0,10.0,6.0,4.0,3.0
1050010,1050015,GM0642,2022JJ00,7.1,9.0,16.0,20.0,12.0,10.0,10.0,9.0,7.0,5.0,3.0
1050010,1050015,GM0193,2022JJ00,25.4,18.0,16.0,15.0,12.0,11.0,8.0,7.0,6.0,4.0,3.0
1050010,1050015,AM01,2022JJ00,156.4,25.0,16.0,15.0,11.0,9.0,7.0,6.0,4.0,3.0,2.0
1050010,1050015,AM02,2022JJ00,110.1,17.0,17.0,17.0,13.0,11.0,8.0,7.0,5.0,3.0,2.0
1050010,1050015,AM03,2022JJ00,41.1,13.0,17.0,18.0,14.0,11.0,9.0,7.0,5.0,3.0,2.0
1050010,1050015,AM05,2022JJ00,99.9,18.0,17.0,17.0,12.0,11.0,8.0,7.0,5.0,3.0,2.0
1050010,1050015,AM06,2022JJ00,88.1,13.0,16.0,17.0,13.0,11.0,9.0,8.0,6.0,4.0,4.0
1050010,1050015,AM07,2022JJ00,72.8,17.0,18.0,16.0,11.0,10.0,8.0,7.0,5.0,4.0,3.0
1050010,1050015,AM08,2022JJ00,70.3,26.0,15.0,14.0,10.0,9.0,7.0,6.0,5.0,4.0,3.0
1050010,1050015,AM09,2022JJ00,41.5,11.0,16.0,18.0,15.0,12.0,9.0,8.0,5.0,4.0,3.0
1050010,1050015,AM10,2022JJ00,32.0,13.0,16.0,17.0,13.0,10.0,9.0,7.0,6.0,5.0,4.0
1050010,1050015,AM11,2022JJ00,54.7,13.0,16.0,16.0,12.0,11.0,9.0,8.0,7.0,5.0,4.0
1050010,1050015,AM12,2022JJ00,42.7,11.0,14.0,15.0,11.0,11.0,9.0,9.0,8.0,6.0,8.0
1050010,1050015,AM13,2022JJ00,162.7,21.0,12.0,12.0,10.0,10.0,9.0,8.0,7.0,6.0,5.0
1050010,1050015,AM14,2022JJ00,50.2,11.0,14.0,14.0,12.0,11.0,10.0,9.0,7.0,6.0,5.0
1050010,1050015,AM15,2022JJ00,107.4,11.0,15.0,15.0,13.0,11.0,10.0,9.0,7.0,5.0,4.0
1050010,1050015,AM17,2022JJ00,51.2,11.0,15.0,17.0,12.0,11.0,9.0,8.0,7.0,5.0,4.0
1050010,1050015,AM18,2022JJ00,317.7,20.0,16.0,12.0,9.0,9.0,8.0,7.0,6.0,6.0,8.0
1050010,1050015,AM19,2022JJ00,95.7,18.0,12.0,14.0,11.0,11.0,9.0,8.0,7.0,6.0,5.0
1050010,1050015,AM20,2022JJ00,28.8,13.0,15.0,15.0,12.0,10.0,9.0,9.0,7.0,6.0,4.0
1050010,1050015,AM21,2022JJ00,185.2,23.0,16.0,13.0,10.0,9.0,8.0,7.0,6.0,5.0,5.0
1050010,1050015,AM22,2022JJ00,269.2,17.0,17.0,15.0,10.0,9.0,8.0,7.0,6.0,5.0,4.0
1050010,1050015,AM23,2022JJ00,44.9,11.0,16.0,17.0,12.0,10.0,9.0,8.0,7.0,5.0,3.0
1050010,1050015,AM24,2022JJ00,64.9,13.0,15.0,16.0,13.0,11.0,9.0,8.0,7.0,5.0,4.0
1050010,1050015,AM25,2022JJ00,109.1,14.0,15.0,16.0,13.0,11.0,8.0,8.0,6.0,5.0,4.0
1050010,1050015,AM26,2022JJ00,84.4,20.0,15.0,16.0,12.0,10.0,8.0,7.0,5.0,4.0,3.0
1050010,1050015,AM27,2022JJ00,93.2,12.0,15.0,16.0,13.0,12.0,9.0,8.0,7.0,5.0,4.0
1050010,1050015,AM28,2022JJ00,94.6,18.0,13.0,14.0,11.0,11.0,9.0,8.0,7.0,5.0,5.0
1050010,1050015,AM29,2022JJ00,41.8,13.0,15.0,19.0,15.0,12.0,9.0,7.0,5.0,3.0,2.0
1050010,1050015,AM30,2022JJ00,120.3,19.0,18.0,17.0,12.0,10.0,8.0,6.0,4.0,3.0,3.0
1050010,1050015,AM32,2022JJ00,36.6,12.0,16.0,18.0,13.0,11.0,9.0,8.0,6.0,4.0,3.0
1050010,1050015,AM33,2022JJ00,40.6,11.0,16.0,17.0,14.0,12.0,9.0,8.0,6.0,4.0,3.0
1050010,1050015,AM34,2022JJ00,53.4,10.0,13.0,14.0,11.0,11.0,9.0,9.0,8.0,7.0,7.0
1050010,1050015,AM35,2022JJ00,18.1,10.0,15.0,18.0,13.0,11.0,9.0,8.0,7.0,5.0,4.0
1050010,1050015,AM36,2022JJ00,81.0,13.0,15.0,17.0,14.0,12.0,9.0,8.0,6.0,4.0,3.0
1050010,1050015,AM37,2022JJ00,69.5,12.0,14.0,14.0,12.0,11.0,9.0,8.0,7.0,6.0,6.0
1050010,1050015,AM38,2022JJ00,54.8,20.0,12.0,14.0,12.0,11.0,9.0,8.0,6.0,5.0,3.0
1050010,1050190,NL01,2022JJ00,569.3,14.0,16.0,12.0,13.0,11.0,10.0,8.0,7.0,5.0,4.0
1050010,1050190,LD01,2022JJ00,52.4,15.0,17.0,12.0,14.0,11.0,10.0,8.0,6.0,4.0,3.0
1050010,1050190,LD02,2022JJ00,108.5,13.0,16.0,12.0,14.0,11.0,10.0,8.0,7.0,5.0,3.0
1050010,1050190,LD03,2022JJ00,297.6,14.0,16.0,12.0,13.0,11.0,9.0,8.0,7.0,6.0,4.0
1050010,1050190,LD04,2022JJ00,110.8,13.0,16.0,12.0,13.0,11.0,10.0,8.0,7.0,6.0,4.0
1050010,1050190,PV20,2022JJ00,18.5,16.0,19.0,13.0,14.0,11.0,9.0,7.0,5.0,4.0,2.0
1050010,1050190,PV21,2022JJ00,19.4,15.0,16.0,12.0,14.0,11.0,10.0,8.0,6.0,4.0,3.0
1050010,1050190,PV22,2022JJ00,14.5,13.0,15.0,12.0,14.0,12.0,11.0,8.0,7.0,5.0,3.0
1050010,1050190,PV23,2022JJ00,32.3,13.0,18.0,12.0,14.0,11.0,9.0,8.0,7.0,5.0,3.0
1050010,1050190,PV24,2022JJ00,17.5,13.0,16.0,12.0,15.0,12.0,9.0,8.0,7.0,5.0,3.0
1050010,1050190,PV25,2022JJ00,58.7,13.0,16.0,12.0,14.0,11.0,10.0,8.0,7.0,6.0,4.0
1050010,1050190,PV26,2022JJ00,39.8,12.0,14.0,11.0,13.0,11.0,10.0,9.0,8.0,7.0,5.0
1050010,1050190,PV27,2022JJ00,107.7,13.0,15.0,11.0,13.0,11.0,10.0,8.0,7.0,6.0,5.0
1050010,1050190,PV28,2022JJ00,139.5,16.0,17.0,12.0,13.0,10.0,9.0,8.0,6.0,5.0,4.0
1050010,1050190,PV29,2022JJ00,10.7,14.0,16.0,13.0,14.0,11.0,9.0,8.0,7.0,5.0,4.0
1050010,1050190,PV30,2022JJ00,76.2,13.0,15.0,12.0,13.0,11.0,10.0,8.0,8.0,6.0,4.0
1050010,1050190,PV31,2022JJ00,34.6,13.0,18.0,12.0,14.0,11.0,9.0,8.0,6.0,5.0,3.0
1050010,1050190,CR01,2022JJ00,4.3,17.0,20.0,13.0,14.0,11.0,9.0,6.0,5.0,4.0,2.0
1050010,1050190,CR02,2022JJ00,1.6,20.0,20.0,14.0,12.0,10.0,7.0,5.0,5.0,4.0,2.0
1050010,1050190,CR03,2022JJ00,12.6,16.0,19.0,12.0,14.0,11.0,9.0,8.0,5.0,4.0,3.0
1050010,1050190,CR04,2022JJ00,9.9,17.0,16.0,13.0,14.0,11.0,10.0,7.0,5.0,4.0,2.0
1050010,1050190,CR05,2022JJ00,3.7,14.0,15.0,12.0,15.0,11.0,9.0,9.0,6.0,5.0,3.0
1050010,1050190,CR06,2022JJ00,5.8,14.0,16.0,12.0,15.0,12.0,10.0,8.0,7.0,4.0,3.0
1050010,1050190,CR07,2022JJ00,5.6,11.0,14.0,11.0,14.0,12.0,12.0,9.0,7.0,5.0,4.0
1050010,1050190,CR08,2022JJ00,5.1,16.0,17.0,12.0,14.0,11.0,10.0,7.0,6.0,4.0,2.0
1050010,1050190,CR09,2022JJ00,3.8,12.0,16.0,12.0,15.0,11.0,10.0,8.0,7.0,5.0,4.0
1050010,1050190,CR10,2022JJ00,9.7,12.0,16.0,12.0,14.0,12.0,10.0,9.0,7.0,5.0,3.0
1050010,1050190,CR11,2022JJ00,4.7,13.0,19.0,12.0,14.0,11.0,10.0,8.0,7.0,4.0,2.0
1050010,1050190,CR12,2022JJ00,17.9,14.0,18.0,12.0,14.0,11.0,9.0,8.0,6.0,5.0,3.0
1050010,1050190,CR13,2022JJ00,17.0,12.0,15.0,12.0,14.0,11.0,10.0,9.0,7.0,6.0,4.0
1050010,1050190,CR14,2022JJ00,10.4,12.0,15.0,12.0,14.0,11.0,10.0,9.0,7.0,5.0,3.0
1050010,1050190,CR15,2022JJ00,24.8,13.0,18.0,12.0,14.0,11.0,10.0,8.0,6.0,5.0,3.0
1050010,1050190,CR16,2022JJ00,6.5,12.0,12.0,11.0,13.0,11.0,11.0,9.0,9.0,7.0,5.0
1050010,1050190,CR17,2022JJ00,39.8,12.0,14.0,11.0,13.0,11.0,10.0,9.0,8.0,7.0,5.0
1050010,1050190,CR18,2022JJ00,12.3,12.0,15.0,12.0,14.0,11.0,10.0,8.0,8.0,6.0,4.0
1050010,1050190,CR19,2022JJ00,8.6,12.0,14.0,12.0,13.0,11.0,11.0,9.0,8.0,6.0,4.0
1050010,1050190,CR20,2022JJ00,6.8,12.0,13.0,11.0,14.0,11.0,10.0,9.0,8.0,6.0,5.0
1050010,1050190,CR21,2022JJ00,8.0,11.0,14.0,10.0,13.0,11.0,11.0,9.0,8.0,7.0,7.0
1050010,1050190,CR22,2022JJ00,7.3,13.0,16.0,12.0,14.0,11.0,10.0,9.0,7.0,6.0,3.0
1050010,1050190,CR23,2022JJ00,57.0,15.0,16.0,11.0,13.0,10.0,9.0,8.0,7.0,5.0,5.0
1050010,1050190,CR24,2022JJ00,7.7,12.0,13.0,10.0,12.0,11.0,10.0,9.0,9.0,7.0,8.0
1050010,1050190,CR25,2022JJ00,12.4,11.0,14.0,10.0,13.0,11.0,11.0,10.0,8.0,7.0,6.0
1050010,1050190,CR26,2022JJ00,37.0,17.0,17.0,11.0,13.0,10.0,9.0,8.0,6.0,5.0,4.0
1050010,1050190,CR27,2022JJ00,6.7,14.0,15.0,11.0,13.0,10.0,10.0,9.0,8.0,7.0,4.0
1050010,1050190,CR28,2022JJ00,9.5,12.0,13.0,11.0,14.0,11.0,10.0,9.0,8.0,7.0,5.0
1050010,1050190,CR29,2022JJ00,61.8,17.0,17.0,13.0,13.0,10.0,9.0,7.0,6.0,5.0,3.0
1050010,1050190,CR30,2022JJ00,12.1,14.0,17.0,12.0,13.0,10.0,9.0,8.0,7.0,6.0,3.0
1050010,1050190,CR31,2022JJ00,3.0,14.0,17.0,13.0,14.0,10.0,9.0,8.0,6.0,5.0,3.0
1050010,1050190,CR32,2022JJ00,7.8,14.0,16.0,13.0,14.0,11.0,9.0,8.0,7.0,5.0,4.0
1050010,1050190,CR33,2022JJ00,19.4,13.0,15.0,12.0,13.0,11.0,10.0,8.0,7.0,6.0,4.0
1050010,1050190,CR34,2022JJ00,15.0,13.0,16.0,13.0,13.0,10.0,10.0,8.0,7.0,6.0,3.0
1050010,1050190,CR35,2022JJ00,18.6,12.0,15.0,11.0,14.0,11.0,10.0,9.0,8.0,6.0,5.0
1050010,1050190,CR36,2022JJ00,23.2,14.0,15.0,12.0,13.0,11.0,10.0,8.0,8.0,7.0,4.0
1050010,1050190,CR37,2022JJ00,7.7,12.0,16.0,13.0,15.0,11.0,10.0,9.0,7.0,5.0,3.0
1050010,1050190,CR38,2022JJ00,6.7,12.0,16.0,11.0,14.0,12.0,10.0,8.0,8.0,6.0,4.0
1050010,1050190,CR39,2022JJ00,20.3,15.0,20.0,12.0,14.0,11.0,9.0,7.0,6.0,4.0,3.0
1050010,1050190,CR40,2022JJ00,17.5,13.0,16.0,12.0,15.0,12.0,9.0,8.0,7.0,5.0,3.0
1050010,1050190,GM1680,2022JJ00,0.6,,,,,,,,,,
1050010,1050190,GM0358,2022JJ00,1.0,9.0,12.0,10.0,14.0,11.0,12.0,10.0,9.0,8.0,5.0
1050010,1050190,GM0197,2022JJ00,0.6,,,,,,,,,,
1050010,1050190,GM0059,2022JJ00,0.8,,,,,,,,,,
1050010,1050190,GM0482,2022JJ00,0.6,,,,,,,,,,
1050010,1050190,GM0613,2022JJ00,0.8,,,,,,,,,,
1050010,1050190,GM0361,2022JJ00,4.3,13.0,15.0,12.0,14.0,12.0,11.0,8.0,7.0,5.0,3.0
1050010,1050190,GM0141,2022JJ00,2.6,16.0,23.0,13.0,14.0,10.0,8.0,6.0,6.0,4.0,2.0
1050010,1050190,GM0034,2022JJ00,10.6,12.0,16.0,12.0,15.0,12.0,10.0,8.0,7.0,5.0,3.0
1050010,1050190,GM0484,2022JJ00,3.4,11.0,12.0,12.0,14.0,12.0,11.0,9.0,8.0,7.0,5.0
1050010,1050190,GM1723,2022JJ00,0.2,,,,,,,,,,
1050010,1050190,GM1959,2022JJ00,1.2,13.0,13.0,12.0,12.0,10.0,9.0,9.0,9.0,8.0,5.0
1050010,1050190,GM0060,2022JJ00,0.1,,,,,,,,,,
1050010,1050190,GM0307,2022JJ00,5.3,12.0,15.0,11.0,13.0,12.0,10.0,9.0,8.0,6.0,4.0
1050010,1050190,GM0362,2022JJ00,3.2,11.0,13.0,10.0,13.0,11.0,9.0,9.0,8.0,7.0,8.0
1050010,1050190,GM0363,2022JJ00,38.4,17.0,19.0,12.0,13.0,10.0,8.0,7.0,6.0,5.0,5.0
1050010,1050190,GM0200,2022JJ00,5.1,14.0,16.0,12.0,13.0,11.0,10.0,8.0,6.0,5.0,3.0
1050010,1050190,GM0202,2022JJ00,6.6,16.0,22.0,12.0,13.0,10.0,9.0,7.0,5.0,4.0,2.0
1050010,1050190,GM0106,2022JJ00,2.6,12.0,16.0,12.0,16.0,13.0,11.0,8.0,6.0,3.0,2.0
1050010,1050190,GM0743,2022JJ00,0.4,,,,,,,,,,
1050010,1050190,GM0744,2022JJ00,0.2,,,,,,,,,,
1050010,1050190,GM0308,2022JJ00,0.7,,,,,,,,,,
1050010,1050190,GM0489,2022JJ00,1.5,11.0,9.0,8.0,12.0,12.0,12.0,12.0,10.0,8.0,7.0
1050010,1050190,GM0203,2022JJ00,1.1,11.0,13.0,13.0,13.0,10.0,10.0,8.0,8.0,8.0,5.0
1050010,1050190,GM0888,2022JJ00,0.5,,,,,,,,,,
1050010,1050190,GM1954,2022JJ00,1.1,10.0,14.0,12.0,15.0,14.0,9.0,9.0,6.0,6.0,4.0
1050010,1050190,GM0889,2022JJ00,0.4,,,,,,,,,,
1050010,1050190,GM1945,2022JJ00,1.0,13.0,15.0,13.0,14.0,10.0,10.0,9.0,6.0,7.0,3.0
1050010,1050190,GM1724,2022JJ00,0.4,,,,,,,,,,
1050010,1050190,GM0893,2022JJ00,0.3,,,,,,,,,,
1050010,1050190,GM0373,2022JJ00,0.9,,,,,,,,,,
1050010,1050190,GM0748,2022JJ00,2.2,15.0,16.0,12.0,14.0,10.0,10.0,7.0,7.0,5.0,3.0
1050010,1050190,GM1859,2022JJ00,1.0,11.0,14.0,12.0,13.0,12.0,11.0,9.0,8.0,6.0,3.0
1050010,1050190,GM1721,2022JJ00,0.7,,,,,,,,,,
1050010,1050190,GM0753,2022JJ00,0.9,,,,,,,,,,
1050010,1050190,GM0209,2022JJ00,0.7,,,,,,,,,,
1050010,1050190,GM0375,2022JJ00,1.6,14.0,15.0,12.0,14.0,11.0,9.0,8.0,9.0,6.0,2.0
1050010,1050190,GM0310,2022JJ00,1.3,11.0,14.0,10.0,13.0,10.0,10.0,9.0,9.0,6.0,8.0
1050010,1050190,GM1728,2022JJ00,0.4,,,,,,,,,,
1050010,1050190,GM0376,2022JJ00,0.3,,,,,,,,,,
1050010,1050190,GM0377,2022JJ00,0.6,,,,,,,,,,
1050010,1050190,GM1901,2022JJ00,0.9,,,,,,,,,,
1050010,1050190,GM0755,2022JJ00,0.2,,,,,,,,,,
1050010,1050190,GM1681,2022JJ00,0.6,,,,,,,,,,
1050010,1050190,GM0147,2022JJ00,0.6,,,,,,,,,,
1050010,1050190,GM0654,2022JJ00,0.5,,,,,,,,,,
1050010,1050190,GM0757,2022JJ00,1.0,13.0,14.0,12.0,16.0,12.0,8.0,8.0,8.0,6.0,4.0
1050010,1050190,GM0758,2022JJ00,6.1,14.0,15.0,11.0,13.0,11.0,11.0,8.0,8.0,6.0,5.0
1050010,1050190,GM1876,2022JJ00,0.7,,,,,,,,,,
1050010,1050190,GM0213,2022JJ00,0.5,,,,,,,,,,
1050010,1050190,GM0899,2022JJ00,1.1,14.0,23.0,12.0,16.0,12.0,8.0,5.0,5.0,3.0,2.0
1050010,1050190,GM0312,2022JJ00,0.4,,,,,,,,,,
1050010,1050190,GM0313,2022JJ00,0.4,,,,,,,,,,
1050010,1050190,GM0214,2022JJ00,0.6,,,,,,,,,,
1050010,1050190,GM0502,2022JJ00,3.3,15.0,16.0,14.0,13.0,11.0,9.0,7.0,7.0,5.0,3.0
1050010,1050190,GM0383,2022JJ00,0.9,,,,,,,,,,
1050010,1050190,GM0109,2022JJ00,0.9,,,,,,,,,,
1050010,1050190,GM1706,2022JJ00,0.5,,,,,,,,,,
1050010,1050190,GM0216,2022JJ00,0.9,,,,,,,,,,
1050010,1050190,GM0148,2022JJ00,0.6,,,,,,,,,,
1050010,1050190,GM1891,2022JJ00,0.4,,,,,,,,,,
1050010,1050190,GM0503,2022JJ00,3.4,17.0,17.0,12.0,13.0,10.0,8.0,8.0,6.0,5.0,3.0
1050010,1050190,GM0762,2022JJ00,0.8,,,,,,,,,,
1050010,1050190,GM0150,2022JJ00,3.5,14.0,20.0,12.0,15.0,11.0,9.0,7.0,6.0,4.0,2.0
1050010,1050190,GM0384,2022JJ00,1.2,10.0,12.0,11.0,14.0,11.0,12.0,9.0,10.0,7.0,5.0
1050010,1050190,GM1980,2022JJ00,2.8,11.0,15.0,12.0,13.0,11.0,11.0,10.0,9.0,5.0,3.0
1050010,1050190,GM1774,2022JJ00,0.5,,,,,,,,,,
1050010,1050190,GM0221,2022JJ00,0.4,,,,,,,,,,
1050010,1050190,GM0222,2022JJ00,1.8,13.0,18.0,13.0,14.0,11.0,10.0,8.0,6.0,4.0,3.0
1050010,1050190,GM0766,2022JJ00,0.7,,,,,,,,,,
1050010,1050190,GM0505,2022JJ00,4.6,15.0,18.0,12.0,13.0,10.0,9.0,8.0,6.0,5.0,3.0
1050010,1050190,GM0498,2022JJ00,0.5,,,,,,,,,,
1050010,1050190,GM1719,2022JJ00,0.6,,,,,,,,,,
1050010,1050190,GM0303,2022JJ00,1.1,12.0,15.0,12.0,15.0,12.0,11.0,7.0,7.0,5.0,4.0
1050010,1050190,GM0225,2022JJ00,0.5,,,,,,,,,,
1050010,1050190,GM0226,2022JJ00,0.8,,,,,,,,,,
1050010,1050190,GM1711,2022JJ00,0.9,,,,,,,,,,
1050010,1050190,GM0385,2022JJ00,0.9,,,,,,,,,,
1050010,1050190,GM0228,2022JJ00,2.7,12.0,15.0,13.0,14.0,11.0,10.0,8.0,7.0,6.0,4.0
1050010,1050190,GM0317,2022JJ00,0.3,,,,,,,,,,
1050010,1050190,GM1979,2022JJ00,1.6,20.0,20.0,14.0,12.0,10.0,7.0,5.0,5.0,4.0,2.0
1050010,1050190,GM0770,2022JJ00,0.4,,,,,,,,,,
1050010,1050190,GM1903,2022JJ00,0.6,,,,,,,,,,
1050010,1050190,GM0772,2022JJ00,8.0,18.0,17.0,12.0,12.0,10.0,9.0,7.0,6.0,5.0,4.0
1050010,1050190,GM0230,2022JJ00,0.5,,,,,,,,,,
1050010,1050190,GM0114,2022JJ00,3.6,17.0,17.0,12.0,15.0,12.0,10.0,7.0,5.0,4.0,2.0
1050010,1050190,GM0388,2022JJ00,0.7,,,,,,,,,,
1050010,1050190,GM0153,2022JJ00,5.6,18.0,22.0,13.0,13.0,10.0,8.0,6.0,5.0,3.0,2.0
1050010,1050190,GM0232,2022JJ00,0.7,,,,,,,,,,
1050010,1050190,GM0233,2022JJ00,0.7,,,,,,,,,,
1050010,1050190,GM0777,2022JJ00,1.4,11.0,13.0,13.0,15.0,11.0,11.0,9.0,7.0,6.0,4.0
1050010,1050190,GM1940,2022JJ00,1.2,12.0,12.0,13.0,16.0,10.0,9.0,10.0,8.0,5.0,5.0
1050010,1050190,GM0779,2022JJ00,0.7,,,,,,,,,,
1050010,1050190,GM1771,2022JJ00,1.3,12.0,14.0,11.0,12.0,11.0,10.0,10.0,8.0,6.0,4.0
1050010,1050190,GM1652,2022JJ00,0.8,,,,,,,,,,
1050010,1050190,GM0907,2022JJ00,0.4,,,,,,,,,,
1050010,1050190,GM0784,2022JJ00,0.8,,,,,,,,,,
1050010,1050190,GM1924,2022JJ00,1.1,12.0,15.0,11.0,14.0,11.0,9.0,10.0,8.0,6.0,5.0
1050010,1050190,GM0664,2022JJ00,1.2,13.0,16.0,14.0,14.0,13.0,8.0,8.0,6.0,4.0,4.0
1050010,1050190,GM0785,2022JJ00,0.7,,,,,,,,,,
1050010,1050190,GM1942,2022JJ00,1.9,11.0,9.0,10.0,11.0,12.0,10.0,9.0,10.0,9.0,10.0
1050010,1050190,GM0512,2022JJ00,1.2,12.0,17.0,12.0,12.0,10.0,11.0,8.0,8.0,7.0,4.0
1050010,1050190,GM0513,2022JJ00,2.4,15.0,16.0,11.0,13.0,10.0,10.0,8.0,8.0,5.0,3.0
1050010,1050190,GM0518,2022JJ00,23.6,19.0,18.0,11.0,12.0,10.0,8.0,7.0,6.0,5.0,4.0
1050010,1050190,GM0014,2022JJ00,7.5,17.0,21.0,12.0,14.0,10.0,9.0,7.0,5.0,3.0,3.0
1050010,1050190,GM1729,2022JJ00,0.3,,,,,,,,,,
1050010,1050190,GM0158,2022JJ00,0.6,,,,,,,,,,
1050010,1050190,GM0392,2022JJ00,5.9,12.0,14.0,10.0,12.0,11.0,11.0,10.0,9.0,6.0,5.0
1050010,1050190,GM0394,2022JJ00,5.5,10.0,11.0,10.0,13.0,12.0,11.0,10.0,10.0,8.0,6.0
1050010,1050190,GM1655,2022JJ00,0.9,,,,,,,,,,
1050010,1050190,GM0160,2022JJ00,1.4,10.0,13.0,12.0,13.0,13.0,11.0,9.0,9.0,6.0,4.0
1050010,1050190,GM0243,2022JJ00,1.4,13.0,15.0,13.0,14.0,10.0,10.0,9.0,6.0,6.0,4.0
1050010,1050190,GM0523,2022JJ00,0.3,,,,,,,,,,
1050010,1050190,GM0072,2022JJ00,0.5,,,,,,,,,,
1050010,1050190,GM0244,2022JJ00,0.3,,,,,,,,,,
1050010,1050190,GM0396,2022JJ00,1.4,13.0,14.0,12.0,13.0,10.0,9.0,10.0,8.0,6.0,5.0
1050010,1050190,GM0397,2022JJ00,0.8,,,,,,,,,,
1050010,1050190,GM0246,2022JJ00,0.3,,,,,,,,,,
1050010,1050190,GM0074,2022JJ00,1.6,14.0,15.0,11.0,15.0,12.0,10.0,8.0,7.0,4.0,3.0
1050010,1050190,GM0917,2022JJ00,4.1,18.0,26.0,14.0,13.0,9.0,7.0,5.0,4.0,3.0,1.0
1050010,1050190,GM1658,2022JJ00,0.3,,,,,,,,,,
1050010,1050190,GM0399,2022JJ00,0.6,,,,,,,,,,
1050010,1050190,GM0400,2022JJ00,2.3,15.0,19.0,14.0,15.0,11.0,8.0,6.0,6.0,5.0,2.0
1050010,1050190,GM0163,2022JJ00,0.8,,,,,,,,,,
1050010,1050190,GM0794,2022JJ00,3.4,15.0,18.0,14.0,13.0,11.0,8.0,8.0,6.0,5.0,3.0
1050010,1050190,GM0531,2022JJ00,0.8,,,,,,,,,,
1050010,1050190,GM0164,2022JJ00,2.7,13.0,17.0,13.0,14.0,12.0,9.0,8.0,6.0,4.0,2.0
1050010,1050190,GM0796,2022JJ00,5.1,13.0,16.0,11.0,13.0,11.0,9.0,8.0,8.0,6.0,5.0
1050010,1050190,GM0252,2022JJ00,0.4,,,,,,,,,,
1050010,1050190,GM0797,2022JJ00,1.2,10.0,14.0,12.0,15.0,10.0,10.0,8.0,9.0,8.0,5.0
1050010,1050190,GM0534,2022JJ00,0.7,,,,,,,,,,
1050010,1050190,GM0798,2022JJ00,0.3,,,,,,,,,,
1050010,1050190,GM0402,2022JJ00,3.1,13.0,15.0,10.0,14.0,11.0,10.0,9.0,8.0,6.0,5.0
1050010,1050190,GM1963,2022JJ00,2.2,9.0,10.0,11.0,14.0,12.0,13.0,10.0,8.0,9.0,5.0
1050010,1050190,GM1735,2022JJ00,0.7,,,,,,,,,,
1050010,1050190,GM1966,2022JJ00,1.5,14.0,17.0,12.0,16.0,11.0,10.0,8.0,5.0,4.0,3.0
1050010,1050190,GM1911,2022JJ00,1.3,11.0,13.0,13.0,13.0,10.0,11.0,9.0,8.0,6.0,5.0
1050010,1050190,GM0118,2022JJ00,1.8,13.0,18.0,14.0,15.0,11.0,10.0,7.0,6.0,4.0,2.0
1050010,1050190,GM0405,2022JJ00,3.1,12.0,16.0,12.0,16.0,11.0,10.0,8.0,7.0,5.0,3.0
1050010,1050190,GM1507,2022JJ00,0.9,,,,,,,,,,
1050010,1050190,GM0321,2022JJ00,1.5,9.0,11.0,10.0,15.0,11.0,12.0,10.0,9.0,8.0,5.0
1050010,1050190,GM0406,2022JJ00,1.4,10.0,14.0,12.0,14.0,13.0,10.0,8.0,8.0,6.0,5.0
1050010,1050190,GM0677,2022JJ00,0.7,,,,,,,,,,
1050010,1050190,GM0353,2022JJ00,1.2,9.0,11.0,12.0,13.0,13.0,12.0,10.0,8.0,7.0,5.0
1050010,1050190,GM1884,2022JJ00,0.7,,,,,,,,,,
1050010,1050190,GM0166,2022JJ00,1.3,13.0,16.0,13.0,14.0,12.0,9.0,8.0,6.0,5.0,3.0
1050010,1050190,GM0678,2022JJ00,0.3,,,,,,,,,,
1050010,1050190,GM0537,2022JJ00,1.6,12.0,15.0,12.0,13.0,10.0,11.0,9.0,8.0,7.0,3.0
1050010,1050190,GM0928,2022JJ00,1.8,18.0,24.0,12.0,14.0,10.0,8.0,5.0,5.0,3.0,1.0
1050010,1050190,GM1598,2022JJ00,0.6,,,,,,,,,,
1050010,1050190,GM0542,2022JJ00,1.0,13.0,16.0,14.0,14.0,11.0,9.0,8.0,6.0,6.0,3.0
1050010,1050190,GM1931,2022JJ00,1.4,11.0,14.0,11.0,14.0,11.0,9.0,10.0,8.0,7.0,6.0
1050010,1050190,GM1659,2022JJ00,0.5,,,,,,,,,,
1050010,1050190,GM1982,2022JJ00,2.2,10.0,15.0,11.0,15.0,11.0,10.0,9.0,7.0,6.0,5.0
1050010,1050190,GM0882,2022JJ00,1.4,15.0,22.0,13.0,13.0,12.0,8.0,7.0,5.0,3.0,2.0
1050010,1050190,GM0415,2022JJ00,0.4,,,,,,,,,,
1050010,1050190,GM1621,2022JJ00,2.0,9.0,11.0,10.0,11.0,13.0,11.0,12.0,10.0,7.0,6.0
1050010,1050190,GM0417,2022JJ00,0.4,,,,,,,,,,
1050010,1050190,GM0080,2022JJ00,4.6,19.0,18.0,13.0,14.0,11.0,9.0,7.0,4.0,3.0,2.0
1050010,1050190,GM0546,2022JJ00,3.7,14.0,18.0,10.0,13.0,10.0,10.0,9.0,7.0,6.0,5.0
1050010,1050190,GM0547,2022JJ00,0.8,,,,,,,,,,
1050010,1050190,GM1916,2022JJ00,2.9,13.0,16.0,11.0,13.0,11.0,9.0,9.0,7.0,7.0,5.0
1050010,1050190,GM0995,2022JJ00,3.6,16.0,18.0,13.0,14.0,12.0,9.0,6.0,6.0,4.0,2.0
1050010,1050190,GM1640,2022JJ00,0.8,,,,,,,,,,
1050010,1050190,GM0327,2022JJ00,0.8,,,,,,,,,,
1050010,1050190,GM1705,2022JJ00,1.2,9.0,12.0,11.0,14.0,13.0,13.0,10.0,8.0,6.0,4.0
1050010,1050190,GM0553,2022JJ00,0.7,,,,,,,,,,
1050010,1050190,GM0262,2022JJ00,0.7,,,,,,,,,,
1050010,1050190,GM0809,2022JJ00,0.6,,,,,,,,,,
1050010,1050190,GM0331,2022JJ00,0.3,,,,,,,,,,
1050010,1050190,GM0168,2022JJ00,0.6,,,,,,,,,,
1050010,1050190,GM0263,2022JJ00,0.6,,,,,,,,,,
1050010,1050190,GM1641,2022JJ00,0.5,,,,,,,,,,
1050010,1050190,GM1991,2022JJ00,1.6,11.0,16.0,11.0,13.0,10.0,10.0,10.0,6.0,7.0,6.0
1050010,1050190,GM0556,2022JJ00,1.2,16.0,18.0,13.0,13.0,10.0,9.0,7.0,6.0,4.0,3.0
1050010,1050190,GM0935,2022JJ00,3.8,16.0,22.0,12.0,12.0,10.0,8.0,7.0,6.0,4.0,3.0
1050010,1050190,GM0420,2022JJ00,1.2,13.0,14.0,13.0,11.0,11.0,11.0,9.0,8.0,5.0,5.0
1050010,1050190,GM0938,2022JJ00,0.5,,,,,,,,,,
1050010,1050190,GM1948,2022JJ00,2.2,11.0,13.0,11.0,14.0,12.0,10.0,10.0,8.0,7.0,5.0
1050010,1050190,GM0119,2022JJ00,1.2,11.0,15.0,13.0,16.0,12.0,10.0,9.0,6.0,5.0,2.0
1050010,1050190,GM0687,2022JJ00,1.7,15.0,17.0,12.0,15.0,11.0,10.0,8.0,5.0,5.0,2.0
1050010,1050190,GM1842,2022JJ00,0.5,,,,,,,,,,
1050010,1050190,GM1731,2022JJ00,0.8,,,,,,,,,,
1050010,1050190,GM1952,2022JJ00,2.1,17.0,19.0,13.0,13.0,11.0,10.0,7.0,5.0,4.0,2.0
1050010,1050190,GM1709,2022JJ00,1.0,11.0,13.0,11.0,13.0,12.0,11.0,8.0,9.0,7.0,5.0
1050010,1050190,GM1978,2022JJ00,0.9,,,,,,,,,,
1050010,1050190,GM1955,2022JJ00,0.9,,,,,,,,,,
1050010,1050190,GM0335,2022JJ00,0.4,,,,,,,,,,
1050010,1050190,GM0944,2022JJ00,0.2,,,,,,,,,,
1050010,1050190,GM1740,2022JJ00,0.5,,,,,,,,,,
1050010,1050190,GM0946,2022JJ00,0.3,,,,,,,,,,
1050010,1050190,GM0356,2022JJ00,2.3,12.0,14.0,11.0,16.0,11.0,11.0,9.0,8.0,5.0,4.0
1050010,1050190,GM0569,2022JJ00,0.7,,,,,,,,,,
1050010,1050190,GM0267,2022JJ00,1.0,9.0,15.0,10.0,14.0,12.0,10.0,9.0,9.0,7.0,4.0
1050010,1050190,GM0268,2022JJ00,6.2,15.0,21.0,11.0,13.0,11.0,10.0,7.0,5.0,4.0,3.0
1050010,1050190,GM1930,2022JJ00,3.8,16.0,18.0,14.0,15.0,10.0,8.0,7.0,6.0,4.0,3.0
1050010,1050190,GM1970,2022JJ00,1.2,16.0,15.0,12.0,14.0,13.0,10.0,7.0,6.0,4.0,3.0
1050010,1050190,GM1695,2022JJ00,0.2,,,,,,,,,,
1050010,1050190,GM1699,2022JJ00,0.8,,,,,,,,,,
1050010,1050190,GM0171,2022JJ00,1.3,16.0,17.0,12.0,15.0,11.0,9.0,8.0,6.0,4.0,3.0
1050010,1050190,GM0575,2022JJ00,1.4,9.0,10.0,11.0,12.0,12.0,11.0,9.0,10.0,7.0,8.0
1050010,1050190,GM0820,2022JJ00,0.6,,,,,,,,,,
1050010,1050190,GM0302,2022JJ00,0.6,,,,,,,,,,
1050010,1050190,GM0579,2022JJ00,0.7,,,,,,,,,,
1050010,1050190,GM0823,2022JJ00,0.4,,,,,,,,,,
1050010,1050190,GM0824,2022JJ00,0.8,,,,,,,,,,
1050010,1050190,GM1895,2022JJ00,1.3,17.0,21.0,11.0,14.0,12.0,9.0,6.0,5.0,3.0,2.0
1050010,1050190,GM0269,2022JJ00,0.5,,,,,,,,,,
1050010,1050190,GM0173,2022JJ00,0.9,,,,,,,,,,
1050010,1050190,GM1773,2022JJ00,0.4,,,,,,,,,,
1050010,1050190,GM0175,2022JJ00,0.3,,,,,,,,,,
1050010,1050190,GM1586,2022JJ00,0.6,,,,,,,,,,
1050010,1050190,GM0826,2022JJ00,1.8,13.0,16.0,12.0,14.0,12.0,10.0,8.0,6.0,6.0,4.0
1050010,1050190,GM0085,2022JJ00,0.8,,,,,,,,,,
1050010,1050190,GM0431,2022JJ00,0.3,,,,,,,,,,
1050010,1050190,GM0432,2022JJ00,0.3,,,,,,,,,,
1050010,1050190,GM0086,2022JJ00,0.7,,,,,,,,,,
1050010,1050190,GM0828,2022JJ00,2.8,13.0,17.0,12.0,14.0,11.0,9.0,8.0,7.0,6.0,3.0
1050010,1050190,GM1509,2022JJ00,1.0,14.0,15.0,13.0,15.0,10.0,11.0,9.0,7.0,4.0,3.0
1050010,1050190,GM0437,2022JJ00,0.5,,,,,,,,,,
1050010,1050190,GM0589,2022JJ00,0.3,,,,,,,,,,
1050010,1050190,GM1734,2022JJ00,1.4,10.0,14.0,11.0,14.0,11.0,11.0,10.0,8.0,8.0,4.0
1050010,1050190,GM0590,2022JJ00,1.1,13.0,14.0,11.0,13.0,12.0,9.0,9.0,8.0,7.0,4.0
1050010,1050190,GM1894,2022JJ00,0.9,,,,,,,,,,
1050010,1050190,GM0765,2022JJ00,0.4,,,,,,,,,,
1050010,1050190,GM1926,2022JJ00,1.6,8.0,10.0,8.0,13.0,14.0,12.0,12.0,10.0,7.0,6.0
1050010,1050190,GM0439,2022JJ00,3.8,11.0,13.0,12.0,15.0,11.0,10.0,10.0,8.0,6.0,3.0
1050010,1050190,GM0273,2022JJ00,0.5,,,,,,,,,,
1050010,1050190,GM0177,2022JJ00,0.8,,,,,,,,,,
1050010,1050190,GM0703,2022JJ00,0.4,,,,,,,,,,
1050010,1050190,GM0274,2022JJ00,0.9,,,,,,,,,,
1050010,1050190,GM0339,2022JJ00,0.1,,,,,,,,,,
1050010,1050190,GM1667,2022JJ00,0.3,,,,,,,,,,
1050010,1050190,GM0275,2022JJ00,1.5,13.0,18.0,14.0,14.0,11.0,8.0,7.0,6.0,4.0,4.0
1050010,1050190,GM0340,2022JJ00,0.5,,,,,,,,,,
1050010,1050190,GM0597,2022JJ00,1.7,17.0,14.0,13.0,14.0,11.0,10.0,7.0,7.0,4.0,4.0
1050010,1050190,GM1742,2022JJ00,0.7,,,,,,,,,,
1050010,1050190,GM0603,2022JJ00,2.5,18.0,19.0,12.0,13.0,9.0,7.0,8.0,5.0,5.0,3.0
1050010,1050190,GM1669,2022JJ00,0.5,,,,,,,,,,
1050010,1050190,GM0957,2022JJ00,2.1,15.0,20.0,12.0,15.0,11.0,9.0,7.0,5.0,3.0,3.0
1050010,1050190,GM0736,2022JJ00,1.4,12.0,12.0,10.0,11.0,11.0,11.0,9.0,10.0,7.0,7.0
1050010,1050190,GM1674,2022JJ00,2.5,15.0,16.0,12.0,12.0,11.0,10.0,8.0,7.0,6.0,3.0
1050010,1050190,GM0599,2022JJ00,32.6,19.0,20.0,13.0,13.0,10.0,8.0,6.0,5.0,4.0,3.0
1050010,1050190,GM0277,2022JJ00,0.0,,,,,,,,,,
1050010,1050190,GM0840,2022JJ00,0.6,,,,,,,,,,
1050010,1050190,GM0441,2022JJ00,1.3,10.0,12.0,11.0,14.0,10.0,10.0,10.0,11.0,7.0,5.0
1050010,1050190,GM0279,2022JJ00,0.2,,,,,,,,,,
1050010,1050190,GM0606,2022JJ00,3.5,18.0,16.0,13.0,14.0,10.0,8.0,7.0,6.0,4.0,2.0
1050010,1050190,GM0088,2022JJ00,0.0,,,,,,,,,,
1050010,1050190,GM1676,2022JJ00,0.8,,,,,,,,,,
1050010,1050190,GM0965,2022JJ00,0.3,,,,,,,,,,
1050010,1050190,GM0845,2022JJ00,0.7,,,,,,,,,,
1050010,1050190,GM1883,2022JJ00,3.1,15.0,18.0,11.0,13.0,12.0,9.0,7.0,6.0,5.0,3.0
1050010,1050190,GM0610,2022JJ00,0.7,,,,,,,,,,
1050010,1050190,GM1714,2022JJ00,0.6,,,,,,,,,,
1050010,1050190,GM0090,2022JJ00,1.9,14.0,18.0,11.0,15.0,11.0,10.0,7.0,6.0,5.0,2.0
1050010,1050190,GM0342,2022JJ00,1.4,12.0,12.0,10.0,13.0,11.0,11.0,10.0,9.0,7.0,5.0
1050010,1050190,GM0847,2022JJ00,0.4,,,,,,,,,,
1050010,1050190,GM0848,2022JJ00,0.5,,,,,,,,,,
1050010,1050190,GM0037,2022JJ00,1.0,16.0,19.0,15.0,13.0,12.0,9.0,6.0,5.0,4.0,2.0
1050010,1050190,GM0180,2022JJ00,0.3,,,,,,,,,,
1050010,1050190,GM0532,2022JJ00,0.6,,,,,,,,,,
1050010,1050190,GM0851,2022JJ00,0.6,,,,,,,,,,
1050010,1050190,GM1708,2022JJ00,1.1,12.0,15.0,13.0,14.0,12.0,10.0,9.0,6.0,5.0,2.0
1050010,1050190,GM0971,2022JJ00,0.7,,,,,,,,,,
1050010,1050190,GM1904,2022JJ00,2.0,10.0,11.0,11.0,12.0,11.0,11.0,10.0,9.0,8.0,7.0
1050010,1050190,GM1900,2022JJ00,2.5,15.0,17.0,12.0,14.0,11.0,9.0,8.0,6.0,5.0,2.0
1050010,1050190,GM0715,2022JJ00,1.7,15.0,19.0,14.0,15.0,9.0,8.0,8.0,6.0,4.0,3.0
1050010,1050190,GM0093,2022JJ00,0.1,,,,,,,,,,
1050010,1050190,GM0448,2022JJ00,0.4,,,,,,,,,,
1050010,1050190,GM1525,2022JJ00,1.0,7.0,9.0,9.0,15.0,12.0,13.0,9.0,10.0,8.0,7.0
1050010,1050190,GM0716,2022JJ00,0.6,,,,,,,,,,
1050010,1050190,GM0281,2022JJ00,1.4,15.0,14.0,13.0,12.0,11.0,11.0,8.0,7.0,6.0,3.0
1050010,1050190,GM0855,2022JJ00,8.1,16.0,19.0,13.0,14.0,10.0,9.0,7.0,6.0,4.0,2.0
1050010,1050190,GM0183,2022JJ00,0.4,,,,,,,,,,
1050010,1050190,GM1700,2022JJ00,0.8,,,,,,,,,,
1050010,1050190,GM1730,2022JJ00,0.9,,,,,,,,,,
1050010,1050190,GM0737,2022JJ00,0.8,,,,,,,,,,
1050010,1050190,GM0450,2022JJ00,0.4,,,,,,,,,,
1050010,1050190,GM0451,2022JJ00,1.2,9.0,12.0,12.0,13.0,12.0,11.0,10.0,8.0,7.0,6.0
1050010,1050190,GM0184,2022JJ00,0.3,,,,,,,,,,
1050010,1050190,GM0344,2022JJ00,10.1,15.0,16.0,11.0,12.0,10.0,10.0,8.0,7.0,6.0,5.0
1050010,1050190,GM1581,2022JJ00,1.2,10.0,12.0,10.0,13.0,10.0,11.0,9.0,9.0,8.0,7.0
1050010,1050190,GM0981,2022JJ00,0.3,,,,,,,,,,
1050010,1050190,GM0994,2022JJ00,0.4,,,,,,,,,,
1050010,1050190,GM0858,2022JJ00,1.0,12.0,14.0,13.0,14.0,11.0,10.0,9.0,8.0,6.0,3.0
1050010,1050190,GM0047,2022JJ00,1.0,16.0,21.0,13.0,15.0,11.0,10.0,6.0,4.0,3.0,1.0
1050010,1050190,GM0345,2022JJ00,1.9,13.0,15.0,14.0,14.0,11.0,9.0,8.0,6.0,6.0,4.0
1050010,1050190,GM0717,2022JJ00,0.4,,,,,,,,,,
1050010,1050190,GM0861,2022JJ00,1.3,9.0,12.0,11.0,15.0,10.0,11.0,10.0,9.0,7.0,5.0
1050010,1050190,GM0453,2022JJ00,2.6,13.0,15.0,11.0,14.0,11.0,10.0,8.0,7.0,6.0,5.0
1050010,1050190,GM0983,2022JJ00,3.3,15.0,19.0,15.0,15.0,11.0,8.0,7.0,6.0,3.0,2.0
1050010,1050190,GM0984,2022JJ00,1.2,11.0,15.0,12.0,17.0,11.0,10.0,9.0,7.0,5.0,4.0
1050010,1050190,GM1961,2022JJ00,1.6,11.0,14.0,13.0,14.0,11.0,10.0,8.0,8.0,7.0,5.0
1050010,1050190,GM0622,2022JJ00,3.4,19.0,19.0,13.0,14.0,10.0,7.0,6.0,5.0,5.0,2.0
1050010,1050190,GM0096,2022JJ00,0.0,,,,,,,,,,
1050010,1050190,GM0718,2022JJ00,1.7,16.0,19.0,14.0,15.0,10.0,7.0,7.0,6.0,4.0,3.0
1050010,1050190,GM0986,2022JJ00,0.4,,,,,,,,,,
1050010,1050190,GM1992,2022JJ00,2.4,14.0,14.0,11.0,12.0,10.0,10.0,8.0,8.0,8.0,6.0
1050010,1050190,GM0626,2022JJ00,0.8,,,,,,,,,,
1050010,1050190,GM0285,2022JJ00,0.5,,,,,,,,,,
1050010,1050190,GM0865,2022JJ00,0.9,,,,,,,,,,
1050010,1050190,GM1949,2022JJ00,1.3,14.0,15.0,13.0,14.0,11.0,11.0,8.0,6.0,5.0,3.0
1050010,1050190,GM0866,2022JJ00,0.5,,,,,,,,,,
1050010,1050190,GM0867,2022JJ00,1.5,11.0,14.0,13.0,14.0,11.0,11.0,9.0,7.0,6.0,3.0
1050010,1050190,GM0627,2022JJ00,0.8,,,,,,,,,,
1050010,1050190,GM0289,2022JJ00,0.9,,,,,,,,,,
1050010,1050190,GM0629,2022JJ00,0.8,,,,,,,,,,
1050010,1050190,GM0852,2022JJ00,0.5,,,,,,,,,,
1050010,1050190,GM0988,2022JJ00,1.4,11.0,17.0,11.0,13.0,11.0,11.0,8.0,8.0,7.0,4.0
1050010,1050190,GM1960,2022JJ00,1.3,10.0,12.0,11.0,11.0,12.0,11.0,10.0,10.0,7.0,7.0
1050010,1050190,GM0668,2022JJ00,0.4,,,,,,,,,,
1050010,1050190,GM1969,2022JJ00,1.6,11.0,14.0,12.0,14.0,12.0,11.0,10.0,7.0,5.0,3.0
1050010,1050190,GM1701,2022JJ00,0.4,,,,,,,,,,
1050010,1050190,GM0293,2022JJ00,0.6,,,,,,,,,,
1050010,1050190,GM1950,2022JJ00,0.6,,,,,,,,,,
1050010,1050190,GM1783,2022JJ00,2.9,10.0,13.0,11.0,13.0,11.0,11.0,10.0,9.0,8.0,5.0
1050010,1050190,GM0098,2022JJ00,0.7,,,,,,,,,,
1050010,1050190,GM0189,2022JJ00,0.5,,,,,,,,,,
1050010,1050190,GM0296,2022JJ00,1.2,10.0,14.0,12.0,14.0,13.0,10.0,10.0,7.0,6.0,4.0
1050010,1050190,GM1696,2022JJ00,0.7,,,,,,,,,,
1050010,1050190,GM0352,2022JJ00,0.7,,,,,,,,,,
1050010,1050190,GM0294,2022JJ00,0.8,,,,,,,,,,
1050010,1050190,GM0873,2022JJ00,0.5,,,,,,,,,,
1050010,1050190,GM0632,2022JJ00,1.5,9.0,13.0,11.0,13.0,11.0,11.0,9.0,9.0,7.0,7.0
1050010,1050190,GM1690,2022JJ00,0.5,,,,,,,,,,
1050010,1050190,GM0880,2022JJ00,0.5,,,,,,,,,,
1050010,1050190,GM0351,2022JJ00,0.3,,,,,,,,,,
1050010,1050190,GM0479,2022JJ00,6.8,13.0,16.0,12.0,14.0,11.0,10.0,9.0,6.0,6.0,3.0
1050010,1050190,GM0297,2022JJ00,0.8,,,,,,,,,,
1050010,1050190,GM0473,2022JJ00,0.7,,,,,,,,,,
1050010,1050190,GM0050,2022JJ00,0.7,,,,,,,,,,
1050010,1050190,GM0355,2022JJ00,2.0,13.0,14.0,11.0,13.0,11.0,10.0,7.0,8.0,6.0,6.0
1050010,1050190,GM0299,2022JJ00,1.3,11.0,17.0,14.0,16.0,11.0,10.0,7.0,6.0,5.0,3.0
1050010,1050190,GM0637,2022JJ00,5.5,14.0,16.0,12.0,14.0,11.0,10.0,9.0,7.0,5.0,3.0
1050010,1050190,GM0638,2022JJ00,0.2,,,,,,,,,,
1050010,1050190,GM1892,2022JJ00,1.3,11.0,10.0,12.0,14.0,11.0,12.0,10.0,9.0,7.0,5.0
1050010,1050190,GM0879,2022JJ00,0.5,,,,,,,,,,
1050010,1050190,GM0301,2022JJ00,1.7,15.0,17.0,14.0,14.0,11.0,9.0,8.0,5.0,5.0,2.0
1050010,1050190,GM1896,2022JJ00,0.4,,,,,,,,,,
1050010,1050190,GM0642,2022JJ00,1.8,15.0,18.0,14.0,14.0,10.0,8.0,8.0,5.0,5.0,3.0
1050010,1050190,GM0193,2022JJ00,4.2,13.0,18.0,11.0,13.0,12.0,10.0,9.0,7.0,4.0,3.0
1050010,1050190,AM01,2022JJ00,23.3,15.0,18.0,12.0,14.0,11.0,10.0,7.0,6.0,4.0,3.0
1050010,1050190,AM02,2022JJ00,19.4,15.0,16.0,12.0,14.0,11.0,10.0,8.0,6.0,4.0,3.0
1050010,1050190,AM03,2022JJ00,8.1,14.0,16.0,12.0,14.0,11.0,10.0,8.0,6.0,5.0,3.0
1050010,1050190,AM05,2022JJ00,17.9,14.0,18.0,12.0,14.0,11.0,9.0,8.0,6.0,5.0,3.0
1050010,1050190,AM06,2022JJ00,16.4,13.0,16.0,12.0,14.0,11.0,10.0,8.0,7.0,5.0,4.0
1050010,1050190,AM07,2022JJ00,13.8,13.0,19.0,12.0,14.0,11.0,10.0,8.0,6.0,5.0,3.0
1050010,1050190,AM08,2022JJ00,10.3,13.0,18.0,12.0,13.0,11.0,10.0,8.0,6.0,5.0,3.0
1050010,1050190,AM09,2022JJ00,7.4,12.0,15.0,12.0,14.0,11.0,11.0,9.0,7.0,5.0,3.0
1050010,1050190,AM10,2022JJ00,6.5,12.0,12.0,11.0,13.0,11.0,11.0,9.0,9.0,7.0,5.0
1050010,1050190,AM11,2022JJ00,16.8,13.0,16.0,12.0,15.0,12.0,10.0,8.0,7.0,5.0,3.0
1050010,1050190,AM12,2022JJ00,8.0,12.0,13.0,10.0,12.0,11.0,10.0,9.0,8.0,7.0,8.0
1050010,1050190,AM13,2022JJ00,25.1,12.0,14.0,11.0,13.0,11.0,10.0,9.0,8.0,7.0,6.0
1050010,1050190,AM14,2022JJ00,10.0,11.0,14.0,11.0,13.0,12.0,10.0,9.0,8.0,7.0,4.0
1050010,1050190,AM15,2022JJ00,22.1,12.0,14.0,12.0,14.0,11.0,10.0,9.0,8.0,6.0,4.0
1050010,1050190,AM17,2022JJ00,13.2,12.0,14.0,12.0,14.0,11.0,10.0,10.0,8.0,6.0,4.0
1050010,1050190,AM18,2022JJ00,52.5,15.0,17.0,11.0,13.0,10.0,9.0,8.0,7.0,5.0,5.0
1050010,1050190,AM19,2022JJ00,15.7,11.0,13.0,10.0,13.0,11.0,11.0,9.0,8.0,7.0,6.0
1050010,1050190,AM20,2022JJ00,5.4,13.0,15.0,11.0,13.0,11.0,9.0,9.0,8.0,6.0,5.0
1050010,1050190,AM21,2022JJ00,32.8,18.0,18.0,11.0,12.0,10.0,8.0,7.0,6.0,5.0,4.0
1050010,1050190,AM22,2022JJ00,59.8,17.0,18.0,13.0,14.0,10.0,9.0,7.0,6.0,5.0,3.0
1050010,1050190,AM23,2022JJ00,10.0,15.0,17.0,12.0,13.0,10.0,9.0,9.0,6.0,6.0,3.0
1050010,1050190,AM24,2022JJ00,10.7,14.0,16.0,13.0,14.0,11.0,9.0,8.0,7.0,5.0,4.0
1050010,1050190,AM25,2022JJ00,20.6,13.0,15.0,12.0,13.0,11.0,10.0,8.0,8.0,6.0,4.0
1050010,1050190,AM26,2022JJ00,15.0,13.0,16.0,13.0,14.0,10.0,10.0,8.0,7.0,6.0,3.0
1050010,1050190,AM27,2022JJ00,17.4,12.0,15.0,11.0,14.0,11.0,10.0,9.0,8.0,6.0,5.0
1050010,1050190,AM28,2022JJ00,15.1,14.0,14.0,11.0,13.0,10.0,10.0,8.0,8.0,7.0,4.0
1050010,1050190,AM29,2022JJ00,7.5,12.0,16.0,13.0,15.0,11.0,10.0,9.0,7.0,5.0,3.0
1050010,1050190,AM30,2022JJ00,20.3,15.0,20.0,12.0,14.0,11.0,9.0,7.0,6.0,4.0,3.0
1050010,1050190,AM32,2022JJ00,7.6,13.0,15.0,13.0,13.0,11.0,9.0,9.0,7.0,6.0,4.0
1050010,1050190,AM33,2022JJ00,7.2,11.0,16.0,11.0,14.0,12.0,10.0,8.0,8.0,6.0,4.0
1050010,1050190,AM34,2022JJ00,13.7,12.0,14.0,11.0,13.0,11.0,10.0,10.0,8.0,6.0,5.0
1050010,1050190,AM35,2022JJ00,3.8,11.0,15.0,13.0,13.0,11.0,10.0,8.0,8.0,7.0,5.0
1050010,1050190,AM36,2022JJ00,14.3,12.0,15.0,11.0,14.0,12.0,10.0,9.0,7.0,5.0,3.0
1050010,1050190,AM37,2022JJ00,13.5,12.0,14.0,11.0,13.0,11.0,10.0,9.0,8.0,6.0,6.0
1050010,1050190,AM38,2022JJ00,8.2,12.0,15.0,13.0,14.0,11.0,10.0,8.0,7.0,6.0,4.0
1050010,1017780,NL01,2022JJ00,2273.2,4.0,7.0,8.0,10.0,10.0,10.0,11.0,12.0,13.0,14.0
1050010,1017780,LD01,2022JJ00,244.3,5.0,9.0,10.0,12.0,11.0,11.0,11.0,11.0,11.0,9.0
1050010,1017780,LD02,2022JJ00,480.5,4.0,7.0,9.0,11.0,10.0,11.0,11.0,12.0,13.0,12.0
1050010,1017780,LD03,2022JJ00,1024.4,5.0,7.0,7.0,9.0,9.0,9.0,10.0,12.0,14.0,17.0
1050010,1017780,LD04,2022JJ00,524.0,4.0,7.0,9.0,11.0,10.0,11.0,11.0,12.0,13.0,12.0
1050010,1017780,PV20,2022JJ00,80.9,7.0,9.0,10.0,12.0,10.0,10.0,10.0,11.0,11.0,9.0
1050010,1017780,PV21,2022JJ00,90.3,4.0,9.0,10.0,13.0,11.0,11.0,11.0,11.0,10.0,8.0
1050010,1017780,PV22,2022JJ00,73.1,4.0,8.0,10.0,12.0,11.0,12.0,11.0,12.0,11.0,10.0
1050010,1017780,PV23,2022JJ00,150.4,4.0,8.0,9.0,12.0,11.0,11.0,11.0,12.0,12.0,10.0
1050010,1017780,PV24,2022JJ00,48.1,4.0,6.0,7.0,10.0,10.0,11.0,12.0,13.0,14.0,13.0
1050010,1017780,PV25,2022JJ00,282.0,4.0,7.0,8.0,11.0,10.0,11.0,11.0,13.0,13.0,12.0
1050010,1017780,PV26,2022JJ00,167.0,4.0,6.0,6.0,8.0,8.0,9.0,10.0,13.0,16.0,20.0
1050010,1017780,PV27,2022JJ00,351.6,5.0,7.0,7.0,8.0,9.0,9.0,10.0,12.0,14.0,19.0
1050010,1017780,PV28,2022JJ00,448.7,5.0,8.0,8.0,9.0,9.0,10.0,10.0,12.0,14.0,16.0
1050010,1017780,PV29,2022JJ00,57.1,4.0,7.0,9.0,12.0,11.0,11.0,12.0,12.0,12.0,11.0
1050010,1017780,PV30,2022JJ00,356.0,4.0,7.0,8.0,11.0,10.0,11.0,11.0,12.0,13.0,13.0
1050010,1017780,PV31,2022JJ00,168.0,4.0,8.0,10.0,12.0,11.0,11.0,11.0,11.0,11.0,10.0
1050010,1017780,CR01,2022JJ00,20.5,5.0,11.0,13.0,14.0,12.0,11.0,10.0,10.0,8.0,6.0
1050010,1017780,CR02,2022JJ00,6.7,5.0,11.0,12.0,13.0,12.0,12.0,9.0,11.0,9.0,7.0
1050010,1017780,CR03,2022JJ00,53.7,8.0,9.0,9.0,10.0,10.0,10.0,11.0,11.0,12.0,11.0
1050010,1017780,CR04,2022JJ00,43.9,5.0,9.0,11.0,13.0,11.0,11.0,11.0,11.0,10.0,8.0
1050010,1017780,CR05,2022JJ00,20.2,4.0,9.0,10.0,13.0,11.0,11.0,11.0,11.0,11.0,9.0
1050010,1017780,CR06,2022JJ00,26.2,4.0,9.0,10.0,13.0,11.0,11.0,11.0,11.0,11.0,9.0
1050010,1017780,CR07,2022JJ00,28.6,3.0,6.0,8.0,10.0,11.0,12.0,12.0,12.0,13.0,12.0
1050010,1017780,CR08,2022JJ00,25.3,4.0,10.0,11.0,13.0,12.0,12.0,11.0,11.0,9.0,7.0
1050010,1017780,CR09,2022JJ00,19.2,3.0,8.0,10.0,13.0,11.0,11.0,11.0,11.0,11.0,9.0
1050010,1017780,CR10,2022JJ00,47.8,4.0,7.0,9.0,11.0,11.0,11.0,12.0,12.0,13.0,11.0
1050010,1017780,CR11,2022JJ00,21.1,4.0,7.0,8.0,10.0,11.0,11.0,11.0,12.0,13.0,11.0
1050010,1017780,CR12,2022JJ00,81.5,5.0,9.0,10.0,12.0,11.0,11.0,11.0,12.0,11.0,9.0
1050010,1017780,CR13,2022JJ00,90.8,3.0,7.0,8.0,11.0,10.0,11.0,12.0,13.0,13.0,13.0
1050010,1017780,CR14,2022JJ00,59.9,3.0,7.0,9.0,12.0,11.0,12.0,12.0,12.0,12.0,10.0
1050010,1017780,CR15,2022JJ00,98.7,5.0,8.0,8.0,10.0,9.0,10.0,11.0,12.0,14.0,13.0
1050010,1017780,CR16,2022JJ00,32.6,4.0,8.0,8.0,10.0,10.0,10.0,11.0,13.0,14.0,14.0
1050010,1017780,CR17,2022JJ00,167.0,4.0,6.0,6.0,8.0,8.0,9.0,10.0,13.0,16.0,20.0
1050010,1017780,CR18,2022JJ00,52.1,3.0,7.0,9.0,12.0,11.0,12.0,12.0,12.0,12.0,10.0
1050010,1017780,CR19,2022JJ00,33.0,3.0,5.0,7.0,10.0,11.0,12.0,12.0,13.0,14.0,14.0
1050010,1017780,CR20,2022JJ00,25.7,3.0,6.0,8.0,10.0,10.0,11.0,12.0,13.0,14.0,13.0
1050010,1017780,CR21,2022JJ00,27.4,4.0,6.0,6.0,8.0,8.0,9.0,10.0,12.0,15.0,23.0
1050010,1017780,CR22,2022JJ00,20.3,4.0,8.0,9.0,10.0,10.0,11.0,11.0,12.0,13.0,11.0
1050010,1017780,CR23,2022JJ00,163.8,7.0,7.0,6.0,7.0,7.0,8.0,9.0,11.0,15.0,24.0
1050010,1017780,CR24,2022JJ00,29.3,3.0,7.0,7.0,8.0,8.0,9.0,10.0,12.0,14.0,23.0
1050010,1017780,CR25,2022JJ00,56.2,4.0,6.0,7.0,9.0,8.0,9.0,11.0,13.0,15.0,18.0
1050010,1017780,CR26,2022JJ00,96.7,7.0,7.0,7.0,8.0,8.0,9.0,10.0,11.0,14.0,19.0
1050010,1017780,CR27,2022JJ00,29.3,6.0,7.0,8.0,9.0,9.0,10.0,10.0,12.0,14.0,15.0
1050010,1017780,CR28,2022JJ00,45.1,3.0,7.0,7.0,9.0,9.0,10.0,12.0,13.0,15.0,15.0
1050010,1017780,CR29,2022JJ00,175.0,6.0,8.0,9.0,9.0,9.0,9.0,10.0,12.0,14.0,15.0
1050010,1017780,CR30,2022JJ00,46.4,3.0,8.0,9.0,10.0,10.0,11.0,11.0,12.0,14.0,12.0
1050010,1017780,CR31,2022JJ00,16.8,4.0,7.0,10.0,13.0,11.0,11.0,11.0,11.0,12.0,11.0
1050010,1017780,CR32,2022JJ00,40.3,3.0,7.0,9.0,12.0,11.0,12.0,12.0,12.0,12.0,11.0
1050010,1017780,CR33,2022JJ00,89.8,4.0,7.0,9.0,11.0,10.0,11.0,11.0,12.0,13.0,13.0
1050010,1017780,CR34,2022JJ00,66.4,4.0,8.0,8.0,10.0,10.0,11.0,11.0,13.0,13.0,12.0
1050010,1017780,CR35,2022JJ00,91.4,3.0,6.0,8.0,11.0,10.0,10.0,11.0,13.0,14.0,13.0
1050010,1017780,CR36,2022JJ00,108.4,4.0,7.0,8.0,10.0,10.0,10.0,11.0,12.0,14.0,14.0
1050010,1017780,CR37,2022JJ00,41.7,3.0,7.0,10.0,12.0,11.0,12.0,12.0,12.0,11.0,9.0
1050010,1017780,CR38,2022JJ00,36.3,3.0,7.0,9.0,13.0,11.0,12.0,11.0,12.0,12.0,10.0
1050010,1017780,CR39,2022JJ00,90.0,5.0,9.0,11.0,12.0,11.0,11.0,11.0,11.0,11.0,10.0
1050010,1017780,CR40,2022JJ00,48.1,4.0,6.0,7.0,10.0,10.0,11.0,12.0,13.0,14.0,13.0
1050010,1017780,GM1680,2022JJ00,4.4,3.0,6.0,8.0,10.0,10.0,11.0,11.0,12.0,14.0,13.0
1050010,1017780,GM0358,2022JJ00,3.8,3.0,6.0,8.0,10.0,9.0,10.0,10.0,11.0,14.0,18.0
1050010,1017780,GM0197,2022JJ00,4.0,3.0,7.0,12.0,14.0,12.0,12.0,11.0,12.0,10.0,7.0
1050010,1017780,GM0059,2022JJ00,3.6,6.0,11.0,13.0,14.0,11.0,11.0,11.0,9.0,8.0,5.0
1050010,1017780,GM0482,2022JJ00,2.4,4.0,10.0,11.0,11.0,9.0,10.0,11.0,11.0,12.0,10.0
1050010,1017780,GM0613,2022JJ00,3.1,2.0,6.0,8.0,8.0,8.0,8.0,9.0,12.0,17.0,22.0
1050010,1017780,GM0361,2022JJ00,14.1,3.0,5.0,7.0,10.0,10.0,11.0,12.0,13.0,15.0,13.0
1050010,1017780,GM0141,2022JJ00,9.0,6.0,11.0,11.0,12.0,11.0,11.0,11.0,11.0,9.0,7.0
1050010,1017780,GM0034,2022JJ00,22.1,4.0,5.0,6.0,9.0,9.0,10.0,11.0,14.0,16.0,16.0
1050010,1017780,GM0484,2022JJ00,15.0,3.0,6.0,7.0,9.0,9.0,10.0,12.0,14.0,15.0,14.0
1050010,1017780,GM1723,2022JJ00,1.6,3.0,6.0,8.0,11.0,10.0,10.0,10.0,11.0,14.0,16.0
1050010,1017780,GM1959,2022JJ00,7.4,3.0,9.0,9.0,11.0,10.0,10.0,11.0,12.0,13.0,11.0
1050010,1017780,GM0060,2022JJ00,0.5,,,,,,,,,,
1050010,1017780,GM0307,2022JJ00,18.6,3.0,6.0,6.0,8.0,8.0,9.0,11.0,13.0,17.0,20.0
1050010,1017780,GM0362,2022JJ00,9.8,4.0,6.0,7.0,8.0,8.0,8.0,9.0,11.0,14.0,24.0
1050010,1017780,GM0363,2022JJ00,101.6,9.0,8.0,5.0,6.0,6.0,6.0,8.0,10.0,15.0,28.0
1050010,1017780,GM0200,2022JJ00,22.3,3.0,7.0,8.0,10.0,10.0,11.0,12.0,13.0,14.0,12.0
1050010,1017780,GM0202,2022JJ00,18.9,7.0,9.0,8.0,9.0,9.0,10.0,11.0,12.0,14.0,13.0
1050010,1017780,GM0106,2022JJ00,9.0,3.0,6.0,8.0,11.0,11.0,13.0,13.0,13.0,13.0,9.0
1050010,1017780,GM0743,2022JJ00,2.4,3.0,7.0,10.0,12.0,10.0,12.0,12.0,11.0,12.0,10.0
1050010,1017780,GM0744,2022JJ00,1.1,3.0,8.0,10.0,15.0,12.0,11.0,9.0,11.0,12.0,10.0
1050010,1017780,GM0308,2022JJ00,3.2,3.0,6.0,6.0,8.0,10.0,10.0,11.0,11.0,14.0,22.0
1050010,1017780,GM0489,2022JJ00,5.7,2.0,6.0,8.0,8.0,9.0,10.0,10.0,12.0,15.0,19.0
1050010,1017780,GM0203,2022JJ00,6.6,3.0,6.0,8.0,11.0,10.0,11.0,12.0,12.0,14.0,13.0
1050010,1017780,GM0888,2022JJ00,2.6,4.0,8.0,8.0,10.0,10.0,11.0,12.0,12.0,13.0,11.0
1050010,1017780,GM1954,2022JJ00,5.9,3.0,7.0,9.0,13.0,11.0,11.0,11.0,12.0,13.0,11.0
1050010,1017780,GM0889,2022JJ00,2.1,3.0,9.0,12.0,13.0,11.0,12.0,12.0,11.0,10.0,7.0
1050010,1017780,GM1945,2022JJ00,5.1,4.0,10.0,10.0,11.0,10.0,11.0,10.0,12.0,12.0,11.0
1050010,1017780,GM1724,2022JJ00,2.9,2.0,4.0,8.0,14.0,11.0,10.0,12.0,13.0,13.0,13.0
1050010,1017780,GM0893,2022JJ00,2.0,3.0,9.0,10.0,13.0,11.0,11.0,13.0,11.0,11.0,8.0
1050010,1017780,GM0373,2022JJ00,4.5,3.0,5.0,6.0,10.0,10.0,11.0,12.0,11.0,13.0,20.0
1050010,1017780,GM0748,2022JJ00,9.6,4.0,8.0,9.0,11.0,10.0,11.0,11.0,12.0,12.0,12.0
1050010,1017780,GM1859,2022JJ00,6.7,3.0,8.0,9.0,13.0,11.0,12.0,11.0,12.0,11.0,8.0
1050010,1017780,GM1721,2022JJ00,4.3,3.0,7.0,8.0,13.0,11.0,11.0,11.0,12.0,13.0,12.0
1050010,1017780,GM0753,2022JJ00,4.2,3.0,5.0,7.0,9.0,10.0,11.0,11.0,13.0,15.0,15.0
1050010,1017780,GM0209,2022JJ00,3.8,3.0,7.0,8.0,11.0,11.0,10.0,12.0,12.0,14.0,13.0
1050010,1017780,GM0375,2022JJ00,5.0,3.0,7.0,8.0,11.0,10.0,11.0,12.0,13.0,13.0,11.0
1050010,1017780,GM0310,2022JJ00,5.4,3.0,5.0,6.0,7.0,8.0,8.0,11.0,11.0,14.0,26.0
1050010,1017780,GM1728,2022JJ00,3.1,3.0,5.0,8.0,12.0,11.0,13.0,12.0,12.0,14.0,10.0
1050010,1017780,GM0376,2022JJ00,1.6,3.0,5.0,6.0,7.0,8.0,8.0,9.0,11.0,13.0,31.0
1050010,1017780,GM0377,2022JJ00,3.1,2.0,3.0,5.0,6.0,5.0,7.0,9.0,10.0,15.0,38.0
1050010,1017780,GM1901,2022JJ00,4.7,3.0,6.0,7.0,9.0,9.0,10.0,11.0,13.0,15.0,19.0
1050010,1017780,GM0755,2022JJ00,1.4,3.0,5.0,8.0,15.0,11.0,12.0,12.0,14.0,13.0,9.0
1050010,1017780,GM1681,2022JJ00,4.4,4.0,9.0,10.0,13.0,11.0,12.0,12.0,11.0,10.0,8.0
1050010,1017780,GM0147,2022JJ00,3.4,3.0,7.0,8.0,10.0,11.0,12.0,11.0,13.0,13.0,11.0
1050010,1017780,GM0654,2022JJ00,3.3,3.0,7.0,9.0,11.0,10.0,10.0,12.0,13.0,13.0,11.0
1050010,1017780,GM0757,2022JJ00,4.6,3.0,7.0,7.0,12.0,11.0,11.0,12.0,13.0,12.0,13.0
1050010,1017780,GM0758,2022JJ00,23.6,4.0,7.0,7.0,9.0,8.0,10.0,11.0,12.0,15.0,17.0
1050010,1017780,GM1876,2022JJ00,5.8,3.0,7.0,8.0,12.0,11.0,11.0,12.0,13.0,12.0,12.0
1050010,1017780,GM0213,2022JJ00,3.4,3.0,8.0,8.0,11.0,9.0,11.0,12.0,14.0,12.0,12.0
1050010,1017780,GM0899,2022JJ00,4.2,4.0,10.0,13.0,14.0,13.0,12.0,11.0,10.0,9.0,6.0
1050010,1017780,GM0312,2022JJ00,2.1,3.0,3.0,5.0,7.0,9.0,10.0,11.0,13.0,16.0,23.0
1050010,1017780,GM0313,2022JJ00,2.6,3.0,5.0,6.0,12.0,11.0,12.0,12.0,14.0,14.0,10.0
1050010,1017780,GM0214,2022JJ00,3.9,3.0,6.0,8.0,10.0,9.0,9.0,11.0,13.0,14.0,16.0
1050010,1017780,GM0502,2022JJ00,8.3,3.0,7.0,8.0,10.0,9.0,10.0,11.0,13.0,14.0,14.0
1050010,1017780,GM0383,2022JJ00,5.1,2.0,4.0,5.0,8.0,10.0,11.0,12.0,15.0,15.0,17.0
1050010,1017780,GM0109,2022JJ00,5.4,4.0,9.0,10.0,12.0,12.0,12.0,11.0,11.0,11.0,9.0
1050010,1017780,GM1706,2022JJ00,3.3,3.0,6.0,9.0,14.0,11.0,11.0,11.0,12.0,13.0,10.0
1050010,1017780,GM0216,2022JJ00,3.7,4.0,7.0,7.0,8.0,9.0,10.0,11.0,13.0,15.0,15.0
1050010,1017780,GM0148,2022JJ00,4.0,3.0,6.0,8.0,12.0,11.0,12.0,12.0,13.0,13.0,11.0
1050010,1017780,GM1891,2022JJ00,2.6,5.0,13.0,12.0,15.0,11.0,10.0,10.0,10.0,8.0,5.0
1050010,1017780,GM0503,2022JJ00,12.5,11.0,8.0,8.0,8.0,8.0,9.0,9.0,11.0,13.0,15.0
1050010,1017780,GM0762,2022JJ00,4.7,3.0,9.0,10.0,12.0,10.0,11.0,11.0,12.0,12.0,11.0
1050010,1017780,GM0150,2022JJ00,13.0,5.0,8.0,8.0,9.0,10.0,11.0,11.0,12.0,14.0,12.0
1050010,1017780,GM0384,2022JJ00,3.8,7.0,6.0,6.0,7.0,7.0,8.0,10.0,11.0,17.0,21.0
1050010,1017780,GM1980,2022JJ00,10.9,2.0,4.0,7.0,11.0,11.0,12.0,13.0,14.0,14.0,12.0
1050010,1017780,GM1774,2022JJ00,3.4,3.0,5.0,8.0,13.0,12.0,11.0,11.0,12.0,12.0,11.0
1050010,1017780,GM0221,2022JJ00,1.7,5.0,10.0,9.0,10.0,10.0,12.0,12.0,11.0,12.0,10.0
1050010,1017780,GM0222,2022JJ00,8.0,3.0,8.0,8.0,11.0,11.0,12.0,12.0,13.0,12.0,9.0
1050010,1017780,GM0766,2022JJ00,3.8,3.0,7.0,9.0,12.0,10.0,11.0,13.0,14.0,12.0,10.0
1050010,1017780,GM0505,2022JJ00,14.7,4.0,8.0,8.0,10.0,9.0,10.0,11.0,13.0,14.0,13.0
1050010,1017780,GM0498,2022JJ00,2.8,3.0,6.0,9.0,12.0,11.0,12.0,12.0,11.0,11.0,12.0
1050010,1017780,GM1719,2022JJ00,4.2,2.0,7.0,9.0,12.0,10.0,11.0,11.0,12.0,13.0,13.0
1050010,1017780,GM0303,2022JJ00,6.0,3.0,7.0,8.0,10.0,10.0,11.0,13.0,13.0,13.0,12.0
1050010,1017780,GM0225,2022JJ00,2.6,2.0,8.0,9.0,10.0,10.0,11.0,11.0,14.0,14.0,11.0
1050010,1017780,GM0226,2022JJ00,3.5,2.0,7.0,7.0,11.0,11.0,11.0,13.0,14.0,14.0,11.0
1050010,1017780,GM1711,2022JJ00,5.0,3.0,8.0,11.0,13.0,11.0,11.0,11.0,11.0,11.0,9.0
1050010,1017780,GM0385,2022JJ00,4.8,2.0,5.0,7.0,13.0,11.0,10.0,11.0,12.0,14.0,14.0
1050010,1017780,GM0228,2022JJ00,14.9,3.0,6.0,7.0,10.0,10.0,11.0,12.0,13.0,14.0,14.0
1050010,1017780,GM0317,2022JJ00,1.2,3.0,4.0,5.0,9.0,10.0,10.0,12.0,13.0,15.0,20.0
1050010,1017780,GM1979,2022JJ00,6.7,5.0,11.0,12.0,13.0,12.0,12.0,9.0,11.0,9.0,7.0
1050010,1017780,GM0770,2022JJ00,2.9,2.0,4.0,7.0,11.0,11.0,10.0,13.0,13.0,15.0,15.0
1050010,1017780,GM1903,2022JJ00,4.1,2.0,4.0,7.0,12.0,11.0,11.0,11.0,12.0,14.0,15.0
1050010,1017780,GM0772,2022JJ00,29.9,7.0,8.0,8.0,8.0,8.0,9.0,10.0,12.0,14.0,16.0
1050010,1017780,GM0230,2022JJ00,3.0,3.0,7.0,10.0,13.0,11.0,11.0,13.0,11.0,11.0,9.0
1050010,1017780,GM0114,2022JJ00,15.5,4.0,10.0,12.0,14.0,12.0,12.0,11.0,10.0,9.0,6.0
1050010,1017780,GM0388,2022JJ00,2.5,3.0,9.0,10.0,11.0,10.0,12.0,12.0,12.0,12.0,9.0
1050010,1017780,GM0153,2022JJ00,19.7,9.0,11.0,10.0,11.0,9.0,10.0,10.0,11.0,10.0,9.0
1050010,1017780,GM0232,2022JJ00,4.9,3.0,7.0,9.0,12.0,11.0,11.0,12.0,11.0,11.0,12.0
1050010,1017780,GM0233,2022JJ00,3.6,3.0,5.0,8.0,10.0,11.0,11.0,13.0,12.0,13.0,14.0
1050010,1017780,GM0777,2022JJ00,6.0,3.0,7.0,9.0,11.0,11.0,11.0,11.0,13.0,13.0,11.0
1050010,1017780,GM1940,2022JJ00,7.6,4.0,9.0,10.0,13.0,12.0,12.0,11.0,11.0,10.0,10.0
1050010,1017780,GM0779,2022JJ00,3.1,3.0,9.0,10.0,11.0,11.0,10.0,12.0,13.0,12.0,10.0
1050010,1017780,GM1771,2022JJ00,5.7,3.0,7.0,8.0,10.0,10.0,10.0,12.0,13.0,13.0,13.0
1050010,1017780,GM1652,2022JJ00,4.4,3.0,8.0,10.0,12.0,11.0,11.0,11.0,12.0,12.0,9.0
1050010,1017780,GM0907,2022JJ00,2.5,3.0,7.0,9.0,11.0,11.0,12.0,11.0,12.0,13.0,10.0
1050010,1017780,GM0784,2022JJ00,3.7,3.0,8.0,10.0,11.0,11.0,11.0,11.0,12.0,13.0,10.0
1050010,1017780,GM1924,2022JJ00,7.4,3.0,9.0,9.0,11.0,10.0,10.0,10.0,12.0,13.0,12.0
1050010,1017780,GM0664,2022JJ00,5.6,3.0,7.0,8.0,11.0,11.0,12.0,12.0,11.0,13.0,13.0
1050010,1017780,GM0785,2022JJ00,3.5,2.0,6.0,7.0,11.0,10.0,11.0,12.0,13.0,15.0,14.0
1050010,1017780,GM1942,2022JJ00,6.5,3.0,6.0,6.0,7.0,8.0,8.0,10.0,12.0,14.0,27.0
1050010,1017780,GM0512,2022JJ00,4.5,4.0,10.0,9.0,9.0,9.0,10.0,10.0,11.0,14.0,14.0
1050010,1017780,GM0513,2022JJ00,9.5,4.0,8.0,7.0,9.0,8.0,10.0,12.0,13.0,15.0,15.0
1050010,1017780,GM0518,2022JJ00,54.9,9.0,8.0,7.0,8.0,8.0,9.0,9.0,11.0,13.0,19.0
1050010,1017780,GM0014,2022JJ00,29.0,11.0,8.0,7.0,8.0,8.0,9.0,10.0,11.0,13.0,13.0
1050010,1017780,GM1729,2022JJ00,2.5,3.0,8.0,10.0,12.0,11.0,11.0,11.0,11.0,11.0,12.0
1050010,1017780,GM0158,2022JJ00,3.4,3.0,8.0,9.0,13.0,12.0,11.0,12.0,12.0,12.0,9.0
1050010,1017780,GM0392,2022JJ00,18.7,4.0,6.0,7.0,8.0,8.0,9.0,10.0,12.0,15.0,20.0
1050010,1017780,GM0394,2022JJ00,18.0,3.0,5.0,7.0,8.0,9.0,10.0,11.0,13.0,15.0,19.0
1050010,1017780,GM1655,2022JJ00,4.7,3.0,8.0,10.0,12.0,11.0,10.0,10.0,11.0,13.0,12.0
1050010,1017780,GM0160,2022JJ00,7.8,3.0,7.0,10.0,14.0,12.0,11.0,11.0,12.0,11.0,8.0
1050010,1017780,GM0243,2022JJ00,6.0,3.0,6.0,7.0,11.0,11.0,11.0,12.0,13.0,13.0,13.0
1050010,1017780,GM0523,2022JJ00,2.2,3.0,8.0,11.0,12.0,11.0,11.0,11.0,11.0,13.0,9.0
1050010,1017780,GM0072,2022JJ00,2.4,4.0,14.0,12.0,12.0,12.0,10.0,11.0,9.0,9.0,8.0
1050010,1017780,GM0244,2022JJ00,1.7,2.0,6.0,10.0,11.0,10.0,11.0,12.0,13.0,12.0,14.0
1050010,1017780,GM0396,2022JJ00,5.2,2.0,5.0,9.0,11.0,11.0,12.0,12.0,12.0,14.0,12.0
1050010,1017780,GM0397,2022JJ00,3.4,2.0,4.0,5.0,6.0,7.0,8.0,10.0,11.0,16.0,31.0
1050010,1017780,GM0246,2022JJ00,2.9,2.0,7.0,9.0,13.0,11.0,11.0,12.0,12.0,11.0,12.0
1050010,1017780,GM0074,2022JJ00,7.0,4.0,8.0,10.0,12.0,11.0,11.0,11.0,11.0,11.0,10.0
1050010,1017780,GM0917,2022JJ00,11.9,5.0,12.0,12.0,12.0,11.0,11.0,11.0,11.0,9.0,7.0
1050010,1017780,GM1658,2022JJ00,2.5,2.0,5.0,6.0,9.0,10.0,9.0,11.0,12.0,17.0,18.0
1050010,1017780,GM0399,2022JJ00,3.5,2.0,4.0,6.0,8.0,10.0,12.0,11.0,13.0,16.0,19.0
1050010,1017780,GM0400,2022JJ00,7.9,3.0,7.0,11.0,13.0,12.0,11.0,11.0,11.0,12.0,8.0
1050010,1017780,GM0163,2022JJ00,4.9,2.0,6.0,11.0,15.0,11.0,11.0,11.0,13.0,11.0,8.0
1050010,1017780,GM0794,2022JJ00,11.7,4.0,9.0,10.0,11.0,10.0,11.0,12.0,12.0,11.0,10.0
1050010,1017780,GM0531,2022JJ00,3.7,2.0,7.0,8.0,9.0,9.0,10.0,10.0,13.0,15.0,16.0
1050010,1017780,GM0164,2022JJ00,10.7,5.0,8.0,9.0,11.0,11.0,12.0,12.0,12.0,12.0,10.0
1050010,1017780,GM0796,2022JJ00,21.0,4.0,7.0,7.0,8.0,8.0,10.0,10.0,12.0,15.0,17.0
1050010,1017780,GM0252,2022JJ00,2.4,2.0,5.0,6.0,9.0,9.0,10.0,12.0,13.0,15.0,17.0
1050010,1017780,GM0797,2022JJ00,6.5,3.0,6.0,8.0,11.0,10.0,11.0,12.0,13.0,14.0,12.0
1050010,1017780,GM0534,2022JJ00,3.0,2.0,5.0,8.0,10.0,9.0,10.0,13.0,13.0,15.0,14.0
1050010,1017780,GM0798,2022JJ00,2.4,2.0,5.0,7.0,10.0,9.0,10.0,13.0,13.0,16.0,14.0
1050010,1017780,GM0402,2022JJ00,10.7,4.0,8.0,8.0,8.0,8.0,9.0,10.0,11.0,14.0,21.0
1050010,1017780,GM1963,2022JJ00,12.9,2.0,7.0,8.0,10.0,10.0,10.0,11.0,12.0,15.0,15.0
1050010,1017780,GM1735,2022JJ00,5.0,3.0,8.0,8.0,11.0,10.0,10.0,12.0,12.0,13.0,12.0
1050010,1017780,GM1966,2022JJ00,7.0,4.0,10.0,11.0,14.0,12.0,11.0,11.0,11.0,10.0,7.0
1050010,1017780,GM1911,2022JJ00,6.9,3.0,7.0,10.0,13.0,12.0,11.0,11.0,11.0,12.0,10.0
1050010,1017780,GM0118,2022JJ00,7.4,4.0,9.0,12.0,15.0,12.0,11.0,11.0,11.0,9.0,6.0
1050010,1017780,GM0405,2022JJ00,9.1,3.0,6.0,8.0,10.0,11.0,12.0,12.0,13.0,13.0,12.0
1050010,1017780,GM1507,2022JJ00,6.4,2.0,6.0,9.0,12.0,11.0,13.0,13.0,13.0,12.0,9.0
1050010,1017780,GM0321,2022JJ00,6.1,2.0,4.0,6.0,7.0,9.0,10.0,11.0,13.0,17.0,21.0
1050010,1017780,GM0406,2022JJ00,5.6,3.0,6.0,7.0,8.0,9.0,10.0,12.0,12.0,14.0,18.0
1050010,1017780,GM0677,2022JJ00,4.5,4.0,7.0,10.0,13.0,10.0,11.0,11.0,11.0,12.0,12.0
1050010,1017780,GM0353,2022JJ00,4.1,2.0,6.0,7.0,8.0,9.0,10.0,10.0,13.0,17.0,17.0
1050010,1017780,GM1884,2022JJ00,4.0,3.0,6.0,7.0,9.0,8.0,10.0,11.0,12.0,16.0,17.0
1050010,1017780,GM0166,2022JJ00,6.5,3.0,10.0,10.0,11.0,11.0,11.0,11.0,13.0,11.0,8.0
1050010,1017780,GM0678,2022JJ00,1.9,1.0,5.0,9.0,11.0,12.0,12.0,12.0,12.0,16.0,11.0
1050010,1017780,GM0537,2022JJ00,7.7,3.0,6.0,9.0,13.0,11.0,11.0,11.0,13.0,13.0,12.0
1050010,1017780,GM0928,2022JJ00,6.9,5.0,11.0,13.0,14.0,12.0,11.0,10.0,10.0,8.0,6.0
1050010,1017780,GM1598,2022JJ00,3.1,2.0,5.0,8.0,12.0,11.0,12.0,12.0,14.0,14.0,11.0
1050010,1017780,GM0542,2022JJ00,3.8,3.0,10.0,11.0,11.0,9.0,10.0,10.0,12.0,12.0,11.0
1050010,1017780,GM1931,2022JJ00,7.8,3.0,8.0,9.0,10.0,10.0,10.0,11.0,12.0,14.0,14.0
1050010,1017780,GM1659,2022JJ00,3.3,3.0,8.0,9.0,13.0,11.0,11.0,12.0,12.0,13.0,9.0
1050010,1017780,GM1982,2022JJ00,13.3,3.0,6.0,9.0,12.0,11.0,11.0,12.0,13.0,13.0,11.0
1050010,1017780,GM0882,2022JJ00,5.9,3.0,8.0,11.0,14.0,12.0,12.0,11.0,12.0,10.0,7.0
1050010,1017780,GM0415,2022JJ00,1.4,3.0,5.0,6.0,10.0,9.0,9.0,11.0,11.0,15.0,22.0
1050010,1017780,GM1621,2022JJ00,7.0,3.0,5.0,7.0,7.0,7.0,9.0,10.0,12.0,17.0,23.0
1050010,1017780,GM0417,2022JJ00,1.5,3.0,5.0,4.0,5.0,6.0,6.0,7.0,10.0,15.0,38.0
1050010,1017780,GM0080,2022JJ00,16.4,7.0,8.0,9.0,11.0,11.0,11.0,11.0,11.0,11.0,9.0
1050010,1017780,GM0546,2022JJ00,15.8,8.0,7.0,7.0,7.0,7.0,8.0,9.0,12.0,16.0,19.0
1050010,1017780,GM0547,2022JJ00,3.8,3.0,5.0,7.0,8.0,9.0,9.0,11.0,14.0,16.0,18.0
1050010,1017780,GM1916,2022JJ00,9.7,4.0,6.0,6.0,7.0,8.0,9.0,10.0,12.0,15.0,21.0
1050010,1017780,GM0995,2022JJ00,9.3,4.0,7.0,8.0,11.0,11.0,12.0,12.0,13.0,12.0,11.0
1050010,1017780,GM1640,2022JJ00,5.8,2.0,5.0,9.0,13.0,11.0,12.0,12.0,13.0,12.0,10.0
1050010,1017780,GM0327,2022JJ00,4.4,2.0,3.0,5.0,8.0,9.0,11.0,13.0,15.0,16.0,19.0
1050010,1017780,GM1705,2022JJ00,6.7,3.0,8.0,9.0,11.0,10.0,11.0,11.0,12.0,13.0,11.0
1050010,1017780,GM0553,2022JJ00,3.3,3.0,7.0,9.0,11.0,9.0,10.0,11.0,14.0,14.0,14.0
1050010,1017780,GM0262,2022JJ00,5.6,3.0,6.0,7.0,10.0,11.0,10.0,11.0,12.0,13.0,16.0
1050010,1017780,GM0809,2022JJ00,3.5,2.0,8.0,8.0,11.0,11.0,11.0,12.0,13.0,13.0,10.0
1050010,1017780,GM0331,2022JJ00,1.8,3.0,5.0,8.0,12.0,10.0,10.0,10.0,12.0,15.0,15.0
1050010,1017780,GM0168,2022JJ00,3.4,3.0,9.0,12.0,14.0,12.0,10.0,12.0,11.0,11.0,8.0
1050010,1017780,GM0263,2022JJ00,3.4,4.0,7.0,8.0,11.0,10.0,10.0,10.0,12.0,14.0,14.0
1050010,1017780,GM1641,2022JJ00,4.0,3.0,6.0,9.0,12.0,12.0,12.0,11.0,12.0,11.0,12.0
1050010,1017780,GM1991,2022JJ00,7.8,3.0,6.0,9.0,12.0,11.0,11.0,11.0,12.0,13.0,11.0
1050010,1017780,GM0556,2022JJ00,4.7,4.0,8.0,9.0,11.0,11.0,10.0,11.0,12.0,13.0,11.0
1050010,1017780,GM0935,2022JJ00,16.7,9.0,10.0,10.0,10.0,9.0,10.0,9.0,10.0,11.0,12.0
1050010,1017780,GM0420,2022JJ00,6.2,3.0,7.0,10.0,12.0,11.0,11.0,12.0,11.0,12.0,10.0
1050010,1017780,GM0938,2022JJ00,3.1,3.0,6.0,9.0,12.0,9.0,11.0,11.0,11.0,15.0,14.0
1050010,1017780,GM1948,2022JJ00,11.6,3.0,5.0,8.0,12.0,12.0,11.0,12.0,13.0,13.0,11.0
1050010,1017780,GM0119,2022JJ00,4.6,3.0,8.0,9.0,11.0,11.0,12.0,12.0,12.0,12.0,10.0
1050010,1017780,GM0687,2022JJ00,6.6,3.0,6.0,9.0,11.0,11.0,11.0,12.0,12.0,12.0,12.0
1050010,1017780,GM1842,2022JJ00,2.6,2.0,5.0,8.0,9.0,7.0,9.0,11.0,13.0,16.0,20.0
1050010,1017780,GM1731,2022JJ00,5.2,3.0,7.0,9.0,11.0,11.0,12.0,13.0,12.0,12.0,10.0
1050010,1017780,GM1952,2022JJ00,8.9,4.0,11.0,11.0,13.0,12.0,11.0,10.0,11.0,10.0,8.0
1050010,1017780,GM1709,2022JJ00,5.6,3.0,8.0,9.0,11.0,10.0,11.0,11.0,12.0,13.0,13.0
1050010,1017780,GM1978,2022JJ00,5.5,3.0,9.0,8.0,11.0,10.0,10.0,11.0,12.0,13.0,14.0
1050010,1017780,GM1955,2022JJ00,5.5,4.0,8.0,10.0,13.0,11.0,11.0,11.0,12.0,11.0,9.0
1050010,1017780,GM0335,2022JJ00,1.8,2.0,5.0,7.0,10.0,9.0,11.0,12.0,14.0,15.0,16.0
1050010,1017780,GM0944,2022JJ00,1.3,3.0,5.0,5.0,7.0,10.0,11.0,10.0,13.0,15.0,21.0
1050010,1017780,GM1740,2022JJ00,2.7,4.0,11.0,11.0,10.0,10.0,9.0,12.0,13.0,11.0,10.0
1050010,1017780,GM0946,2022JJ00,2.7,3.0,9.0,9.0,12.0,11.0,10.0,11.0,12.0,12.0,12.0
1050010,1017780,GM0356,2022JJ00,8.7,3.0,6.0,7.0,10.0,10.0,12.0,13.0,14.0,14.0,11.0
1050010,1017780,GM0569,2022JJ00,4.1,2.0,7.0,8.0,9.0,8.0,10.0,10.0,14.0,15.0,16.0
1050010,1017780,GM0267,2022JJ00,5.4,3.0,7.0,7.0,10.0,10.0,10.0,12.0,13.0,14.0,13.0
1050010,1017780,GM0268,2022JJ00,21.4,7.0,9.0,8.0,8.0,8.0,9.0,9.0,13.0,16.0,14.0
1050010,1017780,GM1930,2022JJ00,11.5,3.0,7.0,9.0,10.0,10.0,12.0,12.0,13.0,14.0,11.0
1050010,1017780,GM1970,2022JJ00,6.1,4.0,11.0,13.0,14.0,12.0,11.0,11.0,10.0,8.0,6.0
1050010,1017780,GM1695,2022JJ00,1.4,4.0,5.0,9.0,12.0,10.0,13.0,12.0,12.0,11.0,11.0
1050010,1017780,GM1699,2022JJ00,5.1,3.0,7.0,9.0,10.0,11.0,11.0,12.0,11.0,13.0,13.0
1050010,1017780,GM0171,2022JJ00,6.2,3.0,7.0,9.0,11.0,11.0,12.0,13.0,13.0,11.0,10.0
1050010,1017780,GM0575,2022JJ00,5.9,3.0,5.0,8.0,10.0,10.0,10.0,12.0,12.0,14.0,18.0
1050010,1017780,GM0820,2022JJ00,3.7,2.0,3.0,5.0,8.0,10.0,11.0,12.0,15.0,16.0,18.0
1050010,1017780,GM0302,2022JJ00,3.5,3.0,8.0,9.0,12.0,10.0,11.0,11.0,12.0,12.0,12.0
1050010,1017780,GM0579,2022JJ00,3.1,3.0,3.0,5.0,5.0,6.0,8.0,9.0,12.0,17.0,31.0
1050010,1017780,GM0823,2022JJ00,2.7,3.0,4.0,7.0,12.0,11.0,11.0,11.0,12.0,14.0,14.0
1050010,1017780,GM0824,2022JJ00,4.8,3.0,6.0,8.0,9.0,9.0,10.0,11.0,13.0,14.0,18.0
1050010,1017780,GM1895,2022JJ00,5.8,4.0,10.0,13.0,15.0,12.0,11.0,10.0,10.0,8.0,6.0
1050010,1017780,GM0269,2022JJ00,3.0,3.0,9.0,9.0,14.0,11.0,12.0,11.0,12.0,10.0,9.0
1050010,1017780,GM0173,2022JJ00,4.3,3.0,8.0,10.0,12.0,12.0,12.0,11.0,13.0,12.0,9.0
1050010,1017780,GM1773,2022JJ00,2.7,3.0,7.0,8.0,10.0,11.0,12.0,11.0,13.0,14.0,11.0
1050010,1017780,GM0175,2022JJ00,2.6,3.0,6.0,7.0,12.0,12.0,12.0,12.0,11.0,12.0,12.0
1050010,1017780,GM1586,2022JJ00,4.3,2.0,6.0,9.0,14.0,11.0,11.0,13.0,13.0,13.0,9.0
1050010,1017780,GM0826,2022JJ00,8.2,3.0,8.0,9.0,10.0,10.0,11.0,12.0,12.0,12.0,12.0
1050010,1017780,GM0085,2022JJ00,3.9,4.0,8.0,11.0,13.0,11.0,12.0,11.0,11.0,10.0,9.0
1050010,1017780,GM0431,2022JJ00,1.2,2.0,6.0,7.0,9.0,11.0,10.0,11.0,11.0,15.0,17.0
1050010,1017780,GM0432,2022JJ00,1.7,3.0,6.0,9.0,12.0,13.0,11.0,12.0,13.0,12.0,10.0
1050010,1017780,GM0086,2022JJ00,4.2,3.0,8.0,9.0,12.0,11.0,11.0,11.0,13.0,11.0,10.0
1050010,1017780,GM0828,2022JJ00,12.5,4.0,7.0,9.0,11.0,11.0,11.0,12.0,12.0,12.0,11.0
1050010,1017780,GM1509,2022JJ00,5.7,3.0,9.0,12.0,14.0,11.0,11.0,12.0,11.0,9.0,7.0
1050010,1017780,GM0437,2022JJ00,1.7,3.0,5.0,7.0,7.0,8.0,8.0,9.0,12.0,15.0,26.0
1050010,1017780,GM0589,2022JJ00,1.4,2.0,6.0,7.0,10.0,10.0,10.0,11.0,12.0,16.0,16.0
1050010,1017780,GM1734,2022JJ00,6.4,3.0,7.0,8.0,10.0,10.0,11.0,11.0,13.0,13.0,14.0
1050010,1017780,GM0590,2022JJ00,4.4,3.0,8.0,8.0,10.0,10.0,12.0,11.0,12.0,14.0,11.0
1050010,1017780,GM1894,2022JJ00,6.7,3.0,8.0,10.0,13.0,12.0,11.0,11.0,13.0,12.0,9.0
1050010,1017780,GM0765,2022JJ00,1.8,5.0,13.0,15.0,17.0,11.0,11.0,9.0,9.0,7.0,4.0
1050010,1017780,GM1926,2022JJ00,6.1,2.0,5.0,7.0,8.0,9.0,8.0,11.0,12.0,18.0,20.0
1050010,1017780,GM0439,2022JJ00,11.6,3.0,7.0,8.0,10.0,10.0,12.0,12.0,13.0,14.0,12.0
1050010,1017780,GM0273,2022JJ00,3.3,3.0,8.0,8.0,11.0,11.0,10.0,11.0,12.0,13.0,13.0
1050010,1017780,GM0177,2022JJ00,5.5,2.0,7.0,8.0,13.0,12.0,12.0,11.0,12.0,12.0,10.0
1050010,1017780,GM0703,2022JJ00,2.7,3.0,7.0,10.0,11.0,11.0,11.0,13.0,13.0,11.0,9.0
1050010,1017780,GM0274,2022JJ00,4.9,3.0,6.0,6.0,9.0,9.0,10.0,11.0,12.0,15.0,19.0
1050010,1017780,GM0339,2022JJ00,0.7,,,,,,,,,,
1050010,1017780,GM1667,2022JJ00,2.0,2.0,5.0,8.0,12.0,12.0,13.0,11.0,13.0,13.0,10.0
1050010,1017780,GM0275,2022JJ00,6.3,4.0,8.0,9.0,10.0,10.0,11.0,11.0,13.0,12.0,13.0
1050010,1017780,GM0340,2022JJ00,2.6,3.0,6.0,8.0,11.0,10.0,11.0,12.0,12.0,14.0,15.0
1050010,1017780,GM0597,2022JJ00,6.5,3.0,9.0,12.0,11.0,10.0,11.0,10.0,11.0,13.0,10.0
1050010,1017780,GM1742,2022JJ00,4.3,4.0,9.0,10.0,13.0,12.0,11.0,12.0,12.0,10.0,8.0
1050010,1017780,GM0603,2022JJ00,7.1,4.0,7.0,8.0,8.0,8.0,9.0,10.0,13.0,14.0,17.0
1050010,1017780,GM1669,2022JJ00,3.5,3.0,6.0,9.0,13.0,13.0,13.0,12.0,12.0,11.0,9.0
1050010,1017780,GM0957,2022JJ00,8.1,5.0,8.0,8.0,12.0,11.0,11.0,11.0,11.0,12.0,11.0
1050010,1017780,GM0736,2022JJ00,6.0,3.0,6.0,7.0,8.0,9.0,9.0,10.0,13.0,14.0,22.0
1050010,1017780,GM1674,2022JJ00,10.7,4.0,7.0,9.0,11.0,12.0,12.0,11.0,12.0,12.0,11.0
1050010,1017780,GM0599,2022JJ00,69.3,10.0,10.0,9.0,8.0,8.0,8.0,9.0,10.0,13.0,16.0
1050010,1017780,GM0277,2022JJ00,0.3,,,,,,,,,,
1050010,1017780,GM0840,2022JJ00,3.5,4.0,10.0,11.0,13.0,11.0,11.0,10.0,12.0,10.0,9.0
1050010,1017780,GM0441,2022JJ00,6.6,3.0,7.0,9.0,12.0,11.0,12.0,11.0,12.0,13.0,11.0
1050010,1017780,GM0279,2022JJ00,1.3,2.0,3.0,7.0,11.0,10.0,13.0,11.0,16.0,15.0,10.0
1050010,1017780,GM0606,2022JJ00,9.2,6.0,9.0,9.0,9.0,10.0,10.0,10.0,12.0,13.0,11.0
1050010,1017780,GM0088,2022JJ00,0.2,,,,,,,,,,
1050010,1017780,GM1676,2022JJ00,5.7,3.0,7.0,9.0,11.0,10.0,11.0,12.0,11.0,12.0,13.0
1050010,1017780,GM0965,2022JJ00,1.7,3.0,9.0,12.0,14.0,12.0,12.0,9.0,11.0,10.0,8.0
1050010,1017780,GM0845,2022JJ00,4.0,2.0,5.0,7.0,12.0,10.0,10.0,11.0,12.0,15.0,16.0
1050010,1017780,GM1883,2022JJ00,13.7,4.0,9.0,10.0,11.0,11.0,11.0,11.0,11.0,11.0,10.0
1050010,1017780,GM0610,2022JJ00,3.1,3.0,8.0,11.0,12.0,11.0,11.0,10.0,12.0,13.0,9.0
1050010,1017780,GM1714,2022JJ00,3.9,5.0,8.0,11.0,12.0,11.0,11.0,10.0,11.0,12.0,10.0
1050010,1017780,GM0090,2022JJ00,7.3,4.0,9.0,10.0,12.0,12.0,12.0,12.0,12.0,10.0,8.0
1050010,1017780,GM0342,2022JJ00,6.3,3.0,5.0,6.0,8.0,9.0,10.0,12.0,13.0,14.0,20.0
1050010,1017780,GM0847,2022JJ00,2.8,3.0,8.0,8.0,13.0,11.0,10.0,11.0,12.0,13.0,11.0
1050010,1017780,GM0848,2022JJ00,2.5,2.0,5.0,5.0,9.0,9.0,9.0,11.0,14.0,16.0,20.0
1050010,1017780,GM0037,2022JJ00,4.7,5.0,12.0,14.0,14.0,12.0,11.0,10.0,9.0,8.0,6.0
1050010,1017780,GM0180,2022JJ00,1.7,4.0,6.0,10.0,13.0,13.0,11.0,11.0,12.0,11.0,10.0
1050010,1017780,GM0532,2022JJ00,3.0,2.0,8.0,11.0,13.0,13.0,12.0,12.0,11.0,11.0,7.0
1050010,1017780,GM0851,2022JJ00,3.7,3.0,8.0,9.0,12.0,10.0,12.0,11.0,12.0,13.0,10.0
1050010,1017780,GM1708,2022JJ00,6.5,4.0,8.0,11.0,13.0,11.0,11.0,12.0,11.0,11.0,10.0
1050010,1017780,GM0971,2022JJ00,4.2,3.0,8.0,11.0,15.0,11.0,12.0,11.0,11.0,12.0,8.0
1050010,1017780,GM1904,2022JJ00,8.5,3.0,6.0,7.0,8.0,9.0,10.0,11.0,12.0,15.0,20.0
1050010,1017780,GM1900,2022JJ00,12.6,4.0,9.0,10.0,13.0,11.0,11.0,11.0,11.0,11.0,9.0
1050010,1017780,GM0715,2022JJ00,8.4,4.0,7.0,9.0,13.0,11.0,12.0,11.0,11.0,12.0,11.0
1050010,1017780,GM0093,2022JJ00,0.7,,,,,,,,,,
1050010,1017780,GM0448,2022JJ00,2.2,4.0,6.0,9.0,14.0,12.0,13.0,12.0,10.0,10.0,11.0
1050010,1017780,GM1525,2022JJ00,5.0,3.0,5.0,7.0,8.0,9.0,10.0,10.0,14.0,15.0,20.0
1050010,1017780,GM0716,2022JJ00,3.5,4.0,9.0,10.0,14.0,10.0,11.0,11.0,11.0,11.0,9.0
1050010,1017780,GM0281,2022JJ00,5.1,4.0,9.0,9.0,10.0,9.0,11.0,11.0,12.0,13.0,10.0
1050010,1017780,GM0855,2022JJ00,27.7,5.0,8.0,8.0,10.0,10.0,11.0,12.0,13.0,13.0,11.0
1050010,1017780,GM0183,2022JJ00,2.6,3.0,6.0,10.0,14.0,10.0,10.0,11.0,14.0,12.0,11.0
1050010,1017780,GM1700,2022JJ00,4.1,4.0,11.0,13.0,14.0,11.0,11.0,10.0,10.0,10.0,6.0
1050010,1017780,GM1730,2022JJ00,4.9,2.0,5.0,7.0,9.0,10.0,11.0,12.0,13.0,15.0,17.0
1050010,1017780,GM0737,2022JJ00,4.6,3.0,8.0,10.0,14.0,13.0,12.0,12.0,12.0,10.0,7.0
1050010,1017780,GM0450,2022JJ00,1.7,2.0,5.0,7.0,9.0,9.0,12.0,11.0,14.0,15.0,16.0
1050010,1017780,GM0451,2022JJ00,3.6,3.0,6.0,8.0,8.0,9.0,10.0,11.0,13.0,14.0,19.0
1050010,1017780,GM0184,2022JJ00,1.5,4.0,9.0,9.0,12.0,12.0,12.0,12.0,15.0,9.0,8.0
1050010,1017780,GM0344,2022JJ00,39.7,7.0,6.0,5.0,6.0,6.0,6.0,8.0,12.0,19.0,25.0
1050010,1017780,GM1581,2022JJ00,6.8,3.0,5.0,6.0,7.0,8.0,9.0,11.0,12.0,15.0,23.0
1050010,1017780,GM0981,2022JJ00,1.6,7.0,12.0,13.0,13.0,11.0,10.0,9.0,9.0,7.0,9.0
1050010,1017780,GM0994,2022JJ00,2.7,3.0,8.0,10.0,12.0,10.0,10.0,11.0,11.0,12.0,13.0
1050010,1017780,GM0858,2022JJ00,4.9,3.0,8.0,10.0,11.0,11.0,12.0,11.0,12.0,12.0,11.0
1050010,1017780,GM0047,2022JJ00,4.0,4.0,10.0,12.0,13.0,12.0,12.0,10.0,11.0,9.0,6.0
1050010,1017780,GM0345,2022JJ00,8.4,3.0,7.0,9.0,10.0,10.0,11.0,12.0,13.0,13.0,10.0
1050010,1017780,GM0717,2022JJ00,3.5,3.0,5.0,8.0,12.0,11.0,12.0,12.0,12.0,13.0,13.0
1050010,1017780,GM0861,2022JJ00,6.5,2.0,6.0,8.0,11.0,10.0,11.0,11.0,13.0,13.0,15.0
1050010,1017780,GM0453,2022JJ00,8.7,3.0,7.0,8.0,9.0,10.0,11.0,11.0,13.0,15.0,13.0
1050010,1017780,GM0983,2022JJ00,14.4,4.0,7.0,11.0,13.0,11.0,12.0,12.0,12.0,10.0,8.0
1050010,1017780,GM0984,2022JJ00,6.2,3.0,7.0,9.0,11.0,11.0,13.0,13.0,13.0,12.0,9.0
1050010,1017780,GM1961,2022JJ00,7.3,3.0,8.0,9.0,11.0,10.0,11.0,11.0,12.0,13.0,12.0
1050010,1017780,GM0622,2022JJ00,9.1,4.0,9.0,10.0,10.0,10.0,11.0,11.0,12.0,13.0,10.0
1050010,1017780,GM0096,2022JJ00,0.2,,,,,,,,,,
1050010,1017780,GM0718,2022JJ00,6.3,4.0,8.0,9.0,13.0,12.0,13.0,12.0,11.0,10.0,8.0
1050010,1017780,GM0986,2022JJ00,2.1,2.0,7.0,9.0,12.0,11.0,11.0,10.0,12.0,13.0,13.0
1050010,1017780,GM1992,2022JJ00,10.8,3.0,5.0,7.0,9.0,9.0,11.0,11.0,12.0,15.0,17.0
1050010,1017780,GM0626,2022JJ00,3.3,3.0,4.0,6.0,7.0,7.0,8.0,11.0,13.0,16.0,24.0
1050010,1017780,GM0285,2022JJ00,3.8,3.0,7.0,8.0,12.0,11.0,11.0,11.0,11.0,13.0,13.0
1050010,1017780,GM0865,2022JJ00,4.2,3.0,6.0,6.0,7.0,8.0,9.0,10.0,12.0,15.0,22.0
1050010,1017780,GM1949,2022JJ00,6.7,3.0,9.0,12.0,13.0,12.0,13.0,11.0,11.0,9.0,7.0
1050010,1017780,GM0866,2022JJ00,2.5,2.0,4.0,5.0,8.0,8.0,10.0,11.0,12.0,15.0,23.0
1050010,1017780,GM0867,2022JJ00,6.9,3.0,9.0,9.0,11.0,11.0,11.0,12.0,12.0,11.0,10.0
1050010,1017780,GM0627,2022JJ00,4.1,3.0,7.0,7.0,9.0,9.0,11.0,12.0,12.0,16.0,15.0
1050010,1017780,GM0289,2022JJ00,4.5,8.0,6.0,7.0,8.0,8.0,10.0,11.0,12.0,14.0,16.0
1050010,1017780,GM0629,2022JJ00,3.4,5.0,7.0,6.0,6.0,6.0,7.0,8.0,9.0,12.0,32.0
1050010,1017780,GM0852,2022JJ00,2.4,3.0,6.0,8.0,10.0,10.0,10.0,10.0,11.0,14.0,18.0
1050010,1017780,GM0988,2022JJ00,7.2,3.0,7.0,9.0,13.0,11.0,11.0,11.0,11.0,13.0,10.0
1050010,1017780,GM1960,2022JJ00,6.9,3.0,7.0,8.0,9.0,10.0,10.0,11.0,13.0,14.0,16.0
1050010,1017780,GM0668,2022JJ00,3.0,3.0,8.0,8.0,12.0,10.0,10.0,10.0,12.0,13.0,12.0
1050010,1017780,GM1969,2022JJ00,8.7,3.0,8.0,10.0,11.0,11.0,12.0,12.0,12.0,12.0,10.0
1050010,1017780,GM1701,2022JJ00,3.4,4.0,7.0,9.0,12.0,11.0,11.0,12.0,11.0,12.0,12.0
1050010,1017780,GM0293,2022JJ00,2.2,3.0,6.0,8.0,12.0,11.0,11.0,13.0,13.0,14.0,9.0
1050010,1017780,GM1950,2022JJ00,4.1,5.0,10.0,13.0,15.0,12.0,11.0,10.0,10.0,8.0,6.0
1050010,1017780,GM1783,2022JJ00,14.3,3.0,7.0,9.0,10.0,10.0,10.0,11.0,13.0,15.0,13.0
1050010,1017780,GM0098,2022JJ00,3.9,5.0,11.0,11.0,13.0,12.0,11.0,10.0,11.0,10.0,7.0
1050010,1017780,GM0189,2022JJ00,3.2,3.0,6.0,9.0,13.0,11.0,12.0,11.0,12.0,13.0,11.0
1050010,1017780,GM0296,2022JJ00,5.8,3.0,7.0,9.0,11.0,10.0,11.0,12.0,13.0,14.0,11.0
1050010,1017780,GM1696,2022JJ00,3.4,3.0,6.0,7.0,8.0,9.0,9.0,10.0,12.0,14.0,23.0
1050010,1017780,GM0352,2022JJ00,3.5,2.0,5.0,6.0,9.0,10.0,11.0,12.0,14.0,16.0,15.0
1050010,1017780,GM0294,2022JJ00,4.2,3.0,6.0,10.0,13.0,12.0,12.0,12.0,11.0,11.0,9.0
1050010,1017780,GM0873,2022JJ00,3.5,3.0,6.0,11.0,13.0,11.0,11.0,11.0,11.0,12.0,11.0
1050010,1017780,GM0632,2022JJ00,6.6,3.0,5.0,6.0,9.0,9.0,10.0,11.0,13.0,16.0,19.0
1050010,1017780,GM1690,2022JJ00,3.8,3.0,6.0,8.0,11.0,10.0,12.0,11.0,13.0,13.0,12.0
1050010,1017780,GM0880,2022JJ00,2.3,2.0,7.0,10.0,10.0,11.0,12.0,11.0,12.0,12.0,13.0
1050010,1017780,GM0351,2022JJ00,1.6,2.0,5.0,7.0,8.0,9.0,11.0,13.0,15.0,16.0,14.0
1050010,1017780,GM0479,2022JJ00,18.0,4.0,8.0,9.0,10.0,10.0,11.0,11.0,12.0,13.0,11.0
1050010,1017780,GM0297,2022JJ00,3.7,4.0,9.0,8.0,11.0,10.0,10.0,10.0,12.0,13.0,13.0
1050010,1017780,GM0473,2022JJ00,2.3,5.0,8.0,7.0,9.0,10.0,10.0,10.0,11.0,12.0,18.0
1050010,1017780,GM0050,2022JJ00,3.0,3.0,5.0,6.0,8.0,8.0,11.0,12.0,15.0,16.0,16.0
1050010,1017780,GM0355,2022JJ00,7.7,4.0,6.0,6.0,7.0,7.0,9.0,10.0,12.0,14.0,23.0
1050010,1017780,GM0299,2022JJ00,6.7,3.0,8.0,10.0,12.0,12.0,13.0,11.0,12.0,11.0,9.0
1050010,1017780,GM0637,2022JJ00,15.6,3.0,6.0,7.0,9.0,9.0,11.0,12.0,14.0,15.0,14.0
1050010,1017780,GM0638,2022JJ00,1.3,2.0,4.0,6.0,10.0,7.0,9.0,14.0,14.0,17.0,17.0
1050010,1017780,GM1892,2022JJ00,5.7,3.0,6.0,7.0,8.0,8.0,9.0,10.0,13.0,16.0,19.0
1050010,1017780,GM0879,2022JJ00,3.3,3.0,5.0,9.0,12.0,10.0,10.0,12.0,11.0,13.0,13.0
1050010,1017780,GM0301,2022JJ00,6.6,3.0,7.0,9.0,10.0,11.0,12.0,13.0,12.0,12.0,10.0
1050010,1017780,GM1896,2022JJ00,2.6,3.0,8.0,10.0,14.0,11.0,10.0,13.0,12.0,10.0,9.0
1050010,1017780,GM0642,2022JJ00,6.0,4.0,9.0,9.0,11.0,10.0,11.0,11.0,12.0,13.0,11.0
1050010,1017780,GM0193,2022JJ00,16.1,4.0,6.0,7.0,9.0,9.0,10.0,12.0,13.0,16.0,13.0
1050010,1017780,AM01,2022JJ00,104.3,6.0,9.0,10.0,11.0,10.0,11.0,11.0,11.0,12.0,10.0
1050010,1017780,AM02,2022JJ00,90.3,4.0,9.0,10.0,13.0,11.0,11.0,11.0,11.0,10.0,8.0
1050010,1017780,AM03,2022JJ00,41.7,4.0,9.0,11.0,13.0,12.0,12.0,11.0,11.0,10.0,8.0
1050010,1017780,AM05,2022JJ00,81.5,5.0,9.0,10.0,12.0,11.0,11.0,11.0,12.0,11.0,9.0
1050010,1017780,AM06,2022JJ00,78.3,3.0,7.0,8.0,10.0,11.0,11.0,12.0,12.0,13.0,13.0
1050010,1017780,AM07,2022JJ00,52.7,4.0,8.0,8.0,10.0,10.0,11.0,11.0,12.0,13.0,12.0
1050010,1017780,AM08,2022JJ00,42.4,5.0,8.0,8.0,9.0,9.0,10.0,10.0,13.0,15.0,13.0
1050010,1017780,AM09,2022JJ00,44.3,3.0,7.0,10.0,13.0,11.0,12.0,12.0,12.0,11.0,9.0
1050010,1017780,AM10,2022JJ00,32.6,4.0,8.0,8.0,10.0,10.0,10.0,11.0,13.0,14.0,14.0
1050010,1017780,AM11,2022JJ00,45.1,4.0,6.0,7.0,10.0,10.0,11.0,12.0,13.0,14.0,13.0
1050010,1017780,AM12,2022JJ00,30.5,3.0,6.0,7.0,8.0,8.0,9.0,10.0,12.0,14.0,23.0
1050010,1017780,AM13,2022JJ00,104.0,4.0,5.0,6.0,7.0,8.0,9.0,10.0,12.0,17.0,21.0
1050010,1017780,AM14,2022JJ00,42.1,3.0,5.0,6.0,8.0,9.0,10.0,11.0,13.0,16.0,18.0
1050010,1017780,AM15,2022JJ00,91.9,3.0,6.0,8.0,11.0,11.0,12.0,12.0,13.0,13.0,12.0
1050010,1017780,AM17,2022JJ00,41.8,3.0,7.0,9.0,10.0,10.0,11.0,11.0,12.0,14.0,13.0
1050010,1017780,AM18,2022JJ00,148.2,7.0,7.0,6.0,6.0,7.0,7.0,8.0,11.0,15.0,25.0
1050010,1017780,AM19,2022JJ00,71.9,4.0,6.0,7.0,9.0,9.0,10.0,11.0,13.0,15.0,17.0
1050010,1017780,AM20,2022JJ00,26.1,3.0,7.0,7.0,9.0,9.0,10.0,11.0,13.0,15.0,15.0
1050010,1017780,AM21,2022JJ00,91.3,8.0,8.0,8.0,8.0,8.0,9.0,10.0,11.0,14.0,17.0
1050010,1017780,AM22,2022JJ00,168.0,6.0,9.0,9.0,9.0,9.0,9.0,10.0,12.0,14.0,15.0
1050010,1017780,AM23,2022JJ00,36.4,4.0,8.0,9.0,10.0,10.0,11.0,11.0,12.0,14.0,12.0
1050010,1017780,AM24,2022JJ00,57.1,4.0,7.0,9.0,12.0,11.0,11.0,12.0,12.0,12.0,11.0
1050010,1017780,AM25,2022JJ00,97.2,4.0,7.0,9.0,11.0,10.0,11.0,11.0,12.0,13.0,13.0
1050010,1017780,AM26,2022JJ00,65.6,4.0,7.0,8.0,10.0,10.0,11.0,12.0,13.0,13.0,12.0
1050010,1017780,AM27,2022JJ00,84.8,3.0,7.0,8.0,11.0,10.0,10.0,11.0,13.0,14.0,13.0
1050010,1017780,AM28,2022JJ00,70.1,4.0,6.0,8.0,10.0,10.0,10.0,11.0,12.0,14.0,15.0
1050010,1017780,AM29,2022JJ00,40.4,3.0,7.0,10.0,13.0,11.0,12.0,12.0,12.0,11.0,8.0
1050010,1017780,AM30,2022JJ00,90.0,5.0,9.0,11.0,12.0,11.0,11.0,11.0,11.0,11.0,10.0
1050010,1017780,AM32,2022JJ00,35.0,4.0,8.0,10.0,12.0,10.0,11.0,12.0,12.0,12.0,11.0
1050010,1017780,AM33,2022JJ00,39.6,3.0,7.0,9.0,13.0,11.0,11.0,11.0,12.0,12.0,10.0
1050010,1017780,AM34,2022JJ00,45.1,3.0,6.0,7.0,8.0,8.0,10.0,11.0,12.0,16.0,20.0
1050010,1017780,AM35,2022JJ00,17.3,3.0,9.0,9.0,10.0,10.0,11.0,11.0,12.0,13.0,13.0
1050010,1017780,AM36,2022JJ00,75.2,3.0,7.0,9.0,12.0,11.0,11.0,12.0,12.0,13.0,11.0
1050010,1017780,AM37,2022JJ00,46.3,3.0,6.0,7.0,9.0,9.0,10.0,11.0,12.0,15.0,19.0
1050010,1017780,AM38,2022JJ00,44.0,4.0,6.0,7.0,10.0,10.0,11.0,12.0,13.0,14.0,14.0
1050010,1016090,NL01,2022JJ00,1963.9,5.0,3.0,4.0,7.0,10.0,12.0,14.0,15.0,15.0,16.0
1050010,1016090,LD01,2022JJ00,185.2,5.0,4.0,5.0,9.0,13.0,15.0,15.0,14.0,12.0,10.0
1050010,1016090,LD02,2022JJ00,436.0,4.0,3.0,4.0,8.0,11.0,14.0,15.0,15.0,14.0,12.0
1050010,1016090,LD03,2022JJ00,930.9,5.0,3.0,4.0,6.0,9.0,11.0,13.0,14.0,16.0,19.0
1050010,1016090,LD04,2022JJ00,411.9,4.0,3.0,4.0,6.0,10.0,13.0,14.0,15.0,16.0,15.0
1050010,1016090,PV20,2022JJ00,56.4,5.0,4.0,5.0,9.0,12.0,14.0,14.0,14.0,12.0,10.0
1050010,1016090,PV21,2022JJ00,72.9,4.0,4.0,5.0,9.0,13.0,15.0,15.0,14.0,12.0,9.0
1050010,1016090,PV22,2022JJ00,55.8,4.0,3.0,4.0,8.0,12.0,15.0,15.0,15.0,13.0,10.0
1050010,1016090,PV23,2022JJ00,139.4,4.0,3.0,4.0,8.0,12.0,15.0,15.0,15.0,14.0,11.0
1050010,1016090,PV24,2022JJ00,53.9,5.0,4.0,5.0,8.0,11.0,13.0,14.0,14.0,14.0,12.0
1050010,1016090,PV25,2022JJ00,242.8,4.0,3.0,4.0,7.0,11.0,14.0,14.0,15.0,15.0,13.0
1050010,1016090,PV26,2022JJ00,162.8,4.0,3.0,3.0,5.0,8.0,10.0,12.0,15.0,18.0,21.0
1050010,1016090,PV27,2022JJ00,312.7,5.0,3.0,4.0,6.0,8.0,10.0,12.0,14.0,16.0,21.0
1050010,1016090,PV28,2022JJ00,413.6,6.0,4.0,4.0,6.0,9.0,11.0,13.0,14.0,16.0,17.0
1050010,1016090,PV29,2022JJ00,41.8,4.0,3.0,4.0,8.0,11.0,13.0,15.0,14.0,14.0,13.0
1050010,1016090,PV30,2022JJ00,296.2,4.0,3.0,3.0,6.0,10.0,13.0,14.0,15.0,16.0,16.0
1050010,1016090,PV31,2022JJ00,115.7,5.0,3.0,4.0,7.0,11.0,14.0,15.0,15.0,14.0,12.0
1050010,1016090,CR01,2022JJ00,14.2,6.0,5.0,6.0,10.0,14.0,15.0,14.0,12.0,11.0,7.0
1050010,1016090,CR02,2022JJ00,4.6,6.0,5.0,6.0,9.0,13.0,15.0,14.0,12.0,11.0,7.0
1050010,1016090,CR03,2022JJ00,37.6,5.0,4.0,5.0,8.0,11.0,14.0,14.0,14.0,13.0,11.0
1050010,1016090,CR04,2022JJ00,35.1,5.0,4.0,5.0,9.0,14.0,16.0,15.0,13.0,11.0,8.0
1050010,1016090,CR05,2022JJ00,16.4,4.0,3.0,4.0,8.0,13.0,15.0,15.0,14.0,13.0,11.0
1050010,1016090,CR06,2022JJ00,21.4,4.0,4.0,5.0,9.0,13.0,15.0,14.0,15.0,13.0,9.0
1050010,1016090,CR07,2022JJ00,21.9,4.0,3.0,4.0,7.0,11.0,14.0,15.0,16.0,15.0,12.0
1050010,1016090,CR08,2022JJ00,18.6,5.0,4.0,5.0,9.0,13.0,15.0,15.0,14.0,12.0,8.0
1050010,1016090,CR09,2022JJ00,15.3,4.0,3.0,5.0,8.0,13.0,15.0,14.0,15.0,13.0,10.0
1050010,1016090,CR10,2022JJ00,46.7,3.0,3.0,4.0,8.0,12.0,15.0,15.0,15.0,14.0,11.0
1050010,1016090,CR11,2022JJ00,18.4,4.0,3.0,4.0,7.0,11.0,14.0,15.0,15.0,14.0,11.0
1050010,1016090,CR12,2022JJ00,74.3,4.0,3.0,4.0,8.0,12.0,15.0,15.0,15.0,13.0,11.0
1050010,1016090,CR13,2022JJ00,84.8,3.0,3.0,4.0,8.0,11.0,14.0,14.0,15.0,15.0,14.0
1050010,1016090,CR14,2022JJ00,46.5,3.0,3.0,4.0,7.0,12.0,15.0,15.0,15.0,14.0,11.0
1050010,1016090,CR15,2022JJ00,79.9,5.0,3.0,4.0,7.0,10.0,13.0,14.0,16.0,15.0,14.0
1050010,1016090,CR16,2022JJ00,31.5,4.0,3.0,4.0,7.0,11.0,13.0,14.0,15.0,15.0,15.0
1050010,1016090,CR17,2022JJ00,162.8,4.0,3.0,3.0,5.0,8.0,10.0,12.0,15.0,18.0,21.0
1050010,1016090,CR18,2022JJ00,43.9,3.0,3.0,4.0,7.0,11.0,14.0,15.0,15.0,15.0,13.0
1050010,1016090,CR19,2022JJ00,29.1,3.0,3.0,3.0,6.0,9.0,13.0,15.0,16.0,16.0,16.0
1050010,1016090,CR20,2022JJ00,23.9,4.0,3.0,3.0,5.0,9.0,12.0,14.0,16.0,18.0,16.0
1050010,1016090,CR21,2022JJ00,26.5,5.0,3.0,3.0,5.0,6.0,8.0,10.0,13.0,18.0,29.0
1050010,1016090,CR22,2022JJ00,20.4,6.0,4.0,4.0,7.0,10.0,13.0,14.0,15.0,15.0,13.0
1050010,1016090,CR23,2022JJ00,140.3,7.0,4.0,4.0,6.0,7.0,9.0,11.0,13.0,16.0,23.0
1050010,1016090,CR24,2022JJ00,28.6,4.0,3.0,3.0,5.0,6.0,9.0,10.0,13.0,17.0,31.0
1050010,1016090,CR25,2022JJ00,49.7,4.0,2.0,3.0,5.0,8.0,11.0,13.0,15.0,17.0,20.0
1050010,1016090,CR26,2022JJ00,95.2,8.0,5.0,5.0,6.0,8.0,10.0,11.0,13.0,15.0,20.0
1050010,1016090,CR27,2022JJ00,26.1,4.0,3.0,3.0,5.0,8.0,11.0,14.0,16.0,18.0,17.0
1050010,1016090,CR28,2022JJ00,41.5,4.0,3.0,3.0,6.0,10.0,13.0,14.0,15.0,16.0,16.0
1050010,1016090,CR29,2022JJ00,156.1,6.0,4.0,4.0,7.0,9.0,11.0,13.0,14.0,15.0,15.0
1050010,1016090,CR30,2022JJ00,45.1,4.0,3.0,4.0,7.0,10.0,13.0,14.0,15.0,15.0,14.0
1050010,1016090,CR31,2022JJ00,10.9,5.0,3.0,4.0,7.0,10.0,13.0,15.0,14.0,15.0,14.0
1050010,1016090,CR32,2022JJ00,31.0,3.0,3.0,5.0,8.0,11.0,14.0,15.0,14.0,14.0,12.0
1050010,1016090,CR33,2022JJ00,72.3,4.0,3.0,3.0,6.0,9.0,12.0,14.0,15.0,16.0,16.0
1050010,1016090,CR34,2022JJ00,55.8,4.0,3.0,3.0,7.0,10.0,13.0,15.0,16.0,16.0,14.0
1050010,1016090,CR35,2022JJ00,78.3,3.0,2.0,3.0,6.0,9.0,13.0,14.0,16.0,17.0,17.0
1050010,1016090,CR36,2022JJ00,89.9,4.0,3.0,3.0,6.0,9.0,12.0,14.0,15.0,16.0,17.0
1050010,1016090,CR37,2022JJ00,32.6,4.0,3.0,4.0,7.0,12.0,15.0,15.0,15.0,14.0,11.0
1050010,1016090,CR38,2022JJ00,26.3,4.0,3.0,4.0,7.0,10.0,14.0,15.0,15.0,15.0,13.0
1050010,1016090,CR39,2022JJ00,56.7,6.0,4.0,4.0,7.0,11.0,13.0,14.0,15.0,14.0,12.0
1050010,1016090,CR40,2022JJ00,53.9,5.0,4.0,5.0,8.0,11.0,13.0,14.0,14.0,14.0,12.0
1050010,1016090,GM1680,2022JJ00,2.8,3.0,2.0,3.0,6.0,10.0,14.0,15.0,17.0,17.0,13.0
1050010,1016090,GM0358,2022JJ00,4.4,3.0,2.0,2.0,4.0,7.0,11.0,12.0,16.0,20.0,24.0
1050010,1016090,GM0197,2022JJ00,3.3,2.0,2.0,4.0,8.0,14.0,18.0,16.0,14.0,12.0,9.0
1050010,1016090,GM0059,2022JJ00,3.6,5.0,4.0,6.0,11.0,16.0,16.0,14.0,12.0,10.0,6.0
1050010,1016090,GM0482,2022JJ00,2.5,3.0,3.0,5.0,8.0,11.0,13.0,14.0,15.0,15.0,13.0
1050010,1016090,GM0613,2022JJ00,3.6,3.0,2.0,2.0,3.0,6.0,8.0,13.0,18.0,23.0,23.0
1050010,1016090,GM0361,2022JJ00,12.0,4.0,3.0,4.0,7.0,10.0,13.0,15.0,16.0,16.0,13.0
1050010,1016090,GM0141,2022JJ00,8.3,6.0,5.0,6.0,10.0,13.0,14.0,14.0,12.0,10.0,8.0
1050010,1016090,GM0034,2022JJ00,27.2,5.0,4.0,4.0,7.0,10.0,12.0,14.0,15.0,15.0,12.0
1050010,1016090,GM0484,2022JJ00,13.7,3.0,3.0,3.0,6.0,9.0,13.0,15.0,15.0,16.0,16.0
1050010,1016090,GM1723,2022JJ00,1.3,3.0,2.0,2.0,6.0,8.0,10.0,13.0,15.0,19.0,22.0
1050010,1016090,GM1959,2022JJ00,7.5,3.0,2.0,4.0,7.0,11.0,14.0,15.0,15.0,15.0,14.0
1050010,1016090,GM0060,2022JJ00,0.4,,,,,,,,,,
1050010,1016090,GM0307,2022JJ00,19.4,4.0,3.0,3.0,6.0,8.0,11.0,13.0,16.0,18.0,19.0
1050010,1016090,GM0362,2022JJ00,11.2,5.0,3.0,4.0,5.0,6.0,7.0,8.0,11.0,17.0,36.0
1050010,1016090,GM0363,2022JJ00,73.4,10.0,6.0,5.0,7.0,8.0,8.0,9.0,10.0,13.0,24.0
1050010,1016090,GM0200,2022JJ00,18.5,4.0,3.0,4.0,7.0,10.0,13.0,15.0,15.0,15.0,13.0
1050010,1016090,GM0202,2022JJ00,15.9,7.0,5.0,5.0,8.0,10.0,11.0,13.0,14.0,14.0,13.0
1050010,1016090,GM0106,2022JJ00,7.4,5.0,4.0,5.0,8.0,13.0,16.0,16.0,15.0,12.0,8.0
1050010,1016090,GM0743,2022JJ00,2.1,3.0,2.0,4.0,7.0,10.0,14.0,15.0,15.0,16.0,15.0
1050010,1016090,GM0744,2022JJ00,0.7,,,,,,,,,,
1050010,1016090,GM0308,2022JJ00,2.7,4.0,2.0,3.0,5.0,8.0,11.0,12.0,14.0,16.0,26.0
1050010,1016090,GM0489,2022JJ00,6.8,3.0,2.0,2.0,5.0,6.0,10.0,14.0,17.0,20.0,21.0
1050010,1016090,GM0203,2022JJ00,8.1,3.0,3.0,4.0,9.0,12.0,14.0,13.0,14.0,14.0,15.0
1050010,1016090,GM0888,2022JJ00,1.7,4.0,3.0,3.0,6.0,9.0,12.0,16.0,18.0,18.0,12.0
1050010,1016090,GM1954,2022JJ00,4.1,4.0,2.0,3.0,6.0,10.0,13.0,15.0,16.0,16.0,15.0
1050010,1016090,GM0889,2022JJ00,1.6,3.0,3.0,5.0,8.0,11.0,16.0,17.0,15.0,13.0,9.0
1050010,1016090,GM1945,2022JJ00,3.9,4.0,2.0,3.0,6.0,10.0,14.0,15.0,16.0,16.0,14.0
1050010,1016090,GM1724,2022JJ00,2.3,2.0,1.0,2.0,5.0,9.0,12.0,15.0,15.0,18.0,19.0
1050010,1016090,GM0893,2022JJ00,1.5,3.0,3.0,3.0,7.0,15.0,14.0,15.0,13.0,16.0,10.0
1050010,1016090,GM0373,2022JJ00,3.0,3.0,2.0,2.0,4.0,7.0,9.0,12.0,14.0,17.0,28.0
1050010,1016090,GM0748,2022JJ00,7.4,6.0,4.0,4.0,7.0,10.0,12.0,13.0,15.0,16.0,13.0
1050010,1016090,GM1859,2022JJ00,5.2,2.0,2.0,4.0,7.0,12.0,15.0,15.0,16.0,15.0,11.0
1050010,1016090,GM1721,2022JJ00,4.0,3.0,2.0,2.0,5.0,9.0,14.0,14.0,17.0,17.0,17.0
1050010,1016090,GM0753,2022JJ00,3.9,3.0,2.0,2.0,5.0,8.0,12.0,14.0,16.0,18.0,20.0
1050010,1016090,GM0209,2022JJ00,3.3,3.0,2.0,2.0,5.0,9.0,14.0,16.0,17.0,16.0,16.0
1050010,1016090,GM0375,2022JJ00,4.9,5.0,3.0,4.0,7.0,11.0,13.0,14.0,15.0,15.0,12.0
1050010,1016090,GM0310,2022JJ00,5.2,4.0,3.0,2.0,4.0,6.0,7.0,9.0,14.0,18.0,33.0
1050010,1016090,GM1728,2022JJ00,2.5,2.0,2.0,2.0,6.0,11.0,14.0,17.0,15.0,17.0,16.0
1050010,1016090,GM0376,2022JJ00,1.7,4.0,3.0,2.0,4.0,5.0,6.0,9.0,13.0,16.0,39.0
1050010,1016090,GM0377,2022JJ00,3.0,4.0,1.0,2.0,3.0,3.0,4.0,7.0,10.0,15.0,53.0
1050010,1016090,GM1901,2022JJ00,4.6,3.0,2.0,3.0,5.0,9.0,12.0,13.0,16.0,16.0,19.0
1050010,1016090,GM0755,2022JJ00,1.4,2.0,2.0,2.0,6.0,12.0,13.0,16.0,16.0,16.0,14.0
1050010,1016090,GM1681,2022JJ00,2.9,4.0,4.0,4.0,8.0,13.0,15.0,15.0,15.0,13.0,10.0
1050010,1016090,GM0147,2022JJ00,3.1,3.0,3.0,4.0,6.0,10.0,14.0,17.0,17.0,14.0,12.0
1050010,1016090,GM0654,2022JJ00,2.8,2.0,3.0,4.0,9.0,11.0,13.0,15.0,15.0,15.0,13.0
1050010,1016090,GM0757,2022JJ00,3.8,4.0,3.0,3.0,6.0,10.0,13.0,14.0,17.0,17.0,14.0
1050010,1016090,GM0758,2022JJ00,19.7,5.0,3.0,3.0,5.0,7.0,10.0,12.0,15.0,18.0,21.0
1050010,1016090,GM1876,2022JJ00,4.3,3.0,3.0,3.0,6.0,11.0,14.0,15.0,16.0,16.0,14.0
1050010,1016090,GM0213,2022JJ00,2.4,3.0,3.0,4.0,7.0,11.0,14.0,14.0,17.0,15.0,12.0
1050010,1016090,GM0899,2022JJ00,2.7,5.0,4.0,5.0,10.0,13.0,17.0,14.0,15.0,10.0,7.0
1050010,1016090,GM0312,2022JJ00,2.0,2.0,1.0,2.0,3.0,7.0,9.0,13.0,18.0,23.0,22.0
1050010,1016090,GM0313,2022JJ00,3.2,2.0,2.0,3.0,6.0,11.0,14.0,15.0,15.0,16.0,16.0
1050010,1016090,GM0214,2022JJ00,3.4,3.0,2.0,3.0,6.0,10.0,13.0,13.0,14.0,17.0,18.0
1050010,1016090,GM0502,2022JJ00,7.0,6.0,4.0,4.0,6.0,10.0,11.0,14.0,15.0,16.0,15.0
1050010,1016090,GM0383,2022JJ00,4.4,2.0,2.0,2.0,4.0,7.0,10.0,14.0,17.0,20.0,22.0
1050010,1016090,GM0109,2022JJ00,4.0,5.0,3.0,4.0,8.0,12.0,14.0,14.0,16.0,14.0,10.0
1050010,1016090,GM1706,2022JJ00,2.4,3.0,2.0,3.0,6.0,10.0,14.0,15.0,16.0,16.0,15.0
1050010,1016090,GM0216,2022JJ00,3.7,4.0,3.0,4.0,7.0,10.0,13.0,15.0,16.0,15.0,14.0
1050010,1016090,GM0148,2022JJ00,3.8,2.0,2.0,3.0,6.0,12.0,16.0,15.0,15.0,15.0,14.0
1050010,1016090,GM1891,2022JJ00,2.4,5.0,5.0,6.0,10.0,15.0,15.0,15.0,12.0,10.0,7.0
1050010,1016090,GM0503,2022JJ00,8.6,7.0,4.0,5.0,6.0,8.0,9.0,12.0,14.0,17.0,17.0
1050010,1016090,GM0762,2022JJ00,3.9,3.0,2.0,3.0,7.0,11.0,15.0,14.0,15.0,15.0,14.0
1050010,1016090,GM0150,2022JJ00,11.3,5.0,4.0,4.0,8.0,11.0,14.0,15.0,15.0,14.0,11.0
1050010,1016090,GM0384,2022JJ00,3.2,6.0,3.0,4.0,5.0,6.0,8.0,12.0,16.0,20.0,20.0
1050010,1016090,GM1980,2022JJ00,11.2,3.0,2.0,4.0,6.0,10.0,15.0,15.0,17.0,16.0,12.0
1050010,1016090,GM1774,2022JJ00,3.5,2.0,2.0,2.0,5.0,9.0,13.0,14.0,18.0,17.0,18.0
1050010,1016090,GM0221,2022JJ00,1.1,6.0,4.0,5.0,7.0,15.0,16.0,14.0,13.0,12.0,8.0
1050010,1016090,GM0222,2022JJ00,6.7,4.0,3.0,4.0,8.0,12.0,14.0,15.0,15.0,14.0,11.0
1050010,1016090,GM0766,2022JJ00,3.3,3.0,2.0,3.0,6.0,10.0,15.0,15.0,17.0,17.0,13.0
1050010,1016090,GM0505,2022JJ00,13.2,5.0,4.0,4.0,8.0,10.0,13.0,14.0,15.0,14.0,13.0
1050010,1016090,GM0498,2022JJ00,2.5,3.0,2.0,2.0,6.0,10.0,14.0,14.0,17.0,17.0,15.0
1050010,1016090,GM1719,2022JJ00,3.3,2.0,2.0,3.0,5.0,9.0,12.0,16.0,17.0,19.0,16.0
1050010,1016090,GM0303,2022JJ00,5.1,4.0,4.0,4.0,8.0,13.0,14.0,15.0,13.0,13.0,12.0
1050010,1016090,GM0225,2022JJ00,2.4,3.0,2.0,3.0,6.0,10.0,14.0,16.0,17.0,16.0,12.0
1050010,1016090,GM0226,2022JJ00,3.2,3.0,3.0,3.0,6.0,10.0,13.0,15.0,16.0,18.0,12.0
1050010,1016090,GM1711,2022JJ00,3.5,5.0,3.0,4.0,6.0,11.0,14.0,14.0,14.0,16.0,12.0
1050010,1016090,GM0385,2022JJ00,4.9,2.0,1.0,2.0,4.0,8.0,11.0,14.0,16.0,19.0,23.0
1050010,1016090,GM0228,2022JJ00,14.5,3.0,3.0,4.0,7.0,11.0,14.0,15.0,14.0,14.0,14.0
1050010,1016090,GM0317,2022JJ00,1.2,2.0,3.0,2.0,6.0,7.0,12.0,14.0,16.0,19.0,20.0
1050010,1016090,GM1979,2022JJ00,4.6,6.0,5.0,6.0,9.0,13.0,15.0,14.0,12.0,11.0,7.0
1050010,1016090,GM0770,2022JJ00,2.4,2.0,1.0,2.0,5.0,8.0,11.0,13.0,17.0,19.0,21.0
1050010,1016090,GM1903,2022JJ00,3.2,2.0,1.0,3.0,4.0,9.0,12.0,16.0,18.0,18.0,16.0
1050010,1016090,GM0772,2022JJ00,23.0,6.0,4.0,5.0,7.0,9.0,11.0,12.0,14.0,15.0,17.0
1050010,1016090,GM0230,2022JJ00,3.1,3.0,3.0,4.0,9.0,13.0,15.0,16.0,14.0,14.0,10.0
1050010,1016090,GM0114,2022JJ00,11.8,5.0,4.0,5.0,10.0,14.0,15.0,15.0,13.0,11.0,7.0
1050010,1016090,GM0388,2022JJ00,2.0,4.0,3.0,5.0,8.0,12.0,15.0,15.0,15.0,13.0,11.0
1050010,1016090,GM0153,2022JJ00,16.0,7.0,5.0,6.0,9.0,12.0,14.0,14.0,14.0,11.0,8.0
1050010,1016090,GM0232,2022JJ00,3.9,4.0,2.0,4.0,8.0,12.0,15.0,16.0,14.0,13.0,12.0
1050010,1016090,GM0233,2022JJ00,3.0,4.0,3.0,4.0,8.0,12.0,13.0,12.0,15.0,15.0,16.0
1050010,1016090,GM0777,2022JJ00,5.4,4.0,3.0,4.0,6.0,10.0,14.0,15.0,16.0,16.0,14.0
1050010,1016090,GM1940,2022JJ00,6.1,3.0,3.0,4.0,8.0,12.0,16.0,15.0,14.0,14.0,11.0
1050010,1016090,GM0779,2022JJ00,2.7,3.0,2.0,3.0,7.0,11.0,14.0,16.0,15.0,16.0,13.0
1050010,1016090,GM1771,2022JJ00,4.7,3.0,3.0,3.0,7.0,9.0,14.0,15.0,16.0,16.0,15.0
1050010,1016090,GM1652,2022JJ00,3.9,3.0,2.0,3.0,7.0,10.0,16.0,15.0,15.0,14.0,13.0
1050010,1016090,GM0907,2022JJ00,1.9,3.0,2.0,2.0,7.0,11.0,15.0,17.0,17.0,15.0,10.0
1050010,1016090,GM0784,2022JJ00,3.2,4.0,3.0,3.0,6.0,9.0,14.0,15.0,17.0,16.0,14.0
1050010,1016090,GM1924,2022JJ00,6.1,3.0,2.0,4.0,6.0,10.0,13.0,16.0,15.0,16.0,15.0
1050010,1016090,GM0664,2022JJ00,4.1,4.0,3.0,4.0,7.0,11.0,14.0,14.0,15.0,14.0,13.0
1050010,1016090,GM0785,2022JJ00,3.0,2.0,2.0,3.0,5.0,9.0,14.0,16.0,17.0,17.0,15.0
1050010,1016090,GM1942,2022JJ00,7.4,3.0,2.0,2.0,4.0,5.0,6.0,8.0,11.0,17.0,42.0
1050010,1016090,GM0512,2022JJ00,4.4,5.0,4.0,4.0,7.0,10.0,12.0,13.0,16.0,15.0,14.0
1050010,1016090,GM0513,2022JJ00,8.2,5.0,4.0,4.0,7.0,10.0,12.0,14.0,15.0,16.0,13.0
1050010,1016090,GM0518,2022JJ00,55.0,10.0,6.0,6.0,7.0,9.0,9.0,10.0,11.0,13.0,18.0
1050010,1016090,GM0014,2022JJ00,17.5,6.0,4.0,4.0,7.0,9.0,12.0,14.0,16.0,15.0,14.0
1050010,1016090,GM1729,2022JJ00,1.5,5.0,3.0,3.0,5.0,10.0,12.0,15.0,15.0,16.0,16.0
1050010,1016090,GM0158,2022JJ00,3.0,3.0,2.0,3.0,6.0,11.0,13.0,16.0,17.0,16.0,12.0
1050010,1016090,GM0392,2022JJ00,18.4,5.0,3.0,4.0,5.0,7.0,9.0,11.0,14.0,18.0,23.0
1050010,1016090,GM0394,2022JJ00,21.5,3.0,2.0,3.0,5.0,7.0,11.0,14.0,16.0,19.0,21.0
1050010,1016090,GM1655,2022JJ00,3.6,4.0,3.0,3.0,6.0,10.0,13.0,15.0,16.0,16.0,14.0
1050010,1016090,GM0160,2022JJ00,8.0,3.0,2.0,4.0,8.0,14.0,17.0,15.0,14.0,13.0,9.0
1050010,1016090,GM0243,2022JJ00,6.0,4.0,3.0,4.0,7.0,11.0,15.0,14.0,16.0,14.0,12.0
1050010,1016090,GM0523,2022JJ00,2.6,3.0,3.0,4.0,8.0,11.0,14.0,15.0,14.0,16.0,12.0
1050010,1016090,GM0072,2022JJ00,1.6,6.0,5.0,5.0,9.0,14.0,15.0,15.0,11.0,12.0,7.0
1050010,1016090,GM0244,2022JJ00,1.6,3.0,2.0,4.0,8.0,10.0,14.0,15.0,14.0,14.0,15.0
1050010,1016090,GM0396,2022JJ00,4.6,4.0,3.0,3.0,6.0,9.0,13.0,13.0,16.0,17.0,14.0
1050010,1016090,GM0397,2022JJ00,3.4,3.0,2.0,2.0,3.0,4.0,5.0,7.0,10.0,18.0,47.0
1050010,1016090,GM0246,2022JJ00,2.3,3.0,3.0,4.0,8.0,12.0,15.0,15.0,15.0,14.0,10.0
1050010,1016090,GM0074,2022JJ00,5.9,4.0,3.0,4.0,8.0,12.0,14.0,14.0,15.0,14.0,11.0
1050010,1016090,GM0917,2022JJ00,7.5,9.0,6.0,6.0,10.0,12.0,14.0,13.0,12.0,11.0,7.0
1050010,1016090,GM1658,2022JJ00,2.0,2.0,2.0,2.0,4.0,7.0,11.0,13.0,17.0,20.0,22.0
1050010,1016090,GM0399,2022JJ00,2.9,3.0,1.0,2.0,3.0,5.0,10.0,14.0,17.0,20.0,25.0
1050010,1016090,GM0400,2022JJ00,5.4,5.0,4.0,5.0,8.0,12.0,15.0,15.0,15.0,14.0,8.0
1050010,1016090,GM0163,2022JJ00,4.6,2.0,2.0,3.0,7.0,13.0,17.0,15.0,16.0,14.0,10.0
1050010,1016090,GM0794,2022JJ00,11.2,5.0,5.0,5.0,8.0,11.0,14.0,14.0,13.0,14.0,11.0
1050010,1016090,GM0531,2022JJ00,4.5,3.0,2.0,3.0,5.0,9.0,13.0,16.0,17.0,17.0,16.0
1050010,1016090,GM0164,2022JJ00,9.0,5.0,4.0,5.0,8.0,12.0,15.0,15.0,14.0,13.0,10.0
1050010,1016090,GM0796,2022JJ00,16.9,4.0,3.0,3.0,6.0,8.0,11.0,13.0,16.0,17.0,19.0
1050010,1016090,GM0252,2022JJ00,2.0,3.0,2.0,2.0,4.0,7.0,11.0,16.0,16.0,19.0,19.0
1050010,1016090,GM0797,2022JJ00,5.7,3.0,2.0,3.0,6.0,9.0,13.0,15.0,16.0,17.0,16.0
1050010,1016090,GM0534,2022JJ00,2.7,3.0,2.0,3.0,6.0,10.0,14.0,14.0,17.0,16.0,15.0
1050010,1016090,GM0798,2022JJ00,2.0,2.0,1.0,2.0,3.0,7.0,12.0,15.0,17.0,22.0,20.0
1050010,1016090,GM0402,2022JJ00,10.6,5.0,3.0,4.0,5.0,7.0,9.0,10.0,13.0,17.0,26.0
1050010,1016090,GM1963,2022JJ00,11.0,2.0,2.0,3.0,6.0,9.0,12.0,14.0,17.0,17.0,18.0
1050010,1016090,GM1735,2022JJ00,4.2,3.0,2.0,3.0,6.0,11.0,14.0,16.0,15.0,15.0,14.0
1050010,1016090,GM1966,2022JJ00,5.3,4.0,4.0,5.0,11.0,14.0,16.0,15.0,13.0,11.0,8.0
1050010,1016090,GM1911,2022JJ00,5.9,3.0,3.0,4.0,8.0,11.0,13.0,14.0,16.0,15.0,13.0
1050010,1016090,GM0118,2022JJ00,6.4,4.0,4.0,6.0,10.0,15.0,17.0,13.0,13.0,11.0,7.0
1050010,1016090,GM0405,2022JJ00,8.5,4.0,3.0,4.0,7.0,11.0,14.0,15.0,15.0,14.0,12.0
1050010,1016090,GM1507,2022JJ00,5.2,2.0,2.0,3.0,6.0,11.0,15.0,16.0,17.0,15.0,12.0
1050010,1016090,GM0321,2022JJ00,6.9,2.0,2.0,2.0,4.0,6.0,11.0,13.0,18.0,21.0,22.0
1050010,1016090,GM0406,2022JJ00,4.7,5.0,3.0,3.0,6.0,8.0,11.0,13.0,15.0,16.0,20.0
1050010,1016090,GM0677,2022JJ00,3.0,5.0,2.0,4.0,6.0,9.0,12.0,15.0,14.0,17.0,15.0
1050010,1016090,GM0353,2022JJ00,4.4,3.0,2.0,3.0,5.0,8.0,11.0,15.0,17.0,19.0,18.0
1050010,1016090,GM1884,2022JJ00,3.5,3.0,2.0,3.0,5.0,8.0,12.0,15.0,16.0,18.0,19.0
1050010,1016090,GM0166,2022JJ00,7.1,3.0,3.0,5.0,9.0,14.0,16.0,15.0,13.0,12.0,10.0
1050010,1016090,GM0678,2022JJ00,1.7,2.0,2.0,2.0,7.0,12.0,13.0,16.0,17.0,16.0,12.0
1050010,1016090,GM0537,2022JJ00,8.8,2.0,2.0,3.0,7.0,11.0,15.0,15.0,15.0,15.0,14.0
1050010,1016090,GM0928,2022JJ00,4.1,8.0,6.0,6.0,10.0,13.0,14.0,14.0,12.0,11.0,5.0
1050010,1016090,GM1598,2022JJ00,3.0,2.0,1.0,2.0,5.0,9.0,14.0,16.0,17.0,18.0,16.0
1050010,1016090,GM0542,2022JJ00,3.5,3.0,3.0,4.0,7.0,11.0,14.0,13.0,15.0,16.0,15.0
1050010,1016090,GM1931,2022JJ00,7.1,3.0,2.0,4.0,7.0,11.0,12.0,14.0,15.0,16.0,17.0
1050010,1016090,GM1659,2022JJ00,2.9,2.0,2.0,3.0,6.0,10.0,15.0,14.0,17.0,16.0,14.0
1050010,1016090,GM1982,2022JJ00,10.6,3.0,2.0,3.0,6.0,10.0,14.0,15.0,16.0,16.0,14.0
1050010,1016090,GM0882,2022JJ00,3.8,5.0,4.0,5.0,8.0,12.0,15.0,16.0,15.0,12.0,8.0
1050010,1016090,GM0415,2022JJ00,1.5,3.0,3.0,2.0,5.0,7.0,9.0,12.0,16.0,17.0,25.0
1050010,1016090,GM1621,2022JJ00,9.6,3.0,2.0,2.0,4.0,6.0,10.0,14.0,16.0,20.0,23.0
1050010,1016090,GM0417,2022JJ00,1.2,5.0,2.0,2.0,3.0,4.0,6.0,7.0,9.0,13.0,49.0
1050010,1016090,GM0080,2022JJ00,12.0,6.0,4.0,5.0,8.0,12.0,15.0,15.0,15.0,12.0,9.0
1050010,1016090,GM0546,2022JJ00,11.0,6.0,4.0,4.0,6.0,8.0,9.0,11.0,14.0,17.0,21.0
1050010,1016090,GM0547,2022JJ00,3.3,4.0,2.0,2.0,5.0,7.0,11.0,15.0,19.0,18.0,17.0
1050010,1016090,GM1916,2022JJ00,8.3,6.0,3.0,3.0,5.0,6.0,8.0,9.0,13.0,19.0,28.0
1050010,1016090,GM0995,2022JJ00,9.3,6.0,5.0,6.0,8.0,12.0,14.0,14.0,13.0,12.0,10.0
1050010,1016090,GM1640,2022JJ00,4.1,3.0,2.0,3.0,6.0,10.0,13.0,16.0,17.0,17.0,14.0
1050010,1016090,GM0327,2022JJ00,3.8,2.0,2.0,2.0,5.0,9.0,12.0,14.0,17.0,18.0,20.0
1050010,1016090,GM1705,2022JJ00,6.1,2.0,2.0,3.0,5.0,10.0,15.0,17.0,18.0,16.0,13.0
1050010,1016090,GM0553,2022JJ00,2.8,3.0,1.0,3.0,5.0,10.0,14.0,17.0,15.0,18.0,14.0
1050010,1016090,GM0262,2022JJ00,3.8,4.0,2.0,3.0,6.0,9.0,13.0,14.0,15.0,16.0,17.0
1050010,1016090,GM0809,2022JJ00,2.9,3.0,2.0,3.0,6.0,11.0,14.0,16.0,16.0,16.0,14.0
1050010,1016090,GM0331,2022JJ00,1.9,3.0,2.0,2.0,5.0,9.0,12.0,14.0,15.0,19.0,19.0
1050010,1016090,GM0168,2022JJ00,2.8,4.0,3.0,3.0,7.0,13.0,15.0,15.0,16.0,14.0,11.0
1050010,1016090,GM0263,2022JJ00,3.2,3.0,2.0,2.0,6.0,10.0,12.0,14.0,16.0,17.0,17.0
1050010,1016090,GM1641,2022JJ00,2.6,3.0,3.0,3.0,6.0,9.0,14.0,15.0,17.0,16.0,14.0
1050010,1016090,GM1991,2022JJ00,7.0,3.0,2.0,3.0,6.0,10.0,13.0,15.0,16.0,16.0,15.0
1050010,1016090,GM0556,2022JJ00,3.9,6.0,4.0,4.0,7.0,10.0,12.0,14.0,15.0,15.0,12.0
1050010,1016090,GM0935,2022JJ00,9.2,7.0,5.0,5.0,7.0,9.0,12.0,12.0,13.0,14.0,16.0
1050010,1016090,GM0420,2022JJ00,5.5,3.0,2.0,3.0,6.0,11.0,14.0,15.0,15.0,15.0,15.0
1050010,1016090,GM0938,2022JJ00,2.1,3.0,2.0,3.0,5.0,8.0,13.0,15.0,16.0,17.0,18.0
1050010,1016090,GM1948,2022JJ00,10.1,2.0,2.0,3.0,6.0,10.0,14.0,15.0,16.0,16.0,15.0
1050010,1016090,GM0119,2022JJ00,3.9,4.0,3.0,4.0,7.0,11.0,14.0,15.0,16.0,14.0,11.0
1050010,1016090,GM0687,2022JJ00,5.1,3.0,4.0,5.0,8.0,11.0,14.0,15.0,14.0,14.0,12.0
1050010,1016090,GM1842,2022JJ00,2.7,3.0,1.0,2.0,4.0,6.0,10.0,14.0,17.0,20.0,23.0
1050010,1016090,GM1731,2022JJ00,4.0,3.0,2.0,3.0,7.0,11.0,16.0,15.0,16.0,14.0,12.0
1050010,1016090,GM1952,2022JJ00,6.6,6.0,4.0,6.0,10.0,13.0,15.0,14.0,13.0,11.0,8.0
1050010,1016090,GM1709,2022JJ00,4.4,3.0,2.0,3.0,6.0,10.0,13.0,16.0,15.0,16.0,15.0
1050010,1016090,GM1978,2022JJ00,6.0,2.0,2.0,4.0,7.0,10.0,13.0,13.0,13.0,17.0,19.0
1050010,1016090,GM1955,2022JJ00,4.4,3.0,3.0,4.0,8.0,12.0,15.0,16.0,15.0,15.0,11.0
1050010,1016090,GM0335,2022JJ00,1.8,3.0,2.0,2.0,4.0,7.0,13.0,13.0,18.0,17.0,20.0
1050010,1016090,GM0944,2022JJ00,0.9,,,,,,,,,,
1050010,1016090,GM1740,2022JJ00,3.3,3.0,3.0,6.0,10.0,14.0,14.0,13.0,13.0,13.0,13.0
1050010,1016090,GM0946,2022JJ00,2.1,3.0,2.0,2.0,5.0,10.0,14.0,15.0,17.0,17.0,14.0
1050010,1016090,GM0356,2022JJ00,7.3,4.0,3.0,4.0,6.0,11.0,14.0,15.0,16.0,16.0,11.0
1050010,1016090,GM0569,2022JJ00,3.8,3.0,2.0,3.0,6.0,10.0,13.0,15.0,15.0,16.0,18.0
1050010,1016090,GM0267,2022JJ00,6.0,3.0,2.0,3.0,7.0,10.0,14.0,15.0,15.0,16.0,15.0
1050010,1016090,GM0268,2022JJ00,15.9,6.0,4.0,4.0,7.0,9.0,11.0,13.0,16.0,16.0,14.0
1050010,1016090,GM1930,2022JJ00,9.8,4.0,3.0,4.0,7.0,10.0,13.0,14.0,16.0,16.0,12.0
1050010,1016090,GM1970,2022JJ00,5.4,5.0,4.0,6.0,11.0,15.0,16.0,15.0,12.0,10.0,6.0
1050010,1016090,GM1695,2022JJ00,0.7,,,,,,,,,,
1050010,1016090,GM1699,2022JJ00,3.4,3.0,3.0,4.0,7.0,11.0,13.0,16.0,15.0,15.0,12.0
1050010,1016090,GM0171,2022JJ00,5.8,4.0,4.0,6.0,9.0,13.0,15.0,14.0,13.0,12.0,9.0
1050010,1016090,GM0575,2022JJ00,5.1,3.0,2.0,3.0,5.0,8.0,12.0,14.0,14.0,17.0,21.0
1050010,1016090,GM0820,2022JJ00,2.9,3.0,2.0,2.0,4.0,6.0,10.0,14.0,17.0,20.0,22.0
1050010,1016090,GM0302,2022JJ00,3.6,3.0,3.0,5.0,9.0,12.0,14.0,13.0,15.0,13.0,12.0
1050010,1016090,GM0579,2022JJ00,3.3,3.0,1.0,2.0,3.0,5.0,7.0,10.0,12.0,18.0,38.0
1050010,1016090,GM0823,2022JJ00,2.4,3.0,2.0,2.0,4.0,8.0,12.0,14.0,16.0,18.0,22.0
1050010,1016090,GM0824,2022JJ00,3.8,3.0,1.0,2.0,4.0,7.0,11.0,14.0,17.0,17.0,22.0
1050010,1016090,GM1895,2022JJ00,3.9,6.0,5.0,6.0,10.0,14.0,15.0,14.0,12.0,10.0,7.0
1050010,1016090,GM0269,2022JJ00,3.3,3.0,3.0,5.0,9.0,14.0,15.0,13.0,14.0,13.0,10.0
1050010,1016090,GM0173,2022JJ00,3.8,4.0,2.0,4.0,7.0,11.0,14.0,16.0,17.0,15.0,11.0
1050010,1016090,GM1773,2022JJ00,2.3,3.0,2.0,3.0,6.0,12.0,14.0,16.0,15.0,16.0,13.0
1050010,1016090,GM0175,2022JJ00,2.2,3.0,2.0,4.0,7.0,12.0,15.0,14.0,16.0,14.0,13.0
1050010,1016090,GM1586,2022JJ00,3.6,2.0,2.0,2.0,6.0,10.0,17.0,17.0,18.0,15.0,12.0
1050010,1016090,GM0826,2022JJ00,6.5,5.0,3.0,4.0,7.0,9.0,13.0,14.0,16.0,15.0,14.0
1050010,1016090,GM0085,2022JJ00,2.7,4.0,3.0,5.0,8.0,14.0,16.0,14.0,15.0,12.0,9.0
1050010,1016090,GM0431,2022JJ00,1.3,3.0,2.0,2.0,4.0,7.0,11.0,12.0,17.0,19.0,22.0
1050010,1016090,GM0432,2022JJ00,1.5,3.0,2.0,3.0,6.0,11.0,14.0,15.0,16.0,18.0,14.0
1050010,1016090,GM0086,2022JJ00,3.6,4.0,3.0,4.0,8.0,12.0,15.0,15.0,15.0,13.0,11.0
1050010,1016090,GM0828,2022JJ00,11.0,4.0,3.0,4.0,7.0,11.0,14.0,14.0,15.0,15.0,13.0
1050010,1016090,GM1509,2022JJ00,4.7,3.0,3.0,4.0,8.0,13.0,16.0,15.0,16.0,13.0,10.0
1050010,1016090,GM0437,2022JJ00,1.7,4.0,2.0,2.0,4.0,6.0,6.0,9.0,13.0,18.0,38.0
1050010,1016090,GM0589,2022JJ00,1.3,3.0,2.0,2.0,5.0,7.0,12.0,13.0,15.0,19.0,22.0
1050010,1016090,GM1734,2022JJ00,6.4,3.0,2.0,3.0,6.0,9.0,13.0,16.0,18.0,16.0,15.0
1050010,1016090,GM0590,2022JJ00,3.9,3.0,3.0,4.0,7.0,10.0,13.0,15.0,15.0,16.0,14.0
1050010,1016090,GM1894,2022JJ00,5.5,3.0,2.0,2.0,6.0,11.0,16.0,16.0,16.0,15.0,13.0
1050010,1016090,GM0765,2022JJ00,1.4,7.0,5.0,8.0,12.0,14.0,14.0,13.0,11.0,8.0,5.0
1050010,1016090,GM1926,2022JJ00,8.4,2.0,2.0,2.0,3.0,6.0,10.0,14.0,17.0,22.0,23.0
1050010,1016090,GM0439,2022JJ00,10.9,4.0,3.0,3.0,6.0,10.0,13.0,14.0,16.0,16.0,14.0
1050010,1016090,GM0273,2022JJ00,3.1,3.0,3.0,4.0,8.0,12.0,13.0,14.0,14.0,15.0,15.0
1050010,1016090,GM0177,2022JJ00,4.8,3.0,2.0,3.0,7.0,11.0,15.0,16.0,16.0,15.0,13.0
1050010,1016090,GM0703,2022JJ00,3.0,4.0,4.0,7.0,11.0,12.0,14.0,14.0,12.0,12.0,11.0
1050010,1016090,GM0274,2022JJ00,3.2,3.0,3.0,3.0,5.0,7.0,10.0,13.0,16.0,18.0,22.0
1050010,1016090,GM0339,2022JJ00,0.8,,,,,,,,,,
1050010,1016090,GM1667,2022JJ00,1.7,2.0,1.0,2.0,6.0,10.0,15.0,14.0,17.0,16.0,15.0
1050010,1016090,GM0275,2022JJ00,4.3,5.0,4.0,4.0,7.0,10.0,13.0,14.0,14.0,14.0,14.0
1050010,1016090,GM0340,2022JJ00,2.5,4.0,4.0,4.0,7.0,12.0,11.0,13.0,13.0,15.0,16.0
1050010,1016090,GM0597,2022JJ00,5.3,5.0,4.0,4.0,6.0,10.0,14.0,14.0,15.0,15.0,12.0
1050010,1016090,GM1742,2022JJ00,5.3,3.0,3.0,4.0,9.0,14.0,15.0,14.0,15.0,13.0,11.0
1050010,1016090,GM0603,2022JJ00,5.9,7.0,4.0,4.0,6.0,8.0,9.0,12.0,14.0,16.0,18.0
1050010,1016090,GM1669,2022JJ00,2.2,3.0,3.0,4.0,7.0,12.0,15.0,17.0,15.0,15.0,11.0
1050010,1016090,GM0957,2022JJ00,6.1,6.0,4.0,5.0,9.0,11.0,13.0,14.0,15.0,12.0,11.0
1050010,1016090,GM0736,2022JJ00,5.6,3.0,2.0,3.0,5.0,7.0,9.0,12.0,14.0,17.0,27.0
1050010,1016090,GM1674,2022JJ00,8.5,5.0,4.0,4.0,7.0,11.0,14.0,14.0,15.0,14.0,13.0
1050010,1016090,GM0599,2022JJ00,58.6,10.0,6.0,6.0,8.0,9.0,10.0,11.0,12.0,13.0,14.0
1050010,1016090,GM0277,2022JJ00,0.2,,,,,,,,,,
1050010,1016090,GM0840,2022JJ00,2.8,4.0,2.0,4.0,6.0,12.0,15.0,16.0,14.0,15.0,12.0
1050010,1016090,GM0441,2022JJ00,5.4,3.0,2.0,3.0,6.0,10.0,14.0,14.0,16.0,18.0,16.0
1050010,1016090,GM0279,2022JJ00,1.4,3.0,2.0,4.0,8.0,11.0,13.0,15.0,14.0,15.0,14.0
1050010,1016090,GM0606,2022JJ00,8.4,8.0,5.0,5.0,8.0,10.0,12.0,14.0,14.0,13.0,10.0
1050010,1016090,GM0088,2022JJ00,0.1,,,,,,,,,,
1050010,1016090,GM1676,2022JJ00,3.6,3.0,3.0,4.0,8.0,11.0,14.0,14.0,14.0,15.0,14.0
1050010,1016090,GM0965,2022JJ00,1.1,4.0,2.0,3.0,8.0,11.0,14.0,17.0,16.0,15.0,11.0
1050010,1016090,GM0845,2022JJ00,3.8,2.0,2.0,2.0,4.0,7.0,11.0,13.0,17.0,20.0,21.0
1050010,1016090,GM1883,2022JJ00,9.1,5.0,4.0,4.0,8.0,11.0,13.0,15.0,15.0,14.0,11.0
1050010,1016090,GM0610,2022JJ00,3.1,4.0,3.0,5.0,8.0,11.0,15.0,14.0,14.0,14.0,11.0
1050010,1016090,GM1714,2022JJ00,2.3,5.0,3.0,4.0,7.0,10.0,13.0,13.0,14.0,16.0,15.0
1050010,1016090,GM0090,2022JJ00,6.2,5.0,4.0,6.0,10.0,13.0,15.0,14.0,14.0,11.0,8.0
1050010,1016090,GM0342,2022JJ00,5.7,4.0,3.0,3.0,5.0,7.0,10.0,12.0,14.0,19.0,23.0
1050010,1016090,GM0847,2022JJ00,2.5,3.0,2.0,3.0,7.0,11.0,14.0,14.0,16.0,15.0,15.0
1050010,1016090,GM0848,2022JJ00,2.3,2.0,2.0,2.0,5.0,8.0,12.0,15.0,16.0,18.0,21.0
1050010,1016090,GM0037,2022JJ00,3.3,6.0,4.0,7.0,11.0,14.0,14.0,13.0,13.0,12.0,7.0
1050010,1016090,GM0180,2022JJ00,2.5,2.0,3.0,4.0,10.0,13.0,14.0,14.0,13.0,15.0,12.0
1050010,1016090,GM0532,2022JJ00,2.8,3.0,3.0,4.0,8.0,13.0,14.0,17.0,14.0,14.0,10.0
1050010,1016090,GM0851,2022JJ00,2.8,4.0,2.0,3.0,7.0,10.0,14.0,15.0,15.0,15.0,13.0
1050010,1016090,GM1708,2022JJ00,5.2,4.0,3.0,5.0,9.0,13.0,15.0,15.0,13.0,12.0,11.0
1050010,1016090,GM0971,2022JJ00,2.8,3.0,2.0,4.0,6.0,11.0,15.0,15.0,17.0,16.0,11.0
1050010,1016090,GM1904,2022JJ00,8.2,3.0,2.0,3.0,5.0,8.0,11.0,12.0,14.0,17.0,24.0
1050010,1016090,GM1900,2022JJ00,10.3,4.0,3.0,4.0,8.0,13.0,15.0,15.0,14.0,12.0,11.0
1050010,1016090,GM0715,2022JJ00,5.6,5.0,4.0,4.0,7.0,10.0,14.0,15.0,14.0,15.0,13.0
1050010,1016090,GM0093,2022JJ00,0.5,,,,,,,,,,
1050010,1016090,GM0448,2022JJ00,1.3,5.0,3.0,3.0,8.0,12.0,13.0,15.0,14.0,14.0,14.0
1050010,1016090,GM1525,2022JJ00,4.9,2.0,2.0,2.0,5.0,7.0,12.0,14.0,16.0,18.0,22.0
1050010,1016090,GM0716,2022JJ00,3.3,3.0,4.0,5.0,10.0,12.0,13.0,15.0,14.0,13.0,12.0
1050010,1016090,GM0281,2022JJ00,4.9,6.0,4.0,5.0,8.0,12.0,13.0,14.0,14.0,14.0,10.0
1050010,1016090,GM0855,2022JJ00,22.5,5.0,4.0,4.0,7.0,10.0,13.0,15.0,15.0,14.0,12.0
1050010,1016090,GM0183,2022JJ00,3.0,2.0,1.0,2.0,5.0,10.0,14.0,15.0,17.0,17.0,16.0
1050010,1016090,GM1700,2022JJ00,4.5,3.0,3.0,5.0,10.0,15.0,16.0,15.0,14.0,11.0,8.0
1050010,1016090,GM1730,2022JJ00,4.2,3.0,2.0,2.0,5.0,9.0,12.0,15.0,17.0,18.0,19.0
1050010,1016090,GM0737,2022JJ00,3.8,3.0,3.0,4.0,9.0,14.0,17.0,16.0,14.0,12.0,8.0
1050010,1016090,GM0450,2022JJ00,1.9,2.0,1.0,2.0,5.0,6.0,11.0,14.0,19.0,20.0,18.0
1050010,1016090,GM0451,2022JJ00,4.1,4.0,3.0,3.0,5.0,8.0,12.0,13.0,15.0,19.0,19.0
1050010,1016090,GM0184,2022JJ00,3.3,2.0,4.0,7.0,13.0,15.0,12.0,12.0,11.0,12.0,11.0
1050010,1016090,GM0344,2022JJ00,37.9,6.0,4.0,4.0,5.0,6.0,8.0,10.0,14.0,19.0,22.0
1050010,1016090,GM1581,2022JJ00,5.7,4.0,2.0,3.0,4.0,7.0,8.0,11.0,15.0,19.0,28.0
1050010,1016090,GM0981,2022JJ00,0.8,,,,,,,,,,
1050010,1016090,GM0994,2022JJ00,1.6,4.0,3.0,3.0,6.0,9.0,13.0,14.0,15.0,16.0,18.0
1050010,1016090,GM0858,2022JJ00,3.3,3.0,2.0,3.0,7.0,11.0,13.0,16.0,16.0,16.0,14.0
1050010,1016090,GM0047,2022JJ00,3.0,5.0,5.0,6.0,10.0,14.0,17.0,14.0,13.0,10.0,6.0
1050010,1016090,GM0345,2022JJ00,8.4,4.0,3.0,4.0,8.0,12.0,15.0,15.0,14.0,14.0,11.0
1050010,1016090,GM0717,2022JJ00,2.5,2.0,2.0,5.0,7.0,10.0,13.0,14.0,15.0,15.0,16.0
1050010,1016090,GM0861,2022JJ00,5.6,3.0,2.0,3.0,6.0,8.0,12.0,15.0,15.0,19.0,19.0
1050010,1016090,GM0453,2022JJ00,8.1,4.0,3.0,4.0,5.0,8.0,11.0,14.0,16.0,18.0,16.0
1050010,1016090,GM0983,2022JJ00,10.9,5.0,4.0,5.0,8.0,13.0,14.0,15.0,14.0,12.0,9.0
1050010,1016090,GM0984,2022JJ00,5.1,4.0,3.0,3.0,6.0,11.0,14.0,15.0,15.0,15.0,13.0
1050010,1016090,GM1961,2022JJ00,7.6,4.0,3.0,4.0,6.0,10.0,13.0,15.0,16.0,15.0,14.0
1050010,1016090,GM0622,2022JJ00,7.7,7.0,4.0,5.0,7.0,10.0,13.0,14.0,15.0,15.0,11.0
1050010,1016090,GM0096,2022JJ00,0.1,,,,,,,,,,
1050010,1016090,GM0718,2022JJ00,4.2,5.0,4.0,5.0,9.0,12.0,14.0,15.0,14.0,13.0,9.0
1050010,1016090,GM0986,2022JJ00,1.4,4.0,3.0,3.0,5.0,9.0,11.0,16.0,17.0,16.0,15.0
1050010,1016090,GM1992,2022JJ00,8.5,3.0,2.0,3.0,5.0,8.0,11.0,14.0,16.0,18.0,19.0
1050010,1016090,GM0626,2022JJ00,3.2,3.0,2.0,3.0,4.0,6.0,9.0,12.0,15.0,21.0,26.0
1050010,1016090,GM0285,2022JJ00,3.0,2.0,2.0,2.0,6.0,10.0,14.0,15.0,16.0,17.0,16.0
1050010,1016090,GM0865,2022JJ00,3.8,3.0,2.0,2.0,3.0,7.0,9.0,12.0,15.0,17.0,29.0
1050010,1016090,GM1949,2022JJ00,5.3,4.0,4.0,4.0,9.0,14.0,16.0,15.0,14.0,11.0,8.0
1050010,1016090,GM0866,2022JJ00,2.2,3.0,1.0,2.0,4.0,6.0,8.0,13.0,15.0,18.0,30.0
1050010,1016090,GM0867,2022JJ00,5.7,3.0,3.0,4.0,7.0,12.0,15.0,14.0,16.0,15.0,12.0
1050010,1016090,GM0627,2022JJ00,4.1,3.0,2.0,4.0,7.0,11.0,14.0,15.0,15.0,15.0,14.0
1050010,1016090,GM0289,2022JJ00,3.3,5.0,4.0,5.0,7.0,8.0,11.0,13.0,16.0,16.0,15.0
1050010,1016090,GM0629,2022JJ00,3.2,7.0,2.0,3.0,3.0,5.0,6.0,7.0,10.0,13.0,43.0
1050010,1016090,GM0852,2022JJ00,2.1,3.0,2.0,3.0,3.0,7.0,9.0,12.0,17.0,20.0,24.0
1050010,1016090,GM0988,2022JJ00,5.6,4.0,3.0,4.0,7.0,9.0,14.0,16.0,15.0,16.0,14.0
1050010,1016090,GM1960,2022JJ00,6.7,3.0,2.0,3.0,6.0,10.0,12.0,14.0,15.0,17.0,19.0
1050010,1016090,GM0668,2022JJ00,2.4,3.0,2.0,3.0,7.0,10.0,12.0,15.0,16.0,16.0,15.0
1050010,1016090,GM1969,2022JJ00,8.2,3.0,2.0,4.0,8.0,13.0,16.0,16.0,15.0,13.0,10.0
1050010,1016090,GM1701,2022JJ00,2.1,3.0,3.0,4.0,7.0,11.0,13.0,15.0,16.0,15.0,13.0
1050010,1016090,GM0293,2022JJ00,1.7,4.0,3.0,6.0,8.0,13.0,15.0,16.0,14.0,12.0,8.0
1050010,1016090,GM1950,2022JJ00,2.6,6.0,4.0,6.0,9.0,14.0,15.0,14.0,13.0,12.0,8.0
1050010,1016090,GM1783,2022JJ00,14.8,3.0,2.0,2.0,5.0,8.0,13.0,15.0,17.0,18.0,17.0
1050010,1016090,GM0098,2022JJ00,3.0,4.0,4.0,5.0,9.0,13.0,15.0,15.0,14.0,13.0,8.0
1050010,1016090,GM0189,2022JJ00,3.2,2.0,2.0,3.0,6.0,10.0,14.0,16.0,17.0,18.0,14.0
1050010,1016090,GM0296,2022JJ00,5.2,3.0,2.0,3.0,6.0,9.0,13.0,15.0,17.0,17.0,14.0
1050010,1016090,GM1696,2022JJ00,3.0,3.0,2.0,2.0,4.0,7.0,11.0,13.0,16.0,18.0,24.0
1050010,1016090,GM0352,2022JJ00,3.0,3.0,2.0,2.0,6.0,9.0,13.0,16.0,17.0,17.0,15.0
1050010,1016090,GM0294,2022JJ00,3.3,4.0,3.0,4.0,9.0,14.0,16.0,15.0,13.0,13.0,9.0
1050010,1016090,GM0873,2022JJ00,2.6,5.0,3.0,3.0,6.0,9.0,12.0,15.0,16.0,16.0,14.0
1050010,1016090,GM0632,2022JJ00,6.8,3.0,2.0,3.0,5.0,7.0,11.0,14.0,15.0,18.0,20.0
1050010,1016090,GM1690,2022JJ00,2.9,3.0,2.0,3.0,7.0,10.0,13.0,15.0,15.0,16.0,15.0
1050010,1016090,GM0880,2022JJ00,2.0,4.0,2.0,3.0,5.0,8.0,13.0,15.0,15.0,17.0,18.0
1050010,1016090,GM0351,2022JJ00,1.8,3.0,2.0,4.0,7.0,11.0,12.0,13.0,15.0,17.0,17.0
1050010,1016090,GM0479,2022JJ00,18.4,6.0,4.0,4.0,7.0,10.0,13.0,14.0,15.0,15.0,12.0
1050010,1016090,GM0297,2022JJ00,3.8,4.0,3.0,4.0,8.0,12.0,13.0,12.0,14.0,16.0,15.0
1050010,1016090,GM0473,2022JJ00,1.7,6.0,3.0,4.0,6.0,7.0,9.0,11.0,12.0,16.0,25.0
1050010,1016090,GM0050,2022JJ00,3.1,3.0,2.0,4.0,6.0,11.0,14.0,14.0,15.0,15.0,15.0
1050010,1016090,GM0355,2022JJ00,7.4,6.0,3.0,3.0,4.0,6.0,8.0,9.0,13.0,18.0,30.0
1050010,1016090,GM0299,2022JJ00,5.1,4.0,3.0,4.0,8.0,13.0,16.0,16.0,14.0,13.0,9.0
1050010,1016090,GM0637,2022JJ00,14.5,5.0,3.0,4.0,6.0,10.0,12.0,15.0,16.0,16.0,13.0
1050010,1016090,GM0638,2022JJ00,1.2,2.0,1.0,2.0,5.0,8.0,13.0,14.0,17.0,18.0,19.0
1050010,1016090,GM1892,2022JJ00,6.2,3.0,2.0,3.0,6.0,8.0,12.0,14.0,16.0,18.0,17.0
1050010,1016090,GM0879,2022JJ00,2.6,4.0,2.0,3.0,5.0,10.0,11.0,15.0,15.0,18.0,17.0
1050010,1016090,GM0301,2022JJ00,5.0,5.0,4.0,5.0,8.0,12.0,14.0,14.0,15.0,14.0,9.0
1050010,1016090,GM1896,2022JJ00,3.2,2.0,3.0,4.0,10.0,14.0,14.0,15.0,13.0,14.0,12.0
1050010,1016090,GM0642,2022JJ00,4.9,5.0,4.0,5.0,8.0,11.0,13.0,15.0,15.0,14.0,11.0
1050010,1016090,GM0193,2022JJ00,14.7,4.0,3.0,3.0,7.0,10.0,14.0,16.0,17.0,15.0,12.0
1050010,1016090,AM01,2022JJ00,74.3,5.0,4.0,5.0,8.0,12.0,14.0,15.0,14.0,13.0,10.0
1050010,1016090,AM02,2022JJ00,72.9,4.0,4.0,5.0,9.0,13.0,15.0,15.0,14.0,12.0,9.0
1050010,1016090,AM03,2022JJ00,31.9,5.0,4.0,4.0,9.0,13.0,15.0,15.0,14.0,12.0,9.0
1050010,1016090,AM05,2022JJ00,74.3,4.0,3.0,4.0,8.0,12.0,15.0,15.0,15.0,13.0,11.0
1050010,1016090,AM06,2022JJ00,65.5,4.0,3.0,4.0,7.0,11.0,14.0,15.0,15.0,15.0,13.0
1050010,1016090,AM07,2022JJ00,44.1,5.0,4.0,4.0,7.0,10.0,13.0,15.0,15.0,15.0,13.0
1050010,1016090,AM08,2022JJ00,33.6,4.0,3.0,4.0,6.0,9.0,12.0,14.0,16.0,16.0,15.0
1050010,1016090,AM09,2022JJ00,35.3,3.0,3.0,4.0,7.0,12.0,16.0,15.0,15.0,14.0,11.0
1050010,1016090,AM10,2022JJ00,31.5,4.0,3.0,4.0,7.0,11.0,13.0,14.0,15.0,15.0,15.0
1050010,1016090,AM11,2022JJ00,50.8,5.0,4.0,5.0,8.0,11.0,13.0,14.0,14.0,14.0,11.0
1050010,1016090,AM12,2022JJ00,29.8,4.0,3.0,3.0,5.0,6.0,9.0,10.0,13.0,17.0,30.0
1050010,1016090,AM13,2022JJ00,99.9,5.0,3.0,3.0,5.0,7.0,10.0,12.0,15.0,19.0,23.0
1050010,1016090,AM14,2022JJ00,42.7,3.0,2.0,3.0,6.0,8.0,12.0,13.0,16.0,17.0,19.0
1050010,1016090,AM15,2022JJ00,79.3,3.0,3.0,3.0,6.0,10.0,13.0,15.0,16.0,16.0,15.0
1050010,1016090,AM17,2022JJ00,41.2,4.0,3.0,4.0,6.0,9.0,12.0,14.0,16.0,16.0,16.0
1050010,1016090,AM18,2022JJ00,125.1,8.0,4.0,4.0,6.0,7.0,9.0,10.0,12.0,15.0,24.0
1050010,1016090,AM19,2022JJ00,64.0,4.0,2.0,3.0,5.0,9.0,12.0,14.0,15.0,17.0,19.0
1050010,1016090,AM20,2022JJ00,24.0,4.0,3.0,4.0,7.0,10.0,13.0,14.0,15.0,16.0,15.0
1050010,1016090,AM21,2022JJ00,86.9,8.0,5.0,5.0,7.0,8.0,10.0,11.0,13.0,15.0,18.0
1050010,1016090,AM22,2022JJ00,146.5,7.0,4.0,5.0,7.0,9.0,11.0,13.0,14.0,15.0,15.0
1050010,1016090,AM23,2022JJ00,34.7,4.0,3.0,4.0,8.0,10.0,13.0,15.0,15.0,15.0,13.0
1050010,1016090,AM24,2022JJ00,41.8,4.0,3.0,4.0,8.0,11.0,13.0,15.0,14.0,14.0,13.0
1050010,1016090,AM25,2022JJ00,79.7,4.0,3.0,3.0,6.0,9.0,13.0,14.0,15.0,16.0,16.0
1050010,1016090,AM26,2022JJ00,54.0,4.0,3.0,3.0,6.0,10.0,13.0,15.0,16.0,16.0,14.0
1050010,1016090,AM27,2022JJ00,72.6,3.0,2.0,3.0,6.0,9.0,13.0,14.0,16.0,17.0,17.0
1050010,1016090,AM28,2022JJ00,56.4,4.0,3.0,3.0,6.0,9.0,11.0,14.0,15.0,17.0,19.0
1050010,1016090,AM29,2022JJ00,31.7,4.0,3.0,4.0,7.0,12.0,15.0,16.0,15.0,14.0,11.0
1050010,1016090,AM30,2022JJ00,56.7,6.0,4.0,4.0,7.0,11.0,13.0,14.0,15.0,14.0,12.0
1050010,1016090,AM32,2022JJ00,31.1,4.0,3.0,4.0,7.0,11.0,14.0,14.0,15.0,15.0,13.0
1050010,1016090,AM33,2022JJ00,28.7,4.0,3.0,3.0,7.0,10.0,14.0,15.0,16.0,15.0,13.0
1050010,1016090,AM34,2022JJ00,47.2,4.0,2.0,3.0,5.0,7.0,10.0,13.0,15.0,18.0,22.0
1050010,1016090,AM35,2022JJ00,18.0,4.0,3.0,4.0,7.0,10.0,13.0,14.0,15.0,16.0,16.0
1050010,1016090,AM36,2022JJ00,71.3,3.0,3.0,4.0,8.0,12.0,15.0,15.0,15.0,14.0,11.0
1050010,1016090,AM37,2022JJ00,44.1,5.0,3.0,3.0,5.0,8.0,10.0,12.0,14.0,17.0,24.0
1050010,1016090,AM38,2022JJ00,42.2,3.0,3.0,4.0,8.0,11.0,13.0,14.0,14.0,15.0,14.0
