buurtcode,gemeentenaam,total,A,B-F,G+I,H+J,K-L,M-N,O-Q,R-U
BU16800000,Aa en Hunze,360,15.0,45.0,60.0,10.0,35.0,80.0,75.0,35.0
BU16800009,Aa en Hunze,30,10.0,0.0,0.0,0.0,0.0,10.0,5.0,5.0
BU16800100,Aa en Hunze,150,10.0,30.0,30.0,5.0,20.0,25.0,25.0,15.0
BU16800109,Aa en Hunze,45,5.0,0.0,5.0,0.0,5.0,5.0,10.0,10.0
BU16800200,Aa en Hunze,60,5.0,5.0,10.0,0.0,5.0,10.0,15.0,5.0
BU16800209,Aa en Hunze,10,,,,,,,,
BU16800300,Aa en Hunze,70,5.0,15.0,5.0,0.0,5.0,15.0,20.0,5.0
BU16800309,Aa en Hunze,0,,,,,,,,
BU16800400,Aa en Hunze,45,10.0,5.0,5.0,0.0,5.0,10.0,10.0,0.0
BU16800409,Aa en Hunze,5,,,,,,,,
BU16800500,Aa en Hunze,70,5.0,5.0,5.0,5.0,15.0,15.0,20.0,5.0
BU16800509,Aa en Hunze,10,,,,,,,,
BU16800600,Aa en Hunze,75,10.0,10.0,5.0,5.0,0.0,25.0,10.0,10.0
BU16800609,Aa en Hunze,0,,,,,,,,
BU16800700,Aa en Hunze,15,,,,,,,,
BU16800709,Aa en Hunze,0,,,,,,,,
BU16800800,Aa en Hunze,15,,,,,,,,
BU16800809,Aa en Hunze,5,,,,,,,,
BU16800900,Aa en Hunze,15,,,,,,,,
BU16800909,Aa en Hunze,0,,,,,,,,
BU16801100,Aa en Hunze,50,5.0,10.0,10.0,0.0,0.0,10.0,5.0,10.0
BU16801109,Aa en Hunze,0,,,,,,,,
BU16801200,Aa en Hunze,20,,,,,,,,
BU16801209,Aa en Hunze,0,,,,,,,,
BU16801300,Aa en Hunze,25,5.0,5.0,5.0,0.0,0.0,5.0,5.0,0.0
BU16801309,Aa en Hunze,5,,,,,,,,
BU16801400,Aa en Hunze,165,5.0,20.0,30.0,15.0,10.0,35.0,25.0,20.0
BU16801401,Aa en Hunze,25,5.0,0.0,5.0,0.0,0.0,10.0,5.0,0.0
BU16801409,Aa en Hunze,35,5.0,5.0,10.0,0.0,5.0,5.0,0.0,5.0
BU16801500,Aa en Hunze,165,5.0,30.0,40.0,10.0,5.0,30.0,25.0,20.0
BU16801501,Aa en Hunze,10,,,,,,,,
BU16801509,Aa en Hunze,0,,,,,,,,
BU16801600,Aa en Hunze,70,10.0,10.0,15.0,5.0,0.0,15.0,5.0,10.0
BU16801601,Aa en Hunze,15,,,,,,,,
BU16801609,Aa en Hunze,0,,,,,,,,
BU16801700,Aa en Hunze,535,15.0,55.0,100.0,25.0,40.0,130.0,95.0,70.0
BU16801709,Aa en Hunze,40,10.0,0.0,0.0,0.0,0.0,10.0,10.0,5.0
BU16801800,Aa en Hunze,65,5.0,10.0,10.0,5.0,5.0,15.0,10.0,5.0
BU16801801,Aa en Hunze,20,,,,,,,,
BU16801802,Aa en Hunze,35,5.0,5.0,10.0,5.0,0.0,0.0,0.0,5.0
BU16801809,Aa en Hunze,35,15.0,5.0,5.0,0.0,0.0,5.0,5.0,5.0
BU16801900,Aa en Hunze,360,15.0,40.0,45.0,20.0,30.0,95.0,75.0,40.0
BU16801901,Aa en Hunze,30,5.0,0.0,5.0,0.0,0.0,5.0,5.0,0.0
BU16801902,Aa en Hunze,10,,,,,,,,
BU16801903,Aa en Hunze,25,5.0,0.0,5.0,0.0,5.0,0.0,5.0,5.0
BU16801908,Aa en Hunze,65,10.0,0.0,5.0,10.0,0.0,10.0,20.0,10.0
BU16801909,Aa en Hunze,45,10.0,5.0,10.0,5.0,5.0,10.0,5.0,0.0
BU16802000,Aa en Hunze,90,5.0,20.0,15.0,5.0,0.0,15.0,15.0,10.0
BU16802001,Aa en Hunze,35,5.0,5.0,5.0,0.0,0.0,10.0,5.0,0.0
BU16802008,Aa en Hunze,15,,,,,,,,
BU16802009,Aa en Hunze,60,25.0,0.0,10.0,5.0,0.0,5.0,5.0,5.0
BU16802100,Aa en Hunze,40,0.0,5.0,5.0,0.0,0.0,10.0,10.0,10.0
BU16802101,Aa en Hunze,20,,,,,,,,
BU16802109,Aa en Hunze,30,15.0,0.0,0.0,0.0,0.0,10.0,0.0,0.0
BU03580000,Aalsmeer,590,5.0,65.0,140.0,40.0,90.0,135.0,60.0,55.0
BU03580001,Aalsmeer,810,5.0,110.0,155.0,70.0,100.0,190.0,100.0,80.0
BU03580004,Aalsmeer,520,5.0,70.0,175.0,50.0,35.0,100.0,50.0,45.0
BU03580005,Aalsmeer,235,15.0,30.0,35.0,15.0,55.0,35.0,15.0,40.0
BU03580100,Aalsmeer,930,30.0,130.0,150.0,65.0,120.0,230.0,125.0,75.0
BU03580200,Aalsmeer,275,15.0,55.0,65.0,15.0,35.0,45.0,20.0,20.0
BU03580201,Aalsmeer,310,5.0,65.0,80.0,30.0,20.0,65.0,20.0,25.0
BU03580205,Aalsmeer,1110,25.0,145.0,210.0,105.0,125.0,270.0,150.0,80.0
BU03580206,Aalsmeer,170,15.0,30.0,40.0,20.0,20.0,25.0,5.0,10.0
BU01970101,Aalten,15,,,,,,,,
BU01970102,Aalten,100,40.0,15.0,10.0,0.0,5.0,20.0,10.0,5.0
BU01970103,Aalten,80,25.0,10.0,15.0,0.0,5.0,10.0,5.0,0.0
BU01970104,Aalten,100,45.0,10.0,5.0,5.0,5.0,10.0,10.0,10.0
BU01970105,Aalten,15,,,,,,,,
BU01970106,Aalten,25,5.0,5.0,5.0,0.0,0.0,0.0,10.0,0.0
BU01970107,Aalten,60,20.0,15.0,10.0,5.0,5.0,5.0,5.0,0.0
BU01970108,Aalten,155,65.0,25.0,15.0,0.0,10.0,15.0,20.0,10.0
BU01970109,Aalten,20,,,,,,,,
BU01970110,Aalten,110,15.0,10.0,15.0,0.0,10.0,30.0,10.0,20.0
BU01970111,Aalten,95,40.0,10.0,15.0,0.0,5.0,10.0,10.0,5.0
BU01970112,Aalten,10,,,,,,,,
BU01970201,Aalten,40,15.0,5.0,0.0,0.0,5.0,5.0,0.0,5.0
BU01970202,Aalten,30,5.0,5.0,0.0,0.0,0.0,5.0,5.0,5.0
BU01970203,Aalten,10,,,,,,,,
BU01970204,Aalten,145,0.0,25.0,40.0,5.0,5.0,20.0,25.0,20.0
BU01970301,Aalten,85,5.0,15.0,20.0,5.0,5.0,10.0,20.0,15.0
BU01970302,Aalten,270,0.0,95.0,60.0,15.0,20.0,40.0,20.0,25.0
BU01970303,Aalten,90,0.0,10.0,10.0,10.0,5.0,20.0,20.0,15.0
BU01970304,Aalten,205,5.0,30.0,30.0,10.0,20.0,45.0,45.0,25.0
BU01970305,Aalten,85,0.0,10.0,10.0,5.0,15.0,15.0,10.0,10.0
BU01970306,Aalten,45,0.0,10.0,5.0,0.0,5.0,10.0,10.0,5.0
BU01970307,Aalten,310,5.0,35.0,75.0,10.0,25.0,50.0,70.0,45.0
BU01970400,Aalten,255,0.0,40.0,80.0,5.0,20.0,35.0,50.0,30.0
BU01970401,Aalten,90,0.0,10.0,10.0,5.0,10.0,20.0,15.0,10.0
BU01970402,Aalten,235,5.0,70.0,45.0,10.0,30.0,35.0,20.0,25.0
BU01970403,Aalten,35,0.0,10.0,5.0,0.0,0.0,5.0,10.0,5.0
BU01970408,Aalten,55,5.0,10.0,10.0,0.0,5.0,20.0,5.0,10.0
BU01970409,Aalten,100,35.0,15.0,10.0,5.0,10.0,20.0,5.0,10.0
BU00590000,Achtkarspelen,470,5.0,80.0,100.0,40.0,20.0,90.0,70.0,70.0
BU00590001,Achtkarspelen,130,20.0,35.0,35.0,0.0,5.0,15.0,10.0,10.0
BU00590002,Achtkarspelen,195,5.0,60.0,55.0,10.0,5.0,20.0,25.0,15.0
BU00590003,Achtkarspelen,150,5.0,45.0,45.0,5.0,0.0,20.0,15.0,15.0
BU00590004,Achtkarspelen,80,5.0,25.0,15.0,5.0,5.0,15.0,10.0,5.0
BU00590005,Achtkarspelen,120,25.0,20.0,15.0,5.0,10.0,20.0,10.0,10.0
BU00590006,Achtkarspelen,15,,,,,,,,
BU00590007,Achtkarspelen,90,15.0,20.0,30.0,5.0,5.0,5.0,10.0,10.0
BU00590008,Achtkarspelen,40,15.0,10.0,5.0,0.0,0.0,5.0,5.0,5.0
BU00590009,Achtkarspelen,20,,,,,,,,
BU00590100,Achtkarspelen,45,0.0,10.0,15.0,5.0,0.0,0.0,5.0,0.0
BU00590102,Achtkarspelen,130,10.0,35.0,25.0,5.0,5.0,15.0,15.0,15.0
BU00590103,Achtkarspelen,115,10.0,35.0,25.0,5.0,5.0,10.0,10.0,20.0
BU00590107,Achtkarspelen,10,,,,,,,,
BU00590108,Achtkarspelen,55,20.0,10.0,5.0,0.0,10.0,10.0,5.0,5.0
BU00590109,Achtkarspelen,40,5.0,10.0,10.0,0.0,0.0,5.0,0.0,0.0
BU00590200,Achtkarspelen,610,10.0,105.0,165.0,45.0,45.0,115.0,65.0,60.0
BU00590201,Achtkarspelen,365,10.0,145.0,65.0,15.0,20.0,45.0,30.0,40.0
BU00590202,Achtkarspelen,65,5.0,15.0,15.0,0.0,5.0,10.0,10.0,5.0
BU00590203,Achtkarspelen,60,0.0,20.0,10.0,0.0,0.0,5.0,10.0,10.0
BU00590206,Achtkarspelen,95,5.0,25.0,35.0,5.0,10.0,5.0,5.0,5.0
BU00590207,Achtkarspelen,60,5.0,20.0,20.0,0.0,0.0,10.0,5.0,5.0
BU00590208,Achtkarspelen,65,25.0,10.0,5.0,0.0,5.0,10.0,0.0,5.0
BU00590209,Achtkarspelen,80,15.0,10.0,15.0,5.0,5.0,15.0,10.0,5.0
BU04820101,Alblasserdam,105,0.0,15.0,15.0,10.0,20.0,30.0,15.0,5.0
BU04820102,Alblasserdam,120,0.0,15.0,50.0,5.0,5.0,20.0,10.0,15.0
BU04820103,Alblasserdam,185,0.0,30.0,35.0,10.0,20.0,35.0,30.0,20.0
BU04820104,Alblasserdam,70,0.0,5.0,25.0,10.0,5.0,10.0,10.0,5.0
BU04820105,Alblasserdam,130,0.0,15.0,25.0,10.0,20.0,30.0,15.0,10.0
BU04820201,Alblasserdam,95,0.0,30.0,10.0,10.0,10.0,15.0,15.0,5.0
BU04820202,Alblasserdam,80,0.0,15.0,5.0,10.0,5.0,25.0,15.0,5.0
BU04820203,Alblasserdam,35,0.0,5.0,0.0,0.0,0.0,5.0,15.0,5.0
BU04820204,Alblasserdam,0,,,,,,,,
BU04820205,Alblasserdam,65,0.0,20.0,15.0,5.0,5.0,5.0,15.0,5.0
BU04820206,Alblasserdam,50,0.0,20.0,0.0,5.0,5.0,10.0,10.0,0.0
BU04820301,Alblasserdam,65,0.0,10.0,5.0,5.0,5.0,20.0,15.0,5.0
BU04820302,Alblasserdam,50,0.0,10.0,5.0,5.0,5.0,15.0,5.0,5.0
BU04820303,Alblasserdam,55,0.0,10.0,5.0,5.0,10.0,15.0,5.0,10.0
BU04820304,Alblasserdam,65,0.0,10.0,5.0,5.0,5.0,20.0,10.0,10.0
BU04820305,Alblasserdam,55,0.0,15.0,10.0,5.0,5.0,10.0,5.0,5.0
BU04820306,Alblasserdam,105,0.0,20.0,15.0,10.0,5.0,10.0,25.0,10.0
BU04820307,Alblasserdam,130,0.0,45.0,20.0,5.0,5.0,20.0,10.0,10.0
BU04820401,Alblasserdam,75,0.0,15.0,5.0,10.0,5.0,15.0,15.0,5.0
BU04820402,Alblasserdam,125,0.0,25.0,15.0,10.0,15.0,35.0,20.0,5.0
BU04820403,Alblasserdam,50,0.0,0.0,5.0,10.0,20.0,10.0,5.0,5.0
BU04820404,Alblasserdam,20,,,,,,,,
BU04820501,Alblasserdam,290,0.0,45.0,95.0,30.0,40.0,60.0,10.0,10.0
BU04820502,Alblasserdam,85,0.0,20.0,30.0,10.0,5.0,20.0,0.0,0.0
BU04820503,Alblasserdam,135,0.0,30.0,40.0,25.0,15.0,20.0,5.0,5.0
BU04820601,Alblasserdam,0,,,,,,,,
BU04820602,Alblasserdam,10,,,,,,,,
BU04820603,Alblasserdam,10,,,,,,,,
BU04820604,Alblasserdam,25,0.0,5.0,5.0,5.0,5.0,5.0,0.0,0.0
BU06130101,Albrandswaard,230,0.0,20.0,30.0,20.0,30.0,70.0,35.0,20.0
BU06130102,Albrandswaard,45,0.0,5.0,15.0,5.0,0.0,5.0,5.0,5.0
BU06130103,Albrandswaard,5,,,,,,,,
BU06130104,Albrandswaard,15,,,,,,,,
BU06130205,Albrandswaard,275,0.0,40.0,35.0,35.0,30.0,65.0,40.0,25.0
BU06130207,Albrandswaard,5,,,,,,,,
BU06130308,Albrandswaard,90,0.0,10.0,10.0,5.0,5.0,25.0,20.0,10.0
BU06130309,Albrandswaard,140,0.0,20.0,10.0,5.0,10.0,45.0,35.0,15.0
BU06130310,Albrandswaard,100,0.0,5.0,30.0,5.0,10.0,20.0,15.0,20.0
BU06130311,Albrandswaard,160,0.0,20.0,15.0,10.0,20.0,35.0,35.0,20.0
BU06130312,Albrandswaard,35,0.0,5.0,5.0,0.0,0.0,5.0,10.0,5.0
BU06130313,Albrandswaard,25,0.0,5.0,5.0,0.0,5.0,5.0,5.0,0.0
BU06130414,Albrandswaard,250,0.0,30.0,55.0,30.0,20.0,55.0,35.0,25.0
BU06130415,Albrandswaard,110,0.0,10.0,15.0,5.0,15.0,35.0,20.0,10.0
BU06130416,Albrandswaard,195,0.0,40.0,30.0,45.0,30.0,30.0,10.0,5.0
BU06130417,Albrandswaard,75,0.0,5.0,10.0,5.0,5.0,25.0,15.0,5.0
BU06130418,Albrandswaard,135,0.0,10.0,15.0,15.0,10.0,50.0,20.0,10.0
BU06130419,Albrandswaard,120,0.0,15.0,15.0,10.0,15.0,30.0,15.0,20.0
BU06130420,Albrandswaard,25,0.0,5.0,5.0,0.0,5.0,5.0,5.0,0.0
BU06130521,Albrandswaard,95,0.0,15.0,30.0,10.0,5.0,20.0,5.0,5.0
BU06130522,Albrandswaard,60,15.0,5.0,5.0,0.0,10.0,10.0,5.0,5.0
BU06130623,Albrandswaard,205,0.0,25.0,25.0,30.0,25.0,55.0,35.0,15.0
BU06130624,Albrandswaard,170,0.0,20.0,25.0,10.0,15.0,40.0,45.0,10.0
BU06130625,Albrandswaard,15,,,,,,,,
BU06130626,Albrandswaard,295,0.0,35.0,40.0,30.0,25.0,85.0,50.0,25.0
BU06130706,Albrandswaard,50,0.0,5.0,10.0,25.0,10.0,5.0,0.0,0.0
BU03610100,Alkmaar,135,0.0,15.0,30.0,10.0,10.0,25.0,30.0,15.0
BU03610101,Alkmaar,120,0.0,25.0,15.0,5.0,5.0,35.0,20.0,15.0
BU03610102,Alkmaar,210,0.0,30.0,35.0,10.0,10.0,55.0,45.0,25.0
BU03610103,Alkmaar,70,0.0,15.0,10.0,5.0,5.0,15.0,20.0,10.0
BU03610104,Alkmaar,300,0.0,15.0,25.0,15.0,45.0,85.0,90.0,25.0
BU03610105,Alkmaar,295,0.0,25.0,35.0,10.0,35.0,80.0,85.0,20.0
BU03610106,Alkmaar,210,0.0,20.0,25.0,10.0,30.0,60.0,30.0,30.0
BU03610107,Alkmaar,60,0.0,5.0,0.0,5.0,0.0,20.0,15.0,15.0
BU03610108,Alkmaar,225,0.0,45.0,30.0,10.0,15.0,45.0,40.0,40.0
BU03610109,Alkmaar,215,0.0,20.0,15.0,15.0,35.0,55.0,50.0,25.0
BU03610200,Alkmaar,265,0.0,30.0,25.0,20.0,25.0,85.0,45.0,25.0
BU03610201,Alkmaar,260,5.0,35.0,25.0,20.0,30.0,55.0,55.0,30.0
BU03610202,Alkmaar,230,0.0,40.0,30.0,15.0,20.0,55.0,45.0,25.0
BU03610203,Alkmaar,555,0.0,120.0,105.0,60.0,45.0,115.0,60.0,55.0
BU03610204,Alkmaar,135,0.0,30.0,15.0,10.0,5.0,35.0,20.0,20.0
BU03610205,Alkmaar,80,0.0,15.0,0.0,5.0,0.0,15.0,30.0,10.0
BU03610206,Alkmaar,90,0.0,5.0,10.0,5.0,5.0,20.0,35.0,10.0
BU03610208,Alkmaar,190,0.0,20.0,25.0,15.0,25.0,50.0,35.0,20.0
BU03610209,Alkmaar,505,0.0,100.0,170.0,35.0,55.0,80.0,35.0,25.0
BU03610300,Alkmaar,275,0.0,60.0,40.0,20.0,10.0,55.0,55.0,35.0
BU03610301,Alkmaar,360,0.0,50.0,90.0,30.0,20.0,85.0,50.0,40.0
BU03610302,Alkmaar,150,0.0,30.0,25.0,25.0,0.0,30.0,25.0,15.0
BU03610303,Alkmaar,170,0.0,30.0,30.0,10.0,15.0,35.0,40.0,15.0
BU03610308,Alkmaar,165,0.0,35.0,65.0,15.0,15.0,30.0,5.0,5.0
BU03610309,Alkmaar,165,0.0,30.0,35.0,10.0,25.0,40.0,10.0,10.0
BU03610400,Alkmaar,245,0.0,40.0,25.0,20.0,15.0,55.0,60.0,30.0
BU03610401,Alkmaar,335,0.0,50.0,55.0,30.0,15.0,60.0,80.0,40.0
BU03610402,Alkmaar,160,0.0,15.0,15.0,10.0,15.0,55.0,35.0,15.0
BU03610403,Alkmaar,235,0.0,25.0,25.0,25.0,25.0,75.0,35.0,25.0
BU03610404,Alkmaar,250,0.0,30.0,25.0,20.0,20.0,75.0,55.0,30.0
BU03610409,Alkmaar,375,5.0,25.0,45.0,35.0,45.0,125.0,65.0,30.0
BU03610500,Alkmaar,260,0.0,55.0,30.0,30.0,5.0,40.0,65.0,35.0
BU03610501,Alkmaar,15,,,,,,,,
BU03610502,Alkmaar,200,0.0,40.0,15.0,10.0,5.0,35.0,65.0,25.0
BU03610503,Alkmaar,160,0.0,35.0,20.0,15.0,0.0,40.0,45.0,10.0
BU03610600,Alkmaar,275,0.0,55.0,35.0,25.0,5.0,50.0,65.0,35.0
BU03610601,Alkmaar,200,0.0,55.0,35.0,10.0,5.0,30.0,40.0,25.0
BU03610602,Alkmaar,205,0.0,35.0,25.0,15.0,5.0,45.0,55.0,25.0
BU03610603,Alkmaar,275,0.0,40.0,30.0,25.0,5.0,50.0,90.0,35.0
BU03610604,Alkmaar,235,0.0,25.0,95.0,10.0,10.0,30.0,35.0,30.0
BU03610700,Alkmaar,210,0.0,25.0,30.0,15.0,10.0,55.0,55.0,20.0
BU03610701,Alkmaar,185,0.0,35.0,20.0,20.0,10.0,30.0,45.0,20.0
BU03610702,Alkmaar,225,0.0,40.0,30.0,10.0,10.0,50.0,60.0,25.0
BU03610703,Alkmaar,170,0.0,25.0,20.0,15.0,10.0,35.0,35.0,25.0
BU03610704,Alkmaar,220,0.0,45.0,30.0,15.0,10.0,50.0,55.0,20.0
BU03610709,Alkmaar,5,,,,,,,,
BU03610800,Alkmaar,1105,0.0,70.0,455.0,70.0,70.0,165.0,85.0,185.0
BU03610801,Alkmaar,830,0.0,60.0,185.0,50.0,85.0,205.0,115.0,130.0
BU03610802,Alkmaar,470,0.0,55.0,80.0,30.0,30.0,90.0,80.0,105.0
BU03610803,Alkmaar,215,0.0,15.0,90.0,20.0,20.0,40.0,15.0,15.0
BU03610900,Alkmaar,125,20.0,20.0,25.0,5.0,15.0,20.0,10.0,10.0
BU03610901,Alkmaar,30,10.0,0.0,5.0,5.0,5.0,0.0,0.0,0.0
BU03610902,Alkmaar,310,30.0,55.0,45.0,15.0,35.0,55.0,40.0,30.0
BU03610903,Alkmaar,205,15.0,50.0,15.0,10.0,30.0,30.0,25.0,25.0
BU03610904,Alkmaar,140,45.0,30.0,15.0,0.0,5.0,20.0,15.0,15.0
BU03610905,Alkmaar,60,5.0,5.0,5.0,0.0,5.0,15.0,15.0,5.0
BU03610906,Alkmaar,145,15.0,25.0,20.0,10.0,15.0,20.0,15.0,20.0
BU03611000,Alkmaar,20,,,,,,,,
BU03611001,Alkmaar,105,0.0,20.0,10.0,5.0,10.0,30.0,10.0,15.0
BU03611002,Alkmaar,105,10.0,20.0,15.0,5.0,10.0,25.0,20.0,5.0
BU03611003,Alkmaar,615,5.0,110.0,90.0,45.0,70.0,140.0,80.0,70.0
BU03611004,Alkmaar,35,0.0,10.0,0.0,0.0,0.0,10.0,5.0,5.0
BU03611005,Alkmaar,65,25.0,10.0,5.0,0.0,5.0,10.0,5.0,5.0
BU03611006,Alkmaar,55,0.0,15.0,5.0,5.0,5.0,10.0,10.0,5.0
BU03611100,Alkmaar,285,0.0,35.0,35.0,30.0,15.0,75.0,70.0,25.0
BU03611101,Alkmaar,125,0.0,10.0,10.0,5.0,10.0,35.0,35.0,15.0
BU01411000,Almelo,440,0.0,35.0,130.0,25.0,30.0,80.0,90.0,50.0
BU01411001,Almelo,175,0.0,15.0,65.0,10.0,10.0,35.0,25.0,15.0
BU01411002,Almelo,45,0.0,10.0,10.0,0.0,5.0,5.0,5.0,15.0
BU01411003,Almelo,130,0.0,20.0,45.0,5.0,5.0,25.0,10.0,15.0
BU01411100,Almelo,85,0.0,25.0,15.0,5.0,10.0,10.0,10.0,5.0
BU01411101,Almelo,105,0.0,15.0,20.0,5.0,10.0,20.0,15.0,20.0
BU01411102,Almelo,130,0.0,20.0,35.0,5.0,10.0,15.0,30.0,15.0
BU01411103,Almelo,125,0.0,30.0,25.0,10.0,5.0,15.0,25.0,20.0
BU01411104,Almelo,75,0.0,25.0,15.0,0.0,0.0,15.0,20.0,5.0
BU01411105,Almelo,75,0.0,20.0,25.0,5.0,0.0,15.0,5.0,0.0
BU01411109,Almelo,10,,,,,,,,
BU01411200,Almelo,115,0.0,15.0,30.0,10.0,10.0,30.0,15.0,15.0
BU01411201,Almelo,220,0.0,20.0,20.0,10.0,45.0,55.0,60.0,10.0
BU01411202,Almelo,70,0.0,15.0,15.0,0.0,0.0,5.0,15.0,10.0
BU01411203,Almelo,65,0.0,10.0,10.0,10.0,5.0,20.0,10.0,5.0
BU01411204,Almelo,315,0.0,80.0,110.0,20.0,30.0,45.0,15.0,5.0
BU01411205,Almelo,235,0.0,70.0,70.0,15.0,30.0,40.0,5.0,0.0
BU01411206,Almelo,20,,,,,,,,
BU01411209,Almelo,30,5.0,0.0,5.0,0.0,5.0,10.0,5.0,0.0
BU01411300,Almelo,155,0.0,15.0,40.0,5.0,5.0,30.0,35.0,15.0
BU01411301,Almelo,125,0.0,15.0,10.0,10.0,30.0,40.0,15.0,15.0
BU01411302,Almelo,45,0.0,10.0,10.0,0.0,0.0,5.0,10.0,5.0
BU01411303,Almelo,105,0.0,20.0,35.0,5.0,0.0,5.0,15.0,20.0
BU01411304,Almelo,55,0.0,5.0,5.0,5.0,10.0,20.0,10.0,5.0
BU01411305,Almelo,60,5.0,10.0,15.0,0.0,5.0,10.0,10.0,5.0
BU01411309,Almelo,20,,,,,,,,
BU01411400,Almelo,80,0.0,10.0,5.0,5.0,10.0,20.0,20.0,15.0
BU01411401,Almelo,80,0.0,15.0,30.0,5.0,10.0,10.0,5.0,5.0
BU01411402,Almelo,70,0.0,15.0,15.0,5.0,0.0,15.0,10.0,5.0
BU01411403,Almelo,75,0.0,5.0,25.0,5.0,0.0,5.0,30.0,5.0
BU01411404,Almelo,40,0.0,0.0,5.0,5.0,10.0,10.0,5.0,5.0
BU01411405,Almelo,70,0.0,15.0,15.0,5.0,0.0,15.0,15.0,10.0
BU01411406,Almelo,55,0.0,10.0,10.0,10.0,0.0,5.0,10.0,10.0
BU01411409,Almelo,50,10.0,10.0,5.0,0.0,5.0,5.0,5.0,5.0
BU01411500,Almelo,80,0.0,20.0,30.0,5.0,0.0,10.0,10.0,10.0
BU01411501,Almelo,120,0.0,30.0,40.0,5.0,0.0,15.0,10.0,10.0
BU01411502,Almelo,40,0.0,10.0,10.0,0.0,0.0,5.0,10.0,5.0
BU01411600,Almelo,60,0.0,25.0,15.0,5.0,0.0,5.0,5.0,10.0
BU01411601,Almelo,85,0.0,25.0,25.0,5.0,0.0,10.0,5.0,5.0
BU01411602,Almelo,40,0.0,10.0,15.0,0.0,0.0,0.0,5.0,5.0
BU01411603,Almelo,80,0.0,20.0,15.0,5.0,0.0,10.0,5.0,15.0
BU01411604,Almelo,150,0.0,25.0,40.0,5.0,5.0,15.0,40.0,20.0
BU01411605,Almelo,65,0.0,10.0,10.0,5.0,0.0,5.0,15.0,15.0
BU01411700,Almelo,110,0.0,5.0,30.0,5.0,10.0,20.0,20.0,15.0
BU01411701,Almelo,75,0.0,5.0,10.0,0.0,5.0,20.0,25.0,10.0
BU01411702,Almelo,50,0.0,0.0,10.0,5.0,10.0,10.0,10.0,5.0
BU01411703,Almelo,150,0.0,15.0,20.0,10.0,25.0,35.0,40.0,10.0
BU01411709,Almelo,65,25.0,5.0,5.0,5.0,10.0,10.0,5.0,5.0
BU01411800,Almelo,75,0.0,5.0,20.0,5.0,5.0,15.0,20.0,5.0
BU01411801,Almelo,60,0.0,5.0,15.0,5.0,0.0,5.0,20.0,10.0
BU01411802,Almelo,135,0.0,30.0,45.0,10.0,5.0,15.0,15.0,10.0
BU01411803,Almelo,95,0.0,25.0,20.0,10.0,0.0,10.0,15.0,10.0
BU01411804,Almelo,85,0.0,10.0,10.0,5.0,10.0,25.0,15.0,15.0
BU01411805,Almelo,225,0.0,30.0,40.0,10.0,30.0,40.0,50.0,30.0
BU01411806,Almelo,0,,,,,,,,
BU01411900,Almelo,90,0.0,5.0,25.0,5.0,10.0,15.0,20.0,10.0
BU01411901,Almelo,70,0.0,10.0,5.0,10.0,0.0,10.0,25.0,10.0
BU01411902,Almelo,90,0.0,10.0,20.0,5.0,0.0,10.0,25.0,15.0
BU01411903,Almelo,85,0.0,15.0,20.0,5.0,5.0,10.0,20.0,10.0
BU01411904,Almelo,85,0.0,5.0,10.0,10.0,10.0,25.0,15.0,5.0
BU01411905,Almelo,150,0.0,15.0,25.0,5.0,10.0,20.0,65.0,15.0
BU01411906,Almelo,165,0.0,15.0,30.0,10.0,20.0,40.0,30.0,15.0
BU01411907,Almelo,65,0.0,10.0,20.0,0.0,5.0,15.0,10.0,5.0
BU01411908,Almelo,380,0.0,60.0,120.0,20.0,50.0,95.0,20.0,20.0
BU01411909,Almelo,230,0.0,20.0,35.0,25.0,25.0,60.0,50.0,15.0
BU01411910,Almelo,20,,,,,,,,
BU01411920,Almelo,5,,,,,,,,
BU01412000,Almelo,55,0.0,5.0,15.0,0.0,10.0,15.0,5.0,5.0
BU01412001,Almelo,100,0.0,25.0,20.0,5.0,10.0,15.0,15.0,10.0
BU01412100,Almelo,155,5.0,35.0,20.0,10.0,25.0,25.0,20.0,20.0
BU01412109,Almelo,175,55.0,20.0,25.0,5.0,15.0,25.0,10.0,15.0
BU00340101,Almere,170,0.0,10.0,50.0,15.0,5.0,20.0,35.0,35.0
BU00340102,Almere,120,0.0,10.0,45.0,5.0,10.0,15.0,15.0,15.0
BU00340201,Almere,50,0.0,10.0,5.0,0.0,0.0,20.0,5.0,5.0
BU00340202,Almere,75,0.0,15.0,10.0,5.0,5.0,20.0,10.0,15.0
BU00340203,Almere,40,0.0,5.0,5.0,5.0,0.0,10.0,10.0,0.0
BU00340204,Almere,25,0.0,5.0,0.0,5.0,0.0,5.0,5.0,5.0
BU00340205,Almere,35,0.0,5.0,5.0,5.0,0.0,5.0,10.0,5.0
BU00340301,Almere,65,0.0,10.0,5.0,5.0,0.0,15.0,10.0,15.0
BU00340302,Almere,70,0.0,15.0,5.0,5.0,5.0,15.0,15.0,5.0
BU00340303,Almere,75,0.0,20.0,15.0,15.0,0.0,10.0,15.0,10.0
BU00340304,Almere,0,,,,,,,,
BU00340401,Almere,50,0.0,10.0,5.0,5.0,5.0,15.0,5.0,10.0
BU00340402,Almere,75,0.0,20.0,5.0,10.0,5.0,20.0,10.0,5.0
BU00340403,Almere,70,0.0,10.0,10.0,10.0,0.0,15.0,20.0,10.0
BU00340501,Almere,85,0.0,15.0,10.0,5.0,5.0,20.0,20.0,5.0
BU00340502,Almere,75,0.0,15.0,10.0,15.0,5.0,15.0,10.0,5.0
BU00340503,Almere,50,0.0,10.0,0.0,5.0,5.0,15.0,5.0,10.0
BU00340504,Almere,0,,,,,,,,
BU00340601,Almere,150,0.0,25.0,15.0,15.0,5.0,40.0,30.0,20.0
BU00340602,Almere,105,0.0,20.0,15.0,10.0,0.0,25.0,25.0,10.0
BU00340603,Almere,70,0.0,15.0,10.0,5.0,0.0,20.0,10.0,5.0
BU00340604,Almere,0,,,,,,,,
BU00340605,Almere,0,,,,,,,,
BU00340606,Almere,0,,,,,,,,
BU00340701,Almere,120,0.0,20.0,10.0,20.0,5.0,35.0,20.0,10.0
BU00340702,Almere,60,0.0,10.0,10.0,5.0,0.0,15.0,10.0,5.0
BU00340703,Almere,95,0.0,10.0,10.0,10.0,5.0,20.0,25.0,15.0
BU00340704,Almere,40,0.0,10.0,10.0,5.0,0.0,15.0,0.0,5.0
BU00340801,Almere,60,0.0,15.0,5.0,10.0,0.0,5.0,15.0,5.0
BU00340802,Almere,80,0.0,20.0,10.0,10.0,0.0,15.0,15.0,10.0
BU00340803,Almere,115,0.0,20.0,10.0,10.0,5.0,30.0,30.0,15.0
BU00340901,Almere,95,0.0,5.0,10.0,5.0,15.0,25.0,25.0,5.0
BU00340902,Almere,125,0.0,5.0,10.0,20.0,15.0,40.0,25.0,10.0
BU00341001,Almere,130,0.0,5.0,10.0,10.0,45.0,45.0,10.0,5.0
BU00341002,Almere,0,,,,,,,,
BU00341003,Almere,0,,,,,,,,
BU00341101,Almere,40,0.0,5.0,5.0,10.0,5.0,10.0,5.0,5.0
BU00341102,Almere,30,0.0,5.0,5.0,0.0,0.0,5.0,10.0,5.0
BU00341401,Almere,195,0.0,25.0,60.0,15.0,10.0,55.0,20.0,15.0
BU00341501,Almere,15,,,,,,,,
BU00341601,Almere,0,,,,,,,,
BU00341602,Almere,5,,,,,,,,
BU00341701,Almere,275,0.0,15.0,35.0,65.0,25.0,85.0,20.0,25.0
BU00341702,Almere,195,0.0,5.0,80.0,15.0,0.0,20.0,65.0,10.0
BU00341703,Almere,200,0.0,10.0,105.0,15.0,5.0,30.0,15.0,15.0
BU00341704,Almere,235,0.0,20.0,60.0,25.0,10.0,50.0,35.0,35.0
BU00341705,Almere,345,0.0,30.0,105.0,25.0,25.0,60.0,60.0,40.0
BU00341801,Almere,135,0.0,10.0,35.0,15.0,0.0,30.0,35.0,10.0
BU00341802,Almere,110,0.0,15.0,20.0,10.0,5.0,20.0,20.0,15.0
BU00341803,Almere,190,0.0,10.0,20.0,30.0,5.0,55.0,45.0,30.0
BU00341804,Almere,225,0.0,20.0,25.0,25.0,25.0,80.0,35.0,20.0
BU00341805,Almere,240,0.0,20.0,40.0,30.0,15.0,55.0,65.0,20.0
BU00341806,Almere,165,0.0,15.0,20.0,15.0,10.0,45.0,35.0,20.0
BU00341807,Almere,0,,,,,,,,
BU00341808,Almere,5,,,,,,,,
BU00341901,Almere,110,0.0,20.0,25.0,15.0,0.0,20.0,20.0,10.0
BU00341902,Almere,195,0.0,45.0,35.0,25.0,0.0,40.0,30.0,15.0
BU00341903,Almere,85,0.0,10.0,15.0,10.0,0.0,15.0,20.0,15.0
BU00341904,Almere,50,0.0,10.0,5.0,5.0,0.0,10.0,10.0,5.0
BU00342001,Almere,190,0.0,10.0,25.0,20.0,15.0,45.0,55.0,20.0
BU00342002,Almere,185,0.0,20.0,30.0,20.0,5.0,50.0,40.0,20.0
BU00342003,Almere,140,0.0,20.0,20.0,15.0,5.0,35.0,30.0,15.0
BU00342004,Almere,80,0.0,10.0,5.0,10.0,15.0,20.0,15.0,5.0
BU00342005,Almere,0,,,,,,,,
BU00342101,Almere,190,0.0,30.0,30.0,25.0,5.0,45.0,30.0,25.0
BU00342102,Almere,150,0.0,15.0,20.0,15.0,10.0,45.0,30.0,15.0
BU00342103,Almere,0,,,,,,,,
BU00342201,Almere,135,0.0,25.0,20.0,15.0,5.0,25.0,20.0,25.0
BU00342202,Almere,125,5.0,25.0,15.0,10.0,0.0,30.0,25.0,15.0
BU00342203,Almere,115,0.0,20.0,10.0,15.0,5.0,30.0,20.0,15.0
BU00342204,Almere,135,0.0,25.0,25.0,20.0,0.0,25.0,25.0,15.0
BU00342205,Almere,140,0.0,20.0,25.0,20.0,0.0,20.0,30.0,20.0
BU00342206,Almere,70,0.0,15.0,25.0,5.0,5.0,15.0,5.0,5.0
BU00342301,Almere,180,0.0,35.0,30.0,25.0,10.0,35.0,30.0,20.0
BU00342302,Almere,190,0.0,20.0,35.0,25.0,5.0,50.0,35.0,20.0
BU00342303,Almere,155,0.0,15.0,25.0,25.0,5.0,30.0,35.0,15.0
BU00342304,Almere,35,0.0,0.0,0.0,5.0,0.0,5.0,15.0,10.0
BU00342401,Almere,85,0.0,5.0,10.0,5.0,5.0,25.0,25.0,5.0
BU00342402,Almere,210,0.0,20.0,35.0,25.0,10.0,60.0,40.0,20.0
BU00342403,Almere,180,0.0,20.0,30.0,20.0,15.0,50.0,25.0,20.0
BU00342404,Almere,140,0.0,15.0,15.0,30.0,5.0,25.0,25.0,20.0
BU00342405,Almere,235,0.0,35.0,40.0,25.0,15.0,45.0,60.0,20.0
BU00342406,Almere,170,0.0,15.0,25.0,35.0,10.0,35.0,30.0,20.0
BU00342407,Almere,90,0.0,5.0,10.0,10.0,5.0,25.0,25.0,5.0
BU00342408,Almere,0,,,,,,,,
BU00342501,Almere,90,0.0,0.0,10.0,10.0,0.0,25.0,25.0,10.0
BU00342502,Almere,100,0.0,15.0,10.0,15.0,5.0,30.0,15.0,15.0
BU00342503,Almere,60,0.0,5.0,10.0,5.0,5.0,10.0,20.0,5.0
BU00342601,Almere,95,0.0,10.0,10.0,10.0,5.0,25.0,25.0,15.0
BU00342602,Almere,135,0.0,30.0,20.0,15.0,5.0,25.0,30.0,20.0
BU00342603,Almere,145,0.0,25.0,20.0,20.0,0.0,25.0,40.0,10.0
BU00342604,Almere,95,0.0,25.0,15.0,15.0,0.0,15.0,20.0,10.0
BU00342605,Almere,80,0.0,10.0,10.0,10.0,0.0,20.0,15.0,10.0
BU00342606,Almere,125,0.0,25.0,15.0,10.0,0.0,25.0,30.0,15.0
BU00342607,Almere,60,0.0,5.0,10.0,5.0,5.0,10.0,10.0,5.0
BU00342608,Almere,0,,,,,,,,
BU00342609,Almere,5,,,,,,,,
BU00342701,Almere,150,0.0,25.0,30.0,15.0,0.0,25.0,45.0,10.0
BU00342702,Almere,130,0.0,30.0,10.0,15.0,0.0,20.0,30.0,25.0
BU00342703,Almere,270,0.0,30.0,50.0,30.0,10.0,55.0,65.0,25.0
BU00342704,Almere,165,0.0,35.0,25.0,15.0,5.0,35.0,30.0,15.0
BU00342705,Almere,195,0.0,35.0,40.0,15.0,5.0,40.0,30.0,25.0
BU00342706,Almere,25,0.0,0.0,15.0,0.0,0.0,5.0,5.0,0.0
BU00342707,Almere,0,,,,,,,,
BU00342708,Almere,0,,,,,,,,
BU00342801,Almere,100,0.0,10.0,15.0,10.0,0.0,25.0,25.0,15.0
BU00342802,Almere,180,0.0,35.0,25.0,20.0,5.0,30.0,30.0,30.0
BU00342803,Almere,85,0.0,5.0,10.0,5.0,15.0,30.0,10.0,5.0
BU00342804,Almere,150,0.0,25.0,15.0,15.0,5.0,35.0,25.0,25.0
BU00342805,Almere,80,0.0,15.0,15.0,5.0,0.0,10.0,20.0,15.0
BU00342806,Almere,195,0.0,20.0,20.0,20.0,5.0,45.0,60.0,20.0
BU00342807,Almere,120,0.0,20.0,15.0,15.0,5.0,30.0,15.0,15.0
BU00342808,Almere,165,0.0,20.0,25.0,20.0,10.0,40.0,35.0,15.0
BU00342809,Almere,70,0.0,15.0,25.0,5.0,5.0,10.0,5.0,10.0
BU00342810,Almere,0,,,,,,,,
BU00342901,Almere,140,0.0,30.0,20.0,15.0,0.0,25.0,30.0,20.0
BU00342902,Almere,240,0.0,45.0,35.0,25.0,10.0,45.0,50.0,30.0
BU00342903,Almere,140,0.0,15.0,25.0,25.0,5.0,20.0,30.0,25.0
BU00342904,Almere,110,0.0,20.0,25.0,5.0,10.0,20.0,15.0,10.0
BU00343001,Almere,185,0.0,30.0,30.0,25.0,10.0,45.0,30.0,15.0
BU00343002,Almere,150,0.0,30.0,30.0,15.0,10.0,30.0,25.0,15.0
BU00343003,Almere,160,0.0,20.0,25.0,25.0,5.0,35.0,25.0,25.0
BU00343004,Almere,305,0.0,25.0,45.0,40.0,20.0,105.0,40.0,35.0
BU00343005,Almere,170,0.0,30.0,20.0,20.0,5.0,30.0,40.0,15.0
BU00343006,Almere,40,0.0,5.0,15.0,5.0,0.0,5.0,5.0,5.0
BU00343007,Almere,80,0.0,10.0,25.0,5.0,5.0,15.0,10.0,10.0
BU00343101,Almere,170,0.0,15.0,15.0,10.0,40.0,55.0,25.0,10.0
BU00343102,Almere,155,0.0,10.0,15.0,25.0,20.0,55.0,15.0,15.0
BU00343103,Almere,310,0.0,35.0,50.0,30.0,20.0,95.0,45.0,35.0
BU00343104,Almere,295,0.0,30.0,35.0,35.0,30.0,80.0,50.0,35.0
BU00343105,Almere,155,0.0,10.0,15.0,25.0,15.0,45.0,25.0,10.0
BU00343201,Almere,0,,,,,,,,
BU00343401,Almere,295,0.0,20.0,50.0,50.0,35.0,85.0,45.0,10.0
BU00343402,Almere,10,,,,,,,,
BU00343403,Almere,95,0.0,10.0,10.0,10.0,10.0,25.0,30.0,5.0
BU00343501,Almere,340,0.0,40.0,135.0,30.0,25.0,60.0,20.0,30.0
BU00343502,Almere,65,0.0,5.0,50.0,0.0,0.0,5.0,0.0,5.0
BU00343601,Almere,75,0.0,10.0,20.0,15.0,15.0,10.0,0.0,5.0
BU00343701,Almere,265,0.0,35.0,80.0,20.0,25.0,65.0,25.0,15.0
BU00343702,Almere,430,0.0,50.0,85.0,50.0,60.0,130.0,25.0,30.0
BU00343801,Almere,150,0.0,20.0,60.0,10.0,10.0,30.0,5.0,10.0
BU00343802,Almere,115,0.0,0.0,45.0,15.0,20.0,25.0,0.0,5.0
BU00343901,Almere,35,0.0,0.0,20.0,5.0,5.0,0.0,5.0,0.0
BU00343902,Almere,20,,,,,,,,
BU00343903,Almere,10,,,,,,,,
BU00344001,Almere,0,,,,,,,,
BU00344002,Almere,5,,,,,,,,
BU00344003,Almere,0,,,,,,,,
BU00344101,Almere,215,0.0,20.0,90.0,10.0,5.0,35.0,25.0,30.0
BU00344102,Almere,125,0.0,15.0,50.0,10.0,0.0,15.0,20.0,15.0
BU00344201,Almere,135,0.0,10.0,20.0,10.0,5.0,40.0,35.0,15.0
BU00344202,Almere,235,0.0,45.0,35.0,25.0,10.0,60.0,40.0,20.0
BU00344203,Almere,225,0.0,35.0,35.0,25.0,5.0,50.0,60.0,15.0
BU00344204,Almere,0,,,,,,,,
BU00344301,Almere,155,0.0,10.0,15.0,20.0,15.0,50.0,35.0,10.0
BU00344302,Almere,135,0.0,30.0,25.0,10.0,5.0,30.0,30.0,10.0
BU00344303,Almere,220,0.0,35.0,35.0,35.0,5.0,50.0,45.0,25.0
BU00344304,Almere,0,,,,,,,,
BU00344401,Almere,175,0.0,25.0,30.0,15.0,5.0,45.0,35.0,20.0
BU00344402,Almere,110,0.0,20.0,25.0,10.0,0.0,20.0,25.0,10.0
BU00344403,Almere,55,0.0,10.0,10.0,5.0,5.0,5.0,15.0,10.0
BU00344501,Almere,145,0.0,25.0,15.0,20.0,5.0,30.0,25.0,25.0
BU00344502,Almere,110,0.0,15.0,20.0,15.0,0.0,20.0,25.0,15.0
BU00344503,Almere,70,0.0,20.0,10.0,10.0,0.0,10.0,15.0,5.0
BU00344504,Almere,40,0.0,5.0,5.0,0.0,10.0,5.0,10.0,10.0
BU00344505,Almere,5,,,,,,,,
BU00344601,Almere,120,0.0,20.0,10.0,20.0,0.0,30.0,25.0,10.0
BU00344602,Almere,110,0.0,15.0,20.0,15.0,0.0,25.0,20.0,15.0
BU00344603,Almere,115,0.0,20.0,5.0,15.0,5.0,35.0,25.0,15.0
BU00344701,Almere,160,0.0,25.0,25.0,15.0,5.0,40.0,40.0,15.0
BU00344702,Almere,100,0.0,15.0,15.0,5.0,5.0,30.0,20.0,10.0
BU00344703,Almere,150,0.0,20.0,15.0,15.0,15.0,40.0,20.0,20.0
BU00344704,Almere,20,,,,,,,,
BU00344801,Almere,90,0.0,15.0,10.0,10.0,0.0,10.0,20.0,20.0
BU00344802,Almere,125,0.0,20.0,15.0,20.0,5.0,25.0,35.0,5.0
BU00344803,Almere,120,0.0,10.0,20.0,15.0,5.0,20.0,40.0,15.0
BU00344804,Almere,90,0.0,20.0,10.0,15.0,0.0,20.0,20.0,5.0
BU00344901,Almere,215,0.0,45.0,30.0,25.0,5.0,50.0,45.0,20.0
BU00344902,Almere,110,0.0,15.0,15.0,10.0,5.0,35.0,20.0,15.0
BU00344903,Almere,250,0.0,30.0,40.0,25.0,15.0,65.0,45.0,30.0
BU00344904,Almere,0,,,,,,,,
BU00345001,Almere,100,0.0,20.0,15.0,15.0,5.0,15.0,25.0,10.0
BU00345002,Almere,200,0.0,25.0,40.0,25.0,5.0,35.0,40.0,25.0
BU00345101,Almere,155,0.0,20.0,20.0,20.0,10.0,40.0,30.0,10.0
BU00345102,Almere,200,0.0,10.0,25.0,20.0,25.0,65.0,40.0,15.0
BU00345103,Almere,170,0.0,30.0,20.0,30.0,10.0,45.0,20.0,15.0
BU00345104,Almere,195,0.0,35.0,25.0,20.0,10.0,45.0,35.0,25.0
BU00345105,Almere,35,0.0,0.0,0.0,5.0,5.0,10.0,10.0,5.0
BU00345201,Almere,110,0.0,15.0,20.0,15.0,0.0,25.0,30.0,10.0
BU00345202,Almere,120,0.0,15.0,20.0,15.0,5.0,20.0,30.0,15.0
BU00345203,Almere,120,0.0,15.0,20.0,10.0,5.0,20.0,30.0,15.0
BU00345204,Almere,95,0.0,15.0,20.0,15.0,5.0,20.0,15.0,10.0
BU00345205,Almere,130,0.0,25.0,25.0,15.0,5.0,30.0,15.0,15.0
BU00345206,Almere,175,0.0,15.0,20.0,15.0,10.0,45.0,45.0,25.0
BU00345207,Almere,15,,,,,,,,
BU00345301,Almere,120,0.0,10.0,20.0,15.0,10.0,40.0,20.0,10.0
BU00345302,Almere,0,,,,,,,,
BU00345601,Almere,80,0.0,15.0,25.0,15.0,5.0,15.0,5.0,0.0
BU00345602,Almere,110,0.0,10.0,55.0,5.0,5.0,25.0,0.0,5.0
BU00345701,Almere,280,0.0,50.0,95.0,30.0,15.0,60.0,20.0,15.0
BU00345702,Almere,185,0.0,50.0,75.0,15.0,15.0,25.0,0.0,5.0
BU00345801,Almere,70,35.0,0.0,5.0,5.0,5.0,10.0,5.0,5.0
BU00345901,Almere,10,,,,,,,,
BU00345902,Almere,10,,,,,,,,
BU00346001,Almere,0,,,,,,,,
BU00346101,Almere,345,0.0,25.0,60.0,50.0,10.0,80.0,90.0,35.0
BU00346102,Almere,150,0.0,10.0,25.0,20.0,5.0,25.0,45.0,20.0
BU00346103,Almere,100,0.0,5.0,20.0,10.0,5.0,30.0,20.0,10.0
BU00346201,Almere,200,0.0,10.0,35.0,20.0,5.0,60.0,45.0,25.0
BU00346202,Almere,135,0.0,20.0,25.0,25.0,5.0,30.0,20.0,20.0
BU00346301,Almere,210,0.0,15.0,15.0,25.0,15.0,70.0,40.0,25.0
BU00346302,Almere,350,0.0,30.0,70.0,50.0,15.0,80.0,70.0,40.0
BU00346303,Almere,160,0.0,15.0,30.0,20.0,10.0,40.0,25.0,25.0
BU00346304,Almere,240,0.0,30.0,45.0,30.0,5.0,50.0,55.0,25.0
BU00346401,Almere,5,,,,,,,,
BU00346501,Almere,100,0.0,10.0,15.0,15.0,0.0,25.0,25.0,5.0
BU00346601,Almere,145,0.0,5.0,20.0,15.0,15.0,55.0,25.0,15.0
BU00346602,Almere,255,0.0,15.0,35.0,25.0,35.0,80.0,45.0,25.0
BU00347101,Almere,150,0.0,35.0,50.0,15.0,10.0,20.0,5.0,10.0
BU00347201,Almere,5,,,,,,,,
BU00347301,Almere,15,,,,,,,,
BU00347401,Almere,0,,,,,,,,
BU00347402,Almere,20,,,,,,,,
BU00347501,Almere,110,0.0,10.0,10.0,5.0,20.0,45.0,10.0,10.0
BU00347502,Almere,150,0.0,15.0,10.0,15.0,20.0,55.0,25.0,10.0
BU00347503,Almere,0,,,,,,,,
BU00347504,Almere,0,,,,,,,,
BU00347601,Almere,75,0.0,10.0,5.0,10.0,0.0,25.0,15.0,5.0
BU00347602,Almere,0,,,,,,,,
BU00347603,Almere,275,0.0,20.0,30.0,45.0,15.0,80.0,55.0,40.0
BU00347604,Almere,5,,,,,,,,
BU00347701,Almere,285,10.0,30.0,30.0,25.0,15.0,90.0,45.0,35.0
BU00347702,Almere,395,5.0,50.0,35.0,40.0,25.0,105.0,80.0,50.0
BU00347703,Almere,0,,,,,,,,
BU00347901,Almere,0,,,,,,,,
BU00348501,Almere,10,,,,,,,,
BU00348502,Almere,40,5.0,5.0,5.0,0.0,5.0,5.0,5.0,10.0
BU00349615,Almere,0,,,,,,,,
BU04840101,Alphen aan den Rijn,70,5.0,10.0,20.0,5.0,5.0,10.0,10.0,5.0
BU04840102,Alphen aan den Rijn,15,,,,,,,,
BU04840103,Alphen aan den Rijn,90,0.0,10.0,5.0,5.0,15.0,20.0,15.0,15.0
BU04840104,Alphen aan den Rijn,80,0.0,5.0,5.0,5.0,10.0,35.0,10.0,10.0
BU04840105,Alphen aan den Rijn,85,0.0,20.0,5.0,10.0,5.0,20.0,10.0,10.0
BU04840106,Alphen aan den Rijn,105,0.0,20.0,15.0,10.0,0.0,25.0,20.0,15.0
BU04840107,Alphen aan den Rijn,115,0.0,20.0,40.0,10.0,15.0,15.0,5.0,10.0
BU04840108,Alphen aan den Rijn,195,0.0,55.0,15.0,15.0,5.0,45.0,35.0,20.0
BU04840109,Alphen aan den Rijn,75,0.0,5.0,10.0,5.0,10.0,20.0,15.0,5.0
BU04840110,Alphen aan den Rijn,85,0.0,5.0,5.0,5.0,15.0,30.0,15.0,5.0
BU04840111,Alphen aan den Rijn,25,0.0,5.0,5.0,5.0,5.0,5.0,5.0,0.0
BU04840201,Alphen aan den Rijn,30,5.0,5.0,0.0,0.0,5.0,5.0,5.0,0.0
BU04840202,Alphen aan den Rijn,165,0.0,30.0,45.0,10.0,5.0,25.0,35.0,10.0
BU04840203,Alphen aan den Rijn,130,0.0,15.0,15.0,10.0,10.0,35.0,25.0,15.0
BU04840204,Alphen aan den Rijn,105,0.0,25.0,15.0,10.0,5.0,25.0,25.0,10.0
BU04840205,Alphen aan den Rijn,110,0.0,25.0,10.0,5.0,10.0,30.0,15.0,15.0
BU04840206,Alphen aan den Rijn,80,0.0,10.0,25.0,5.0,0.0,10.0,15.0,15.0
BU04840207,Alphen aan den Rijn,115,0.0,15.0,20.0,10.0,5.0,25.0,20.0,15.0
BU04840208,Alphen aan den Rijn,185,0.0,25.0,50.0,15.0,5.0,30.0,30.0,30.0
BU04840209,Alphen aan den Rijn,85,0.0,10.0,10.0,5.0,15.0,20.0,20.0,0.0
BU04840210,Alphen aan den Rijn,100,0.0,25.0,20.0,15.0,0.0,20.0,15.0,5.0
BU04840211,Alphen aan den Rijn,115,0.0,25.0,15.0,10.0,5.0,30.0,20.0,5.0
BU04840301,Alphen aan den Rijn,90,0.0,5.0,10.0,10.0,5.0,20.0,25.0,15.0
BU04840302,Alphen aan den Rijn,150,0.0,20.0,15.0,15.0,5.0,30.0,40.0,20.0
BU04840303,Alphen aan den Rijn,115,0.0,20.0,5.0,5.0,5.0,30.0,40.0,5.0
BU04840304,Alphen aan den Rijn,55,0.0,10.0,10.0,5.0,0.0,15.0,5.0,5.0
BU04840305,Alphen aan den Rijn,155,0.0,25.0,15.0,10.0,10.0,35.0,40.0,15.0
BU04840306,Alphen aan den Rijn,190,0.0,40.0,30.0,20.0,10.0,40.0,35.0,20.0
BU04840307,Alphen aan den Rijn,15,,,,,,,,
BU04840401,Alphen aan den Rijn,145,0.0,25.0,45.0,10.0,15.0,35.0,10.0,5.0
BU04840402,Alphen aan den Rijn,435,0.0,70.0,145.0,45.0,30.0,105.0,10.0,30.0
BU04840403,Alphen aan den Rijn,185,0.0,45.0,40.0,15.0,10.0,30.0,30.0,20.0
BU04840404,Alphen aan den Rijn,110,0.0,25.0,15.0,15.0,0.0,20.0,20.0,10.0
BU04840405,Alphen aan den Rijn,100,0.0,15.0,10.0,5.0,10.0,25.0,25.0,5.0
BU04840501,Alphen aan den Rijn,215,0.0,50.0,25.0,15.0,20.0,50.0,40.0,25.0
BU04840502,Alphen aan den Rijn,255,0.0,25.0,45.0,15.0,35.0,65.0,35.0,35.0
BU04840503,Alphen aan den Rijn,195,0.0,15.0,55.0,10.0,20.0,30.0,35.0,25.0
BU04840504,Alphen aan den Rijn,175,0.0,30.0,20.0,10.0,20.0,40.0,35.0,20.0
BU04840505,Alphen aan den Rijn,130,5.0,25.0,10.0,15.0,15.0,30.0,20.0,15.0
BU04840506,Alphen aan den Rijn,15,,,,,,,,
BU04840601,Alphen aan den Rijn,170,0.0,45.0,20.0,10.0,15.0,45.0,20.0,15.0
BU04840602,Alphen aan den Rijn,280,5.0,45.0,65.0,25.0,20.0,60.0,35.0,35.0
BU04840603,Alphen aan den Rijn,415,0.0,50.0,125.0,25.0,30.0,75.0,55.0,55.0
BU04840604,Alphen aan den Rijn,250,0.0,20.0,25.0,20.0,25.0,95.0,40.0,20.0
BU04840605,Alphen aan den Rijn,15,,,,,,,,
BU04840701,Alphen aan den Rijn,170,15.0,40.0,25.0,5.0,15.0,35.0,15.0,10.0
BU04840702,Alphen aan den Rijn,25,10.0,5.0,0.0,0.0,0.0,5.0,0.0,0.0
BU04840801,Alphen aan den Rijn,440,0.0,80.0,145.0,40.0,45.0,95.0,15.0,25.0
BU04840802,Alphen aan den Rijn,310,0.0,20.0,65.0,35.0,20.0,90.0,45.0,35.0
BU04840803,Alphen aan den Rijn,180,0.0,15.0,20.0,20.0,15.0,65.0,40.0,10.0
BU04840804,Alphen aan den Rijn,135,0.0,20.0,20.0,15.0,5.0,30.0,30.0,15.0
BU04840805,Alphen aan den Rijn,130,0.0,5.0,10.0,10.0,10.0,45.0,25.0,15.0
BU04840806,Alphen aan den Rijn,145,0.0,15.0,20.0,15.0,10.0,45.0,20.0,15.0
BU04840807,Alphen aan den Rijn,230,0.0,20.0,20.0,30.0,20.0,60.0,60.0,20.0
BU04840808,Alphen aan den Rijn,75,0.0,10.0,15.0,10.0,10.0,15.0,15.0,10.0
BU04840809,Alphen aan den Rijn,355,0.0,15.0,30.0,30.0,60.0,150.0,50.0,20.0
BU04840810,Alphen aan den Rijn,145,0.0,15.0,20.0,15.0,10.0,40.0,35.0,10.0
BU04840811,Alphen aan den Rijn,100,0.0,15.0,15.0,5.0,5.0,35.0,25.0,0.0
BU04840812,Alphen aan den Rijn,35,0.0,10.0,20.0,0.0,0.0,5.0,0.0,0.0
BU04840813,Alphen aan den Rijn,5,,,,,,,,
BU04840901,Alphen aan den Rijn,15,,,,,,,,
BU04843101,Alphen aan den Rijn,110,30.0,10.0,15.0,5.0,5.0,25.0,10.0,10.0
BU04843102,Alphen aan den Rijn,100,0.0,15.0,15.0,15.0,15.0,20.0,15.0,10.0
BU04843103,Alphen aan den Rijn,145,0.0,20.0,35.0,10.0,10.0,30.0,25.0,15.0
BU04843104,Alphen aan den Rijn,95,5.0,20.0,20.0,10.0,10.0,20.0,5.0,5.0
BU04844501,Alphen aan den Rijn,80,15.0,5.0,10.0,5.0,10.0,20.0,10.0,5.0
BU04844502,Alphen aan den Rijn,25,15.0,0.0,0.0,0.0,0.0,5.0,0.0,0.0
BU04844503,Alphen aan den Rijn,55,5.0,10.0,10.0,0.0,5.0,10.0,10.0,5.0
BU04844504,Alphen aan den Rijn,50,10.0,5.0,10.0,5.0,5.0,10.0,5.0,5.0
BU04847001,Alphen aan den Rijn,85,40.0,10.0,15.0,0.0,0.0,10.0,5.0,5.0
BU04847002,Alphen aan den Rijn,85,45.0,5.0,10.0,5.0,5.0,10.0,5.0,0.0
BU04847003,Alphen aan den Rijn,115,50.0,15.0,20.0,0.0,10.0,10.0,5.0,5.0
BU04847004,Alphen aan den Rijn,130,45.0,15.0,10.0,5.0,10.0,30.0,10.0,5.0
BU04847005,Alphen aan den Rijn,280,15.0,40.0,50.0,15.0,25.0,75.0,40.0,20.0
BU04847006,Alphen aan den Rijn,335,55.0,45.0,40.0,15.0,30.0,80.0,40.0,30.0
BU04847007,Alphen aan den Rijn,85,15.0,10.0,20.0,5.0,5.0,15.0,10.0,5.0
BU04847008,Alphen aan den Rijn,75,5.0,10.0,10.0,0.0,5.0,25.0,20.0,5.0
BU04847009,Alphen aan den Rijn,160,10.0,25.0,20.0,15.0,10.0,35.0,35.0,15.0
BU04847010,Alphen aan den Rijn,90,5.0,20.0,5.0,10.0,5.0,25.0,15.0,15.0
BU04847011,Alphen aan den Rijn,205,10.0,35.0,40.0,10.0,15.0,35.0,40.0,20.0
BU04847012,Alphen aan den Rijn,145,5.0,25.0,20.0,10.0,15.0,40.0,20.0,5.0
BU04847013,Alphen aan den Rijn,115,15.0,20.0,10.0,10.0,10.0,25.0,15.0,10.0
BU04847014,Alphen aan den Rijn,165,40.0,25.0,20.0,10.0,15.0,30.0,15.0,15.0
BU04847015,Alphen aan den Rijn,50,25.0,5.0,5.0,0.0,5.0,10.0,0.0,0.0
BU04847101,Alphen aan den Rijn,170,10.0,35.0,15.0,15.0,25.0,40.0,20.0,10.0
BU04847102,Alphen aan den Rijn,10,,,,,,,,
BU04847103,Alphen aan den Rijn,35,0.0,5.0,5.0,0.0,5.0,10.0,10.0,5.0
BU04849101,Alphen aan den Rijn,260,45.0,45.0,30.0,15.0,30.0,55.0,30.0,15.0
BU04849102,Alphen aan den Rijn,215,110.0,25.0,25.0,5.0,15.0,30.0,10.0,5.0
BU04849103,Alphen aan den Rijn,125,20.0,25.0,20.0,5.0,5.0,25.0,15.0,15.0
BU04849104,Alphen aan den Rijn,165,10.0,25.0,20.0,10.0,15.0,35.0,30.0,15.0
BU04849105,Alphen aan den Rijn,295,25.0,55.0,75.0,20.0,30.0,45.0,20.0,20.0
BU04849401,Alphen aan den Rijn,140,5.0,35.0,25.0,10.0,20.0,20.0,10.0,10.0
BU04849402,Alphen aan den Rijn,110,0.0,15.0,25.0,5.0,5.0,25.0,15.0,15.0
BU04849403,Alphen aan den Rijn,185,5.0,50.0,20.0,10.0,5.0,45.0,35.0,15.0
BU04849404,Alphen aan den Rijn,135,10.0,20.0,20.0,5.0,20.0,30.0,10.0,15.0
BU04849601,Alphen aan den Rijn,120,15.0,25.0,15.0,5.0,10.0,30.0,15.0,5.0
BU04849602,Alphen aan den Rijn,160,5.0,30.0,20.0,5.0,10.0,35.0,35.0,15.0
BU04849603,Alphen aan den Rijn,145,0.0,40.0,20.0,10.0,15.0,30.0,25.0,10.0
BU04849604,Alphen aan den Rijn,55,0.0,20.0,10.0,5.0,5.0,5.0,0.0,5.0
BU17230101,Alphen-Chaam,55,5.0,5.0,10.0,5.0,0.0,10.0,15.0,5.0
BU17230102,Alphen-Chaam,110,5.0,15.0,20.0,10.0,0.0,20.0,20.0,15.0
BU17230103,Alphen-Chaam,85,0.0,15.0,10.0,10.0,5.0,20.0,15.0,10.0
BU17230104,Alphen-Chaam,40,0.0,15.0,10.0,0.0,5.0,0.0,0.0,0.0
BU17230105,Alphen-Chaam,35,0.0,0.0,0.0,5.0,10.0,10.0,5.0,0.0
BU17230106,Alphen-Chaam,115,5.0,20.0,10.0,5.0,5.0,35.0,20.0,15.0
BU17230107,Alphen-Chaam,220,105.0,30.0,25.0,5.0,10.0,25.0,10.0,10.0
BU17230201,Alphen-Chaam,50,0.0,5.0,20.0,0.0,5.0,10.0,5.0,5.0
BU17230202,Alphen-Chaam,80,0.0,15.0,15.0,0.0,5.0,15.0,20.0,10.0
BU17230203,Alphen-Chaam,70,0.0,15.0,10.0,0.0,5.0,15.0,20.0,10.0
BU17230204,Alphen-Chaam,85,0.0,15.0,15.0,0.0,5.0,20.0,15.0,10.0
BU17230205,Alphen-Chaam,25,0.0,0.0,15.0,0.0,0.0,5.0,0.0,0.0
BU17230206,Alphen-Chaam,60,5.0,5.0,10.0,0.0,5.0,15.0,15.0,5.0
BU17230207,Alphen-Chaam,290,65.0,35.0,50.0,15.0,35.0,50.0,20.0,15.0
BU17230301,Alphen-Chaam,95,25.0,20.0,10.0,0.0,10.0,15.0,5.0,5.0
BU17230401,Alphen-Chaam,100,5.0,20.0,10.0,5.0,5.0,25.0,15.0,15.0
BU17230402,Alphen-Chaam,80,15.0,15.0,10.0,5.0,10.0,15.0,10.0,0.0
BU17230501,Alphen-Chaam,95,5.0,10.0,10.0,5.0,15.0,30.0,15.0,5.0
BU17230601,Alphen-Chaam,20,,,,,,,,
BU19590101,Altena,285,0.0,75.0,65.0,30.0,25.0,30.0,25.0,30.0
BU19590102,Altena,135,0.0,30.0,15.0,45.0,5.0,20.0,15.0,5.0
BU19590103,Altena,160,5.0,35.0,10.0,40.0,20.0,35.0,10.0,10.0
BU19590104,Altena,190,0.0,40.0,20.0,30.0,25.0,45.0,20.0,15.0
BU19590105,Altena,180,0.0,60.0,15.0,40.0,15.0,25.0,15.0,10.0
BU19590106,Altena,205,5.0,50.0,15.0,45.0,15.0,30.0,35.0,10.0
BU19590107,Altena,445,0.0,135.0,130.0,55.0,35.0,65.0,10.0,20.0
BU19590191,Altena,15,,,,,,,,
BU19590192,Altena,45,5.0,10.0,5.0,5.0,5.0,10.0,0.0,5.0
BU19590193,Altena,30,15.0,5.0,0.0,0.0,0.0,0.0,0.0,0.0
BU19590194,Altena,60,10.0,10.0,5.0,5.0,0.0,10.0,5.0,10.0
BU19590201,Altena,340,0.0,55.0,55.0,25.0,25.0,90.0,55.0,40.0
BU19590202,Altena,265,0.0,50.0,55.0,20.0,25.0,65.0,30.0,25.0
BU19590291,Altena,75,15.0,10.0,10.0,0.0,10.0,15.0,10.0,5.0
BU19590301,Altena,385,10.0,85.0,65.0,20.0,25.0,80.0,45.0,55.0
BU19590391,Altena,15,,,,,,,,
BU19590392,Altena,10,,,,,,,,
BU19590401,Altena,350,5.0,75.0,50.0,30.0,30.0,70.0,45.0,45.0
BU19590402,Altena,65,0.0,20.0,15.0,5.0,0.0,10.0,10.0,5.0
BU19590491,Altena,60,15.0,10.0,10.0,5.0,0.0,10.0,5.0,5.0
BU19590492,Altena,10,,,,,,,,
BU19590501,Altena,360,20.0,65.0,60.0,20.0,30.0,80.0,45.0,35.0
BU19590591,Altena,15,,,,,,,,
BU19590592,Altena,15,,,,,,,,
BU19590601,Altena,160,5.0,20.0,35.0,5.0,15.0,40.0,25.0,20.0
BU19590602,Altena,275,5.0,35.0,40.0,20.0,25.0,75.0,40.0,40.0
BU19590603,Altena,70,5.0,5.0,10.0,0.0,5.0,25.0,10.0,10.0
BU19590691,Altena,30,10.0,5.0,5.0,0.0,0.0,10.0,0.0,0.0
BU19590701,Altena,160,5.0,30.0,15.0,15.0,15.0,40.0,20.0,20.0
BU19590791,Altena,35,10.0,0.0,15.0,0.0,0.0,5.0,0.0,0.0
BU19590801,Altena,35,5.0,10.0,5.0,0.0,5.0,10.0,0.0,0.0
BU19590891,Altena,20,,,,,,,,
BU19590901,Altena,40,5.0,10.0,5.0,0.0,0.0,10.0,5.0,0.0
BU19590991,Altena,5,,,,,,,,
BU19591001,Altena,115,0.0,25.0,25.0,10.0,10.0,25.0,10.0,10.0
BU19591002,Altena,190,5.0,55.0,55.0,15.0,10.0,40.0,5.0,5.0
BU19591091,Altena,20,,,,,,,,
BU19591101,Altena,260,5.0,50.0,45.0,15.0,20.0,70.0,30.0,25.0
BU19591191,Altena,65,15.0,10.0,20.0,0.0,5.0,10.0,5.0,5.0
BU19591201,Altena,145,5.0,15.0,10.0,5.0,20.0,45.0,35.0,15.0
BU19591202,Altena,165,5.0,25.0,30.0,10.0,25.0,40.0,25.0,10.0
BU19591203,Altena,45,5.0,10.0,5.0,0.0,5.0,10.0,5.0,5.0
BU19591291,Altena,75,20.0,15.0,5.0,5.0,5.0,15.0,5.0,5.0
BU19591292,Altena,90,30.0,10.0,10.0,5.0,5.0,15.0,5.0,5.0
BU19591301,Altena,315,5.0,80.0,85.0,25.0,25.0,45.0,30.0,25.0
BU19591302,Altena,165,0.0,40.0,90.0,10.0,5.0,10.0,0.0,5.0
BU19591303,Altena,50,0.0,15.0,5.0,5.0,5.0,10.0,5.0,5.0
BU19591391,Altena,0,,,,,,,,
BU19591401,Altena,260,5.0,60.0,60.0,15.0,25.0,50.0,25.0,20.0
BU19591402,Altena,365,5.0,85.0,100.0,10.0,45.0,50.0,50.0,20.0
BU19591403,Altena,160,5.0,40.0,45.0,5.0,15.0,30.0,10.0,10.0
BU19591491,Altena,150,5.0,30.0,50.0,10.0,15.0,20.0,5.0,10.0
BU19591492,Altena,45,15.0,5.0,10.0,0.0,5.0,5.0,0.0,5.0
BU19591501,Altena,45,10.0,5.0,5.0,5.0,0.0,10.0,5.0,5.0
BU19591591,Altena,30,20.0,5.0,5.0,0.0,0.0,0.0,0.0,0.0
BU19591601,Altena,75,5.0,20.0,10.0,5.0,5.0,15.0,5.0,5.0
BU19591691,Altena,20,,,,,,,,
BU19591701,Altena,115,5.0,25.0,20.0,5.0,5.0,25.0,20.0,10.0
BU19591791,Altena,15,,,,,,,,
BU19591801,Altena,30,0.0,10.0,5.0,0.0,0.0,10.0,0.0,0.0
BU19591891,Altena,35,15.0,5.0,5.0,0.0,0.0,5.0,5.0,5.0
BU19591901,Altena,205,10.0,60.0,40.0,15.0,5.0,30.0,20.0,20.0
BU19591991,Altena,25,5.0,5.0,5.0,0.0,0.0,5.0,0.0,5.0
BU00600000,Ameland,245,5.0,30.0,80.0,15.0,20.0,40.0,25.0,30.0
BU00600001,Ameland,120,10.0,10.0,50.0,0.0,10.0,20.0,10.0,10.0
BU00600002,Ameland,60,5.0,5.0,15.0,0.0,5.0,15.0,10.0,10.0
BU00600003,Ameland,150,5.0,20.0,40.0,5.0,10.0,30.0,15.0,20.0
BU00600007,Ameland,35,15.0,5.0,10.0,0.0,5.0,0.0,0.0,0.0
BU00600008,Ameland,35,0.0,0.0,15.0,5.0,5.0,5.0,0.0,5.0
BU00600009,Ameland,25,5.0,5.0,10.0,0.0,0.0,5.0,0.0,0.0
BU03070100,Amersfoort,320,0.0,10.0,125.0,15.0,15.0,60.0,35.0,60.0
BU03070101,Amersfoort,165,0.0,10.0,50.0,10.0,15.0,40.0,25.0,15.0
BU03070102,Amersfoort,85,0.0,0.0,30.0,5.0,10.0,15.0,10.0,10.0
BU03070103,Amersfoort,130,0.0,5.0,50.0,5.0,10.0,35.0,10.0,20.0
BU03070104,Amersfoort,295,0.0,20.0,70.0,25.0,15.0,70.0,35.0,60.0
BU03070105,Amersfoort,205,0.0,10.0,35.0,15.0,10.0,60.0,35.0,35.0
BU03070106,Amersfoort,200,0.0,5.0,70.0,15.0,10.0,40.0,25.0,30.0
BU03070107,Amersfoort,150,0.0,5.0,45.0,15.0,5.0,35.0,25.0,20.0
BU03070108,Amersfoort,75,0.0,0.0,5.0,10.0,5.0,30.0,10.0,15.0
BU03070200,Amersfoort,135,0.0,5.0,20.0,15.0,10.0,50.0,25.0,10.0
BU03070202,Amersfoort,205,0.0,5.0,25.0,20.0,30.0,60.0,40.0,25.0
BU03070204,Amersfoort,195,0.0,5.0,20.0,15.0,30.0,65.0,35.0,20.0
BU03070300,Amersfoort,230,0.0,25.0,25.0,20.0,10.0,60.0,55.0,40.0
BU03070301,Amersfoort,115,0.0,20.0,10.0,10.0,5.0,25.0,30.0,20.0
BU03070302,Amersfoort,175,0.0,15.0,20.0,25.0,10.0,40.0,40.0,35.0
BU03070303,Amersfoort,225,0.0,40.0,40.0,10.0,5.0,50.0,45.0,35.0
BU03070304,Amersfoort,180,0.0,35.0,25.0,10.0,5.0,35.0,35.0,35.0
BU03070305,Amersfoort,85,0.0,20.0,10.0,5.0,0.0,15.0,20.0,10.0
BU03070306,Amersfoort,260,0.0,10.0,30.0,25.0,15.0,95.0,50.0,30.0
BU03070307,Amersfoort,75,0.0,0.0,10.0,15.0,5.0,25.0,15.0,5.0
BU03070308,Amersfoort,35,0.0,0.0,5.0,0.0,0.0,10.0,10.0,15.0
BU03070309,Amersfoort,0,,,,,,,,
BU03070401,Amersfoort,165,0.0,10.0,35.0,20.0,10.0,55.0,20.0,15.0
BU03070402,Amersfoort,60,0.0,0.0,25.0,5.0,0.0,10.0,5.0,10.0
BU03070504,Amersfoort,365,0.0,60.0,135.0,25.0,15.0,70.0,35.0,25.0
BU03070505,Amersfoort,435,0.0,95.0,155.0,30.0,25.0,85.0,15.0,30.0
BU03070600,Amersfoort,50,0.0,5.0,5.0,5.0,0.0,10.0,20.0,5.0
BU03070601,Amersfoort,180,0.0,10.0,20.0,20.0,10.0,45.0,50.0,20.0
BU03070603,Amersfoort,115,0.0,5.0,10.0,10.0,5.0,45.0,20.0,20.0
BU03070700,Amersfoort,270,0.0,20.0,30.0,35.0,10.0,65.0,65.0,45.0
BU03070701,Amersfoort,215,0.0,20.0,50.0,15.0,10.0,45.0,45.0,30.0
BU03070702,Amersfoort,195,0.0,15.0,25.0,30.0,10.0,40.0,50.0,25.0
BU03070800,Amersfoort,155,0.0,10.0,20.0,15.0,10.0,45.0,30.0,20.0
BU03070801,Amersfoort,140,0.0,15.0,20.0,25.0,0.0,25.0,35.0,20.0
BU03070803,Amersfoort,80,0.0,5.0,5.0,5.0,5.0,20.0,30.0,10.0
BU03070900,Amersfoort,140,0.0,15.0,15.0,10.0,5.0,35.0,45.0,15.0
BU03070902,Amersfoort,135,0.0,15.0,25.0,5.0,5.0,30.0,35.0,15.0
BU03070903,Amersfoort,185,0.0,20.0,20.0,25.0,5.0,40.0,55.0,20.0
BU03070905,Amersfoort,125,0.0,10.0,15.0,15.0,5.0,35.0,25.0,20.0
BU03070906,Amersfoort,25,0.0,0.0,0.0,0.0,5.0,10.0,5.0,0.0
BU03071000,Amersfoort,125,0.0,15.0,15.0,10.0,10.0,35.0,30.0,10.0
BU03071001,Amersfoort,135,0.0,10.0,20.0,15.0,0.0,25.0,40.0,20.0
BU03071002,Amersfoort,130,0.0,20.0,20.0,15.0,0.0,25.0,40.0,15.0
BU03071003,Amersfoort,165,0.0,20.0,15.0,20.0,5.0,45.0,50.0,15.0
BU03071004,Amersfoort,170,0.0,15.0,20.0,25.0,5.0,40.0,40.0,20.0
BU03071100,Amersfoort,105,0.0,10.0,10.0,15.0,5.0,30.0,25.0,10.0
BU03071101,Amersfoort,125,0.0,10.0,15.0,10.0,10.0,35.0,25.0,15.0
BU03071201,Amersfoort,75,5.0,10.0,15.0,5.0,10.0,15.0,10.0,5.0
BU03071202,Amersfoort,40,10.0,5.0,10.0,5.0,5.0,5.0,5.0,0.0
BU03071203,Amersfoort,180,0.0,20.0,60.0,30.0,15.0,45.0,10.0,5.0
BU03071204,Amersfoort,15,,,,,,,,
BU03071205,Amersfoort,25,0.0,5.0,15.0,0.0,0.0,0.0,5.0,0.0
BU03071300,Amersfoort,120,0.0,15.0,15.0,20.0,0.0,20.0,40.0,10.0
BU03071301,Amersfoort,155,0.0,20.0,20.0,20.0,0.0,35.0,40.0,15.0
BU03071302,Amersfoort,100,0.0,5.0,10.0,15.0,10.0,30.0,25.0,10.0
BU03071400,Amersfoort,160,0.0,10.0,20.0,15.0,10.0,35.0,50.0,25.0
BU03071401,Amersfoort,250,0.0,10.0,30.0,15.0,20.0,85.0,60.0,30.0
BU03071402,Amersfoort,90,0.0,5.0,20.0,10.0,0.0,15.0,20.0,15.0
BU03071403,Amersfoort,225,0.0,25.0,25.0,25.0,5.0,55.0,65.0,25.0
BU03071500,Amersfoort,365,0.0,20.0,40.0,30.0,40.0,125.0,70.0,35.0
BU03071501,Amersfoort,265,0.0,15.0,15.0,30.0,15.0,100.0,70.0,20.0
BU03071502,Amersfoort,265,0.0,10.0,30.0,15.0,10.0,110.0,55.0,35.0
BU03071503,Amersfoort,90,0.0,5.0,10.0,10.0,10.0,20.0,30.0,10.0
BU03071600,Amersfoort,185,0.0,20.0,35.0,15.0,5.0,35.0,45.0,35.0
BU03071601,Amersfoort,305,0.0,10.0,50.0,20.0,40.0,110.0,55.0,25.0
BU03071602,Amersfoort,290,0.0,25.0,25.0,25.0,15.0,90.0,80.0,25.0
BU03071603,Amersfoort,10,,,,,,,,
BU03071700,Amersfoort,90,0.0,5.0,20.0,10.0,5.0,15.0,25.0,10.0
BU03071701,Amersfoort,150,0.0,10.0,15.0,10.0,5.0,45.0,40.0,20.0
BU03071702,Amersfoort,130,0.0,5.0,5.0,5.0,25.0,50.0,30.0,10.0
BU03071703,Amersfoort,135,0.0,5.0,5.0,10.0,15.0,55.0,35.0,10.0
BU03071704,Amersfoort,160,0.0,15.0,30.0,15.0,5.0,50.0,30.0,20.0
BU03071705,Amersfoort,160,0.0,5.0,5.0,5.0,20.0,70.0,40.0,15.0
BU03071706,Amersfoort,75,0.0,10.0,0.0,10.0,5.0,20.0,20.0,10.0
BU03071707,Amersfoort,30,0.0,5.0,0.0,0.0,10.0,10.0,5.0,0.0
BU03071800,Amersfoort,245,0.0,5.0,25.0,10.0,40.0,70.0,70.0,30.0
BU03071801,Amersfoort,110,0.0,15.0,20.0,10.0,10.0,20.0,15.0,15.0
BU03071802,Amersfoort,155,0.0,5.0,5.0,5.0,25.0,60.0,35.0,15.0
BU03071803,Amersfoort,195,0.0,5.0,15.0,10.0,30.0,80.0,45.0,15.0
BU03071804,Amersfoort,195,0.0,10.0,15.0,0.0,40.0,80.0,35.0,10.0
BU03071900,Amersfoort,235,0.0,15.0,20.0,15.0,30.0,65.0,60.0,30.0
BU03071901,Amersfoort,170,0.0,25.0,20.0,15.0,20.0,30.0,45.0,15.0
BU03071902,Amersfoort,270,0.0,35.0,25.0,20.0,10.0,80.0,60.0,40.0
BU03071903,Amersfoort,145,0.0,10.0,25.0,10.0,10.0,35.0,30.0,20.0
BU03071904,Amersfoort,190,5.0,25.0,25.0,10.0,10.0,45.0,45.0,25.0
BU03071905,Amersfoort,70,0.0,5.0,5.0,5.0,10.0,25.0,10.0,5.0
BU03071906,Amersfoort,45,0.0,0.0,10.0,0.0,10.0,15.0,5.0,5.0
BU03072000,Amersfoort,100,0.0,20.0,5.0,10.0,5.0,25.0,20.0,15.0
BU03072001,Amersfoort,100,0.0,10.0,10.0,15.0,5.0,25.0,25.0,15.0
BU03072002,Amersfoort,105,0.0,10.0,5.0,5.0,0.0,25.0,35.0,20.0
BU03072003,Amersfoort,105,0.0,10.0,5.0,10.0,5.0,20.0,45.0,15.0
BU03072004,Amersfoort,145,0.0,15.0,10.0,10.0,15.0,45.0,35.0,20.0
BU03072005,Amersfoort,140,0.0,15.0,10.0,10.0,15.0,45.0,35.0,5.0
BU03072006,Amersfoort,5,,,,,,,,
BU03072007,Amersfoort,70,0.0,15.0,5.0,5.0,15.0,15.0,10.0,5.0
BU03072100,Amersfoort,135,0.0,15.0,15.0,10.0,10.0,30.0,35.0,25.0
BU03072101,Amersfoort,50,0.0,5.0,0.0,5.0,5.0,15.0,15.0,10.0
BU03072102,Amersfoort,190,0.0,5.0,10.0,15.0,15.0,85.0,50.0,10.0
BU03072103,Amersfoort,130,0.0,5.0,5.0,20.0,10.0,40.0,30.0,15.0
BU03072104,Amersfoort,115,0.0,5.0,10.0,15.0,5.0,35.0,35.0,10.0
BU03072105,Amersfoort,160,0.0,10.0,65.0,15.0,10.0,25.0,20.0,10.0
BU03072106,Amersfoort,120,0.0,5.0,10.0,10.0,10.0,40.0,30.0,15.0
BU03072107,Amersfoort,135,0.0,10.0,15.0,10.0,5.0,35.0,25.0,30.0
BU03072108,Amersfoort,225,0.0,10.0,10.0,20.0,10.0,75.0,65.0,25.0
BU03072201,Amersfoort,475,0.0,60.0,100.0,55.0,50.0,125.0,50.0,25.0
BU03072400,Amersfoort,270,0.0,20.0,25.0,25.0,15.0,80.0,70.0,35.0
BU03072402,Amersfoort,245,0.0,10.0,15.0,20.0,25.0,90.0,55.0,30.0
BU03072403,Amersfoort,200,0.0,20.0,35.0,15.0,10.0,40.0,60.0,25.0
BU03072404,Amersfoort,190,0.0,15.0,20.0,25.0,15.0,50.0,40.0,20.0
BU03072405,Amersfoort,310,0.0,40.0,35.0,25.0,20.0,105.0,55.0,20.0
BU03072407,Amersfoort,330,0.0,35.0,30.0,30.0,15.0,100.0,80.0,35.0
BU03072500,Amersfoort,250,0.0,25.0,30.0,45.0,20.0,65.0,45.0,15.0
BU03072501,Amersfoort,355,0.0,45.0,75.0,40.0,55.0,80.0,45.0,20.0
BU03072600,Amersfoort,150,0.0,15.0,25.0,10.0,20.0,40.0,30.0,15.0
BU03072601,Amersfoort,240,0.0,20.0,25.0,25.0,20.0,80.0,45.0,25.0
BU03072602,Amersfoort,95,0.0,5.0,5.0,10.0,10.0,40.0,15.0,10.0
BU03072603,Amersfoort,55,0.0,10.0,5.0,0.0,10.0,15.0,15.0,5.0
BU03072700,Amersfoort,20,,,,,,,,
BU03072701,Amersfoort,105,30.0,15.0,10.0,5.0,15.0,10.0,10.0,5.0
BU03072709,Amersfoort,15,,,,,,,,
BU03072800,Amersfoort,210,0.0,15.0,20.0,20.0,10.0,90.0,40.0,20.0
BU03072801,Amersfoort,130,0.0,10.0,10.0,10.0,20.0,45.0,25.0,15.0
BU03072802,Amersfoort,215,0.0,20.0,25.0,20.0,25.0,60.0,50.0,15.0
BU03072803,Amersfoort,160,0.0,15.0,10.0,15.0,15.0,60.0,30.0,10.0
BU03072804,Amersfoort,85,0.0,0.0,10.0,10.0,5.0,30.0,20.0,10.0
BU03072900,Amersfoort,170,0.0,5.0,20.0,15.0,15.0,65.0,35.0,15.0
BU03072901,Amersfoort,120,0.0,10.0,45.0,10.0,5.0,20.0,25.0,15.0
BU03072902,Amersfoort,135,0.0,10.0,15.0,10.0,10.0,50.0,20.0,15.0
BU03073000,Amersfoort,170,0.0,10.0,20.0,15.0,10.0,75.0,30.0,10.0
BU03073001,Amersfoort,200,0.0,15.0,15.0,20.0,25.0,60.0,50.0,15.0
BU03073100,Amersfoort,25,0.0,0.0,5.0,0.0,0.0,10.0,5.0,5.0
BU03073101,Amersfoort,340,0.0,20.0,35.0,45.0,30.0,105.0,75.0,30.0
BU03073102,Amersfoort,205,0.0,10.0,15.0,20.0,20.0,75.0,45.0,15.0
BU03073103,Amersfoort,350,0.0,15.0,40.0,50.0,30.0,90.0,100.0,20.0
BU03073104,Amersfoort,30,0.0,0.0,5.0,0.0,5.0,10.0,5.0,5.0
BU03073105,Amersfoort,10,,,,,,,,
BU03073106,Amersfoort,5,,,,,,,,
BU03073201,Amersfoort,0,,,,,,,,
BU03073301,Amersfoort,20,,,,,,,,
BU03073302,Amersfoort,45,0.0,5.0,20.0,5.0,0.0,5.0,5.0,0.0
BU03073303,Amersfoort,5,,,,,,,,
BU03073304,Amersfoort,10,,,,,,,,
BU03073401,Amersfoort,65,0.0,5.0,5.0,5.0,5.0,15.0,20.0,10.0
BU03073402,Amersfoort,160,0.0,10.0,15.0,15.0,20.0,50.0,25.0,25.0
BU03073403,Amersfoort,80,0.0,0.0,5.0,5.0,10.0,30.0,20.0,10.0
BU03620101,Amstelveen,435,0.0,30.0,45.0,35.0,85.0,140.0,60.0,45.0
BU03620102,Amstelveen,545,0.0,35.0,70.0,50.0,40.0,180.0,120.0,50.0
BU03620201,Amstelveen,170,0.0,5.0,20.0,5.0,30.0,65.0,35.0,10.0
BU03620202,Amstelveen,390,0.0,35.0,60.0,35.0,45.0,95.0,65.0,50.0
BU03620301,Amstelveen,495,0.0,15.0,45.0,40.0,75.0,190.0,90.0,35.0
BU03620302,Amstelveen,365,0.0,10.0,20.0,30.0,45.0,155.0,75.0,20.0
BU03620303,Amstelveen,195,0.0,10.0,20.0,20.0,35.0,55.0,35.0,25.0
BU03620304,Amstelveen,420,0.0,25.0,60.0,35.0,35.0,120.0,100.0,40.0
BU03620401,Amstelveen,790,0.0,35.0,230.0,75.0,115.0,200.0,70.0,70.0
BU03620501,Amstelveen,305,0.0,10.0,65.0,45.0,25.0,85.0,55.0,25.0
BU03620502,Amstelveen,440,0.0,30.0,70.0,60.0,85.0,145.0,25.0,25.0
BU03620601,Amstelveen,410,0.0,30.0,70.0,45.0,30.0,95.0,90.0,50.0
BU03620602,Amstelveen,255,0.0,10.0,25.0,35.0,25.0,65.0,55.0,30.0
BU03620603,Amstelveen,295,0.0,15.0,35.0,25.0,15.0,90.0,75.0,35.0
BU03620604,Amstelveen,200,0.0,25.0,35.0,25.0,10.0,50.0,30.0,25.0
BU03620701,Amstelveen,140,5.0,10.0,10.0,5.0,25.0,45.0,10.0,25.0
BU03620702,Amstelveen,120,0.0,10.0,15.0,10.0,25.0,45.0,5.0,10.0
BU03620801,Amstelveen,165,0.0,10.0,35.0,10.0,15.0,45.0,20.0,20.0
BU03620802,Amstelveen,305,0.0,10.0,30.0,30.0,40.0,115.0,65.0,20.0
BU03620803,Amstelveen,270,0.0,25.0,35.0,25.0,20.0,85.0,55.0,25.0
BU03620804,Amstelveen,420,0.0,45.0,65.0,40.0,35.0,110.0,75.0,50.0
BU03620805,Amstelveen,270,0.0,25.0,45.0,45.0,5.0,70.0,45.0,30.0
BU03620806,Amstelveen,135,0.0,5.0,15.0,10.0,20.0,40.0,25.0,15.0
BU03620901,Amstelveen,345,0.0,5.0,15.0,10.0,130.0,110.0,60.0,15.0
BU03620902,Amstelveen,170,0.0,10.0,25.0,20.0,10.0,55.0,35.0,15.0
BU03620903,Amstelveen,125,0.0,15.0,25.0,15.0,10.0,35.0,20.0,10.0
BU03620904,Amstelveen,205,0.0,15.0,35.0,15.0,15.0,55.0,45.0,20.0
BU03620905,Amstelveen,215,0.0,20.0,45.0,20.0,15.0,45.0,40.0,25.0
BU03621001,Amstelveen,175,0.0,10.0,30.0,30.0,10.0,50.0,25.0,15.0
BU03621002,Amstelveen,200,0.0,20.0,35.0,30.0,10.0,45.0,45.0,20.0
BU03621003,Amstelveen,255,0.0,20.0,25.0,35.0,25.0,80.0,45.0,25.0
BU03621004,Amstelveen,240,0.0,25.0,35.0,30.0,15.0,65.0,50.0,25.0
BU03621005,Amstelveen,350,0.0,15.0,45.0,35.0,40.0,110.0,65.0,35.0
BU03621101,Amstelveen,510,0.0,45.0,95.0,55.0,50.0,135.0,85.0,50.0
BU03621102,Amstelveen,170,0.0,10.0,25.0,15.0,25.0,45.0,25.0,25.0
BU03621103,Amstelveen,140,0.0,15.0,15.0,25.0,10.0,40.0,25.0,10.0
BU03621104,Amstelveen,210,0.0,30.0,75.0,15.0,15.0,45.0,15.0,15.0
BU03621105,Amstelveen,160,0.0,5.0,20.0,10.0,15.0,55.0,30.0,15.0
BU03621106,Amstelveen,265,0.0,10.0,60.0,35.0,25.0,50.0,45.0,35.0
BU03621201,Amstelveen,340,0.0,15.0,60.0,35.0,35.0,115.0,60.0,20.0
BU03621202,Amstelveen,200,5.0,10.0,25.0,25.0,25.0,55.0,35.0,15.0
BU03621203,Amstelveen,300,0.0,20.0,45.0,30.0,35.0,85.0,50.0,30.0
BU03621204,Amstelveen,20,,,,,,,,
BU03621301,Amstelveen,250,25.0,35.0,35.0,10.0,30.0,60.0,30.0,20.0
BU03621302,Amstelveen,175,20.0,20.0,65.0,20.0,20.0,10.0,5.0,15.0
BU03621401,Amstelveen,50,5.0,0.0,10.0,5.0,5.0,10.0,5.0,15.0
BU03621402,Amstelveen,0,,,,,,,,
BU03630000,Amsterdam,505,0.0,20.0,210.0,40.0,30.0,90.0,35.0,85.0
BU03630001,Amsterdam,565,0.0,15.0,150.0,50.0,55.0,110.0,25.0,165.0
BU03630002,Amsterdam,755,0.0,30.0,195.0,65.0,40.0,150.0,50.0,225.0
BU03630003,Amsterdam,305,0.0,10.0,95.0,30.0,35.0,55.0,15.0,65.0
BU03630004,Amsterdam,295,0.0,0.0,65.0,30.0,20.0,85.0,35.0,65.0
BU03630100,Amsterdam,75,0.0,0.0,50.0,5.0,5.0,5.0,0.0,5.0
BU03630101,Amsterdam,330,0.0,5.0,115.0,35.0,20.0,90.0,15.0,50.0
BU03630102,Amsterdam,290,0.0,5.0,130.0,30.0,25.0,55.0,10.0,40.0
BU03630103,Amsterdam,495,0.0,15.0,145.0,55.0,50.0,130.0,20.0,85.0
BU03630104,Amsterdam,435,0.0,10.0,210.0,30.0,20.0,75.0,20.0,70.0
BU03630105,Amsterdam,400,0.0,15.0,135.0,30.0,30.0,80.0,35.0,75.0
BU03630106,Amsterdam,350,0.0,10.0,155.0,20.0,25.0,70.0,25.0,40.0
BU03630107,Amsterdam,215,0.0,5.0,120.0,15.0,10.0,35.0,10.0,20.0
BU03630200,Amsterdam,855,0.0,35.0,105.0,85.0,105.0,310.0,90.0,125.0
BU03630201,Amsterdam,1110,0.0,30.0,180.0,145.0,185.0,350.0,75.0,145.0
BU03630202,Amsterdam,1475,0.0,50.0,320.0,185.0,180.0,495.0,95.0,145.0
BU03630203,Amsterdam,545,0.0,20.0,105.0,70.0,55.0,190.0,45.0,60.0
BU03630300,Amsterdam,690,0.0,20.0,155.0,70.0,110.0,230.0,40.0,60.0
BU03630301,Amsterdam,415,0.0,20.0,70.0,65.0,70.0,150.0,15.0,25.0
BU03630302,Amsterdam,775,0.0,25.0,160.0,75.0,105.0,240.0,75.0,95.0
BU03630303,Amsterdam,675,0.0,20.0,120.0,50.0,120.0,205.0,55.0,95.0
BU03630304,Amsterdam,270,0.0,5.0,95.0,20.0,30.0,60.0,15.0,45.0
BU03630305,Amsterdam,345,0.0,10.0,155.0,55.0,25.0,55.0,5.0,40.0
BU03630306,Amsterdam,650,0.0,20.0,165.0,95.0,70.0,210.0,45.0,45.0
BU03630400,Amsterdam,190,0.0,5.0,30.0,20.0,40.0,60.0,10.0,30.0
BU03630401,Amsterdam,230,0.0,15.0,35.0,25.0,10.0,75.0,20.0,50.0
BU03630402,Amsterdam,295,0.0,10.0,35.0,40.0,25.0,100.0,40.0,35.0
BU03630403,Amsterdam,375,0.0,15.0,60.0,45.0,20.0,125.0,40.0,75.0
BU03630404,Amsterdam,405,0.0,15.0,65.0,45.0,20.0,105.0,55.0,100.0
BU03630405,Amsterdam,360,0.0,20.0,60.0,30.0,20.0,110.0,50.0,70.0
BU03630406,Amsterdam,310,0.0,10.0,25.0,45.0,40.0,115.0,25.0,50.0
BU03630407,Amsterdam,540,0.0,15.0,145.0,60.0,40.0,135.0,40.0,100.0
BU03630408,Amsterdam,305,0.0,5.0,65.0,20.0,25.0,80.0,35.0,75.0
BU03630500,Amsterdam,545,0.0,30.0,60.0,55.0,65.0,205.0,60.0,65.0
BU03630501,Amsterdam,580,0.0,15.0,135.0,60.0,35.0,165.0,60.0,105.0
BU03630502,Amsterdam,760,0.0,25.0,185.0,80.0,40.0,205.0,70.0,160.0
BU03630503,Amsterdam,960,0.0,50.0,75.0,100.0,65.0,355.0,110.0,205.0
BU03630505,Amsterdam,80,0.0,5.0,5.0,15.0,5.0,15.0,10.0,30.0
BU03630506,Amsterdam,55,0.0,0.0,10.0,10.0,0.0,15.0,10.0,10.0
BU03630600,Amsterdam,700,0.0,30.0,95.0,70.0,35.0,210.0,95.0,170.0
BU03630602,Amsterdam,815,0.0,40.0,140.0,90.0,80.0,255.0,75.0,140.0
BU03630603,Amsterdam,300,0.0,25.0,35.0,35.0,15.0,85.0,45.0,60.0
BU03630604,Amsterdam,195,0.0,5.0,25.0,30.0,10.0,65.0,25.0,35.0
BU03630605,Amsterdam,75,0.0,0.0,15.0,10.0,5.0,15.0,10.0,20.0
BU03630606,Amsterdam,1375,0.0,80.0,265.0,130.0,95.0,365.0,160.0,285.0
BU03630607,Amsterdam,280,0.0,15.0,35.0,30.0,20.0,85.0,30.0,60.0
BU03630608,Amsterdam,90,0.0,5.0,15.0,5.0,5.0,40.0,10.0,15.0
BU03630609,Amsterdam,145,0.0,5.0,15.0,10.0,10.0,45.0,25.0,35.0
BU03630610,Amsterdam,675,0.0,25.0,110.0,50.0,60.0,210.0,80.0,135.0
BU03630611,Amsterdam,800,0.0,35.0,130.0,70.0,50.0,230.0,85.0,195.0
BU03630700,Amsterdam,155,0.0,0.0,45.0,15.0,15.0,35.0,15.0,30.0
BU03630701,Amsterdam,55,0.0,0.0,15.0,0.0,5.0,15.0,0.0,15.0
BU03630702,Amsterdam,495,0.0,10.0,185.0,45.0,45.0,105.0,25.0,80.0
BU03630703,Amsterdam,150,0.0,5.0,35.0,15.0,15.0,50.0,10.0,25.0
BU03630704,Amsterdam,755,0.0,25.0,110.0,70.0,75.0,255.0,105.0,120.0
BU03630705,Amsterdam,400,0.0,15.0,50.0,30.0,50.0,160.0,55.0,40.0
BU03630706,Amsterdam,450,0.0,20.0,75.0,40.0,40.0,145.0,50.0,75.0
BU03630707,Amsterdam,450,0.0,20.0,30.0,40.0,115.0,155.0,50.0,40.0
BU03630800,Amsterdam,940,0.0,30.0,85.0,120.0,70.0,325.0,145.0,160.0
BU03630801,Amsterdam,695,0.0,20.0,70.0,80.0,90.0,230.0,85.0,115.0
BU03630803,Amsterdam,580,0.0,25.0,65.0,55.0,55.0,195.0,80.0,105.0
BU03630804,Amsterdam,115,0.0,5.0,10.0,5.0,10.0,30.0,15.0,35.0
BU03630900,Amsterdam,95,0.0,5.0,15.0,20.0,5.0,10.0,10.0,25.0
BU03630901,Amsterdam,210,0.0,10.0,25.0,30.0,5.0,65.0,25.0,50.0
BU03630902,Amsterdam,430,0.0,20.0,45.0,55.0,15.0,115.0,60.0,115.0
BU03630903,Amsterdam,465,0.0,25.0,45.0,75.0,30.0,160.0,60.0,70.0
BU03630904,Amsterdam,680,0.0,35.0,100.0,90.0,30.0,185.0,110.0,130.0
BU03630905,Amsterdam,305,0.0,10.0,30.0,35.0,35.0,105.0,55.0,35.0
BU03630907,Amsterdam,200,0.0,10.0,20.0,25.0,5.0,55.0,35.0,45.0
BU03630908,Amsterdam,800,0.0,30.0,65.0,90.0,50.0,270.0,115.0,180.0
BU03631000,Amsterdam,785,0.0,75.0,200.0,165.0,90.0,175.0,15.0,60.0
BU03631001,Amsterdam,355,0.0,25.0,80.0,60.0,25.0,120.0,30.0,15.0
BU03631002,Amsterdam,65,0.0,10.0,25.0,5.0,5.0,15.0,0.0,0.0
BU03631003,Amsterdam,225,0.0,60.0,45.0,55.0,15.0,45.0,0.0,5.0
BU03631004,Amsterdam,130,0.0,15.0,40.0,30.0,10.0,30.0,5.0,5.0
BU03631005,Amsterdam,205,0.0,65.0,45.0,50.0,15.0,25.0,0.0,10.0
BU03631006,Amsterdam,55,0.0,5.0,15.0,20.0,0.0,5.0,0.0,10.0
BU03631007,Amsterdam,90,0.0,20.0,30.0,5.0,10.0,15.0,0.0,5.0
BU03631100,Amsterdam,300,0.0,25.0,65.0,55.0,40.0,75.0,20.0,20.0
BU03631102,Amsterdam,95,0.0,10.0,55.0,5.0,5.0,10.0,5.0,5.0
BU03631103,Amsterdam,1010,0.0,165.0,300.0,170.0,60.0,215.0,55.0,45.0
BU03631104,Amsterdam,90,0.0,15.0,30.0,5.0,5.0,10.0,0.0,20.0
BU03631105,Amsterdam,965,0.0,65.0,165.0,160.0,195.0,245.0,75.0,55.0
BU03631107,Amsterdam,10,,,,,,,,
BU03631109,Amsterdam,0,,,,,,,,
BU03631200,Amsterdam,755,0.0,20.0,50.0,75.0,90.0,315.0,120.0,90.0
BU03631201,Amsterdam,235,0.0,10.0,15.0,35.0,25.0,100.0,20.0,35.0
BU03631300,Amsterdam,495,0.0,30.0,40.0,65.0,15.0,175.0,70.0,95.0
BU03631301,Amsterdam,435,0.0,25.0,50.0,65.0,5.0,125.0,55.0,110.0
BU03631302,Amsterdam,210,0.0,20.0,20.0,35.0,5.0,60.0,35.0,35.0
BU03631303,Amsterdam,345,0.0,10.0,50.0,40.0,10.0,90.0,60.0,80.0
BU03631304,Amsterdam,305,0.0,20.0,35.0,35.0,10.0,95.0,45.0,60.0
BU03631305,Amsterdam,305,0.0,20.0,30.0,40.0,5.0,80.0,55.0,70.0
BU03631306,Amsterdam,55,0.0,0.0,15.0,0.0,5.0,10.0,15.0,10.0
BU03631307,Amsterdam,10,,,,,,,,
BU03631400,Amsterdam,355,0.0,20.0,40.0,35.0,10.0,105.0,50.0,95.0
BU03631401,Amsterdam,145,0.0,10.0,20.0,15.0,5.0,40.0,25.0,30.0
BU03631402,Amsterdam,190,0.0,15.0,25.0,20.0,10.0,55.0,40.0,30.0
BU03631403,Amsterdam,785,0.0,50.0,90.0,95.0,25.0,240.0,110.0,170.0
BU03631404,Amsterdam,645,0.0,30.0,60.0,85.0,15.0,200.0,95.0,160.0
BU03631405,Amsterdam,670,0.0,40.0,65.0,75.0,35.0,220.0,115.0,115.0
BU03631500,Amsterdam,230,0.0,5.0,20.0,40.0,10.0,65.0,45.0,40.0
BU03631501,Amsterdam,85,0.0,5.0,55.0,5.0,10.0,5.0,0.0,5.0
BU03631502,Amsterdam,135,0.0,15.0,30.0,20.0,20.0,20.0,10.0,15.0
BU03631503,Amsterdam,150,0.0,5.0,10.0,25.0,5.0,50.0,25.0,25.0
BU03631600,Amsterdam,785,5.0,30.0,95.0,95.0,35.0,240.0,125.0,155.0
BU03631601,Amsterdam,715,0.0,40.0,100.0,90.0,40.0,210.0,90.0,145.0
BU03631602,Amsterdam,215,0.0,10.0,15.0,30.0,20.0,75.0,30.0,35.0
BU03631700,Amsterdam,1255,0.0,60.0,210.0,125.0,80.0,325.0,165.0,295.0
BU03631800,Amsterdam,595,0.0,35.0,70.0,65.0,25.0,195.0,95.0,110.0
BU03631801,Amsterdam,1065,0.0,60.0,215.0,100.0,50.0,315.0,120.0,205.0
BU03631900,Amsterdam,595,0.0,35.0,95.0,55.0,30.0,185.0,60.0,130.0
BU03631901,Amsterdam,425,0.0,20.0,90.0,60.0,5.0,115.0,75.0,60.0
BU03631902,Amsterdam,370,0.0,25.0,60.0,45.0,15.0,110.0,55.0,65.0
BU03632000,Amsterdam,685,0.0,20.0,120.0,70.0,65.0,220.0,85.0,100.0
BU03632001,Amsterdam,950,0.0,25.0,80.0,95.0,50.0,275.0,200.0,230.0
BU03632002,Amsterdam,560,0.0,30.0,75.0,65.0,35.0,190.0,75.0,90.0
BU03632100,Amsterdam,1425,0.0,55.0,190.0,150.0,95.0,485.0,190.0,270.0
BU03632101,Amsterdam,535,0.0,20.0,65.0,45.0,30.0,180.0,90.0,105.0
BU03632200,Amsterdam,390,0.0,10.0,80.0,35.0,55.0,120.0,40.0,50.0
BU03632201,Amsterdam,295,0.0,15.0,25.0,20.0,40.0,110.0,30.0,50.0
BU03632300,Amsterdam,1080,0.0,45.0,95.0,110.0,455.0,290.0,55.0,30.0
BU03632301,Amsterdam,25,0.0,10.0,5.0,0.0,5.0,5.0,0.0,5.0
BU03632302,Amsterdam,230,0.0,10.0,25.0,15.0,30.0,100.0,25.0,30.0
BU03632303,Amsterdam,1040,0.0,30.0,130.0,85.0,350.0,320.0,60.0,60.0
BU03632304,Amsterdam,485,0.0,20.0,60.0,65.0,120.0,175.0,20.0,30.0
BU03632400,Amsterdam,700,0.0,40.0,110.0,50.0,70.0,220.0,85.0,125.0
BU03632401,Amsterdam,445,0.0,15.0,90.0,45.0,30.0,135.0,40.0,85.0
BU03632402,Amsterdam,725,0.0,25.0,110.0,85.0,55.0,250.0,65.0,130.0
BU03632403,Amsterdam,580,0.0,30.0,105.0,65.0,30.0,160.0,75.0,115.0
BU03632404,Amsterdam,1465,0.0,55.0,385.0,145.0,75.0,380.0,155.0,270.0
BU03632500,Amsterdam,570,0.0,30.0,70.0,55.0,40.0,175.0,90.0,110.0
BU03632501,Amsterdam,855,0.0,45.0,115.0,90.0,40.0,275.0,145.0,145.0
BU03632502,Amsterdam,585,0.0,30.0,100.0,65.0,35.0,175.0,80.0,100.0
BU03632503,Amsterdam,735,0.0,25.0,130.0,95.0,45.0,225.0,115.0,105.0
BU03632600,Amsterdam,530,0.0,35.0,75.0,75.0,25.0,145.0,95.0,85.0
BU03632601,Amsterdam,440,0.0,20.0,70.0,40.0,10.0,125.0,75.0,100.0
BU03632602,Amsterdam,330,0.0,25.0,35.0,45.0,5.0,105.0,45.0,75.0
BU03632700,Amsterdam,520,0.0,10.0,70.0,60.0,35.0,200.0,45.0,95.0
BU03632701,Amsterdam,840,0.0,25.0,80.0,125.0,60.0,265.0,110.0,175.0
BU03632702,Amsterdam,30,0.0,0.0,0.0,10.0,0.0,5.0,5.0,5.0
BU03632800,Amsterdam,770,0.0,45.0,95.0,90.0,15.0,200.0,145.0,180.0
BU03632801,Amsterdam,105,0.0,0.0,5.0,10.0,10.0,45.0,15.0,20.0
BU03632802,Amsterdam,735,0.0,30.0,70.0,95.0,30.0,200.0,155.0,155.0
BU03632803,Amsterdam,530,0.0,25.0,90.0,85.0,20.0,135.0,75.0,105.0
BU03632900,Amsterdam,740,0.0,25.0,145.0,75.0,20.0,195.0,110.0,165.0
BU03632901,Amsterdam,720,0.0,40.0,110.0,80.0,25.0,185.0,130.0,155.0
BU03632902,Amsterdam,370,0.0,15.0,75.0,30.0,20.0,105.0,65.0,60.0
BU03633000,Amsterdam,560,0.0,30.0,50.0,75.0,20.0,160.0,110.0,120.0
BU03633001,Amsterdam,795,0.0,50.0,120.0,95.0,20.0,220.0,135.0,155.0
BU03633100,Amsterdam,855,0.0,35.0,110.0,110.0,35.0,270.0,125.0,165.0
BU03633101,Amsterdam,815,0.0,40.0,120.0,90.0,25.0,230.0,95.0,210.0
BU03633102,Amsterdam,465,0.0,25.0,60.0,75.0,5.0,105.0,85.0,105.0
BU03633200,Amsterdam,810,0.0,65.0,95.0,115.0,10.0,225.0,135.0,155.0
BU03633201,Amsterdam,450,0.0,30.0,45.0,85.0,5.0,125.0,75.0,80.0
BU03633202,Amsterdam,80,0.0,5.0,10.0,5.0,5.0,30.0,15.0,10.0
BU03633203,Amsterdam,10,,,,,,,,
BU03633300,Amsterdam,675,0.0,25.0,60.0,105.0,65.0,255.0,60.0,110.0
BU03633301,Amsterdam,565,0.0,10.0,60.0,80.0,40.0,190.0,90.0,100.0
BU03633302,Amsterdam,670,0.0,15.0,55.0,90.0,50.0,250.0,95.0,115.0
BU03633303,Amsterdam,695,0.0,35.0,60.0,85.0,35.0,235.0,90.0,160.0
BU03633304,Amsterdam,585,0.0,20.0,40.0,70.0,55.0,215.0,100.0,85.0
BU03633305,Amsterdam,670,0.0,25.0,35.0,85.0,50.0,260.0,80.0,135.0
BU03633306,Amsterdam,220,0.0,10.0,20.0,35.0,10.0,75.0,35.0,35.0
BU03633307,Amsterdam,280,0.0,10.0,15.0,50.0,10.0,95.0,40.0,55.0
BU03633308,Amsterdam,170,0.0,20.0,55.0,25.0,10.0,35.0,20.0,10.0
BU03633309,Amsterdam,455,0.0,35.0,55.0,50.0,55.0,155.0,50.0,60.0
BU03633310,Amsterdam,195,0.0,15.0,15.0,35.0,20.0,70.0,10.0,25.0
BU03633400,Amsterdam,5,,,,,,,,
BU03633402,Amsterdam,25,0.0,0.0,5.0,5.0,0.0,5.0,5.0,5.0
BU03633403,Amsterdam,80,0.0,10.0,10.0,10.0,0.0,10.0,10.0,25.0
BU03633404,Amsterdam,30,0.0,5.0,5.0,0.0,5.0,5.0,0.0,10.0
BU03633405,Amsterdam,700,0.0,25.0,70.0,80.0,40.0,215.0,115.0,160.0
BU03633406,Amsterdam,20,,,,,,,,
BU03633500,Amsterdam,310,0.0,20.0,20.0,45.0,30.0,105.0,45.0,45.0
BU03633501,Amsterdam,600,0.0,35.0,50.0,80.0,65.0,220.0,90.0,60.0
BU03633502,Amsterdam,565,0.0,20.0,40.0,55.0,60.0,235.0,105.0,50.0
BU03633504,Amsterdam,480,0.0,20.0,75.0,65.0,15.0,125.0,110.0,65.0
BU03633505,Amsterdam,895,0.0,45.0,85.0,160.0,50.0,260.0,175.0,120.0
BU03633600,Amsterdam,135,0.0,5.0,15.0,10.0,15.0,60.0,10.0,15.0
BU03633601,Amsterdam,550,0.0,50.0,110.0,85.0,70.0,145.0,15.0,75.0
BU03633700,Amsterdam,370,0.0,30.0,65.0,65.0,10.0,115.0,20.0,60.0
BU03633702,Amsterdam,850,0.0,80.0,105.0,135.0,15.0,225.0,120.0,165.0
BU03633703,Amsterdam,745,0.0,45.0,100.0,90.0,30.0,240.0,110.0,130.0
BU03633704,Amsterdam,340,0.0,20.0,30.0,35.0,15.0,125.0,50.0,65.0
BU03633705,Amsterdam,725,0.0,55.0,85.0,85.0,10.0,195.0,130.0,165.0
BU03633706,Amsterdam,375,0.0,25.0,60.0,50.0,10.0,100.0,55.0,75.0
BU03633802,Amsterdam,800,0.0,55.0,95.0,80.0,25.0,245.0,135.0,170.0
BU03633803,Amsterdam,280,0.0,20.0,30.0,25.0,10.0,95.0,35.0,65.0
BU03633900,Amsterdam,320,0.0,25.0,45.0,50.0,10.0,90.0,45.0,60.0
BU03633901,Amsterdam,285,0.0,20.0,35.0,40.0,10.0,95.0,50.0,35.0
BU03633902,Amsterdam,270,0.0,25.0,40.0,45.0,10.0,75.0,45.0,35.0
BU03633903,Amsterdam,500,0.0,60.0,50.0,95.0,15.0,130.0,70.0,80.0
BU03634000,Amsterdam,350,0.0,15.0,25.0,45.0,15.0,130.0,55.0,65.0
BU03634001,Amsterdam,670,0.0,35.0,85.0,75.0,35.0,210.0,95.0,145.0
BU03634002,Amsterdam,395,0.0,25.0,55.0,45.0,15.0,120.0,60.0,80.0
BU03634100,Amsterdam,355,0.0,25.0,50.0,35.0,5.0,110.0,45.0,85.0
BU03634101,Amsterdam,350,0.0,20.0,70.0,40.0,10.0,80.0,50.0,85.0
BU03634102,Amsterdam,190,0.0,15.0,20.0,25.0,5.0,60.0,30.0,35.0
BU03634103,Amsterdam,130,0.0,15.0,15.0,30.0,5.0,35.0,5.0,25.0
BU03634200,Amsterdam,620,0.0,45.0,115.0,65.0,10.0,155.0,100.0,125.0
BU03634201,Amsterdam,565,0.0,45.0,95.0,65.0,15.0,130.0,90.0,125.0
BU03634202,Amsterdam,350,0.0,30.0,35.0,40.0,15.0,110.0,50.0,70.0
BU03634203,Amsterdam,330,0.0,15.0,40.0,35.0,5.0,115.0,60.0,60.0
BU03634300,Amsterdam,770,0.0,35.0,95.0,85.0,35.0,255.0,135.0,130.0
BU03634301,Amsterdam,520,0.0,30.0,45.0,50.0,20.0,175.0,95.0,105.0
BU03634400,Amsterdam,405,0.0,15.0,35.0,40.0,30.0,150.0,40.0,100.0
BU03634401,Amsterdam,775,0.0,30.0,75.0,85.0,45.0,275.0,150.0,120.0
BU03634402,Amsterdam,480,0.0,25.0,50.0,50.0,35.0,170.0,80.0,70.0
BU03634403,Amsterdam,435,0.0,25.0,50.0,30.0,25.0,155.0,70.0,75.0
BU03634404,Amsterdam,385,0.0,20.0,55.0,25.0,30.0,120.0,60.0,75.0
BU03634405,Amsterdam,500,0.0,50.0,70.0,75.0,80.0,145.0,20.0,65.0
BU03634500,Amsterdam,615,0.0,35.0,85.0,60.0,45.0,195.0,80.0,110.0
BU03634501,Amsterdam,310,0.0,15.0,65.0,40.0,20.0,75.0,40.0,60.0
BU03634600,Amsterdam,555,0.0,20.0,30.0,25.0,170.0,200.0,60.0,45.0
BU03634601,Amsterdam,590,0.0,15.0,80.0,45.0,65.0,215.0,95.0,75.0
BU03634602,Amsterdam,925,5.0,20.0,95.0,45.0,250.0,340.0,105.0,65.0
BU03634603,Amsterdam,0,,,,,,,,
BU03634700,Amsterdam,555,0.0,15.0,50.0,45.0,125.0,180.0,45.0,100.0
BU03634701,Amsterdam,520,0.0,15.0,140.0,20.0,115.0,145.0,40.0,45.0
BU03634702,Amsterdam,670,0.0,10.0,110.0,35.0,160.0,190.0,80.0,85.0
BU03634703,Amsterdam,935,0.0,20.0,130.0,55.0,185.0,325.0,125.0,95.0
BU03634704,Amsterdam,325,0.0,5.0,15.0,15.0,95.0,120.0,45.0,30.0
BU03634705,Amsterdam,580,0.0,20.0,45.0,40.0,95.0,215.0,75.0,85.0
BU03634706,Amsterdam,295,0.0,10.0,45.0,25.0,15.0,95.0,45.0,65.0
BU03634707,Amsterdam,15,,,,,,,,
BU03634708,Amsterdam,5,,,,,,,,
BU03634709,Amsterdam,410,0.0,20.0,45.0,25.0,35.0,135.0,90.0,55.0
BU03634800,Amsterdam,145,0.0,10.0,10.0,15.0,0.0,55.0,25.0,25.0
BU03634801,Amsterdam,275,0.0,10.0,35.0,25.0,10.0,60.0,90.0,45.0
BU03634802,Amsterdam,365,0.0,15.0,55.0,35.0,25.0,85.0,85.0,65.0
BU03634803,Amsterdam,590,0.0,25.0,75.0,60.0,70.0,220.0,80.0,60.0
BU03634804,Amsterdam,215,0.0,35.0,20.0,15.0,30.0,40.0,50.0,20.0
BU03634805,Amsterdam,815,0.0,35.0,115.0,95.0,65.0,255.0,135.0,125.0
BU03634900,Amsterdam,260,0.0,5.0,10.0,10.0,70.0,85.0,45.0,40.0
BU03634901,Amsterdam,390,0.0,15.0,65.0,20.0,90.0,115.0,55.0,35.0
BU03634902,Amsterdam,125,0.0,10.0,5.0,0.0,50.0,40.0,10.0,5.0
BU03634903,Amsterdam,495,0.0,25.0,45.0,15.0,155.0,180.0,50.0,25.0
BU03634904,Amsterdam,570,0.0,15.0,60.0,40.0,95.0,220.0,80.0,60.0
BU03634905,Amsterdam,615,0.0,25.0,45.0,35.0,110.0,245.0,90.0,65.0
BU03635000,Amsterdam,0,,,,,,,,
BU03635001,Amsterdam,0,,,,,,,,
BU03635003,Amsterdam,0,,,,,,,,
BU03635005,Amsterdam,0,,,,,,,,
BU03635006,Amsterdam,35,0.0,5.0,5.0,0.0,5.0,15.0,5.0,5.0
BU03635100,Amsterdam,80,0.0,0.0,5.0,10.0,15.0,35.0,10.0,5.0
BU03635101,Amsterdam,885,0.0,35.0,85.0,125.0,65.0,310.0,165.0,105.0
BU03635102,Amsterdam,350,0.0,20.0,60.0,55.0,35.0,90.0,45.0,40.0
BU03635200,Amsterdam,610,0.0,15.0,65.0,60.0,60.0,230.0,105.0,80.0
BU03635201,Amsterdam,890,0.0,25.0,150.0,80.0,70.0,265.0,155.0,145.0
BU03635202,Amsterdam,580,0.0,15.0,85.0,55.0,40.0,185.0,110.0,90.0
BU03635203,Amsterdam,490,0.0,15.0,65.0,45.0,50.0,160.0,90.0,65.0
BU03635206,Amsterdam,240,0.0,5.0,25.0,25.0,10.0,90.0,50.0,40.0
BU03635207,Amsterdam,140,0.0,5.0,15.0,15.0,20.0,40.0,25.0,15.0
BU03635300,Amsterdam,460,0.0,25.0,75.0,35.0,25.0,130.0,75.0,95.0
BU03635301,Amsterdam,500,0.0,35.0,60.0,60.0,20.0,165.0,70.0,90.0
BU03635400,Amsterdam,475,0.0,30.0,75.0,45.0,15.0,165.0,85.0,65.0
BU03635401,Amsterdam,470,0.0,20.0,55.0,45.0,30.0,160.0,90.0,75.0
BU03635402,Amsterdam,455,0.0,20.0,65.0,40.0,35.0,145.0,55.0,95.0
BU03635403,Amsterdam,205,0.0,15.0,20.0,20.0,10.0,60.0,45.0,30.0
BU03635404,Amsterdam,10,,,,,,,,
BU03635501,Amsterdam,345,0.0,15.0,40.0,60.0,30.0,100.0,50.0,50.0
BU03635502,Amsterdam,395,0.0,25.0,40.0,35.0,175.0,70.0,35.0,20.0
BU03635503,Amsterdam,455,0.0,20.0,40.0,35.0,25.0,145.0,90.0,100.0
BU03635504,Amsterdam,15,,,,,,,,
BU03635505,Amsterdam,75,0.0,10.0,15.0,15.0,0.0,15.0,20.0,5.0
BU03635506,Amsterdam,260,0.0,25.0,15.0,30.0,10.0,80.0,60.0,40.0
BU03635507,Amsterdam,420,0.0,30.0,35.0,45.0,25.0,120.0,85.0,70.0
BU03635508,Amsterdam,145,0.0,5.0,20.0,25.0,15.0,50.0,15.0,15.0
BU03635600,Amsterdam,665,0.0,20.0,85.0,50.0,70.0,235.0,115.0,85.0
BU03635601,Amsterdam,570,0.0,25.0,40.0,60.0,40.0,200.0,115.0,90.0
BU03635602,Amsterdam,935,0.0,40.0,100.0,100.0,55.0,320.0,170.0,150.0
BU03635603,Amsterdam,40,0.0,0.0,0.0,0.0,0.0,10.0,15.0,5.0
BU03635604,Amsterdam,35,0.0,0.0,5.0,5.0,0.0,5.0,5.0,10.0
BU03635605,Amsterdam,210,0.0,5.0,15.0,20.0,15.0,85.0,45.0,25.0
BU03635606,Amsterdam,5,,,,,,,,
BU03635607,Amsterdam,315,0.0,10.0,40.0,55.0,15.0,105.0,45.0,45.0
BU03635608,Amsterdam,140,0.0,5.0,20.0,40.0,10.0,40.0,10.0,20.0
BU03635700,Amsterdam,360,0.0,30.0,50.0,40.0,15.0,100.0,70.0,55.0
BU03635701,Amsterdam,0,,,,,,,,
BU03635702,Amsterdam,10,,,,,,,,
BU03635801,Amsterdam,435,0.0,30.0,65.0,85.0,70.0,120.0,25.0,40.0
BU03635804,Amsterdam,25,0.0,5.0,0.0,5.0,0.0,5.0,5.0,5.0
BU03635805,Amsterdam,10,,,,,,,,
BU03635806,Amsterdam,500,0.0,20.0,55.0,50.0,35.0,175.0,85.0,75.0
BU03635807,Amsterdam,210,0.0,5.0,20.0,25.0,45.0,85.0,20.0,5.0
BU03635808,Amsterdam,170,0.0,15.0,30.0,40.0,15.0,45.0,5.0,15.0
BU03635809,Amsterdam,175,0.0,5.0,20.0,30.0,5.0,80.0,20.0,20.0
BU03635900,Amsterdam,320,0.0,15.0,25.0,15.0,65.0,120.0,45.0,30.0
BU03635901,Amsterdam,0,,,,,,,,
BU03636000,Amsterdam,825,0.0,80.0,135.0,105.0,15.0,185.0,110.0,190.0
BU03636001,Amsterdam,350,0.0,30.0,50.0,45.0,10.0,80.0,55.0,75.0
BU03636002,Amsterdam,330,0.0,30.0,35.0,45.0,5.0,85.0,50.0,75.0
BU03636100,Amsterdam,310,0.0,20.0,40.0,50.0,5.0,85.0,45.0,65.0
BU03636101,Amsterdam,655,0.0,45.0,60.0,100.0,15.0,160.0,100.0,170.0
BU03636102,Amsterdam,220,0.0,30.0,25.0,25.0,5.0,60.0,20.0,60.0
BU03636103,Amsterdam,120,0.0,10.0,10.0,15.0,15.0,40.0,15.0,15.0
BU03636200,Amsterdam,130,0.0,15.0,15.0,10.0,0.0,35.0,25.0,30.0
BU03636201,Amsterdam,350,0.0,30.0,45.0,45.0,10.0,80.0,65.0,70.0
BU03636300,Amsterdam,190,0.0,40.0,25.0,20.0,5.0,50.0,20.0,30.0
BU03636400,Amsterdam,45,0.0,0.0,5.0,5.0,0.0,20.0,5.0,5.0
BU03636401,Amsterdam,40,0.0,0.0,5.0,5.0,10.0,10.0,0.0,10.0
BU03636402,Amsterdam,255,0.0,10.0,15.0,25.0,35.0,85.0,45.0,45.0
BU03636403,Amsterdam,85,0.0,10.0,5.0,10.0,10.0,25.0,15.0,15.0
BU03636404,Amsterdam,5,,,,,,,,
BU03636500,Amsterdam,110,0.0,25.0,10.0,20.0,5.0,15.0,10.0,20.0
BU03636501,Amsterdam,510,0.0,90.0,55.0,60.0,5.0,100.0,100.0,100.0
BU03636502,Amsterdam,475,0.0,45.0,55.0,85.0,10.0,105.0,75.0,100.0
BU03636503,Amsterdam,320,0.0,25.0,40.0,55.0,10.0,85.0,60.0,45.0
BU03636601,Amsterdam,115,0.0,15.0,20.0,5.0,5.0,20.0,20.0,30.0
BU03636602,Amsterdam,175,0.0,30.0,20.0,30.0,10.0,35.0,25.0,25.0
BU03636603,Amsterdam,360,0.0,55.0,50.0,40.0,15.0,95.0,60.0,50.0
BU03636604,Amsterdam,30,0.0,5.0,0.0,5.0,0.0,10.0,0.0,5.0
BU03636605,Amsterdam,245,0.0,40.0,40.0,60.0,5.0,35.0,45.0,20.0
BU03636606,Amsterdam,140,0.0,25.0,10.0,30.0,5.0,35.0,20.0,15.0
BU03636700,Amsterdam,475,0.0,40.0,45.0,50.0,40.0,160.0,55.0,85.0
BU03636701,Amsterdam,85,0.0,25.0,10.0,10.0,5.0,15.0,15.0,10.0
BU03636800,Amsterdam,65,0.0,10.0,15.0,5.0,0.0,15.0,10.0,10.0
BU03636801,Amsterdam,55,0.0,5.0,5.0,5.0,5.0,15.0,10.0,10.0
BU03636802,Amsterdam,575,0.0,60.0,90.0,105.0,5.0,115.0,105.0,95.0
BU03636803,Amsterdam,370,0.0,50.0,40.0,90.0,10.0,70.0,70.0,40.0
BU03636804,Amsterdam,230,0.0,35.0,25.0,45.0,10.0,60.0,40.0,15.0
BU03636805,Amsterdam,185,0.0,30.0,15.0,40.0,10.0,45.0,25.0,15.0
BU03636900,Amsterdam,40,0.0,0.0,5.0,5.0,0.0,5.0,15.0,10.0
BU03636902,Amsterdam,225,0.0,15.0,20.0,45.0,5.0,65.0,40.0,35.0
BU03636909,Amsterdam,295,0.0,15.0,115.0,25.0,15.0,40.0,30.0,50.0
BU03636910,Amsterdam,375,0.0,30.0,50.0,75.0,5.0,85.0,55.0,80.0
BU03636911,Amsterdam,230,0.0,40.0,30.0,40.0,5.0,55.0,45.0,20.0
BU03636912,Amsterdam,290,0.0,30.0,30.0,40.0,10.0,70.0,40.0,70.0
BU03637000,Amsterdam,340,0.0,45.0,40.0,70.0,10.0,65.0,65.0,45.0
BU03637001,Amsterdam,520,0.0,45.0,80.0,65.0,15.0,130.0,100.0,85.0
BU03637002,Amsterdam,240,0.0,30.0,35.0,45.0,0.0,40.0,50.0,35.0
BU03637003,Amsterdam,310,0.0,45.0,45.0,45.0,5.0,65.0,65.0,40.0
BU03637004,Amsterdam,60,0.0,0.0,5.0,10.0,5.0,20.0,10.0,10.0
BU03637005,Amsterdam,40,0.0,5.0,5.0,5.0,0.0,10.0,5.0,5.0
BU03637102,Amsterdam,760,0.0,70.0,140.0,70.0,60.0,250.0,65.0,110.0
BU03637104,Amsterdam,430,0.0,100.0,95.0,45.0,75.0,80.0,15.0,20.0
BU03637105,Amsterdam,995,0.0,55.0,130.0,160.0,50.0,315.0,80.0,205.0
BU03637106,Amsterdam,550,0.0,40.0,65.0,90.0,45.0,180.0,50.0,75.0
BU03637107,Amsterdam,555,0.0,15.0,45.0,85.0,60.0,185.0,75.0,90.0
BU03637200,Amsterdam,505,0.0,30.0,105.0,80.0,35.0,150.0,35.0,70.0
BU03637201,Amsterdam,215,0.0,20.0,35.0,20.0,10.0,60.0,10.0,55.0
BU03637202,Amsterdam,85,0.0,15.0,15.0,10.0,15.0,15.0,5.0,10.0
BU03637300,Amsterdam,20,,,,,,,,
BU03637301,Amsterdam,150,0.0,15.0,15.0,15.0,10.0,50.0,15.0,30.0
BU03637302,Amsterdam,0,,,,,,,,
BU03637303,Amsterdam,130,0.0,10.0,15.0,15.0,15.0,35.0,15.0,20.0
BU03637304,Amsterdam,5,,,,,,,,
BU03637305,Amsterdam,85,5.0,5.0,5.0,5.0,15.0,25.0,10.0,15.0
BU03637306,Amsterdam,80,15.0,5.0,5.0,10.0,5.0,20.0,5.0,15.0
BU03637307,Amsterdam,120,15.0,10.0,10.0,10.0,10.0,35.0,15.0,15.0
BU03637308,Amsterdam,30,0.0,5.0,5.0,5.0,0.0,0.0,0.0,15.0
BU03637309,Amsterdam,15,,,,,,,,
BU03637400,Amsterdam,25,0.0,0.0,0.0,5.0,0.0,5.0,5.0,5.0
BU03637401,Amsterdam,135,0.0,5.0,20.0,25.0,0.0,30.0,30.0,30.0
BU03637402,Amsterdam,420,0.0,25.0,65.0,60.0,15.0,130.0,70.0,50.0
BU03637500,Amsterdam,500,0.0,20.0,70.0,55.0,20.0,145.0,80.0,105.0
BU03637501,Amsterdam,215,0.0,10.0,30.0,20.0,5.0,75.0,30.0,40.0
BU03637502,Amsterdam,295,0.0,25.0,35.0,30.0,5.0,100.0,40.0,60.0
BU03637503,Amsterdam,210,0.0,15.0,25.0,30.0,5.0,70.0,25.0,40.0
BU03637600,Amsterdam,780,0.0,140.0,115.0,140.0,20.0,150.0,110.0,105.0
BU03637601,Amsterdam,355,0.0,65.0,90.0,55.0,5.0,60.0,35.0,40.0
BU03637700,Amsterdam,420,0.0,80.0,60.0,85.0,5.0,65.0,75.0,50.0
BU03637701,Amsterdam,455,0.0,50.0,45.0,75.0,10.0,130.0,90.0,55.0
BU03637702,Amsterdam,425,0.0,130.0,60.0,65.0,10.0,65.0,65.0,35.0
BU03637703,Amsterdam,360,0.0,75.0,50.0,80.0,0.0,50.0,70.0,30.0
BU03637704,Amsterdam,25,0.0,0.0,5.0,0.0,0.0,5.0,0.0,15.0
BU03637705,Amsterdam,490,0.0,95.0,55.0,100.0,5.0,80.0,90.0,60.0
BU03637800,Amsterdam,325,0.0,60.0,40.0,55.0,0.0,60.0,50.0,60.0
BU03637801,Amsterdam,335,0.0,105.0,35.0,55.0,5.0,65.0,50.0,20.0
BU03637802,Amsterdam,520,0.0,110.0,70.0,115.0,10.0,85.0,90.0,35.0
BU03637803,Amsterdam,635,0.0,165.0,80.0,135.0,10.0,90.0,110.0,40.0
BU03637804,Amsterdam,35,0.0,5.0,5.0,5.0,0.0,5.0,5.0,10.0
BU03637900,Amsterdam,50,10.0,5.0,0.0,0.0,0.0,5.0,5.0,20.0
BU03637901,Amsterdam,250,0.0,65.0,35.0,45.0,5.0,45.0,25.0,25.0
BU03638000,Amsterdam,20,,,,,,,,
BU03638001,Amsterdam,240,10.0,60.0,60.0,20.0,20.0,35.0,20.0,15.0
BU03638002,Amsterdam,75,5.0,5.0,20.0,5.0,5.0,25.0,5.0,5.0
BU03638100,Amsterdam,440,0.0,105.0,70.0,95.0,5.0,70.0,55.0,35.0
BU03638101,Amsterdam,460,0.0,60.0,40.0,65.0,35.0,125.0,75.0,65.0
BU03638102,Amsterdam,630,0.0,60.0,165.0,105.0,20.0,120.0,90.0,60.0
BU03638103,Amsterdam,100,0.0,20.0,10.0,20.0,5.0,15.0,20.0,5.0
BU03638104,Amsterdam,475,0.0,75.0,70.0,80.0,20.0,90.0,85.0,50.0
BU03638200,Amsterdam,190,0.0,30.0,20.0,50.0,0.0,20.0,45.0,20.0
BU03638201,Amsterdam,380,0.0,95.0,40.0,80.0,10.0,55.0,65.0,30.0
BU03638202,Amsterdam,385,0.0,90.0,55.0,70.0,10.0,70.0,55.0,35.0
BU03638203,Amsterdam,755,0.0,120.0,120.0,125.0,20.0,185.0,120.0,60.0
BU03638300,Amsterdam,730,0.0,200.0,90.0,135.0,15.0,115.0,100.0,75.0
BU03638301,Amsterdam,385,0.0,25.0,95.0,70.0,25.0,110.0,35.0,25.0
BU03638400,Amsterdam,405,0.0,80.0,60.0,85.0,10.0,80.0,55.0,35.0
BU03638401,Amsterdam,555,0.0,65.0,60.0,85.0,40.0,155.0,100.0,45.0
BU03638402,Amsterdam,800,0.0,95.0,120.0,110.0,50.0,205.0,155.0,70.0
BU03638500,Amsterdam,320,0.0,25.0,30.0,40.0,20.0,120.0,60.0,30.0
BU03638501,Amsterdam,380,0.0,60.0,50.0,35.0,15.0,100.0,60.0,60.0
BU03638502,Amsterdam,410,0.0,90.0,60.0,90.0,0.0,60.0,65.0,45.0
BU03638600,Amsterdam,770,0.0,60.0,85.0,145.0,20.0,190.0,165.0,105.0
BU03638601,Amsterdam,660,0.0,50.0,85.0,85.0,20.0,155.0,140.0,115.0
BU03638602,Amsterdam,130,0.0,5.0,15.0,25.0,5.0,30.0,25.0,25.0
BU03638603,Amsterdam,175,0.0,5.0,20.0,30.0,10.0,55.0,30.0,25.0
BU03638604,Amsterdam,45,0.0,5.0,5.0,0.0,5.0,5.0,20.0,5.0
BU03638605,Amsterdam,105,0.0,5.0,15.0,15.0,0.0,25.0,30.0,10.0
BU03638700,Amsterdam,630,0.0,25.0,165.0,75.0,65.0,185.0,55.0,55.0
BU03638701,Amsterdam,165,0.0,5.0,15.0,25.0,10.0,55.0,30.0,20.0
BU03638702,Amsterdam,190,0.0,10.0,25.0,35.0,10.0,45.0,35.0,25.0
BU03638703,Amsterdam,755,0.0,65.0,135.0,120.0,30.0,160.0,130.0,110.0
BU03638704,Amsterdam,215,0.0,15.0,30.0,30.0,25.0,70.0,25.0,20.0
BU03638705,Amsterdam,285,0.0,5.0,45.0,40.0,10.0,95.0,30.0,65.0
BU03638800,Amsterdam,380,0.0,15.0,35.0,80.0,50.0,160.0,20.0,20.0
BU03638801,Amsterdam,125,0.0,10.0,10.0,10.0,10.0,40.0,20.0,20.0
BU03638802,Amsterdam,105,0.0,10.0,10.0,10.0,5.0,15.0,5.0,55.0
BU03638803,Amsterdam,75,0.0,10.0,10.0,10.0,10.0,10.0,10.0,10.0
BU03638804,Amsterdam,310,0.0,25.0,30.0,55.0,15.0,90.0,70.0,25.0
BU03638805,Amsterdam,370,0.0,40.0,45.0,65.0,20.0,90.0,70.0,40.0
BU03638806,Amsterdam,155,0.0,10.0,25.0,25.0,0.0,40.0,30.0,20.0
BU03638807,Amsterdam,265,0.0,20.0,25.0,30.0,20.0,80.0,55.0,35.0
BU03638808,Amsterdam,310,0.0,40.0,35.0,40.0,15.0,85.0,65.0,30.0
BU03638809,Amsterdam,195,0.0,25.0,30.0,15.0,20.0,60.0,25.0,20.0
BU03638900,Amsterdam,380,0.0,40.0,80.0,50.0,15.0,65.0,75.0,55.0
BU03638901,Amsterdam,385,0.0,35.0,60.0,75.0,5.0,85.0,85.0,40.0
BU03638902,Amsterdam,300,0.0,20.0,40.0,65.0,15.0,65.0,55.0,35.0
BU03638903,Amsterdam,180,0.0,10.0,15.0,30.0,5.0,35.0,30.0,50.0
BU03639000,Amsterdam,690,0.0,40.0,165.0,55.0,55.0,170.0,120.0,90.0
BU03639002,Amsterdam,540,0.0,30.0,80.0,55.0,40.0,135.0,125.0,75.0
BU03639003,Amsterdam,1015,0.0,50.0,155.0,100.0,120.0,310.0,185.0,100.0
BU03639004,Amsterdam,50,0.0,10.0,5.0,0.0,5.0,5.0,15.0,10.0
BU03639008,Amsterdam,220,0.0,25.0,20.0,15.0,55.0,55.0,35.0,15.0
BU03639009,Amsterdam,330,0.0,10.0,10.0,15.0,170.0,115.0,0.0,10.0
BU03639100,Amsterdam,160,0.0,0.0,15.0,15.0,35.0,60.0,20.0,15.0
BU03639101,Amsterdam,420,0.0,25.0,55.0,55.0,35.0,130.0,85.0,35.0
BU03639102,Amsterdam,625,0.0,25.0,70.0,50.0,95.0,200.0,115.0,70.0
BU03639103,Amsterdam,15,,,,,,,,
BU03639200,Amsterdam,230,0.0,5.0,80.0,25.0,50.0,50.0,5.0,15.0
BU03639201,Amsterdam,1210,0.0,60.0,165.0,155.0,470.0,270.0,55.0,35.0
BU03639202,Amsterdam,495,0.0,45.0,145.0,75.0,70.0,120.0,20.0,25.0
BU03639203,Amsterdam,420,0.0,20.0,65.0,70.0,45.0,135.0,50.0,35.0
BU03639204,Amsterdam,75,0.0,10.0,40.0,5.0,5.0,10.0,5.0,5.0
BU03639205,Amsterdam,50,0.0,5.0,5.0,0.0,0.0,15.0,15.0,10.0
BU03639206,Amsterdam,50,0.0,5.0,10.0,10.0,0.0,5.0,5.0,10.0
BU03639300,Amsterdam,460,0.0,40.0,70.0,90.0,10.0,100.0,75.0,70.0
BU03639301,Amsterdam,330,0.0,35.0,45.0,55.0,10.0,80.0,65.0,40.0
BU03639302,Amsterdam,195,0.0,10.0,50.0,20.0,5.0,30.0,50.0,30.0
BU03639303,Amsterdam,600,0.0,35.0,80.0,90.0,15.0,140.0,140.0,90.0
BU03639304,Amsterdam,315,0.0,15.0,145.0,15.0,25.0,40.0,35.0,35.0
BU03639305,Amsterdam,160,0.0,10.0,30.0,25.0,5.0,30.0,45.0,20.0
BU03639306,Amsterdam,235,0.0,30.0,25.0,30.0,5.0,45.0,55.0,45.0
BU03639307,Amsterdam,295,0.0,25.0,40.0,40.0,5.0,60.0,50.0,70.0
BU03639308,Amsterdam,35,0.0,0.0,0.0,5.0,5.0,10.0,10.0,5.0
BU03639309,Amsterdam,85,0.0,5.0,15.0,20.0,0.0,15.0,15.0,15.0
BU03639310,Amsterdam,0,,,,,,,,
BU03639400,Amsterdam,325,0.0,15.0,50.0,45.0,30.0,85.0,80.0,25.0
BU03639401,Amsterdam,645,0.0,75.0,85.0,85.0,20.0,135.0,165.0,80.0
BU03639402,Amsterdam,215,0.0,25.0,25.0,15.0,5.0,50.0,65.0,30.0
BU03639403,Amsterdam,250,0.0,30.0,35.0,35.0,0.0,45.0,75.0,30.0
BU03639404,Amsterdam,95,0.0,10.0,15.0,10.0,0.0,15.0,30.0,15.0
BU03639405,Amsterdam,315,0.0,15.0,80.0,50.0,5.0,50.0,75.0,45.0
BU03639406,Amsterdam,185,0.0,25.0,30.0,40.0,0.0,30.0,45.0,10.0
BU03639407,Amsterdam,155,0.0,10.0,25.0,30.0,5.0,40.0,30.0,15.0
BU03639408,Amsterdam,215,0.0,10.0,25.0,30.0,0.0,55.0,55.0,30.0
BU03639409,Amsterdam,390,0.0,40.0,45.0,50.0,15.0,100.0,70.0,70.0
BU03639410,Amsterdam,225,0.0,40.0,30.0,30.0,5.0,50.0,50.0,20.0
BU03639411,Amsterdam,90,0.0,5.0,15.0,20.0,0.0,20.0,20.0,15.0
BU03639412,Amsterdam,150,0.0,20.0,20.0,25.0,0.0,30.0,40.0,20.0
BU03639413,Amsterdam,335,0.0,45.0,35.0,45.0,5.0,65.0,70.0,70.0
BU03639500,Amsterdam,390,0.0,35.0,45.0,65.0,10.0,105.0,80.0,50.0
BU03639501,Amsterdam,30,0.0,10.0,5.0,0.0,10.0,5.0,0.0,0.0
BU03639502,Amsterdam,20,,,,,,,,
BU03639600,Amsterdam,190,0.0,20.0,40.0,20.0,0.0,25.0,65.0,15.0
BU03639601,Amsterdam,300,0.0,25.0,40.0,45.0,0.0,65.0,90.0,35.0
BU03639602,Amsterdam,265,0.0,20.0,30.0,35.0,10.0,80.0,65.0,30.0
BU03639603,Amsterdam,250,0.0,30.0,45.0,30.0,5.0,35.0,65.0,40.0
BU03639604,Amsterdam,185,0.0,15.0,40.0,25.0,5.0,35.0,45.0,15.0
BU03639605,Amsterdam,230,0.0,30.0,30.0,35.0,5.0,45.0,55.0,30.0
BU03639606,Amsterdam,255,0.0,25.0,30.0,40.0,0.0,65.0,60.0,30.0
BU03639700,Amsterdam,300,0.0,30.0,50.0,45.0,0.0,50.0,85.0,40.0
BU03639701,Amsterdam,155,0.0,20.0,25.0,15.0,0.0,25.0,45.0,20.0
BU03639702,Amsterdam,340,0.0,40.0,35.0,35.0,10.0,90.0,75.0,55.0
BU03639703,Amsterdam,335,0.0,35.0,65.0,40.0,5.0,60.0,80.0,50.0
BU03639800,Amsterdam,200,5.0,35.0,35.0,15.0,15.0,40.0,35.0,20.0
BU03639801,Amsterdam,30,0.0,0.0,0.0,5.0,5.0,10.0,5.0,5.0
BU02000101,Apeldoorn,1215,0.0,60.0,465.0,100.0,75.0,250.0,130.0,130.0
BU02000102,Apeldoorn,325,0.0,25.0,60.0,30.0,20.0,95.0,65.0,30.0
BU02000201,Apeldoorn,405,0.0,40.0,65.0,40.0,35.0,105.0,70.0,50.0
BU02000202,Apeldoorn,190,0.0,15.0,15.0,10.0,20.0,60.0,40.0,25.0
BU02000203,Apeldoorn,510,0.0,30.0,50.0,30.0,45.0,170.0,120.0,60.0
BU02000204,Apeldoorn,410,0.0,10.0,45.0,25.0,100.0,135.0,70.0,30.0
BU02000205,Apeldoorn,510,0.0,50.0,90.0,30.0,45.0,135.0,105.0,60.0
BU02000206,Apeldoorn,500,0.0,65.0,70.0,35.0,30.0,115.0,125.0,60.0
BU02000207,Apeldoorn,5,,,,,,,,
BU02000301,Apeldoorn,385,5.0,25.0,55.0,30.0,45.0,95.0,90.0,40.0
BU02000302,Apeldoorn,25,0.0,5.0,10.0,0.0,0.0,5.0,0.0,5.0
BU02000303,Apeldoorn,210,0.0,35.0,35.0,15.0,5.0,45.0,50.0,25.0
BU02000304,Apeldoorn,350,0.0,55.0,70.0,25.0,20.0,75.0,60.0,35.0
BU02000305,Apeldoorn,125,0.0,20.0,25.0,10.0,10.0,20.0,25.0,15.0
BU02000306,Apeldoorn,200,0.0,25.0,25.0,25.0,20.0,55.0,35.0,15.0
BU02000307,Apeldoorn,145,0.0,20.0,50.0,10.0,15.0,25.0,10.0,15.0
BU02000308,Apeldoorn,110,0.0,0.0,5.0,0.0,5.0,10.0,90.0,0.0
BU02000309,Apeldoorn,105,0.0,10.0,10.0,5.0,10.0,30.0,35.0,5.0
BU02000310,Apeldoorn,115,0.0,5.0,25.0,30.0,5.0,25.0,20.0,5.0
BU02000311,Apeldoorn,65,0.0,5.0,10.0,5.0,10.0,15.0,15.0,5.0
BU02000401,Apeldoorn,425,0.0,50.0,80.0,30.0,25.0,100.0,95.0,50.0
BU02000402,Apeldoorn,400,0.0,65.0,105.0,35.0,10.0,70.0,65.0,60.0
BU02000403,Apeldoorn,205,0.0,30.0,45.0,20.0,10.0,40.0,35.0,20.0
BU02000404,Apeldoorn,260,0.0,55.0,55.0,20.0,10.0,40.0,55.0,30.0
BU02000405,Apeldoorn,190,0.0,30.0,30.0,15.0,5.0,30.0,55.0,20.0
BU02000406,Apeldoorn,285,0.0,50.0,85.0,25.0,45.0,45.0,15.0,25.0
BU02000407,Apeldoorn,105,0.0,20.0,35.0,5.0,5.0,15.0,15.0,5.0
BU02000408,Apeldoorn,75,0.0,10.0,20.0,5.0,0.0,5.0,5.0,25.0
BU02000409,Apeldoorn,90,0.0,15.0,30.0,0.0,10.0,25.0,5.0,0.0
BU02000501,Apeldoorn,280,0.0,35.0,45.0,20.0,5.0,50.0,75.0,45.0
BU02000502,Apeldoorn,215,0.0,25.0,25.0,15.0,5.0,45.0,65.0,30.0
BU02000503,Apeldoorn,260,0.0,45.0,30.0,25.0,5.0,60.0,65.0,35.0
BU02000504,Apeldoorn,260,0.0,25.0,45.0,25.0,10.0,60.0,65.0,30.0
BU02000505,Apeldoorn,335,0.0,45.0,55.0,25.0,15.0,65.0,90.0,40.0
BU02000506,Apeldoorn,270,0.0,15.0,70.0,20.0,20.0,35.0,65.0,40.0
BU02000507,Apeldoorn,130,0.0,20.0,50.0,5.0,10.0,10.0,20.0,15.0
BU02000508,Apeldoorn,135,0.0,30.0,35.0,15.0,10.0,30.0,15.0,5.0
BU02000601,Apeldoorn,490,0.0,40.0,80.0,35.0,45.0,130.0,95.0,65.0
BU02000602,Apeldoorn,275,0.0,25.0,50.0,25.0,20.0,60.0,65.0,25.0
BU02000603,Apeldoorn,490,0.0,25.0,85.0,45.0,45.0,145.0,100.0,45.0
BU02000604,Apeldoorn,465,0.0,30.0,60.0,35.0,45.0,125.0,110.0,60.0
BU02000605,Apeldoorn,210,0.0,10.0,30.0,20.0,25.0,50.0,70.0,10.0
BU02000606,Apeldoorn,15,,,,,,,,
BU02000607,Apeldoorn,40,0.0,5.0,10.0,10.0,5.0,5.0,0.0,0.0
BU02000608,Apeldoorn,35,0.0,0.0,20.0,0.0,5.0,5.0,0.0,5.0
BU02000701,Apeldoorn,210,0.0,10.0,20.0,15.0,25.0,60.0,45.0,30.0
BU02000702,Apeldoorn,270,0.0,30.0,30.0,25.0,15.0,60.0,85.0,25.0
BU02000703,Apeldoorn,245,0.0,20.0,55.0,15.0,10.0,55.0,55.0,35.0
BU02000704,Apeldoorn,325,0.0,15.0,60.0,35.0,10.0,80.0,100.0,25.0
BU02000705,Apeldoorn,265,0.0,30.0,35.0,30.0,15.0,55.0,65.0,35.0
BU02000706,Apeldoorn,445,0.0,90.0,145.0,50.0,40.0,90.0,20.0,20.0
BU02000707,Apeldoorn,75,0.0,5.0,35.0,5.0,5.0,15.0,10.0,5.0
BU02000708,Apeldoorn,520,0.0,30.0,65.0,55.0,30.0,130.0,145.0,60.0
BU02000709,Apeldoorn,45,0.0,0.0,5.0,5.0,5.0,15.0,5.0,5.0
BU02000801,Apeldoorn,660,0.0,30.0,85.0,45.0,115.0,205.0,130.0,45.0
BU02000802,Apeldoorn,205,0.0,15.0,20.0,10.0,40.0,55.0,50.0,20.0
BU02000803,Apeldoorn,315,0.0,30.0,70.0,20.0,35.0,75.0,45.0,35.0
BU02000804,Apeldoorn,160,0.0,15.0,25.0,10.0,15.0,40.0,40.0,10.0
BU02000805,Apeldoorn,105,0.0,15.0,20.0,5.0,10.0,25.0,15.0,15.0
BU02000806,Apeldoorn,305,0.0,30.0,55.0,20.0,25.0,65.0,70.0,40.0
BU02000807,Apeldoorn,10,,,,,,,,
BU02000808,Apeldoorn,240,0.0,45.0,85.0,15.0,10.0,30.0,10.0,40.0
BU02000809,Apeldoorn,105,0.0,10.0,25.0,10.0,10.0,25.0,20.0,5.0
BU02001001,Apeldoorn,265,20.0,70.0,50.0,15.0,25.0,45.0,30.0,15.0
BU02001002,Apeldoorn,130,25.0,35.0,15.0,5.0,15.0,25.0,10.0,5.0
BU02001003,Apeldoorn,90,25.0,10.0,10.0,10.0,5.0,15.0,10.0,5.0
BU02001004,Apeldoorn,30,5.0,5.0,5.0,5.0,5.0,5.0,5.0,0.0
BU02001101,Apeldoorn,5,,,,,,,,
BU02001102,Apeldoorn,55,0.0,0.0,10.0,0.0,10.0,20.0,5.0,5.0
BU02001103,Apeldoorn,15,,,,,,,,
BU02001104,Apeldoorn,25,0.0,0.0,5.0,0.0,0.0,5.0,10.0,5.0
BU02001201,Apeldoorn,110,0.0,15.0,20.0,10.0,10.0,30.0,15.0,10.0
BU02001202,Apeldoorn,20,,,,,,,,
BU02001203,Apeldoorn,55,0.0,5.0,20.0,5.0,5.0,10.0,5.0,5.0
BU02001204,Apeldoorn,75,5.0,5.0,10.0,5.0,10.0,20.0,15.0,5.0
BU02001301,Apeldoorn,55,15.0,5.0,10.0,5.0,5.0,10.0,0.0,5.0
BU02001302,Apeldoorn,225,0.0,35.0,50.0,10.0,20.0,40.0,50.0,25.0
BU02001303,Apeldoorn,205,10.0,35.0,40.0,10.0,15.0,35.0,35.0,25.0
BU02001401,Apeldoorn,275,5.0,35.0,60.0,15.0,35.0,50.0,55.0,20.0
BU02001402,Apeldoorn,90,0.0,0.0,15.0,5.0,15.0,25.0,15.0,5.0
BU02001403,Apeldoorn,90,5.0,10.0,15.0,5.0,15.0,30.0,10.0,5.0
BU02001404,Apeldoorn,195,5.0,25.0,40.0,15.0,25.0,40.0,25.0,15.0
BU02001501,Apeldoorn,85,5.0,20.0,20.0,5.0,5.0,10.0,15.0,5.0
BU02001502,Apeldoorn,95,10.0,15.0,20.0,5.0,10.0,15.0,10.0,5.0
BU02001503,Apeldoorn,25,0.0,0.0,5.0,0.0,0.0,5.0,5.0,5.0
BU02001601,Apeldoorn,65,10.0,10.0,15.0,0.0,5.0,15.0,10.0,5.0
BU02001602,Apeldoorn,70,0.0,15.0,10.0,0.0,0.0,20.0,15.0,5.0
BU02001603,Apeldoorn,175,35.0,25.0,25.0,10.0,15.0,30.0,20.0,15.0
BU02001604,Apeldoorn,50,5.0,5.0,10.0,5.0,5.0,10.0,5.0,5.0
BU02001701,Apeldoorn,85,5.0,10.0,25.0,5.0,10.0,15.0,10.0,10.0
BU02001702,Apeldoorn,25,5.0,5.0,5.0,0.0,5.0,5.0,5.0,0.0
BU02001703,Apeldoorn,0,,,,,,,,
BU02001704,Apeldoorn,210,5.0,15.0,65.0,10.0,35.0,40.0,20.0,10.0
BU02001705,Apeldoorn,135,15.0,20.0,20.0,5.0,15.0,25.0,15.0,20.0
BU02001706,Apeldoorn,165,55.0,15.0,20.0,10.0,10.0,35.0,15.0,15.0
BU02020100,Arnhem,550,0.0,25.0,190.0,30.0,30.0,115.0,65.0,90.0
BU02020101,Arnhem,490,0.0,15.0,160.0,40.0,45.0,110.0,55.0,70.0
BU02020102,Arnhem,545,0.0,15.0,270.0,40.0,25.0,85.0,35.0,65.0
BU02020103,Arnhem,205,0.0,10.0,25.0,25.0,30.0,60.0,20.0,35.0
BU02020104,Arnhem,200,0.0,5.0,45.0,30.0,15.0,65.0,20.0,20.0
BU02020170,Arnhem,225,0.0,15.0,25.0,25.0,10.0,70.0,40.0,30.0
BU02020210,Arnhem,320,0.0,25.0,80.0,25.0,15.0,50.0,35.0,95.0
BU02020211,Arnhem,800,0.0,35.0,120.0,70.0,30.0,220.0,155.0,170.0
BU02020212,Arnhem,380,0.0,30.0,35.0,20.0,25.0,130.0,75.0,65.0
BU02020314,Arnhem,295,0.0,40.0,35.0,25.0,5.0,90.0,50.0,50.0
BU02020320,Arnhem,285,0.0,30.0,35.0,30.0,5.0,70.0,65.0,45.0
BU02020321,Arnhem,65,0.0,10.0,10.0,0.0,0.0,15.0,15.0,10.0
BU02020322,Arnhem,765,5.0,160.0,230.0,65.0,50.0,160.0,55.0,40.0
BU02020338,Arnhem,20,,,,,,,,
BU02020339,Arnhem,150,0.0,20.0,20.0,15.0,10.0,35.0,25.0,30.0
BU02020423,Arnhem,170,0.0,15.0,35.0,20.0,5.0,30.0,35.0,25.0
BU02020424,Arnhem,210,0.0,20.0,35.0,10.0,5.0,40.0,80.0,25.0
BU02020425,Arnhem,370,0.0,50.0,85.0,30.0,10.0,70.0,85.0,35.0
BU02020526,Arnhem,420,0.0,70.0,45.0,50.0,20.0,75.0,105.0,50.0
BU02020527,Arnhem,60,0.0,5.0,10.0,5.0,5.0,10.0,15.0,10.0
BU02020528,Arnhem,195,0.0,15.0,75.0,25.0,0.0,25.0,30.0,25.0
BU02020529,Arnhem,290,0.0,35.0,50.0,30.0,40.0,100.0,25.0,10.0
BU02020630,Arnhem,280,0.0,20.0,30.0,25.0,10.0,80.0,70.0,40.0
BU02020631,Arnhem,550,0.0,25.0,65.0,40.0,20.0,180.0,105.0,115.0
BU02020650,Arnhem,165,0.0,15.0,5.0,10.0,10.0,65.0,30.0,30.0
BU02020732,Arnhem,260,0.0,25.0,45.0,25.0,5.0,65.0,40.0,60.0
BU02020733,Arnhem,335,0.0,30.0,45.0,35.0,10.0,80.0,55.0,80.0
BU02020734,Arnhem,190,0.0,15.0,20.0,15.0,10.0,35.0,65.0,30.0
BU02020735,Arnhem,230,0.0,10.0,20.0,20.0,10.0,55.0,70.0,45.0
BU02020840,Arnhem,260,0.0,15.0,30.0,30.0,15.0,65.0,60.0,50.0
BU02020841,Arnhem,190,0.0,5.0,15.0,20.0,20.0,80.0,35.0,15.0
BU02020842,Arnhem,85,0.0,5.0,10.0,10.0,5.0,35.0,15.0,5.0
BU02020843,Arnhem,275,0.0,25.0,20.0,20.0,15.0,100.0,60.0,35.0
BU02020844,Arnhem,305,0.0,15.0,20.0,15.0,40.0,115.0,75.0,30.0
BU02020845,Arnhem,260,0.0,20.0,20.0,20.0,35.0,90.0,60.0,20.0
BU02020951,Arnhem,45,0.0,0.0,0.0,5.0,5.0,20.0,10.0,5.0
BU02020952,Arnhem,435,0.0,20.0,40.0,25.0,30.0,135.0,135.0,50.0
BU02021053,Arnhem,340,0.0,45.0,50.0,25.0,0.0,70.0,90.0,60.0
BU02021154,Arnhem,225,0.0,20.0,15.0,10.0,20.0,55.0,55.0,45.0
BU02021155,Arnhem,70,0.0,5.0,5.0,5.0,0.0,25.0,15.0,10.0
BU02021159,Arnhem,165,0.0,5.0,15.0,15.0,10.0,60.0,35.0,30.0
BU02021260,Arnhem,215,0.0,15.0,15.0,15.0,25.0,75.0,50.0,20.0
BU02021261,Arnhem,675,0.0,35.0,60.0,45.0,75.0,225.0,160.0,80.0
BU02021262,Arnhem,245,0.0,5.0,15.0,10.0,25.0,90.0,80.0,20.0
BU02021263,Arnhem,185,0.0,5.0,10.0,15.0,20.0,70.0,60.0,15.0
BU02021264,Arnhem,305,0.0,10.0,20.0,10.0,30.0,120.0,100.0,15.0
BU02021269,Arnhem,20,,,,,,,,
BU02021365,Arnhem,180,0.0,10.0,15.0,5.0,20.0,65.0,45.0,20.0
BU02021366,Arnhem,60,5.0,5.0,10.0,5.0,15.0,10.0,10.0,10.0
BU02021367,Arnhem,150,0.0,15.0,25.0,5.0,10.0,25.0,35.0,35.0
BU02021368,Arnhem,100,10.0,5.0,10.0,5.0,5.0,30.0,15.0,20.0
BU02021471,Arnhem,225,0.0,15.0,30.0,20.0,10.0,50.0,60.0,45.0
BU02021473,Arnhem,175,0.0,10.0,25.0,15.0,5.0,60.0,35.0,20.0
BU02021474,Arnhem,165,0.0,10.0,5.0,10.0,5.0,60.0,45.0,25.0
BU02021572,Arnhem,230,0.0,10.0,15.0,15.0,20.0,90.0,55.0,25.0
BU02021579,Arnhem,50,0.0,0.0,0.0,0.0,0.0,5.0,35.0,0.0
BU02021681,Arnhem,45,0.0,5.0,10.0,5.0,0.0,10.0,10.0,5.0
BU02021682,Arnhem,390,0.0,45.0,60.0,35.0,15.0,85.0,110.0,40.0
BU02021780,Arnhem,285,0.0,45.0,45.0,25.0,15.0,45.0,60.0,50.0
BU02021783,Arnhem,175,0.0,30.0,20.0,10.0,0.0,40.0,45.0,25.0
BU02021798,Arnhem,195,0.0,15.0,20.0,20.0,10.0,50.0,55.0,20.0
BU02021815,Arnhem,120,0.0,15.0,10.0,10.0,0.0,25.0,40.0,15.0
BU02021884,Arnhem,115,0.0,15.0,25.0,10.0,5.0,10.0,40.0,10.0
BU02021885,Arnhem,135,0.0,10.0,35.0,5.0,0.0,15.0,50.0,15.0
BU02021886,Arnhem,145,0.0,25.0,15.0,15.0,0.0,20.0,55.0,15.0
BU02021887,Arnhem,100,0.0,15.0,10.0,5.0,0.0,15.0,40.0,15.0
BU02021888,Arnhem,95,0.0,25.0,15.0,15.0,0.0,5.0,35.0,5.0
BU02021989,Arnhem,90,0.0,5.0,10.0,10.0,5.0,25.0,25.0,10.0
BU02021990,Arnhem,375,0.0,25.0,125.0,25.0,15.0,75.0,65.0,45.0
BU02021993,Arnhem,435,0.0,50.0,55.0,30.0,20.0,100.0,135.0,45.0
BU02022092,Arnhem,490,0.0,45.0,75.0,40.0,40.0,145.0,100.0,45.0
BU02022191,Arnhem,275,0.0,35.0,25.0,25.0,10.0,60.0,90.0,30.0
BU02022194,Arnhem,190,0.0,25.0,35.0,15.0,0.0,30.0,65.0,25.0
BU02022197,Arnhem,205,0.0,25.0,15.0,20.0,5.0,55.0,50.0,35.0
BU02022295,Arnhem,435,0.0,70.0,60.0,35.0,15.0,70.0,115.0,60.0
BU02022296,Arnhem,460,0.0,50.0,70.0,35.0,20.0,115.0,115.0,55.0
BU02022316,Arnhem,315,0.0,25.0,45.0,25.0,15.0,75.0,85.0,40.0
BU02022317,Arnhem,365,0.0,35.0,55.0,25.0,20.0,95.0,95.0,45.0
BU02022318,Arnhem,430,0.0,45.0,90.0,30.0,25.0,90.0,90.0,50.0
BU02022319,Arnhem,130,0.0,25.0,40.0,10.0,5.0,20.0,15.0,10.0
BU02022447,Arnhem,580,0.0,50.0,60.0,65.0,35.0,170.0,155.0,45.0
BU02022448,Arnhem,280,0.0,20.0,55.0,25.0,10.0,55.0,85.0,30.0
BU02022449,Arnhem,550,0.0,30.0,50.0,55.0,35.0,170.0,155.0,50.0
BU01060000,Assen,180,0.0,5.0,90.0,5.0,5.0,30.0,15.0,30.0
BU01060001,Assen,20,,,,,,,,
BU01060002,Assen,70,0.0,0.0,10.0,5.0,5.0,15.0,20.0,15.0
BU01060003,Assen,135,0.0,5.0,15.0,15.0,20.0,45.0,25.0,20.0
BU01060004,Assen,150,0.0,5.0,60.0,15.0,5.0,35.0,15.0,15.0
BU01060005,Assen,235,0.0,10.0,130.0,15.0,15.0,10.0,15.0,35.0
BU01060006,Assen,60,0.0,10.0,5.0,5.0,5.0,15.0,15.0,5.0
BU01060007,Assen,40,0.0,10.0,5.0,0.0,5.0,5.0,15.0,5.0
BU01060008,Assen,145,0.0,0.0,15.0,15.0,25.0,45.0,25.0,15.0
BU01060009,Assen,10,,,,,,,,
BU01060010,Assen,80,0.0,5.0,5.0,5.0,5.0,30.0,15.0,15.0
BU01060011,Assen,100,0.0,5.0,10.0,10.0,10.0,30.0,30.0,5.0
BU01060012,Assen,60,0.0,5.0,5.0,0.0,5.0,5.0,35.0,0.0
BU01060100,Assen,70,0.0,10.0,10.0,5.0,0.0,10.0,20.0,10.0
BU01060101,Assen,50,0.0,5.0,5.0,5.0,0.0,15.0,15.0,10.0
BU01060102,Assen,70,0.0,15.0,5.0,5.0,5.0,15.0,20.0,5.0
BU01060103,Assen,50,0.0,5.0,15.0,5.0,0.0,5.0,10.0,5.0
BU01060104,Assen,15,,,,,,,,
BU01060105,Assen,35,0.0,5.0,5.0,5.0,0.0,5.0,5.0,10.0
BU01060200,Assen,120,0.0,15.0,20.0,5.0,5.0,15.0,35.0,15.0
BU01060201,Assen,40,0.0,10.0,5.0,0.0,0.0,5.0,10.0,5.0
BU01060202,Assen,90,0.0,20.0,15.0,10.0,0.0,10.0,25.0,10.0
BU01060203,Assen,75,0.0,5.0,10.0,5.0,5.0,15.0,25.0,5.0
BU01060204,Assen,35,0.0,5.0,0.0,0.0,0.0,10.0,5.0,5.0
BU01060205,Assen,105,0.0,15.0,15.0,10.0,5.0,30.0,20.0,15.0
BU01060300,Assen,10,,,,,,,,
BU01060301,Assen,15,,,,,,,,
BU01060302,Assen,50,0.0,5.0,5.0,0.0,10.0,20.0,15.0,0.0
BU01060303,Assen,20,,,,,,,,
BU01060304,Assen,70,0.0,10.0,10.0,5.0,5.0,20.0,10.0,10.0
BU01060305,Assen,160,0.0,25.0,20.0,15.0,10.0,25.0,35.0,30.0
BU01060306,Assen,25,0.0,0.0,0.0,0.0,0.0,5.0,10.0,5.0
BU01060307,Assen,145,0.0,20.0,30.0,5.0,5.0,30.0,45.0,15.0
BU01060308,Assen,65,0.0,10.0,15.0,0.0,5.0,10.0,10.0,15.0
BU01060309,Assen,5,,,,,,,,
BU01060310,Assen,90,0.0,5.0,5.0,10.0,5.0,20.0,35.0,10.0
BU01060400,Assen,40,0.0,5.0,10.0,5.0,5.0,5.0,5.0,5.0
BU01060401,Assen,90,0.0,15.0,15.0,15.0,0.0,10.0,15.0,15.0
BU01060402,Assen,95,0.0,15.0,20.0,10.0,0.0,20.0,25.0,5.0
BU01060403,Assen,5,,,,,,,,
BU01060500,Assen,25,0.0,5.0,5.0,0.0,0.0,0.0,5.0,0.0
BU01060501,Assen,5,,,,,,,,
BU01060502,Assen,60,0.0,5.0,5.0,5.0,5.0,10.0,15.0,10.0
BU01060503,Assen,105,0.0,15.0,15.0,5.0,0.0,25.0,20.0,25.0
BU01060504,Assen,25,0.0,0.0,5.0,0.0,0.0,0.0,10.0,10.0
BU01060505,Assen,20,,,,,,,,
BU01060506,Assen,45,0.0,0.0,15.0,0.0,5.0,10.0,5.0,5.0
BU01060507,Assen,0,,,,,,,,
BU01060508,Assen,60,0.0,5.0,10.0,0.0,10.0,15.0,10.0,10.0
BU01060509,Assen,5,,,,,,,,
BU01060600,Assen,45,0.0,5.0,5.0,5.0,5.0,10.0,15.0,0.0
BU01060601,Assen,100,0.0,10.0,10.0,15.0,5.0,25.0,20.0,15.0
BU01060602,Assen,140,0.0,15.0,30.0,10.0,5.0,35.0,35.0,15.0
BU01060603,Assen,100,5.0,10.0,10.0,15.0,5.0,25.0,20.0,15.0
BU01060604,Assen,110,0.0,30.0,35.0,5.0,10.0,20.0,5.0,5.0
BU01060700,Assen,145,0.0,15.0,40.0,10.0,15.0,45.0,10.0,10.0
BU01060701,Assen,55,0.0,5.0,5.0,5.0,5.0,15.0,10.0,5.0
BU01060702,Assen,45,0.0,0.0,10.0,5.0,5.0,10.0,15.0,0.0
BU01060703,Assen,60,0.0,10.0,10.0,5.0,0.0,15.0,10.0,10.0
BU01060704,Assen,60,0.0,5.0,10.0,5.0,0.0,15.0,15.0,5.0
BU01060705,Assen,75,0.0,5.0,5.0,5.0,5.0,25.0,20.0,10.0
BU01060706,Assen,50,0.0,5.0,5.0,0.0,5.0,10.0,15.0,5.0
BU01060707,Assen,60,0.0,5.0,5.0,5.0,5.0,15.0,20.0,10.0
BU01060708,Assen,75,0.0,5.0,20.0,0.0,5.0,10.0,15.0,15.0
BU01060709,Assen,40,0.0,5.0,5.0,0.0,0.0,10.0,15.0,5.0
BU01060710,Assen,150,0.0,20.0,20.0,15.0,15.0,50.0,20.0,10.0
BU01060711,Assen,25,0.0,5.0,0.0,0.0,0.0,10.0,5.0,0.0
BU01060712,Assen,140,0.0,20.0,50.0,10.0,5.0,25.0,15.0,10.0
BU01060713,Assen,55,0.0,10.0,30.0,0.0,5.0,5.0,5.0,5.0
BU01060714,Assen,115,0.0,20.0,55.0,5.0,5.0,10.0,10.0,15.0
BU01060715,Assen,180,0.0,45.0,50.0,10.0,15.0,25.0,15.0,15.0
BU01060716,Assen,65,0.0,10.0,30.0,5.0,0.0,0.0,10.0,0.0
BU01060717,Assen,80,0.0,15.0,25.0,10.0,5.0,10.0,5.0,5.0
BU01060800,Assen,95,0.0,5.0,25.0,10.0,5.0,15.0,25.0,10.0
BU01060801,Assen,55,0.0,0.0,5.0,0.0,0.0,15.0,20.0,5.0
BU01060802,Assen,35,0.0,5.0,5.0,0.0,5.0,15.0,5.0,0.0
BU01060803,Assen,85,0.0,5.0,5.0,5.0,20.0,25.0,15.0,10.0
BU01060804,Assen,70,0.0,0.0,15.0,10.0,0.0,15.0,20.0,5.0
BU01060805,Assen,50,0.0,0.0,10.0,5.0,0.0,20.0,10.0,5.0
BU01060806,Assen,30,0.0,5.0,5.0,5.0,0.0,5.0,10.0,0.0
BU01060807,Assen,55,0.0,5.0,10.0,5.0,5.0,10.0,15.0,5.0
BU01060808,Assen,40,0.0,0.0,5.0,0.0,5.0,20.0,5.0,0.0
BU01060809,Assen,55,0.0,5.0,5.0,0.0,10.0,15.0,10.0,10.0
BU01060810,Assen,55,0.0,5.0,10.0,5.0,5.0,15.0,10.0,10.0
BU01060811,Assen,50,0.0,0.0,10.0,5.0,5.0,5.0,20.0,5.0
BU01060812,Assen,10,,,,,,,,
BU01060813,Assen,10,,,,,,,,
BU01060814,Assen,5,,,,,,,,
BU01060815,Assen,100,0.0,5.0,10.0,5.0,15.0,35.0,20.0,10.0
BU01060816,Assen,100,0.0,5.0,20.0,10.0,10.0,30.0,20.0,10.0
BU01060817,Assen,15,,,,,,,,
BU01069900,Assen,45,5.0,5.0,5.0,5.0,5.0,10.0,10.0,5.0
BU01069901,Assen,5,,,,,,,,
BU01069902,Assen,10,,,,,,,,
BU01069903,Assen,10,,,,,,,,
BU01069904,Assen,20,,,,,,,,
BU01069905,Assen,5,,,,,,,,
BU01069906,Assen,10,,,,,,,,
BU01069907,Assen,5,,,,,,,,
BU01069908,Assen,15,,,,,,,,
BU01069909,Assen,20,,,,,,,,
BU01069910,Assen,10,,,,,,,,
BU01069911,Assen,25,5.0,0.0,5.0,0.0,0.0,5.0,5.0,5.0
BU01069912,Assen,15,,,,,,,,
BU01069913,Assen,15,,,,,,,,
BU01069914,Assen,5,,,,,,,,
BU01069915,Assen,10,,,,,,,,
BU01069916,Assen,15,,,,,,,,
BU01069917,Assen,0,,,,,,,,
BU07430101,Asten,120,0.0,35.0,30.0,10.0,10.0,10.0,10.0,10.0
BU07430102,Asten,85,0.0,35.0,25.0,0.0,10.0,10.0,5.0,5.0
BU07430103,Asten,20,,,,,,,,
BU07430201,Asten,45,20.0,5.0,0.0,0.0,5.0,5.0,5.0,5.0
BU07430202,Asten,100,25.0,15.0,10.0,5.0,20.0,10.0,10.0,5.0
BU07430301,Asten,65,0.0,10.0,5.0,0.0,15.0,15.0,10.0,5.0
BU07430302,Asten,105,0.0,15.0,15.0,10.0,10.0,15.0,15.0,20.0
BU07430303,Asten,65,0.0,20.0,15.0,5.0,5.0,5.0,10.0,5.0
BU07430401,Asten,20,,,,,,,,
BU07430402,Asten,35,0.0,5.0,5.0,0.0,0.0,0.0,20.0,0.0
BU07430403,Asten,25,0.0,5.0,0.0,0.0,10.0,5.0,0.0,0.0
BU07430404,Asten,70,0.0,10.0,10.0,5.0,5.0,20.0,15.0,5.0
BU07430405,Asten,45,0.0,10.0,5.0,0.0,5.0,15.0,5.0,5.0
BU07430501,Asten,65,0.0,15.0,10.0,0.0,5.0,10.0,15.0,5.0
BU07430502,Asten,215,5.0,50.0,40.0,10.0,20.0,40.0,30.0,25.0
BU07430503,Asten,40,0.0,5.0,5.0,0.0,5.0,10.0,10.0,5.0
BU07430504,Asten,65,0.0,5.0,0.0,5.0,5.0,15.0,15.0,5.0
BU07430601,Asten,140,0.0,10.0,20.0,10.0,25.0,45.0,15.0,20.0
BU07430602,Asten,125,0.0,15.0,15.0,5.0,25.0,25.0,20.0,15.0
BU07430603,Asten,190,0.0,15.0,75.0,5.0,25.0,15.0,35.0,20.0
BU07430701,Asten,85,20.0,5.0,15.0,0.0,5.0,15.0,10.0,15.0
BU07430702,Asten,45,10.0,10.0,15.0,0.0,5.0,5.0,0.0,0.0
BU07430801,Asten,195,15.0,40.0,30.0,5.0,25.0,40.0,25.0,15.0
BU07430802,Asten,285,130.0,40.0,25.0,5.0,20.0,25.0,20.0,15.0
BU07430901,Asten,0,,,,,,,,
BU07431001,Asten,65,0.0,20.0,10.0,0.0,10.0,10.0,10.0,5.0
BU07431002,Asten,90,20.0,20.0,10.0,0.0,10.0,10.0,5.0,10.0
BU07431101,Asten,10,,,,,,,,
BU07440101,Baarle-Nassau,185,5.0,25.0,70.0,5.0,10.0,30.0,20.0,20.0
BU07440102,Baarle-Nassau,130,0.0,20.0,25.0,10.0,10.0,30.0,20.0,10.0
BU07440103,Baarle-Nassau,90,5.0,20.0,15.0,5.0,5.0,25.0,10.0,15.0
BU07440104,Baarle-Nassau,100,0.0,20.0,35.0,10.0,20.0,15.0,5.0,5.0
BU07440105,Baarle-Nassau,30,0.0,10.0,5.0,0.0,0.0,5.0,0.0,0.0
BU07440106,Baarle-Nassau,20,,,,,,,,
BU07440107,Baarle-Nassau,400,125.0,65.0,55.0,15.0,25.0,50.0,40.0,30.0
BU07440201,Baarle-Nassau,85,5.0,20.0,15.0,5.0,5.0,15.0,10.0,10.0
BU07440202,Baarle-Nassau,130,60.0,15.0,15.0,5.0,5.0,15.0,5.0,5.0
BU07440301,Baarle-Nassau,35,10.0,5.0,5.0,0.0,0.0,5.0,5.0,5.0
BU03080000,Baarn,545,0.0,40.0,145.0,30.0,55.0,115.0,85.0,70.0
BU03080001,Baarn,180,0.0,10.0,15.0,15.0,25.0,65.0,30.0,25.0
BU03080002,Baarn,240,0.0,15.0,20.0,15.0,35.0,90.0,35.0,25.0
BU03080003,Baarn,320,0.0,35.0,30.0,30.0,25.0,85.0,70.0,35.0
BU03080004,Baarn,360,0.0,55.0,35.0,25.0,35.0,90.0,75.0,45.0
BU03080005,Baarn,220,0.0,45.0,30.0,15.0,10.0,60.0,35.0,25.0
BU03080006,Baarn,115,0.0,0.0,5.0,10.0,15.0,50.0,25.0,5.0
BU03080007,Baarn,145,0.0,5.0,10.0,15.0,25.0,60.0,25.0,5.0
BU03080100,Baarn,220,0.0,25.0,30.0,20.0,20.0,85.0,25.0,15.0
BU03080101,Baarn,180,0.0,30.0,30.0,15.0,10.0,50.0,25.0,20.0
BU03080102,Baarn,130,0.0,25.0,15.0,10.0,5.0,30.0,20.0,30.0
BU03080103,Baarn,365,0.0,55.0,65.0,30.0,25.0,95.0,60.0,35.0
BU03080104,Baarn,175,0.0,25.0,20.0,15.0,15.0,45.0,40.0,20.0
BU03080105,Baarn,175,0.0,25.0,15.0,15.0,15.0,55.0,30.0,20.0
BU03080109,Baarn,60,15.0,15.0,5.0,0.0,5.0,10.0,5.0,5.0
BU03080200,Baarn,290,0.0,15.0,20.0,15.0,55.0,125.0,45.0,15.0
BU03080201,Baarn,95,0.0,5.0,5.0,5.0,10.0,45.0,15.0,5.0
BU03080400,Baarn,105,5.0,5.0,20.0,5.0,15.0,30.0,10.0,10.0
BU03080401,Baarn,30,0.0,0.0,0.0,0.0,0.0,0.0,25.0,0.0
BU03080500,Baarn,65,0.0,5.0,10.0,0.0,10.0,15.0,20.0,5.0
BU03080501,Baarn,20,,,,,,,,
BU04890101,Barendrecht,195,0.0,15.0,90.0,5.0,15.0,20.0,15.0,40.0
BU04890102,Barendrecht,40,0.0,5.0,5.0,0.0,5.0,10.0,10.0,5.0
BU04890103,Barendrecht,125,0.0,10.0,30.0,10.0,15.0,20.0,20.0,15.0
BU04890204,Barendrecht,55,0.0,5.0,5.0,0.0,5.0,15.0,15.0,5.0
BU04890205,Barendrecht,40,0.0,10.0,5.0,5.0,5.0,5.0,5.0,5.0
BU04890206,Barendrecht,60,0.0,5.0,5.0,5.0,5.0,15.0,25.0,5.0
BU04890207,Barendrecht,50,0.0,5.0,5.0,5.0,10.0,15.0,10.0,5.0
BU04890308,Barendrecht,80,0.0,15.0,10.0,10.0,5.0,25.0,10.0,5.0
BU04890409,Barendrecht,240,0.0,10.0,25.0,20.0,35.0,60.0,70.0,20.0
BU04890410,Barendrecht,85,0.0,5.0,10.0,10.0,20.0,20.0,10.0,5.0
BU04890511,Barendrecht,90,0.0,10.0,10.0,5.0,10.0,25.0,20.0,10.0
BU04890512,Barendrecht,120,0.0,10.0,15.0,5.0,15.0,35.0,25.0,15.0
BU04890513,Barendrecht,80,0.0,10.0,5.0,5.0,5.0,20.0,20.0,5.0
BU04890614,Barendrecht,180,0.0,10.0,15.0,15.0,40.0,60.0,20.0,15.0
BU04890715,Barendrecht,145,0.0,25.0,20.0,10.0,10.0,40.0,25.0,15.0
BU04890816,Barendrecht,110,0.0,10.0,10.0,10.0,20.0,30.0,10.0,15.0
BU04890817,Barendrecht,80,0.0,10.0,5.0,5.0,10.0,25.0,10.0,10.0
BU04890918,Barendrecht,100,0.0,20.0,15.0,10.0,10.0,25.0,15.0,5.0
BU04890919,Barendrecht,115,0.0,15.0,15.0,15.0,10.0,30.0,20.0,10.0
BU04890920,Barendrecht,85,0.0,10.0,15.0,10.0,5.0,15.0,15.0,10.0
BU04890921,Barendrecht,40,0.0,5.0,10.0,5.0,10.0,10.0,5.0,5.0
BU04890922,Barendrecht,110,0.0,15.0,15.0,5.0,20.0,25.0,15.0,15.0
BU04891023,Barendrecht,65,0.0,5.0,10.0,5.0,15.0,15.0,5.0,5.0
BU04891124,Barendrecht,140,0.0,10.0,20.0,5.0,20.0,45.0,20.0,15.0
BU04891225,Barendrecht,55,0.0,10.0,10.0,5.0,5.0,10.0,10.0,5.0
BU04891226,Barendrecht,30,0.0,5.0,0.0,0.0,5.0,10.0,5.0,0.0
BU04891227,Barendrecht,55,0.0,10.0,5.0,5.0,10.0,20.0,5.0,5.0
BU04891328,Barendrecht,170,0.0,20.0,20.0,15.0,35.0,35.0,35.0,5.0
BU04891429,Barendrecht,115,0.0,15.0,15.0,15.0,5.0,30.0,30.0,15.0
BU04891430,Barendrecht,130,0.0,20.0,15.0,10.0,20.0,25.0,25.0,10.0
BU04891431,Barendrecht,210,0.0,25.0,25.0,25.0,20.0,55.0,40.0,15.0
BU04891432,Barendrecht,140,0.0,15.0,20.0,10.0,10.0,40.0,30.0,15.0
BU04891533,Barendrecht,170,0.0,15.0,15.0,25.0,15.0,45.0,35.0,20.0
BU04891634,Barendrecht,225,0.0,15.0,65.0,25.0,25.0,45.0,30.0,20.0
BU04891735,Barendrecht,100,0.0,10.0,20.0,10.0,15.0,25.0,10.0,0.0
BU04891836,Barendrecht,140,0.0,15.0,15.0,10.0,15.0,40.0,35.0,15.0
BU04891937,Barendrecht,100,0.0,10.0,10.0,5.0,15.0,20.0,25.0,5.0
BU04892039,Barendrecht,465,0.0,65.0,70.0,55.0,30.0,110.0,85.0,45.0
BU04893050,Barendrecht,5,,,,,,,,
BU04893051,Barendrecht,0,,,,,,,,
BU04893052,Barendrecht,0,,,,,,,,
BU04893053,Barendrecht,35,0.0,0.0,5.0,10.0,0.0,10.0,0.0,5.0
BU04893054,Barendrecht,75,0.0,10.0,25.0,5.0,10.0,20.0,5.0,5.0
BU04893160,Barendrecht,20,,,,,,,,
BU04893161,Barendrecht,15,,,,,,,,
BU04893162,Barendrecht,40,5.0,5.0,10.0,0.0,5.0,10.0,5.0,5.0
BU04893163,Barendrecht,85,0.0,15.0,15.0,5.0,10.0,30.0,5.0,5.0
BU04893164,Barendrecht,255,0.0,25.0,40.0,35.0,40.0,75.0,25.0,15.0
BU04895070,Barendrecht,95,0.0,15.0,40.0,10.0,0.0,20.0,5.0,5.0
BU04895071,Barendrecht,140,0.0,10.0,50.0,20.0,20.0,25.0,10.0,5.0
BU04895072,Barendrecht,130,5.0,15.0,45.0,20.0,20.0,25.0,5.0,0.0
BU04895073,Barendrecht,0,,,,,,,,
BU04895074,Barendrecht,40,0.0,0.0,25.0,5.0,5.0,0.0,0.0,0.0
BU04895075,Barendrecht,45,0.0,5.0,25.0,5.0,0.0,10.0,0.0,0.0
BU04895076,Barendrecht,95,0.0,20.0,25.0,10.0,10.0,25.0,0.0,0.0
BU04895077,Barendrecht,145,0.0,20.0,40.0,20.0,25.0,30.0,5.0,5.0
BU04895078,Barendrecht,10,,,,,,,,
BU04895080,Barendrecht,35,0.0,10.0,15.0,5.0,5.0,5.0,0.0,5.0
BU04895081,Barendrecht,40,0.0,5.0,10.0,0.0,10.0,5.0,5.0,5.0
BU04895082,Barendrecht,195,0.0,20.0,45.0,25.0,30.0,50.0,10.0,10.0
BU04895083,Barendrecht,55,0.0,10.0,15.0,5.0,15.0,5.0,0.0,0.0
BU04895084,Barendrecht,145,0.0,30.0,50.0,10.0,10.0,35.0,10.0,5.0
BU02035400,Barneveld,685,165.0,150.0,100.0,25.0,60.0,115.0,45.0,20.0
BU02035401,Barneveld,480,0.0,30.0,180.0,15.0,50.0,85.0,55.0,60.0
BU02035402,Barneveld,100,5.0,15.0,20.0,5.0,10.0,15.0,20.0,10.0
BU02035403,Barneveld,135,0.0,25.0,25.0,10.0,15.0,25.0,25.0,10.0
BU02035404,Barneveld,160,5.0,45.0,15.0,10.0,20.0,35.0,25.0,10.0
BU02035405,Barneveld,220,5.0,35.0,25.0,10.0,55.0,60.0,20.0,15.0
BU02035406,Barneveld,265,0.0,85.0,75.0,10.0,30.0,30.0,15.0,15.0
BU02035407,Barneveld,150,0.0,25.0,10.0,15.0,20.0,40.0,30.0,10.0
BU02035408,Barneveld,345,5.0,80.0,45.0,20.0,25.0,80.0,55.0,30.0
BU02035409,Barneveld,130,5.0,35.0,15.0,15.0,5.0,30.0,15.0,5.0
BU02035410,Barneveld,140,0.0,45.0,15.0,5.0,5.0,30.0,20.0,10.0
BU02035411,Barneveld,225,5.0,55.0,20.0,15.0,20.0,50.0,45.0,15.0
BU02035412,Barneveld,285,5.0,40.0,30.0,30.0,35.0,80.0,45.0,25.0
BU02035413,Barneveld,200,0.0,20.0,55.0,15.0,15.0,60.0,20.0,10.0
BU02035414,Barneveld,405,5.0,80.0,55.0,35.0,30.0,95.0,80.0,30.0
BU02035415,Barneveld,390,10.0,95.0,35.0,30.0,30.0,95.0,60.0,35.0
BU02035425,Barneveld,175,0.0,55.0,60.0,20.0,20.0,15.0,0.0,0.0
BU02035426,Barneveld,190,0.0,60.0,65.0,15.0,20.0,30.0,5.0,0.0
BU02035530,Barneveld,615,65.0,110.0,110.0,30.0,70.0,115.0,65.0,50.0
BU02035531,Barneveld,145,0.0,15.0,60.0,5.0,15.0,15.0,20.0,15.0
BU02035532,Barneveld,50,0.0,15.0,5.0,0.0,5.0,5.0,5.0,10.0
BU02035533,Barneveld,60,0.0,10.0,10.0,0.0,5.0,15.0,5.0,10.0
BU02035534,Barneveld,60,0.0,10.0,10.0,0.0,10.0,15.0,10.0,5.0
BU02035535,Barneveld,125,5.0,30.0,15.0,10.0,10.0,20.0,20.0,15.0
BU02035536,Barneveld,30,0.0,5.0,5.0,5.0,0.0,5.0,5.0,0.0
BU02035537,Barneveld,110,5.0,25.0,15.0,5.0,20.0,20.0,15.0,10.0
BU02035538,Barneveld,105,5.0,25.0,10.0,10.0,5.0,25.0,10.0,10.0
BU02035539,Barneveld,130,0.0,15.0,10.0,5.0,10.0,45.0,20.0,15.0
BU02035540,Barneveld,75,0.0,10.0,10.0,5.0,15.0,15.0,20.0,5.0
BU02035541,Barneveld,65,5.0,5.0,5.0,10.0,10.0,20.0,15.0,0.0
BU02035650,Barneveld,830,225.0,270.0,85.0,25.0,60.0,95.0,40.0,35.0
BU02035651,Barneveld,230,15.0,75.0,50.0,15.0,25.0,25.0,15.0,15.0
BU02035652,Barneveld,120,0.0,50.0,20.0,5.0,10.0,25.0,0.0,5.0
BU02035780,Barneveld,175,10.0,25.0,40.0,5.0,30.0,35.0,20.0,5.0
BU02035781,Barneveld,215,5.0,55.0,50.0,5.0,25.0,40.0,20.0,15.0
BU02035875,Barneveld,235,45.0,55.0,40.0,5.0,15.0,45.0,15.0,15.0
BU02035876,Barneveld,50,0.0,20.0,5.0,0.0,5.0,5.0,5.0,5.0
BU02035877,Barneveld,15,,,,,,,,
BU02035960,Barneveld,205,50.0,50.0,30.0,5.0,20.0,25.0,15.0,10.0
BU02035961,Barneveld,115,5.0,45.0,15.0,10.0,10.0,10.0,10.0,5.0
BU02036070,Barneveld,130,25.0,30.0,15.0,5.0,15.0,25.0,10.0,5.0
BU02036071,Barneveld,85,0.0,20.0,10.0,5.0,10.0,15.0,15.0,10.0
BU02036190,Barneveld,75,25.0,15.0,0.0,0.0,0.0,15.0,15.0,0.0
BU02036191,Barneveld,55,5.0,5.0,0.0,5.0,5.0,5.0,30.0,5.0
BU02036265,Barneveld,45,0.0,0.0,10.0,5.0,5.0,10.0,5.0,5.0
BU02036266,Barneveld,25,0.0,5.0,0.0,0.0,0.0,5.0,0.0,5.0
BU02036395,Barneveld,45,15.0,10.0,5.0,0.0,0.0,10.0,5.0,0.0
BU08880000,Beek,1015,5.0,120.0,285.0,65.0,75.0,215.0,140.0,115.0
BU08880001,Beek,215,5.0,20.0,40.0,10.0,25.0,45.0,40.0,35.0
BU08880002,Beek,265,5.0,30.0,55.0,15.0,15.0,55.0,60.0,30.0
BU08880100,Beek,70,5.0,5.0,10.0,0.0,10.0,20.0,10.0,10.0
BU08880101,Beek,95,5.0,10.0,10.0,5.0,10.0,30.0,15.0,10.0
BU08880102,Beek,20,,,,,,,,
BU08880103,Beek,25,5.0,5.0,5.0,0.0,0.0,5.0,5.0,5.0
BU08880109,Beek,220,0.0,30.0,30.0,60.0,25.0,60.0,5.0,5.0
BU19540000,Beekdaelen,375,5.0,70.0,75.0,15.0,5.0,70.0,65.0,65.0
BU19540001,Beekdaelen,80,5.0,15.0,5.0,0.0,5.0,20.0,20.0,15.0
BU19540002,Beekdaelen,100,10.0,15.0,20.0,5.0,5.0,25.0,15.0,10.0
BU19540003,Beekdaelen,135,10.0,20.0,20.0,5.0,10.0,25.0,25.0,20.0
BU19540009,Beekdaelen,15,,,,,,,,
BU19540100,Beekdaelen,430,5.0,50.0,80.0,20.0,35.0,90.0,85.0,65.0
BU19540101,Beekdaelen,90,10.0,15.0,5.0,10.0,0.0,25.0,20.0,10.0
BU19540102,Beekdaelen,120,0.0,30.0,35.0,10.0,10.0,30.0,5.0,0.0
BU19540103,Beekdaelen,115,5.0,25.0,25.0,5.0,10.0,10.0,15.0,20.0
BU19540104,Beekdaelen,25,0.0,0.0,5.0,5.0,0.0,5.0,5.0,5.0
BU19540200,Beekdaelen,125,5.0,10.0,15.0,10.0,10.0,30.0,25.0,15.0
BU19540201,Beekdaelen,35,5.0,5.0,5.0,0.0,5.0,10.0,5.0,5.0
BU19540300,Beekdaelen,290,10.0,25.0,45.0,15.0,20.0,80.0,60.0,35.0
BU19540301,Beekdaelen,55,10.0,5.0,5.0,0.0,5.0,15.0,10.0,5.0
BU19540302,Beekdaelen,65,5.0,5.0,10.0,0.0,5.0,15.0,10.0,15.0
BU19540400,Beekdaelen,225,10.0,25.0,45.0,20.0,20.0,45.0,35.0,25.0
BU19540401,Beekdaelen,165,15.0,25.0,20.0,10.0,15.0,35.0,30.0,15.0
BU19540402,Beekdaelen,35,5.0,5.0,10.0,0.0,0.0,5.0,0.0,0.0
BU19540500,Beekdaelen,180,0.0,25.0,35.0,10.0,10.0,35.0,40.0,30.0
BU19540501,Beekdaelen,190,5.0,15.0,35.0,5.0,20.0,40.0,45.0,20.0
BU19540502,Beekdaelen,170,5.0,30.0,30.0,10.0,15.0,35.0,25.0,20.0
BU19540503,Beekdaelen,65,0.0,5.0,10.0,5.0,5.0,20.0,15.0,5.0
BU19540504,Beekdaelen,20,,,,,,,,
BU19540505,Beekdaelen,90,0.0,0.0,10.0,10.0,10.0,20.0,15.0,15.0
BU19540509,Beekdaelen,15,,,,,,,,
BU19540600,Beekdaelen,185,0.0,25.0,40.0,10.0,10.0,35.0,40.0,30.0
BU19540601,Beekdaelen,330,5.0,50.0,45.0,15.0,30.0,80.0,55.0,55.0
BU19540602,Beekdaelen,25,5.0,0.0,5.0,0.0,0.0,5.0,5.0,0.0
BU19540603,Beekdaelen,105,5.0,10.0,10.0,5.0,10.0,30.0,25.0,10.0
BU08890000,Beesel,435,10.0,45.0,100.0,20.0,50.0,70.0,70.0,70.0
BU08890001,Beesel,410,5.0,75.0,100.0,35.0,25.0,75.0,60.0,35.0
BU08890008,Beesel,25,15.0,0.0,5.0,0.0,0.0,0.0,0.0,0.0
BU08890009,Beesel,15,,,,,,,,
BU08890100,Beesel,205,5.0,35.0,20.0,10.0,25.0,45.0,35.0,30.0
BU08890101,Beesel,25,5.0,0.0,5.0,0.0,0.0,5.0,0.0,5.0
BU08890102,Beesel,15,,,,,,,,
BU08890109,Beesel,40,15.0,5.0,5.0,0.0,5.0,5.0,5.0,5.0
BU19450000,Berg en Dal,250,0.0,15.0,40.0,10.0,30.0,60.0,75.0,20.0
BU19450001,Berg en Dal,155,0.0,15.0,15.0,10.0,10.0,45.0,35.0,25.0
BU19450002,Berg en Dal,120,0.0,5.0,10.0,10.0,15.0,40.0,25.0,10.0
BU19450003,Berg en Dal,0,,,,,,,,
BU19450100,Berg en Dal,180,0.0,15.0,15.0,10.0,15.0,55.0,55.0,15.0
BU19450101,Berg en Dal,110,0.0,5.0,20.0,5.0,10.0,25.0,30.0,15.0
BU19450102,Berg en Dal,60,5.0,0.0,15.0,0.0,5.0,15.0,10.0,5.0
BU19450200,Berg en Dal,150,5.0,50.0,15.0,5.0,5.0,25.0,30.0,20.0
BU19450201,Berg en Dal,85,15.0,20.0,10.0,5.0,10.0,10.0,10.0,10.0
BU19450300,Berg en Dal,60,0.0,15.0,10.0,5.0,5.0,10.0,10.0,5.0
BU19450301,Berg en Dal,90,30.0,5.0,10.0,0.0,5.0,10.0,15.0,10.0
BU19450400,Berg en Dal,35,5.0,5.0,0.0,0.0,0.0,10.0,10.0,0.0
BU19450500,Berg en Dal,240,0.0,30.0,75.0,10.0,20.0,35.0,40.0,40.0
BU19450501,Berg en Dal,210,0.0,25.0,40.0,5.0,25.0,40.0,45.0,30.0
BU19450502,Berg en Dal,140,0.0,30.0,15.0,5.0,15.0,25.0,25.0,20.0
BU19450503,Berg en Dal,115,0.0,25.0,15.0,5.0,10.0,20.0,25.0,15.0
BU19450504,Berg en Dal,125,0.0,30.0,10.0,5.0,15.0,25.0,25.0,20.0
BU19450505,Berg en Dal,240,0.0,75.0,30.0,5.0,15.0,50.0,40.0,25.0
BU19450506,Berg en Dal,0,,,,,,,,
BU19450507,Berg en Dal,95,5.0,35.0,20.0,5.0,10.0,15.0,0.0,0.0
BU19450508,Berg en Dal,15,,,,,,,,
BU19450509,Berg en Dal,15,,,,,,,,
BU19450510,Berg en Dal,150,20.0,30.0,20.0,5.0,20.0,20.0,15.0,15.0
BU19450511,Berg en Dal,10,,,,,,,,
BU19450600,Berg en Dal,135,0.0,10.0,5.0,5.0,25.0,40.0,40.0,5.0
BU19450601,Berg en Dal,25,0.0,0.0,0.0,0.0,0.0,10.0,5.0,5.0
BU19450700,Berg en Dal,85,10.0,10.0,5.0,5.0,0.0,25.0,15.0,10.0
BU19450701,Berg en Dal,5,,,,,,,,
BU19450800,Berg en Dal,140,5.0,15.0,15.0,10.0,10.0,25.0,30.0,25.0
BU19450801,Berg en Dal,25,0.0,5.0,5.0,0.0,5.0,5.0,0.0,0.0
BU19450802,Berg en Dal,20,,,,,,,,
BU19450900,Berg en Dal,185,0.0,45.0,40.0,15.0,5.0,25.0,25.0,30.0
BU19450901,Berg en Dal,260,5.0,35.0,45.0,25.0,20.0,45.0,55.0,30.0
BU19450902,Berg en Dal,30,0.0,5.0,10.0,5.0,5.0,0.0,0.0,0.0
BU19450903,Berg en Dal,20,,,,,,,,
BU19450904,Berg en Dal,5,,,,,,,,
BU19451000,Berg en Dal,225,5.0,30.0,30.0,20.0,20.0,55.0,40.0,30.0
BU19451001,Berg en Dal,40,0.0,10.0,10.0,5.0,5.0,5.0,5.0,5.0
BU19451002,Berg en Dal,85,5.0,15.0,5.0,10.0,5.0,15.0,20.0,10.0
BU19451100,Berg en Dal,30,5.0,0.0,5.0,0.0,5.0,5.0,5.0,0.0
BU19451200,Berg en Dal,120,0.0,5.0,10.0,10.0,15.0,25.0,40.0,10.0
BU17240001,Bergeijk,95,10.0,30.0,20.0,0.0,10.0,10.0,10.0,5.0
BU17240002,Bergeijk,20,,,,,,,,
BU17240003,Bergeijk,90,0.0,35.0,15.0,5.0,5.0,10.0,10.0,10.0
BU17240004,Bergeijk,55,0.0,15.0,15.0,5.0,5.0,10.0,5.0,5.0
BU17240005,Bergeijk,60,0.0,15.0,10.0,0.0,5.0,15.0,5.0,5.0
BU17240006,Bergeijk,85,0.0,15.0,5.0,5.0,5.0,15.0,20.0,20.0
BU17240007,Bergeijk,90,0.0,5.0,40.0,0.0,5.0,10.0,15.0,10.0
BU17240008,Bergeijk,55,0.0,15.0,10.0,0.0,10.0,10.0,5.0,5.0
BU17240009,Bergeijk,40,0.0,5.0,5.0,0.0,5.0,10.0,5.0,5.0
BU17240010,Bergeijk,60,0.0,20.0,5.0,0.0,5.0,15.0,10.0,5.0
BU17240011,Bergeijk,75,0.0,5.0,5.0,5.0,20.0,25.0,10.0,10.0
BU17240012,Bergeijk,25,0.0,5.0,0.0,5.0,0.0,5.0,5.0,5.0
BU17240013,Bergeijk,95,0.0,15.0,15.0,5.0,5.0,25.0,15.0,10.0
BU17240014,Bergeijk,65,0.0,15.0,5.0,0.0,5.0,25.0,10.0,5.0
BU17240015,Bergeijk,20,,,,,,,,
BU17240016,Bergeijk,30,0.0,5.0,0.0,0.0,5.0,10.0,5.0,5.0
BU17240017,Bergeijk,120,0.0,40.0,35.0,5.0,15.0,15.0,5.0,10.0
BU17240101,Bergeijk,60,5.0,15.0,10.0,5.0,5.0,10.0,5.0,10.0
BU17240201,Bergeijk,25,0.0,5.0,0.0,0.0,0.0,5.0,5.0,5.0
BU17240202,Bergeijk,25,0.0,5.0,5.0,0.0,0.0,5.0,5.0,0.0
BU17240203,Bergeijk,35,5.0,10.0,5.0,0.0,0.0,5.0,5.0,5.0
BU17240204,Bergeijk,35,0.0,10.0,5.0,0.0,0.0,5.0,5.0,5.0
BU17240205,Bergeijk,25,0.0,5.0,0.0,0.0,5.0,5.0,5.0,0.0
BU17240206,Bergeijk,40,0.0,10.0,5.0,5.0,5.0,5.0,0.0,5.0
BU17240207,Bergeijk,30,0.0,10.0,5.0,0.0,0.0,5.0,5.0,5.0
BU17240208,Bergeijk,15,,,,,,,,
BU17240209,Bergeijk,15,,,,,,,,
BU17240210,Bergeijk,25,5.0,5.0,5.0,5.0,5.0,5.0,0.0,0.0
BU17240211,Bergeijk,5,,,,,,,,
BU17240301,Bergeijk,10,,,,,,,,
BU17240302,Bergeijk,50,0.0,10.0,5.0,5.0,5.0,5.0,5.0,5.0
BU17240303,Bergeijk,25,0.0,5.0,0.0,0.0,0.0,5.0,5.0,0.0
BU17240304,Bergeijk,60,0.0,10.0,10.0,5.0,10.0,15.0,5.0,5.0
BU17240306,Bergeijk,45,0.0,5.0,5.0,5.0,5.0,15.0,10.0,5.0
BU17240307,Bergeijk,90,0.0,10.0,10.0,5.0,25.0,25.0,10.0,10.0
BU17240401,Bergeijk,85,10.0,15.0,20.0,5.0,5.0,15.0,10.0,5.0
BU17240402,Bergeijk,40,0.0,5.0,5.0,0.0,10.0,5.0,10.0,0.0
BU17240403,Bergeijk,35,5.0,5.0,5.0,0.0,10.0,5.0,5.0,5.0
BU17240404,Bergeijk,15,,,,,,,,
BU17240405,Bergeijk,25,0.0,10.0,5.0,0.0,0.0,5.0,5.0,0.0
BU17240406,Bergeijk,25,0.0,0.0,5.0,5.0,5.0,5.0,0.0,5.0
BU17240407,Bergeijk,20,,,,,,,,
BU17240408,Bergeijk,20,,,,,,,,
BU17240409,Bergeijk,50,0.0,15.0,15.0,0.0,5.0,5.0,5.0,0.0
BU17240501,Bergeijk,65,5.0,10.0,15.0,5.0,5.0,10.0,10.0,10.0
BU17240502,Bergeijk,45,0.0,10.0,10.0,0.0,5.0,10.0,5.0,5.0
BU17240503,Bergeijk,110,0.0,55.0,30.0,0.0,5.0,15.0,0.0,5.0
BU17240504,Bergeijk,20,,,,,,,,
BU17240505,Bergeijk,30,0.0,5.0,0.0,0.0,0.0,5.0,0.0,10.0
BU17240601,Bergeijk,60,15.0,5.0,5.0,5.0,15.0,10.0,0.0,5.0
BU17240602,Bergeijk,40,5.0,5.0,0.0,5.0,5.0,10.0,5.0,5.0
BU17240603,Bergeijk,60,20.0,5.0,10.0,0.0,5.0,15.0,5.0,5.0
BU17240604,Bergeijk,25,5.0,5.0,5.0,0.0,5.0,5.0,0.0,5.0
BU17240605,Bergeijk,30,10.0,5.0,5.0,0.0,0.0,5.0,0.0,5.0
BU17240606,Bergeijk,35,15.0,5.0,5.0,0.0,0.0,5.0,5.0,0.0
BU17240607,Bergeijk,95,25.0,20.0,10.0,5.0,5.0,15.0,5.0,5.0
BU17240608,Bergeijk,65,30.0,5.0,10.0,0.0,5.0,5.0,5.0,5.0
BU17240609,Bergeijk,125,45.0,25.0,20.0,0.0,5.0,15.0,5.0,5.0
BU17240610,Bergeijk,45,20.0,5.0,10.0,0.0,0.0,0.0,0.0,0.0
BU08930110,Bergen (L.),30,0.0,10.0,0.0,0.0,5.0,5.0,5.0,5.0
BU08930111,Bergen (L.),10,,,,,,,,
BU08930220,Bergen (L.),40,0.0,5.0,10.0,0.0,5.0,10.0,5.0,5.0
BU08930221,Bergen (L.),0,,,,,,,,
BU08930330,Bergen (L.),280,5.0,35.0,50.0,20.0,25.0,50.0,60.0,35.0
BU08930331,Bergen (L.),50,20.0,5.0,10.0,5.0,0.0,5.0,10.0,0.0
BU08930332,Bergen (L.),45,0.0,15.0,20.0,0.0,5.0,5.0,0.0,0.0
BU08930440,Bergen (L.),135,5.0,25.0,30.0,5.0,15.0,15.0,20.0,25.0
BU08930441,Bergen (L.),85,20.0,15.0,15.0,5.0,5.0,10.0,10.0,5.0
BU08930550,Bergen (L.),120,0.0,25.0,30.0,5.0,5.0,20.0,15.0,15.0
BU08930551,Bergen (L.),125,40.0,25.0,15.0,5.0,5.0,10.0,10.0,10.0
BU08930660,Bergen (L.),105,5.0,15.0,20.0,5.0,5.0,20.0,20.0,20.0
BU08930661,Bergen (L.),50,0.0,10.0,10.0,0.0,0.0,10.0,5.0,5.0
BU08930662,Bergen (L.),120,20.0,20.0,20.0,5.0,5.0,25.0,15.0,10.0
BU08930770,Bergen (L.),40,0.0,10.0,5.0,5.0,0.0,5.0,5.0,5.0
BU08930771,Bergen (L.),115,30.0,15.0,15.0,5.0,5.0,20.0,10.0,15.0
BU03730101,Bergen (NH.),220,0.0,15.0,105.0,5.0,20.0,25.0,25.0,25.0
BU03730102,Bergen (NH.),150,0.0,5.0,10.0,5.0,40.0,50.0,20.0,15.0
BU03730103,Bergen (NH.),195,0.0,10.0,20.0,15.0,50.0,45.0,40.0,15.0
BU03730104,Bergen (NH.),110,0.0,10.0,10.0,10.0,10.0,35.0,20.0,10.0
BU03730105,Bergen (NH.),40,0.0,5.0,5.0,0.0,5.0,15.0,5.0,5.0
BU03730106,Bergen (NH.),25,0.0,0.0,0.0,0.0,5.0,5.0,10.0,5.0
BU03730107,Bergen (NH.),175,0.0,20.0,15.0,10.0,20.0,40.0,45.0,25.0
BU03730108,Bergen (NH.),135,0.0,5.0,25.0,0.0,20.0,30.0,35.0,15.0
BU03730109,Bergen (NH.),180,0.0,20.0,20.0,10.0,15.0,45.0,45.0,30.0
BU03730110,Bergen (NH.),185,0.0,20.0,25.0,10.0,10.0,45.0,45.0,25.0
BU03730111,Bergen (NH.),205,0.0,25.0,25.0,10.0,25.0,45.0,45.0,30.0
BU03730112,Bergen (NH.),55,0.0,5.0,5.0,0.0,5.0,20.0,10.0,10.0
BU03730113,Bergen (NH.),45,0.0,10.0,5.0,0.0,0.0,10.0,10.0,5.0
BU03730114,Bergen (NH.),65,0.0,5.0,5.0,5.0,5.0,20.0,15.0,5.0
BU03730115,Bergen (NH.),30,0.0,0.0,10.0,0.0,0.0,10.0,10.0,0.0
BU03730116,Bergen (NH.),165,0.0,10.0,20.0,5.0,25.0,50.0,35.0,20.0
BU03730117,Bergen (NH.),105,0.0,5.0,10.0,5.0,35.0,35.0,10.0,5.0
BU03730200,Bergen (NH.),100,0.0,5.0,35.0,5.0,10.0,20.0,10.0,5.0
BU03730300,Bergen (NH.),180,20.0,15.0,20.0,10.0,25.0,40.0,35.0,15.0
BU03730400,Bergen (NH.),405,5.0,70.0,125.0,15.0,30.0,60.0,55.0,40.0
BU03730401,Bergen (NH.),5,,,,,,,,
BU03730402,Bergen (NH.),120,0.0,25.0,25.0,10.0,15.0,25.0,10.0,10.0
BU03730403,Bergen (NH.),60,0.0,10.0,5.0,0.0,10.0,15.0,15.0,5.0
BU03730500,Bergen (NH.),350,15.0,75.0,50.0,15.0,35.0,65.0,50.0,35.0
BU03730501,Bergen (NH.),40,5.0,5.0,10.0,0.0,5.0,5.0,5.0,5.0
BU03730600,Bergen (NH.),380,15.0,75.0,70.0,15.0,25.0,90.0,50.0,40.0
BU03730601,Bergen (NH.),60,0.0,10.0,5.0,5.0,5.0,15.0,15.0,10.0
BU03730602,Bergen (NH.),35,5.0,5.0,5.0,0.0,5.0,10.0,0.0,5.0
BU03730609,Bergen (NH.),75,25.0,10.0,5.0,5.0,10.0,10.0,5.0,5.0
BU03730700,Bergen (NH.),510,5.0,40.0,105.0,30.0,50.0,105.0,110.0,65.0
BU03730701,Bergen (NH.),45,0.0,5.0,10.0,5.0,5.0,10.0,5.0,5.0
BU03730702,Bergen (NH.),105,5.0,5.0,20.0,5.0,20.0,20.0,20.0,10.0
BU03730703,Bergen (NH.),55,5.0,5.0,5.0,0.0,5.0,10.0,20.0,5.0
BU03730704,Bergen (NH.),195,0.0,30.0,35.0,15.0,20.0,30.0,40.0,25.0
BU03730705,Bergen (NH.),45,5.0,5.0,10.0,0.0,5.0,10.0,5.0,5.0
BU03730709,Bergen (NH.),20,,,,,,,,
BU07480000,Bergen op Zoom,800,5.0,90.0,285.0,35.0,45.0,150.0,85.0,105.0
BU07480001,Bergen op Zoom,300,0.0,30.0,50.0,25.0,20.0,85.0,55.0,35.0
BU07480002,Bergen op Zoom,165,0.0,10.0,20.0,15.0,25.0,40.0,35.0,20.0
BU07480003,Bergen op Zoom,170,0.0,20.0,30.0,10.0,20.0,45.0,30.0,20.0
BU07480004,Bergen op Zoom,155,0.0,25.0,40.0,5.0,5.0,35.0,25.0,20.0
BU07480005,Bergen op Zoom,130,0.0,20.0,20.0,10.0,5.0,25.0,25.0,20.0
BU07480006,Bergen op Zoom,125,0.0,25.0,25.0,5.0,5.0,20.0,30.0,15.0
BU07480100,Bergen op Zoom,285,0.0,40.0,50.0,25.0,20.0,60.0,60.0,25.0
BU07480101,Bergen op Zoom,230,0.0,25.0,35.0,15.0,20.0,55.0,55.0,25.0
BU07480102,Bergen op Zoom,185,0.0,30.0,30.0,15.0,10.0,35.0,35.0,25.0
BU07480103,Bergen op Zoom,250,0.0,45.0,40.0,15.0,15.0,45.0,45.0,45.0
BU07480200,Bergen op Zoom,330,5.0,60.0,70.0,20.0,10.0,50.0,65.0,50.0
BU07480201,Bergen op Zoom,185,0.0,30.0,30.0,15.0,5.0,40.0,35.0,30.0
BU07480202,Bergen op Zoom,205,5.0,30.0,35.0,15.0,10.0,45.0,45.0,25.0
BU07480203,Bergen op Zoom,260,5.0,35.0,30.0,10.0,10.0,45.0,110.0,20.0
BU07480204,Bergen op Zoom,250,0.0,50.0,30.0,25.0,10.0,50.0,50.0,35.0
BU07480205,Bergen op Zoom,85,0.0,20.0,15.0,5.0,0.0,15.0,15.0,10.0
BU07480206,Bergen op Zoom,95,0.0,10.0,20.0,5.0,5.0,25.0,15.0,10.0
BU07480208,Bergen op Zoom,50,5.0,5.0,10.0,0.0,5.0,15.0,5.0,5.0
BU07480209,Bergen op Zoom,150,30.0,15.0,35.0,5.0,5.0,30.0,20.0,15.0
BU07480300,Bergen op Zoom,670,0.0,60.0,80.0,40.0,55.0,205.0,160.0,70.0
BU07480301,Bergen op Zoom,100,0.0,10.0,15.0,10.0,5.0,30.0,25.0,5.0
BU07480302,Bergen op Zoom,265,0.0,20.0,80.0,10.0,20.0,35.0,20.0,75.0
BU07480306,Bergen op Zoom,265,0.0,60.0,75.0,30.0,25.0,45.0,15.0,15.0
BU07480308,Bergen op Zoom,15,,,,,,,,
BU07480309,Bergen op Zoom,0,,,,,,,,
BU07480400,Bergen op Zoom,250,5.0,40.0,60.0,10.0,10.0,40.0,50.0,30.0
BU07480401,Bergen op Zoom,180,5.0,40.0,20.0,5.0,10.0,40.0,30.0,30.0
BU07480402,Bergen op Zoom,60,5.0,5.0,10.0,10.0,10.0,10.0,10.0,5.0
BU07480403,Bergen op Zoom,140,0.0,15.0,15.0,5.0,15.0,40.0,45.0,5.0
BU07480404,Bergen op Zoom,195,0.0,35.0,30.0,10.0,15.0,40.0,40.0,25.0
BU07480405,Bergen op Zoom,450,5.0,80.0,95.0,30.0,45.0,90.0,65.0,40.0
BU07480408,Bergen op Zoom,35,0.0,0.0,5.0,0.0,5.0,0.0,15.0,5.0
BU07480409,Bergen op Zoom,20,,,,,,,,
BU07480500,Bergen op Zoom,140,10.0,35.0,15.0,5.0,5.0,20.0,25.0,20.0
BU07480507,Bergen op Zoom,25,5.0,5.0,5.0,0.0,0.0,5.0,5.0,0.0
BU07480508,Bergen op Zoom,35,0.0,5.0,10.0,0.0,5.0,10.0,0.0,5.0
BU07480509,Bergen op Zoom,45,15.0,5.0,0.0,0.0,5.0,10.0,5.0,5.0
BU18590000,Berkelland,150,0.0,15.0,50.0,0.0,5.0,20.0,30.0,30.0
BU18590002,Berkelland,75,0.0,5.0,10.0,5.0,5.0,20.0,20.0,10.0
BU18590003,Berkelland,55,5.0,10.0,10.0,5.0,5.0,15.0,5.0,5.0
BU18590004,Berkelland,45,0.0,5.0,5.0,0.0,5.0,10.0,10.0,10.0
BU18590005,Berkelland,25,0.0,5.0,0.0,0.0,0.0,10.0,5.0,0.0
BU18590006,Berkelland,80,25.0,10.0,10.0,0.0,5.0,15.0,10.0,5.0
BU18590007,Berkelland,175,60.0,15.0,20.0,0.0,20.0,30.0,20.0,5.0
BU18590008,Berkelland,110,35.0,10.0,15.0,0.0,5.0,10.0,20.0,10.0
BU18590009,Berkelland,70,25.0,5.0,10.0,5.0,0.0,10.0,10.0,5.0
BU18590010,Berkelland,45,0.0,5.0,5.0,5.0,10.0,10.0,5.0,5.0
BU18590011,Berkelland,65,0.0,10.0,10.0,0.0,0.0,10.0,15.0,15.0
BU18590012,Berkelland,55,0.0,10.0,10.0,0.0,5.0,15.0,10.0,5.0
BU18590013,Berkelland,125,0.0,30.0,45.0,5.0,5.0,20.0,5.0,10.0
BU18590014,Berkelland,25,0.0,0.0,5.0,0.0,5.0,5.0,5.0,5.0
BU18590015,Berkelland,45,0.0,10.0,5.0,0.0,0.0,5.0,5.0,10.0
BU18590016,Berkelland,75,0.0,10.0,15.0,5.0,10.0,15.0,15.0,10.0
BU18590017,Berkelland,35,0.0,0.0,5.0,0.0,5.0,15.0,5.0,5.0
BU18590018,Berkelland,45,0.0,5.0,0.0,5.0,5.0,10.0,15.0,5.0
BU18590102,Berkelland,35,0.0,5.0,5.0,0.0,5.0,5.0,5.0,10.0
BU18590104,Berkelland,75,30.0,10.0,10.0,0.0,10.0,10.0,5.0,5.0
BU18590105,Berkelland,35,10.0,5.0,5.0,0.0,5.0,5.0,0.0,5.0
BU18590106,Berkelland,105,35.0,15.0,10.0,0.0,10.0,15.0,10.0,10.0
BU18590107,Berkelland,75,30.0,10.0,10.0,0.0,5.0,5.0,10.0,5.0
BU18590108,Berkelland,50,30.0,5.0,5.0,0.0,0.0,5.0,0.0,0.0
BU18590109,Berkelland,145,60.0,15.0,20.0,5.0,10.0,15.0,15.0,10.0
BU18590110,Berkelland,40,0.0,5.0,5.0,5.0,5.0,5.0,10.0,5.0
BU18590111,Berkelland,35,0.0,5.0,10.0,0.0,0.0,10.0,0.0,0.0
BU18590112,Berkelland,60,0.0,10.0,5.0,5.0,5.0,5.0,20.0,10.0
BU18590113,Berkelland,55,0.0,10.0,10.0,0.0,5.0,10.0,10.0,5.0
BU18590114,Berkelland,30,0.0,5.0,10.0,0.0,5.0,5.0,5.0,5.0
BU18590115,Berkelland,20,,,,,,,,
BU18590116,Berkelland,165,0.0,10.0,55.0,5.0,10.0,20.0,35.0,25.0
BU18590117,Berkelland,55,0.0,5.0,5.0,5.0,10.0,10.0,10.0,10.0
BU18590118,Berkelland,30,0.0,0.0,0.0,5.0,10.0,10.0,0.0,5.0
BU18590119,Berkelland,85,0.0,5.0,10.0,0.0,10.0,10.0,40.0,10.0
BU18590120,Berkelland,35,0.0,5.0,5.0,0.0,0.0,10.0,10.0,5.0
BU18590121,Berkelland,30,0.0,5.0,5.0,0.0,0.0,10.0,5.0,0.0
BU18590122,Berkelland,35,0.0,5.0,5.0,5.0,5.0,5.0,10.0,5.0
BU18590123,Berkelland,65,0.0,5.0,10.0,5.0,10.0,20.0,10.0,5.0
BU18590124,Berkelland,80,0.0,25.0,30.0,5.0,5.0,10.0,0.0,5.0
BU18590200,Berkelland,110,0.0,20.0,15.0,5.0,10.0,20.0,15.0,25.0
BU18590206,Berkelland,60,30.0,10.0,10.0,0.0,0.0,5.0,5.0,0.0
BU18590207,Berkelland,215,100.0,20.0,25.0,5.0,15.0,20.0,10.0,15.0
BU18590209,Berkelland,35,15.0,5.0,5.0,0.0,0.0,10.0,0.0,0.0
BU18590301,Berkelland,25,0.0,5.0,5.0,0.0,0.0,5.0,5.0,0.0
BU18590302,Berkelland,55,0.0,10.0,10.0,5.0,5.0,5.0,5.0,15.0
BU18590307,Berkelland,75,35.0,10.0,10.0,5.0,10.0,5.0,5.0,0.0
BU18590308,Berkelland,140,40.0,20.0,20.0,5.0,10.0,15.0,15.0,10.0
BU18590309,Berkelland,145,40.0,25.0,20.0,5.0,10.0,30.0,10.0,5.0
BU18590310,Berkelland,95,0.0,20.0,15.0,0.0,5.0,10.0,20.0,15.0
BU18590311,Berkelland,40,0.0,10.0,5.0,5.0,10.0,5.0,5.0,0.0
BU18590312,Berkelland,90,0.0,15.0,15.0,5.0,5.0,20.0,20.0,15.0
BU18590313,Berkelland,15,,,,,,,,
BU18590314,Berkelland,60,5.0,15.0,5.0,0.0,0.0,10.0,20.0,5.0
BU18590315,Berkelland,70,0.0,10.0,25.0,0.0,5.0,10.0,10.0,10.0
BU18590316,Berkelland,65,0.0,10.0,10.0,5.0,5.0,15.0,5.0,10.0
BU18590317,Berkelland,45,0.0,5.0,5.0,0.0,10.0,15.0,10.0,5.0
BU18590318,Berkelland,75,0.0,10.0,10.0,5.0,5.0,10.0,25.0,10.0
BU18590319,Berkelland,145,0.0,45.0,45.0,0.0,15.0,20.0,10.0,5.0
BU18590405,Berkelland,185,60.0,20.0,20.0,10.0,15.0,35.0,15.0,10.0
BU18590406,Berkelland,65,20.0,5.0,15.0,0.0,5.0,10.0,5.0,0.0
BU18590407,Berkelland,35,20.0,5.0,0.0,0.0,0.0,0.0,0.0,0.0
BU18590408,Berkelland,80,35.0,5.0,10.0,5.0,5.0,10.0,5.0,5.0
BU18590410,Berkelland,25,15.0,5.0,0.0,0.0,0.0,5.0,5.0,0.0
BU18590411,Berkelland,70,0.0,10.0,10.0,5.0,5.0,15.0,10.0,10.0
BU18590412,Berkelland,60,0.0,5.0,10.0,0.0,5.0,25.0,5.0,10.0
BU18590413,Berkelland,35,0.0,5.0,5.0,5.0,0.0,5.0,10.0,5.0
BU18590414,Berkelland,100,0.0,10.0,40.0,5.0,5.0,15.0,20.0,15.0
BU18590415,Berkelland,35,0.0,0.0,5.0,5.0,5.0,10.0,10.0,5.0
BU18590416,Berkelland,165,0.0,10.0,20.0,10.0,20.0,45.0,40.0,15.0
BU18590417,Berkelland,30,0.0,0.0,5.0,0.0,5.0,10.0,5.0,10.0
BU18590418,Berkelland,100,0.0,20.0,35.0,5.0,5.0,15.0,5.0,5.0
BU17210101,Bernheze,165,0.0,15.0,60.0,5.0,20.0,20.0,25.0,15.0
BU17210102,Bernheze,65,0.0,15.0,15.0,0.0,5.0,15.0,5.0,10.0
BU17210103,Bernheze,30,0.0,0.0,5.0,0.0,5.0,10.0,5.0,5.0
BU17210104,Bernheze,25,0.0,5.0,0.0,0.0,5.0,10.0,5.0,0.0
BU17210105,Bernheze,60,0.0,20.0,5.0,5.0,0.0,10.0,10.0,5.0
BU17210106,Bernheze,65,0.0,15.0,15.0,5.0,5.0,15.0,10.0,5.0
BU17210107,Bernheze,30,0.0,5.0,0.0,5.0,0.0,5.0,10.0,5.0
BU17210108,Bernheze,20,,,,,,,,
BU17210109,Bernheze,85,0.0,15.0,10.0,5.0,15.0,15.0,5.0,10.0
BU17210110,Bernheze,85,0.0,15.0,10.0,0.0,15.0,20.0,15.0,10.0
BU17210111,Bernheze,25,0.0,5.0,5.0,0.0,0.0,10.0,5.0,5.0
BU17210112,Bernheze,30,0.0,10.0,0.0,0.0,0.0,5.0,10.0,0.0
BU17210113,Bernheze,15,,,,,,,,
BU17210114,Bernheze,35,0.0,15.0,5.0,0.0,0.0,10.0,5.0,5.0
BU17210115,Bernheze,40,0.0,10.0,5.0,0.0,0.0,10.0,5.0,5.0
BU17210116,Bernheze,40,0.0,5.0,10.0,5.0,5.0,10.0,5.0,0.0
BU17210117,Bernheze,60,0.0,5.0,5.0,0.0,20.0,20.0,5.0,5.0
BU17210118,Bernheze,110,0.0,20.0,10.0,10.0,10.0,30.0,20.0,15.0
BU17210119,Bernheze,175,0.0,35.0,50.0,10.0,20.0,35.0,25.0,5.0
BU17210120,Bernheze,210,0.0,50.0,35.0,10.0,20.0,55.0,20.0,20.0
BU17210201,Bernheze,125,0.0,20.0,30.0,10.0,15.0,25.0,10.0,15.0
BU17210202,Bernheze,90,5.0,15.0,10.0,5.0,15.0,15.0,15.0,10.0
BU17210203,Bernheze,65,0.0,15.0,5.0,0.0,10.0,15.0,10.0,5.0
BU17210204,Bernheze,65,0.0,10.0,5.0,5.0,10.0,5.0,20.0,10.0
BU17210205,Bernheze,30,0.0,10.0,5.0,0.0,0.0,5.0,10.0,5.0
BU17210206,Bernheze,50,0.0,10.0,5.0,5.0,5.0,15.0,5.0,10.0
BU17210207,Bernheze,50,0.0,5.0,5.0,5.0,5.0,20.0,5.0,5.0
BU17210208,Bernheze,70,0.0,10.0,5.0,10.0,10.0,15.0,10.0,10.0
BU17210209,Bernheze,135,5.0,40.0,25.0,5.0,10.0,25.0,15.0,10.0
BU17210210,Bernheze,90,0.0,20.0,5.0,5.0,10.0,20.0,10.0,15.0
BU17210211,Bernheze,70,0.0,20.0,5.0,0.0,5.0,20.0,15.0,5.0
BU17210301,Bernheze,110,0.0,20.0,25.0,5.0,15.0,15.0,15.0,20.0
BU17210302,Bernheze,45,0.0,10.0,5.0,5.0,5.0,5.0,5.0,5.0
BU17210303,Bernheze,45,0.0,10.0,5.0,0.0,5.0,5.0,10.0,5.0
BU17210304,Bernheze,75,5.0,15.0,15.0,5.0,15.0,5.0,10.0,5.0
BU17210305,Bernheze,55,5.0,10.0,10.0,0.0,10.0,10.0,10.0,5.0
BU17210306,Bernheze,45,0.0,10.0,10.0,0.0,5.0,5.0,5.0,10.0
BU17210307,Bernheze,50,0.0,15.0,5.0,0.0,5.0,10.0,10.0,5.0
BU17210308,Bernheze,30,0.0,5.0,5.0,0.0,0.0,5.0,5.0,5.0
BU17210309,Bernheze,140,0.0,40.0,45.0,10.0,15.0,20.0,10.0,5.0
BU17210310,Bernheze,50,0.0,5.0,5.0,5.0,10.0,5.0,10.0,5.0
BU17210401,Bernheze,120,60.0,10.0,5.0,10.0,10.0,10.0,10.0,5.0
BU17210402,Bernheze,125,20.0,20.0,15.0,5.0,15.0,25.0,15.0,10.0
BU17210403,Bernheze,75,5.0,15.0,10.0,5.0,10.0,15.0,10.0,5.0
BU17210501,Bernheze,90,25.0,5.0,15.0,0.0,10.0,20.0,5.0,10.0
BU17210502,Bernheze,80,15.0,20.0,10.0,5.0,5.0,10.0,5.0,10.0
BU17210503,Bernheze,105,30.0,25.0,15.0,0.0,5.0,15.0,5.0,5.0
BU17210504,Bernheze,115,35.0,15.0,15.0,0.0,10.0,15.0,10.0,5.0
BU17210505,Bernheze,140,60.0,20.0,15.0,0.0,5.0,25.0,5.0,5.0
BU17210506,Bernheze,140,10.0,45.0,20.0,5.0,15.0,25.0,10.0,10.0
BU17210601,Bernheze,150,55.0,20.0,15.0,5.0,15.0,20.0,10.0,10.0
BU17210602,Bernheze,180,10.0,45.0,30.0,10.0,10.0,30.0,20.0,25.0
BU17210603,Bernheze,85,20.0,10.0,10.0,5.0,10.0,15.0,10.0,10.0
BU07530001,Best,265,0.0,15.0,95.0,5.0,35.0,35.0,55.0,25.0
BU07530002,Best,125,0.0,20.0,20.0,10.0,10.0,30.0,20.0,15.0
BU07530003,Best,110,0.0,10.0,10.0,5.0,15.0,30.0,30.0,10.0
BU07530004,Best,135,0.0,20.0,10.0,10.0,5.0,35.0,30.0,25.0
BU07530005,Best,55,0.0,5.0,5.0,5.0,20.0,10.0,5.0,5.0
BU07530006,Best,45,0.0,5.0,5.0,0.0,10.0,15.0,10.0,5.0
BU07530007,Best,290,5.0,40.0,40.0,15.0,25.0,75.0,50.0,40.0
BU07530008,Best,305,0.0,75.0,55.0,15.0,25.0,55.0,40.0,45.0
BU07530009,Best,310,0.0,45.0,50.0,20.0,20.0,55.0,90.0,30.0
BU07530010,Best,310,0.0,70.0,100.0,25.0,15.0,50.0,30.0,15.0
BU07530011,Best,320,0.0,55.0,110.0,30.0,30.0,65.0,15.0,15.0
BU07530012,Best,10,,,,,,,,
BU07530013,Best,285,0.0,20.0,25.0,20.0,35.0,95.0,55.0,35.0
BU07530014,Best,380,0.0,25.0,40.0,25.0,45.0,130.0,85.0,35.0
BU07530015,Best,290,65.0,45.0,40.0,15.0,35.0,40.0,25.0,25.0
BU07530016,Best,110,0.0,15.0,15.0,15.0,10.0,25.0,30.0,5.0
BU07530017,Best,85,0.0,15.0,5.0,5.0,10.0,20.0,15.0,15.0
BU07530018,Best,45,5.0,5.0,5.0,5.0,5.0,15.0,10.0,5.0
BU07530019,Best,115,10.0,25.0,15.0,5.0,20.0,25.0,5.0,5.0
BU02090100,Beuningen,100,10.0,15.0,15.0,5.0,10.0,25.0,15.0,10.0
BU02090101,Beuningen,20,,,,,,,,
BU02090110,Beuningen,0,,,,,,,,
BU02090111,Beuningen,195,0.0,5.0,90.0,5.0,5.0,25.0,40.0,25.0
BU02090112,Beuningen,155,0.0,30.0,30.0,10.0,20.0,25.0,25.0,15.0
BU02090113,Beuningen,65,0.0,5.0,5.0,5.0,15.0,20.0,5.0,5.0
BU02090114,Beuningen,25,0.0,0.0,5.0,0.0,5.0,10.0,0.0,0.0
BU02090121,Beuningen,80,0.0,10.0,10.0,5.0,5.0,25.0,15.0,5.0
BU02090122,Beuningen,10,,,,,,,,
BU02090123,Beuningen,25,0.0,10.0,0.0,0.0,0.0,5.0,5.0,0.0
BU02090124,Beuningen,40,0.0,5.0,5.0,5.0,0.0,10.0,5.0,10.0
BU02090125,Beuningen,20,,,,,,,,
BU02090126,Beuningen,15,,,,,,,,
BU02090131,Beuningen,75,0.0,20.0,30.0,5.0,5.0,15.0,0.0,0.0
BU02090141,Beuningen,95,0.0,15.0,15.0,5.0,5.0,25.0,20.0,15.0
BU02090142,Beuningen,85,0.0,15.0,15.0,5.0,0.0,20.0,20.0,10.0
BU02090143,Beuningen,60,0.0,10.0,10.0,5.0,0.0,15.0,15.0,10.0
BU02090144,Beuningen,80,0.0,15.0,10.0,10.0,5.0,20.0,15.0,5.0
BU02090145,Beuningen,130,0.0,20.0,20.0,10.0,5.0,30.0,35.0,15.0
BU02090146,Beuningen,95,0.0,5.0,10.0,10.0,15.0,25.0,15.0,10.0
BU02090147,Beuningen,5,,,,,,,,
BU02090151,Beuningen,70,0.0,5.0,5.0,10.0,10.0,20.0,15.0,5.0
BU02090152,Beuningen,40,0.0,5.0,5.0,5.0,5.0,10.0,5.0,5.0
BU02090153,Beuningen,35,0.0,5.0,10.0,0.0,0.0,10.0,5.0,0.0
BU02090154,Beuningen,95,0.0,5.0,25.0,0.0,10.0,25.0,20.0,10.0
BU02090161,Beuningen,320,0.0,25.0,45.0,20.0,50.0,95.0,55.0,30.0
BU02090202,Beuningen,30,0.0,5.0,10.0,0.0,0.0,10.0,5.0,5.0
BU02090203,Beuningen,45,5.0,5.0,10.0,0.0,5.0,10.0,0.0,5.0
BU02090204,Beuningen,20,,,,,,,,
BU02090271,Beuningen,105,0.0,20.0,25.0,10.0,10.0,20.0,10.0,10.0
BU02090272,Beuningen,60,0.0,10.0,5.0,5.0,5.0,10.0,20.0,5.0
BU02090273,Beuningen,75,0.0,10.0,10.0,5.0,10.0,25.0,15.0,5.0
BU02090274,Beuningen,35,0.0,5.0,5.0,0.0,0.0,5.0,5.0,5.0
BU02090275,Beuningen,90,5.0,10.0,10.0,5.0,10.0,25.0,15.0,10.0
BU02090276,Beuningen,45,0.0,5.0,5.0,5.0,5.0,10.0,10.0,5.0
BU02090305,Beuningen,15,,,,,,,,
BU02090306,Beuningen,40,5.0,5.0,5.0,0.0,0.0,5.0,10.0,5.0
BU02090381,Beuningen,60,0.0,10.0,10.0,5.0,5.0,15.0,15.0,5.0
BU02090382,Beuningen,155,0.0,30.0,20.0,10.0,10.0,30.0,30.0,25.0
BU02090383,Beuningen,85,0.0,20.0,35.0,5.0,5.0,10.0,5.0,5.0
BU02090407,Beuningen,65,10.0,15.0,10.0,0.0,5.0,10.0,5.0,5.0
BU02090408,Beuningen,85,10.0,15.0,10.0,5.0,5.0,15.0,15.0,5.0
BU02090409,Beuningen,5,,,,,,,,
BU02090491,Beuningen,135,0.0,25.0,20.0,10.0,20.0,20.0,20.0,15.0
BU03750000,Beverwijk,65,0.0,15.0,20.0,0.0,5.0,10.0,10.0,10.0
BU03750001,Beverwijk,275,0.0,40.0,85.0,15.0,20.0,40.0,40.0,40.0
BU03750002,Beverwijk,265,0.0,70.0,90.0,10.0,5.0,30.0,25.0,35.0
BU03750003,Beverwijk,85,0.0,30.0,10.0,10.0,0.0,15.0,5.0,15.0
BU03750004,Beverwijk,60,0.0,15.0,10.0,5.0,0.0,10.0,10.0,10.0
BU03750005,Beverwijk,90,0.0,25.0,20.0,10.0,0.0,15.0,10.0,10.0
BU03750100,Beverwijk,270,0.0,20.0,45.0,15.0,55.0,55.0,60.0,20.0
BU03750101,Beverwijk,300,0.0,50.0,40.0,15.0,20.0,75.0,55.0,40.0
BU03750102,Beverwijk,20,,,,,,,,
BU03750200,Beverwijk,100,0.0,25.0,20.0,5.0,0.0,15.0,20.0,10.0
BU03750201,Beverwijk,65,0.0,15.0,10.0,5.0,0.0,15.0,10.0,5.0
BU03750202,Beverwijk,50,5.0,5.0,15.0,5.0,10.0,5.0,5.0,0.0
BU03750300,Beverwijk,150,0.0,40.0,30.0,5.0,5.0,30.0,20.0,15.0
BU03750301,Beverwijk,125,0.0,40.0,15.0,10.0,0.0,20.0,20.0,15.0
BU03750302,Beverwijk,120,0.0,35.0,15.0,15.0,0.0,25.0,10.0,15.0
BU03750303,Beverwijk,35,0.0,10.0,5.0,5.0,0.0,5.0,5.0,5.0
BU03750400,Beverwijk,115,0.0,20.0,10.0,5.0,15.0,35.0,20.0,10.0
BU03750401,Beverwijk,65,0.0,10.0,5.0,5.0,5.0,15.0,15.0,10.0
BU03750500,Beverwijk,190,0.0,35.0,30.0,10.0,25.0,45.0,30.0,15.0
BU03750501,Beverwijk,100,10.0,20.0,15.0,5.0,10.0,20.0,15.0,10.0
BU03750502,Beverwijk,50,0.0,5.0,10.0,0.0,5.0,10.0,5.0,10.0
BU03750600,Beverwijk,195,0.0,65.0,25.0,20.0,5.0,35.0,25.0,20.0
BU03750601,Beverwijk,120,0.0,30.0,25.0,10.0,0.0,10.0,25.0,10.0
BU03750700,Beverwijk,115,0.0,45.0,15.0,15.0,0.0,20.0,15.0,10.0
BU03750701,Beverwijk,65,0.0,15.0,10.0,5.0,10.0,10.0,10.0,5.0
BU03750702,Beverwijk,190,0.0,30.0,50.0,10.0,10.0,25.0,45.0,15.0
BU03750703,Beverwijk,90,0.0,25.0,20.0,5.0,5.0,10.0,20.0,15.0
BU03750800,Beverwijk,400,0.0,75.0,60.0,25.0,30.0,95.0,65.0,45.0
BU03750801,Beverwijk,0,,,,,,,,
BU03750900,Beverwijk,700,0.0,70.0,435.0,35.0,45.0,65.0,5.0,35.0
BU03750901,Beverwijk,195,0.0,50.0,55.0,20.0,20.0,45.0,0.0,0.0
BU03750902,Beverwijk,75,5.0,20.0,20.0,5.0,5.0,15.0,5.0,0.0
BU03751000,Beverwijk,225,0.0,30.0,35.0,25.0,25.0,55.0,40.0,15.0
BU03751001,Beverwijk,95,0.0,20.0,20.0,10.0,5.0,15.0,20.0,5.0
BU03751002,Beverwijk,60,0.0,15.0,10.0,10.0,0.0,10.0,10.0,5.0
BU03751003,Beverwijk,175,0.0,25.0,20.0,20.0,20.0,50.0,35.0,10.0
BU03100101,De Bilt,215,20.0,40.0,30.0,15.0,15.0,55.0,30.0,15.0
BU03100102,De Bilt,25,10.0,0.0,0.0,0.0,0.0,5.0,0.0,0.0
BU03100201,De Bilt,240,0.0,20.0,25.0,20.0,35.0,80.0,40.0,25.0
BU03100202,De Bilt,60,5.0,5.0,5.0,0.0,10.0,20.0,10.0,5.0
BU03100301,De Bilt,500,20.0,90.0,55.0,45.0,35.0,115.0,85.0,50.0
BU03100302,De Bilt,60,0.0,20.0,10.0,5.0,0.0,10.0,10.0,0.0
BU03100303,De Bilt,55,10.0,10.0,5.0,5.0,10.0,15.0,5.0,5.0
BU03100401,De Bilt,290,5.0,25.0,25.0,20.0,45.0,95.0,50.0,20.0
BU03100402,De Bilt,200,25.0,20.0,25.0,10.0,40.0,45.0,25.0,15.0
BU03100505,De Bilt,505,0.0,45.0,40.0,55.0,25.0,150.0,130.0,55.0
BU03100601,De Bilt,570,0.0,15.0,35.0,25.0,105.0,250.0,115.0,30.0
BU03100602,De Bilt,480,0.0,20.0,25.0,20.0,90.0,185.0,105.0,30.0
BU03100603,De Bilt,85,5.0,0.0,5.0,0.0,10.0,15.0,40.0,5.0
BU03100701,De Bilt,600,0.0,35.0,90.0,30.0,60.0,185.0,135.0,60.0
BU03100702,De Bilt,85,0.0,0.0,5.0,5.0,10.0,45.0,15.0,5.0
BU03100703,De Bilt,10,,,,,,,,
BU03100801,De Bilt,455,5.0,35.0,20.0,30.0,65.0,145.0,105.0,50.0
BU03100802,De Bilt,580,0.0,60.0,65.0,60.0,30.0,150.0,145.0,65.0
BU03100803,De Bilt,80,0.0,15.0,20.0,10.0,15.0,20.0,0.0,5.0
BU03100901,De Bilt,600,0.0,40.0,80.0,35.0,35.0,190.0,145.0,65.0
BU03100902,De Bilt,35,0.0,5.0,10.0,0.0,0.0,5.0,10.0,5.0
BU03100903,De Bilt,225,0.0,10.0,20.0,10.0,35.0,85.0,55.0,10.0
BU03101001,De Bilt,635,0.0,55.0,75.0,60.0,40.0,160.0,170.0,80.0
BU03101002,De Bilt,140,10.0,5.0,15.0,10.0,25.0,45.0,25.0,15.0
BU17280000,Bladel,205,0.0,25.0,80.0,0.0,15.0,25.0,30.0,20.0
BU17280001,Bladel,220,0.0,85.0,60.0,5.0,20.0,30.0,10.0,10.0
BU17280002,Bladel,110,0.0,35.0,25.0,5.0,15.0,20.0,5.0,5.0
BU17280003,Bladel,170,0.0,35.0,20.0,10.0,15.0,35.0,30.0,20.0
BU17280004,Bladel,75,0.0,15.0,10.0,0.0,10.0,15.0,15.0,5.0
BU17280005,Bladel,145,0.0,35.0,25.0,5.0,20.0,30.0,15.0,15.0
BU17280006,Bladel,215,5.0,45.0,30.0,20.0,20.0,40.0,35.0,20.0
BU17280007,Bladel,55,0.0,5.0,10.0,5.0,15.0,15.0,5.0,5.0
BU17280008,Bladel,100,5.0,20.0,10.0,0.0,20.0,15.0,15.0,10.0
BU17280009,Bladel,160,60.0,20.0,25.0,5.0,10.0,20.0,10.0,10.0
BU17280100,Bladel,130,10.0,35.0,15.0,5.0,10.0,35.0,15.0,10.0
BU17280109,Bladel,25,10.0,5.0,5.0,0.0,0.0,5.0,0.0,0.0
BU17280200,Bladel,95,0.0,15.0,30.0,5.0,5.0,15.0,15.0,10.0
BU17280201,Bladel,105,0.0,35.0,40.0,5.0,5.0,15.0,0.0,0.0
BU17280202,Bladel,160,0.0,30.0,20.0,10.0,15.0,35.0,30.0,20.0
BU17280203,Bladel,100,5.0,20.0,20.0,5.0,15.0,15.0,15.0,5.0
BU17280204,Bladel,155,5.0,35.0,25.0,5.0,20.0,25.0,25.0,15.0
BU17280207,Bladel,0,,,,,,,,
BU17280208,Bladel,45,0.0,10.0,15.0,10.0,5.0,5.0,0.0,0.0
BU17280209,Bladel,105,20.0,20.0,10.0,5.0,20.0,20.0,5.0,10.0
BU17280300,Bladel,210,10.0,45.0,40.0,10.0,15.0,45.0,20.0,25.0
BU17280301,Bladel,75,25.0,15.0,5.0,5.0,5.0,10.0,5.0,5.0
BU17280309,Bladel,45,25.0,5.0,5.0,5.0,0.0,5.0,0.0,5.0
BU17280400,Bladel,135,10.0,40.0,15.0,5.0,10.0,25.0,10.0,15.0
BU17280409,Bladel,5,,,,,,,,
BU03760101,Blaricum,395,0.0,60.0,45.0,30.0,25.0,130.0,65.0,40.0
BU03760102,Blaricum,1185,5.0,70.0,125.0,65.0,280.0,380.0,155.0,95.0
BU03760103,Blaricum,0,,,,,,,,
BU03760104,Blaricum,600,0.0,50.0,90.0,65.0,75.0,195.0,85.0,45.0
BU03760105,Blaricum,50,0.0,5.0,5.0,5.0,15.0,10.0,10.0,0.0
BU03760106,Blaricum,0,,,,,,,,
BU03760107,Blaricum,0,,,,,,,,
BU03760108,Blaricum,0,,,,,,,,
BU03760109,Blaricum,0,,,,,,,,
BU03770000,Bloemendaal,895,0.0,30.0,115.0,35.0,175.0,335.0,140.0,65.0
BU03770001,Bloemendaal,60,0.0,5.0,10.0,5.0,5.0,15.0,15.0,5.0
BU03770002,Bloemendaal,35,0.0,0.0,5.0,0.0,5.0,15.0,5.0,5.0
BU03770003,Bloemendaal,165,0.0,5.0,15.0,10.0,25.0,55.0,40.0,15.0
BU03770004,Bloemendaal,145,0.0,5.0,10.0,10.0,25.0,60.0,20.0,15.0
BU03770005,Bloemendaal,5,,,,,,,,
BU03770009,Bloemendaal,55,0.0,5.0,20.0,0.0,5.0,10.0,5.0,10.0
BU03770100,Bloemendaal,760,0.0,30.0,70.0,30.0,105.0,310.0,160.0,55.0
BU03770101,Bloemendaal,55,0.0,5.0,5.0,5.0,5.0,15.0,15.0,5.0
BU03770109,Bloemendaal,45,0.0,0.0,5.0,5.0,5.0,5.0,20.0,5.0
BU03770200,Bloemendaal,530,0.0,10.0,30.0,30.0,125.0,220.0,90.0,20.0
BU03770201,Bloemendaal,165,0.0,10.0,10.0,10.0,35.0,65.0,30.0,10.0
BU03770202,Bloemendaal,125,0.0,5.0,0.0,5.0,15.0,60.0,35.0,5.0
BU03770209,Bloemendaal,90,0.0,5.0,15.0,5.0,25.0,30.0,5.0,10.0
BU03770300,Bloemendaal,220,0.0,30.0,30.0,15.0,20.0,60.0,40.0,25.0
BU03770309,Bloemendaal,60,5.0,0.0,10.0,5.0,5.0,20.0,10.0,5.0
BU03770400,Bloemendaal,200,0.0,15.0,25.0,10.0,25.0,65.0,35.0,25.0
BU03770401,Bloemendaal,125,0.0,10.0,15.0,5.0,20.0,50.0,15.0,10.0
BU03770402,Bloemendaal,145,0.0,10.0,25.0,5.0,15.0,50.0,25.0,15.0
BU03770403,Bloemendaal,45,0.0,5.0,10.0,0.0,5.0,15.0,10.0,0.0
BU03770404,Bloemendaal,130,0.0,15.0,15.0,5.0,10.0,45.0,30.0,10.0
BU03770409,Bloemendaal,25,0.0,0.0,0.0,5.0,5.0,5.0,5.0,0.0
BU19010101,Bodegraven-Reeuwijk,90,15.0,15.0,5.0,5.0,10.0,30.0,5.0,5.0
BU19010102,Bodegraven-Reeuwijk,70,20.0,5.0,10.0,5.0,5.0,15.0,5.0,10.0
BU19010103,Bodegraven-Reeuwijk,180,0.0,25.0,20.0,20.0,25.0,45.0,30.0,15.0
BU19010104,Bodegraven-Reeuwijk,145,0.0,20.0,45.0,5.0,25.0,25.0,10.0,15.0
BU19010105,Bodegraven-Reeuwijk,130,0.0,30.0,20.0,15.0,10.0,20.0,20.0,15.0
BU19010106,Bodegraven-Reeuwijk,80,0.0,15.0,5.0,5.0,10.0,30.0,10.0,5.0
BU19010201,Bodegraven-Reeuwijk,50,0.0,10.0,10.0,10.0,10.0,10.0,0.0,5.0
BU19010202,Bodegraven-Reeuwijk,125,0.0,30.0,30.0,15.0,10.0,30.0,5.0,5.0
BU19010203,Bodegraven-Reeuwijk,20,,,,,,,,
BU19010204,Bodegraven-Reeuwijk,45,10.0,5.0,10.0,0.0,10.0,10.0,5.0,0.0
BU19010205,Bodegraven-Reeuwijk,80,0.0,20.0,20.0,0.0,5.0,15.0,5.0,5.0
BU19010206,Bodegraven-Reeuwijk,285,0.0,45.0,60.0,15.0,20.0,60.0,50.0,30.0
BU19010207,Bodegraven-Reeuwijk,55,0.0,10.0,10.0,0.0,5.0,20.0,5.0,5.0
BU19010209,Bodegraven-Reeuwijk,90,0.0,20.0,5.0,15.0,5.0,10.0,20.0,15.0
BU19010210,Bodegraven-Reeuwijk,85,5.0,20.0,10.0,5.0,5.0,15.0,10.0,15.0
BU19010211,Bodegraven-Reeuwijk,25,0.0,0.0,5.0,0.0,5.0,5.0,5.0,0.0
BU19010212,Bodegraven-Reeuwijk,180,5.0,35.0,20.0,10.0,10.0,40.0,40.0,20.0
BU19010213,Bodegraven-Reeuwijk,110,0.0,15.0,10.0,5.0,10.0,35.0,15.0,10.0
BU19010214,Bodegraven-Reeuwijk,85,0.0,15.0,10.0,10.0,10.0,15.0,15.0,5.0
BU19010215,Bodegraven-Reeuwijk,105,0.0,25.0,10.0,10.0,10.0,25.0,20.0,10.0
BU19010216,Bodegraven-Reeuwijk,205,0.0,30.0,70.0,25.0,30.0,35.0,10.0,10.0
BU19010217,Bodegraven-Reeuwijk,135,0.0,10.0,5.0,15.0,10.0,45.0,30.0,15.0
BU19010218,Bodegraven-Reeuwijk,65,5.0,15.0,5.0,0.0,5.0,15.0,5.0,10.0
BU19010219,Bodegraven-Reeuwijk,50,0.0,20.0,0.0,5.0,5.0,15.0,5.0,0.0
BU19010220,Bodegraven-Reeuwijk,70,0.0,15.0,15.0,5.0,10.0,15.0,10.0,5.0
BU19010301,Bodegraven-Reeuwijk,115,30.0,25.0,20.0,5.0,5.0,20.0,5.0,5.0
BU19010302,Bodegraven-Reeuwijk,220,5.0,50.0,35.0,15.0,20.0,60.0,20.0,15.0
BU19010401,Bodegraven-Reeuwijk,45,10.0,5.0,10.0,0.0,5.0,5.0,5.0,0.0
BU19010402,Bodegraven-Reeuwijk,65,30.0,5.0,10.0,5.0,5.0,10.0,5.0,0.0
BU19010403,Bodegraven-Reeuwijk,85,25.0,15.0,10.0,0.0,15.0,15.0,5.0,5.0
BU19010404,Bodegraven-Reeuwijk,120,15.0,20.0,15.0,0.0,10.0,35.0,15.0,15.0
BU19010405,Bodegraven-Reeuwijk,45,15.0,10.0,5.0,0.0,5.0,5.0,0.0,0.0
BU19010501,Bodegraven-Reeuwijk,50,0.0,10.0,5.0,5.0,5.0,10.0,10.0,10.0
BU19010502,Bodegraven-Reeuwijk,90,0.0,5.0,10.0,5.0,15.0,30.0,10.0,10.0
BU19010503,Bodegraven-Reeuwijk,85,5.0,25.0,10.0,5.0,5.0,15.0,10.0,10.0
BU19010504,Bodegraven-Reeuwijk,125,0.0,25.0,15.0,10.0,10.0,30.0,15.0,20.0
BU19010505,Bodegraven-Reeuwijk,410,0.0,65.0,90.0,25.0,70.0,110.0,25.0,25.0
BU19010506,Bodegraven-Reeuwijk,145,0.0,10.0,20.0,10.0,15.0,45.0,30.0,10.0
BU19010507,Bodegraven-Reeuwijk,245,5.0,30.0,35.0,20.0,30.0,60.0,45.0,20.0
BU19010508,Bodegraven-Reeuwijk,105,0.0,5.0,10.0,5.0,25.0,45.0,5.0,5.0
BU19010509,Bodegraven-Reeuwijk,25,0.0,0.0,5.0,0.0,5.0,5.0,0.0,5.0
BU19010510,Bodegraven-Reeuwijk,10,,,,,,,,
BU19010511,Bodegraven-Reeuwijk,100,0.0,5.0,5.0,5.0,30.0,30.0,15.0,5.0
BU19010512,Bodegraven-Reeuwijk,50,0.0,5.0,5.0,5.0,10.0,15.0,5.0,5.0
BU19010513,Bodegraven-Reeuwijk,25,0.0,0.0,5.0,0.0,5.0,10.0,0.0,0.0
BU19010514,Bodegraven-Reeuwijk,15,,,,,,,,
BU19010515,Bodegraven-Reeuwijk,25,5.0,0.0,0.0,0.0,10.0,10.0,0.0,0.0
BU19010601,Bodegraven-Reeuwijk,25,10.0,5.0,0.0,0.0,5.0,0.0,5.0,0.0
BU19010602,Bodegraven-Reeuwijk,230,5.0,65.0,35.0,20.0,20.0,35.0,40.0,10.0
BU19010603,Bodegraven-Reeuwijk,30,10.0,5.0,0.0,0.0,5.0,5.0,0.0,0.0
BU19010604,Bodegraven-Reeuwijk,10,,,,,,,,
BU19010701,Bodegraven-Reeuwijk,55,10.0,15.0,5.0,0.0,5.0,10.0,5.0,5.0
BU19010702,Bodegraven-Reeuwijk,170,5.0,40.0,25.0,10.0,15.0,40.0,20.0,15.0
BU19010703,Bodegraven-Reeuwijk,45,15.0,5.0,5.0,0.0,5.0,5.0,0.0,0.0
BU07550000,Boekel,575,15.0,135.0,110.0,25.0,50.0,100.0,75.0,70.0
BU07550005,Boekel,70,5.0,20.0,5.0,0.0,10.0,10.0,15.0,5.0
BU07550006,Boekel,155,30.0,30.0,25.0,5.0,10.0,20.0,20.0,15.0
BU07550007,Boekel,125,25.0,30.0,20.0,5.0,15.0,5.0,10.0,10.0
BU07550008,Boekel,190,35.0,45.0,30.0,10.0,20.0,25.0,15.0,10.0
BU07550009,Boekel,100,40.0,20.0,15.0,0.0,5.0,5.0,5.0,0.0
BU07550100,Boekel,110,5.0,30.0,20.0,10.0,5.0,20.0,15.0,10.0
BU07550109,Boekel,185,60.0,50.0,20.0,10.0,5.0,15.0,10.0,15.0
BU16810001,Borger-Odoorn,115,5.0,15.0,20.0,5.0,10.0,20.0,25.0,10.0
BU16810009,Borger-Odoorn,20,,,,,,,,
BU16810101,Borger-Odoorn,50,0.0,20.0,10.0,0.0,0.0,5.0,5.0,5.0
BU16810102,Borger-Odoorn,80,5.0,15.0,20.0,5.0,0.0,10.0,15.0,10.0
BU16810103,Borger-Odoorn,90,15.0,20.0,15.0,5.0,5.0,10.0,5.0,10.0
BU16810104,Borger-Odoorn,100,10.0,20.0,15.0,10.0,5.0,15.0,15.0,5.0
BU16810109,Borger-Odoorn,25,5.0,0.0,5.0,0.0,0.0,5.0,5.0,5.0
BU16810209,Borger-Odoorn,30,15.0,0.0,5.0,0.0,0.0,5.0,5.0,0.0
BU16810309,Borger-Odoorn,10,,,,,,,,
BU16817901,Borger-Odoorn,50,15.0,5.0,5.0,5.0,0.0,5.0,5.0,5.0
BU16817909,Borger-Odoorn,0,,,,,,,,
BU16818001,Borger-Odoorn,60,10.0,10.0,15.0,5.0,0.0,5.0,5.0,5.0
BU16818002,Borger-Odoorn,80,5.0,15.0,20.0,5.0,5.0,10.0,10.0,10.0
BU16818003,Borger-Odoorn,120,10.0,30.0,25.0,10.0,5.0,15.0,20.0,10.0
BU16818009,Borger-Odoorn,0,,,,,,,,
BU16818109,Borger-Odoorn,20,,,,,,,,
BU16818201,Borger-Odoorn,55,0.0,5.0,10.0,5.0,5.0,15.0,10.0,5.0
BU16818202,Borger-Odoorn,70,0.0,5.0,20.0,5.0,10.0,15.0,15.0,5.0
BU16818203,Borger-Odoorn,90,0.0,10.0,10.0,5.0,5.0,20.0,30.0,10.0
BU16818204,Borger-Odoorn,70,0.0,5.0,0.0,0.0,10.0,25.0,20.0,10.0
BU16818205,Borger-Odoorn,60,0.0,5.0,10.0,5.0,5.0,10.0,15.0,10.0
BU16818206,Borger-Odoorn,95,0.0,5.0,35.0,5.0,10.0,10.0,15.0,10.0
BU16818209,Borger-Odoorn,70,15.0,10.0,15.0,5.0,5.0,5.0,10.0,10.0
BU16818309,Borger-Odoorn,25,5.0,5.0,0.0,0.0,5.0,5.0,0.0,0.0
BU16818409,Borger-Odoorn,15,,,,,,,,
BU16818501,Borger-Odoorn,105,10.0,20.0,20.0,5.0,10.0,20.0,10.0,15.0
BU16818509,Borger-Odoorn,10,,,,,,,,
BU16818601,Borger-Odoorn,60,5.0,15.0,10.0,5.0,0.0,15.0,10.0,5.0
BU16818609,Borger-Odoorn,10,,,,,,,,
BU16818701,Borger-Odoorn,75,5.0,10.0,20.0,0.0,5.0,15.0,10.0,5.0
BU16818709,Borger-Odoorn,25,0.0,0.0,5.0,0.0,0.0,10.0,0.0,5.0
BU16818801,Borger-Odoorn,60,10.0,20.0,10.0,5.0,0.0,10.0,5.0,5.0
BU16818809,Borger-Odoorn,5,,,,,,,,
BU16818909,Borger-Odoorn,60,10.0,5.0,5.0,0.0,5.0,15.0,15.0,5.0
BU16819001,Borger-Odoorn,40,5.0,5.0,5.0,0.0,0.0,10.0,5.0,10.0
BU16819009,Borger-Odoorn,20,,,,,,,,
BU16819109,Borger-Odoorn,35,5.0,5.0,5.0,0.0,0.0,5.0,10.0,0.0
BU16819209,Borger-Odoorn,30,10.0,5.0,5.0,0.0,0.0,5.0,5.0,0.0
BU16819309,Borger-Odoorn,10,,,,,,,,
BU16819409,Borger-Odoorn,25,5.0,0.0,5.0,0.0,0.0,0.0,5.0,5.0
BU16819501,Borger-Odoorn,35,0.0,0.0,5.0,0.0,5.0,10.0,5.0,5.0
BU16819502,Borger-Odoorn,40,0.0,5.0,5.0,5.0,5.0,10.0,0.0,10.0
BU16819503,Borger-Odoorn,110,10.0,10.0,25.0,5.0,10.0,20.0,20.0,10.0
BU16819509,Borger-Odoorn,50,10.0,5.0,10.0,0.0,0.0,10.0,5.0,10.0
BU16819601,Borger-Odoorn,50,0.0,10.0,5.0,0.0,5.0,15.0,10.0,5.0
BU16819609,Borger-Odoorn,45,10.0,5.0,10.0,0.0,0.0,5.0,5.0,5.0
BU16819701,Borger-Odoorn,55,0.0,10.0,10.0,0.0,5.0,10.0,5.0,10.0
BU16819702,Borger-Odoorn,85,0.0,15.0,10.0,5.0,5.0,15.0,20.0,10.0
BU16819703,Borger-Odoorn,130,10.0,25.0,25.0,5.0,10.0,15.0,20.0,15.0
BU16819704,Borger-Odoorn,70,10.0,25.0,15.0,5.0,0.0,5.0,5.0,10.0
BU16819705,Borger-Odoorn,80,10.0,20.0,15.0,10.0,5.0,10.0,10.0,5.0
BU16819709,Borger-Odoorn,45,5.0,10.0,15.0,5.0,5.0,10.0,0.0,0.0
BU16819801,Borger-Odoorn,65,0.0,5.0,5.0,0.0,20.0,15.0,10.0,10.0
BU16819802,Borger-Odoorn,50,0.0,5.0,15.0,0.0,5.0,5.0,10.0,5.0
BU16819803,Borger-Odoorn,60,0.0,10.0,10.0,5.0,5.0,10.0,15.0,5.0
BU16819809,Borger-Odoorn,25,5.0,5.0,5.0,0.0,0.0,5.0,5.0,5.0
BU16819901,Borger-Odoorn,55,20.0,5.0,10.0,0.0,0.0,10.0,5.0,5.0
BU16819909,Borger-Odoorn,20,,,,,,,,
BU01470000,Borne,350,0.0,25.0,35.0,25.0,45.0,115.0,80.0,30.0
BU01470001,Borne,455,0.0,25.0,130.0,15.0,45.0,90.0,90.0,60.0
BU01470002,Borne,100,0.0,25.0,20.0,0.0,10.0,15.0,15.0,15.0
BU01470003,Borne,155,0.0,25.0,25.0,5.0,10.0,35.0,40.0,15.0
BU01470004,Borne,265,0.0,55.0,70.0,10.0,25.0,60.0,20.0,25.0
BU01470005,Borne,120,0.0,15.0,20.0,5.0,10.0,25.0,25.0,25.0
BU01470006,Borne,210,0.0,25.0,35.0,15.0,20.0,35.0,45.0,30.0
BU01470007,Borne,95,0.0,25.0,20.0,5.0,5.0,20.0,15.0,10.0
BU01470008,Borne,280,0.0,30.0,40.0,20.0,30.0,65.0,70.0,25.0
BU01470009,Borne,120,5.0,30.0,30.0,5.0,10.0,20.0,10.0,10.0
BU01470100,Borne,50,5.0,5.0,5.0,0.0,5.0,10.0,10.0,5.0
BU01470101,Borne,110,0.0,15.0,25.0,5.0,10.0,20.0,25.0,10.0
BU01470102,Borne,65,25.0,5.0,5.0,5.0,5.0,10.0,10.0,5.0
BU01470105,Borne,40,5.0,5.0,5.0,0.0,5.0,5.0,10.0,5.0
BU01470106,Borne,45,10.0,5.0,5.0,0.0,10.0,5.0,5.0,5.0
BU06540101,Borsele,45,5.0,10.0,5.0,5.0,5.0,5.0,5.0,5.0
BU06540102,Borsele,40,15.0,5.0,5.0,0.0,0.0,5.0,0.0,5.0
BU06540201,Borsele,135,5.0,45.0,20.0,5.0,5.0,20.0,15.0,15.0
BU06540202,Borsele,55,20.0,5.0,5.0,0.0,5.0,10.0,5.0,0.0
BU06540203,Borsele,0,,,,,,,,
BU06540301,Borsele,65,5.0,10.0,15.0,0.0,5.0,10.0,15.0,10.0
BU06540302,Borsele,30,15.0,5.0,0.0,5.0,5.0,5.0,0.0,0.0
BU06540401,Borsele,35,0.0,5.0,5.0,5.0,0.0,5.0,5.0,5.0
BU06540402,Borsele,10,,,,,,,,
BU06540501,Borsele,565,5.0,95.0,90.0,30.0,55.0,120.0,100.0,70.0
BU06540502,Borsele,95,30.0,15.0,15.0,5.0,5.0,10.0,0.0,10.0
BU06540601,Borsele,70,5.0,15.0,15.0,5.0,5.0,5.0,10.0,5.0
BU06540602,Borsele,20,,,,,,,,
BU06540701,Borsele,65,5.0,15.0,5.0,0.0,5.0,15.0,10.0,10.0
BU06540702,Borsele,55,20.0,5.0,10.0,5.0,5.0,5.0,5.0,5.0
BU06540801,Borsele,105,5.0,15.0,10.0,5.0,10.0,20.0,25.0,15.0
BU06540802,Borsele,90,30.0,15.0,5.0,5.0,10.0,10.0,10.0,5.0
BU06540901,Borsele,115,0.0,25.0,10.0,10.0,25.0,25.0,15.0,10.0
BU06540902,Borsele,35,10.0,5.0,5.0,0.0,5.0,5.0,5.0,0.0
BU06540903,Borsele,45,0.0,15.0,5.0,15.0,5.0,5.0,0.0,0.0
BU06541001,Borsele,60,10.0,5.0,10.0,10.0,5.0,10.0,5.0,5.0
BU06541002,Borsele,40,15.0,5.0,0.0,5.0,0.0,0.0,10.0,0.0
BU06541101,Borsele,60,5.0,20.0,10.0,5.0,0.0,5.0,10.0,5.0
BU06541102,Borsele,45,20.0,5.0,5.0,0.0,5.0,5.0,0.0,0.0
BU06541201,Borsele,95,5.0,10.0,20.0,5.0,5.0,25.0,20.0,10.0
BU06541202,Borsele,85,30.0,15.0,10.0,5.0,5.0,5.0,10.0,0.0
BU06541301,Borsele,405,10.0,75.0,65.0,30.0,55.0,75.0,65.0,30.0
BU06541302,Borsele,85,15.0,25.0,20.0,0.0,5.0,10.0,0.0,5.0
BU06541401,Borsele,40,5.0,5.0,5.0,0.0,0.0,5.0,10.0,5.0
BU06541402,Borsele,40,15.0,5.0,5.0,0.0,5.0,0.0,5.0,0.0
BU06541501,Borsele,155,5.0,25.0,25.0,10.0,15.0,35.0,20.0,15.0
BU06541502,Borsele,60,30.0,10.0,10.0,5.0,5.0,5.0,5.0,0.0
BU07570000,Boxtel,975,5.0,120.0,215.0,40.0,85.0,195.0,190.0,130.0
BU07570001,Boxtel,615,5.0,145.0,75.0,25.0,35.0,135.0,130.0,65.0
BU07570002,Boxtel,365,5.0,60.0,55.0,30.0,25.0,80.0,80.0,35.0
BU07570003,Boxtel,305,5.0,40.0,35.0,25.0,20.0,80.0,60.0,40.0
BU07570004,Boxtel,295,0.0,80.0,115.0,20.0,15.0,50.0,5.0,10.0
BU07570005,Boxtel,50,10.0,15.0,5.0,0.0,5.0,10.0,5.0,0.0
BU07570006,Boxtel,120,30.0,15.0,20.0,5.0,10.0,20.0,15.0,10.0
BU07570007,Boxtel,50,5.0,5.0,5.0,5.0,5.0,15.0,5.0,5.0
BU07570008,Boxtel,55,10.0,10.0,10.0,0.0,10.0,10.0,5.0,5.0
BU07570009,Boxtel,40,5.0,10.0,5.0,5.0,5.0,5.0,5.0,0.0
BU07570100,Boxtel,95,5.0,20.0,10.0,5.0,10.0,20.0,10.0,10.0
BU07570109,Boxtel,95,15.0,15.0,15.0,5.0,10.0,20.0,15.0,5.0
BU07570200,Boxtel,520,5.0,100.0,90.0,30.0,45.0,110.0,80.0,55.0
BU07570206,Boxtel,40,10.0,5.0,5.0,0.0,0.0,10.0,5.0,0.0
BU07570207,Boxtel,25,5.0,0.0,0.0,5.0,5.0,0.0,5.0,0.0
BU07570208,Boxtel,45,5.0,5.0,5.0,0.0,10.0,10.0,5.0,0.0
BU07570209,Boxtel,60,5.0,5.0,10.0,0.0,10.0,15.0,5.0,10.0
BU07573000,Boxtel,215,5.0,35.0,35.0,10.0,20.0,55.0,40.0,15.0
BU07573100,Boxtel,100,20.0,10.0,10.0,5.0,10.0,30.0,10.0,5.0
BU07580001,Breda,455,0.0,30.0,80.0,35.0,40.0,135.0,70.0,60.0
BU07580002,Breda,675,0.0,30.0,180.0,55.0,75.0,195.0,75.0,70.0
BU07580003,Breda,235,0.0,25.0,30.0,25.0,5.0,70.0,35.0,45.0
BU07580004,Breda,470,0.0,45.0,130.0,40.0,25.0,105.0,60.0,65.0
BU07580005,Breda,635,0.0,45.0,100.0,60.0,60.0,230.0,90.0,50.0
BU07580006,Breda,1000,0.0,45.0,465.0,70.0,60.0,195.0,55.0,110.0
BU07580100,Breda,495,0.0,35.0,85.0,50.0,30.0,140.0,85.0,70.0
BU07580101,Breda,565,5.0,95.0,115.0,50.0,25.0,120.0,85.0,70.0
BU07580102,Breda,365,0.0,60.0,90.0,45.0,5.0,70.0,70.0,25.0
BU07580103,Breda,330,0.0,75.0,65.0,40.0,15.0,50.0,60.0,30.0
BU07580104,Breda,285,0.0,60.0,30.0,50.0,0.0,55.0,60.0,25.0
BU07580105,Breda,540,0.0,70.0,185.0,50.0,40.0,100.0,40.0,50.0
BU07580106,Breda,140,0.0,30.0,15.0,20.0,5.0,20.0,35.0,15.0
BU07580107,Breda,125,0.0,5.0,10.0,15.0,10.0,45.0,30.0,15.0
BU07580200,Breda,1215,0.0,140.0,195.0,100.0,60.0,310.0,260.0,145.0
BU07580201,Breda,680,0.0,35.0,100.0,50.0,85.0,200.0,160.0,55.0
BU07580202,Breda,1195,0.0,55.0,180.0,70.0,150.0,420.0,210.0,105.0
BU07580203,Breda,445,0.0,50.0,75.0,40.0,20.0,120.0,95.0,45.0
BU07580204,Breda,200,0.0,25.0,55.0,25.0,25.0,45.0,15.0,15.0
BU07580205,Breda,395,0.0,85.0,135.0,30.0,40.0,75.0,10.0,15.0
BU07580300,Breda,505,0.0,50.0,65.0,25.0,45.0,150.0,115.0,50.0
BU07580301,Breda,625,0.0,70.0,90.0,35.0,50.0,150.0,155.0,65.0
BU07580302,Breda,415,0.0,25.0,45.0,15.0,55.0,125.0,95.0,55.0
BU07580303,Breda,1100,5.0,50.0,150.0,45.0,165.0,345.0,250.0,90.0
BU07580309,Breda,160,5.0,10.0,20.0,5.0,30.0,45.0,35.0,10.0
BU07580400,Breda,795,0.0,30.0,85.0,50.0,90.0,255.0,210.0,75.0
BU07580401,Breda,535,0.0,25.0,55.0,20.0,105.0,180.0,110.0,35.0
BU07580500,Breda,200,0.0,30.0,35.0,25.0,10.0,45.0,30.0,30.0
BU07580501,Breda,800,0.0,115.0,100.0,90.0,25.0,195.0,160.0,110.0
BU07580502,Breda,985,0.0,170.0,195.0,100.0,60.0,235.0,115.0,105.0
BU07580503,Breda,1080,0.0,115.0,155.0,75.0,95.0,280.0,240.0,115.0
BU07580504,Breda,325,0.0,25.0,35.0,35.0,20.0,110.0,75.0,30.0
BU07580505,Breda,330,0.0,30.0,115.0,45.0,35.0,70.0,20.0,20.0
BU07580506,Breda,100,5.0,5.0,35.0,30.0,5.0,10.0,0.0,5.0
BU07580507,Breda,325,0.0,65.0,90.0,30.0,25.0,75.0,25.0,15.0
BU07580508,Breda,195,25.0,20.0,25.0,5.0,25.0,45.0,35.0,15.0
BU07580509,Breda,160,15.0,20.0,20.0,15.0,20.0,40.0,20.0,15.0
BU07580600,Breda,435,0.0,65.0,45.0,40.0,25.0,85.0,120.0,60.0
BU07580601,Breda,425,0.0,60.0,55.0,35.0,20.0,115.0,95.0,50.0
BU07580602,Breda,490,0.0,90.0,90.0,35.0,35.0,120.0,85.0,40.0
BU07580603,Breda,370,0.0,55.0,65.0,45.0,25.0,80.0,55.0,45.0
BU07580604,Breda,445,0.0,50.0,70.0,35.0,35.0,95.0,100.0,60.0
BU07580605,Breda,280,0.0,30.0,25.0,30.0,25.0,70.0,65.0,40.0
BU07580606,Breda,245,0.0,25.0,25.0,35.0,15.0,75.0,50.0,25.0
BU07580607,Breda,405,0.0,85.0,145.0,35.0,25.0,65.0,25.0,25.0
BU07580609,Breda,65,10.0,10.0,5.0,0.0,10.0,15.0,10.0,0.0
BU07580700,Breda,675,5.0,85.0,95.0,25.0,85.0,180.0,145.0,60.0
BU07580701,Breda,305,5.0,15.0,30.0,20.0,45.0,125.0,45.0,20.0
BU07580709,Breda,140,25.0,10.0,15.0,10.0,25.0,25.0,20.0,10.0
BU07580800,Breda,705,5.0,50.0,90.0,20.0,85.0,225.0,165.0,60.0
BU07580809,Breda,75,5.0,5.0,20.0,0.0,5.0,20.0,15.0,5.0
BU07580900,Breda,1200,15.0,125.0,180.0,75.0,140.0,310.0,230.0,125.0
BU07580909,Breda,175,45.0,15.0,25.0,10.0,20.0,30.0,15.0,10.0
BU07581000,Breda,835,5.0,70.0,100.0,70.0,85.0,235.0,185.0,90.0
BU07581008,Breda,30,10.0,0.0,5.0,0.0,5.0,5.0,5.0,0.0
BU07581009,Breda,45,5.0,0.0,5.0,5.0,10.0,10.0,5.0,5.0
BU05010000,Brielle,515,0.0,55.0,120.0,30.0,55.0,115.0,70.0,65.0
BU05010001,Brielle,65,5.0,5.0,5.0,0.0,5.0,20.0,10.0,10.0
BU05010002,Brielle,220,5.0,55.0,45.0,5.0,10.0,45.0,35.0,20.0
BU05010003,Brielle,200,5.0,40.0,35.0,10.0,10.0,45.0,30.0,30.0
BU05010004,Brielle,90,0.0,15.0,20.0,5.0,10.0,20.0,10.0,10.0
BU05010005,Brielle,75,0.0,10.0,10.0,5.0,0.0,25.0,10.0,10.0
BU05010006,Brielle,310,0.0,35.0,45.0,30.0,35.0,80.0,55.0,25.0
BU05010009,Brielle,80,15.0,10.0,10.0,5.0,15.0,15.0,5.0,10.0
BU05010100,Brielle,130,10.0,25.0,10.0,10.0,15.0,30.0,15.0,20.0
BU05010109,Brielle,250,50.0,40.0,65.0,10.0,40.0,25.0,10.0,10.0
BU05010200,Brielle,75,0.0,15.0,15.0,0.0,5.0,10.0,15.0,10.0
BU05010201,Brielle,70,0.0,10.0,10.0,5.0,5.0,20.0,10.0,10.0
BU05010202,Brielle,10,,,,,,,,
BU05010209,Brielle,65,10.0,5.0,10.0,5.0,10.0,10.0,5.0,5.0
BU05010300,Brielle,10,,,,,,,,
BU18760000,Bronckhorst,465,5.0,80.0,85.0,15.0,55.0,90.0,75.0,55.0
BU18760001,Bronckhorst,85,0.0,15.0,10.0,5.0,10.0,20.0,15.0,10.0
BU18760002,Bronckhorst,15,,,,,,,,
BU18760004,Bronckhorst,90,25.0,15.0,10.0,5.0,10.0,15.0,10.0,5.0
BU18760005,Bronckhorst,115,25.0,20.0,20.0,0.0,10.0,15.0,10.0,10.0
BU18760006,Bronckhorst,140,40.0,20.0,15.0,0.0,15.0,30.0,15.0,15.0
BU18760007,Bronckhorst,75,20.0,10.0,5.0,5.0,5.0,15.0,5.0,10.0
BU18760008,Bronckhorst,80,25.0,15.0,10.0,0.0,5.0,10.0,5.0,5.0
BU18760009,Bronckhorst,35,5.0,5.0,5.0,0.0,0.0,10.0,5.0,5.0
BU18760100,Bronckhorst,595,10.0,95.0,140.0,25.0,60.0,105.0,100.0,65.0
BU18760101,Bronckhorst,85,0.0,15.0,15.0,5.0,10.0,10.0,15.0,15.0
BU18760102,Bronckhorst,30,0.0,5.0,5.0,0.0,0.0,5.0,5.0,0.0
BU18760103,Bronckhorst,425,75.0,50.0,80.0,15.0,40.0,75.0,65.0,25.0
BU18760104,Bronckhorst,270,95.0,35.0,35.0,5.0,15.0,35.0,25.0,20.0
BU18760105,Bronckhorst,175,45.0,25.0,20.0,5.0,20.0,30.0,15.0,15.0
BU18760200,Bronckhorst,455,0.0,45.0,90.0,25.0,45.0,105.0,85.0,60.0
BU18760201,Bronckhorst,15,,,,,,,,
BU18760202,Bronckhorst,50,5.0,5.0,5.0,0.0,0.0,10.0,15.0,5.0
BU18760203,Bronckhorst,50,15.0,10.0,5.0,0.0,5.0,5.0,10.0,5.0
BU18760204,Bronckhorst,75,20.0,10.0,10.0,0.0,5.0,20.0,5.0,5.0
BU18760207,Bronckhorst,160,55.0,20.0,15.0,5.0,5.0,30.0,20.0,10.0
BU18760208,Bronckhorst,30,5.0,5.0,0.0,0.0,0.0,5.0,5.0,5.0
BU18760209,Bronckhorst,300,45.0,45.0,60.0,10.0,25.0,60.0,35.0,25.0
BU18760300,Bronckhorst,210,5.0,25.0,40.0,10.0,20.0,40.0,40.0,25.0
BU18760301,Bronckhorst,35,0.0,0.0,10.0,5.0,5.0,10.0,5.0,5.0
BU18760302,Bronckhorst,85,5.0,10.0,15.0,5.0,10.0,20.0,5.0,10.0
BU18760303,Bronckhorst,25,5.0,0.0,0.0,0.0,5.0,5.0,5.0,5.0
BU18760304,Bronckhorst,10,,,,,,,,
BU18760305,Bronckhorst,45,10.0,10.0,10.0,5.0,0.0,5.0,5.0,0.0
BU18760306,Bronckhorst,20,,,,,,,,
BU18760307,Bronckhorst,20,,,,,,,,
BU18760308,Bronckhorst,120,35.0,15.0,15.0,5.0,10.0,20.0,10.0,10.0
BU18760309,Bronckhorst,120,40.0,20.0,20.0,5.0,5.0,10.0,15.0,10.0
BU18760310,Bronckhorst,80,30.0,15.0,10.0,0.0,5.0,10.0,15.0,5.0
BU18760400,Bronckhorst,110,0.0,20.0,20.0,5.0,5.0,25.0,20.0,10.0
BU18760401,Bronckhorst,65,0.0,5.0,5.0,0.0,5.0,25.0,15.0,10.0
BU18760402,Bronckhorst,85,0.0,5.0,5.0,0.0,15.0,25.0,20.0,15.0
BU18760403,Bronckhorst,110,5.0,15.0,20.0,0.0,5.0,30.0,20.0,15.0
BU18760404,Bronckhorst,30,0.0,10.0,5.0,0.0,0.0,5.0,5.0,10.0
BU18760405,Bronckhorst,80,20.0,15.0,10.0,5.0,5.0,10.0,10.0,5.0
BU18760406,Bronckhorst,70,15.0,10.0,15.0,0.0,5.0,10.0,10.0,5.0
BU18760407,Bronckhorst,25,10.0,0.0,5.0,0.0,0.0,5.0,0.0,0.0
BU18760408,Bronckhorst,35,10.0,0.0,5.0,0.0,5.0,5.0,5.0,5.0
BU18760409,Bronckhorst,20,,,,,,,,
BU18760410,Bronckhorst,35,15.0,0.0,5.0,5.0,5.0,5.0,0.0,0.0
BU02130100,Brummen,30,0.0,5.0,5.0,0.0,5.0,5.0,10.0,0.0
BU02130101,Brummen,75,10.0,10.0,10.0,5.0,5.0,20.0,10.0,5.0
BU02130102,Brummen,15,,,,,,,,
BU02130200,Brummen,80,15.0,10.0,10.0,0.0,10.0,20.0,10.0,10.0
BU02130300,Brummen,210,0.0,15.0,40.0,5.0,25.0,45.0,50.0,25.0
BU02130301,Brummen,100,0.0,10.0,20.0,0.0,10.0,20.0,25.0,15.0
BU02130302,Brummen,90,0.0,20.0,15.0,5.0,0.0,20.0,20.0,15.0
BU02130303,Brummen,50,0.0,5.0,5.0,5.0,0.0,15.0,10.0,10.0
BU02130304,Brummen,85,0.0,0.0,15.0,5.0,15.0,15.0,25.0,10.0
BU02130305,Brummen,10,,,,,,,,
BU02130306,Brummen,80,0.0,10.0,15.0,0.0,10.0,20.0,15.0,10.0
BU02130307,Brummen,65,0.0,25.0,15.0,5.0,5.0,5.0,0.0,0.0
BU02130308,Brummen,10,,,,,,,,
BU02130309,Brummen,40,0.0,5.0,0.0,5.0,5.0,10.0,15.0,5.0
BU02130310,Brummen,40,0.0,10.0,20.0,0.0,0.0,5.0,0.0,0.0
BU02130311,Brummen,30,5.0,0.0,5.0,0.0,5.0,5.0,5.0,5.0
BU02130312,Brummen,40,5.0,0.0,5.0,0.0,5.0,10.0,5.0,5.0
BU02130313,Brummen,15,,,,,,,,
BU02130314,Brummen,70,10.0,5.0,5.0,5.0,10.0,20.0,15.0,5.0
BU02130315,Brummen,15,,,,,,,,
BU02130316,Brummen,35,5.0,5.0,5.0,0.0,5.0,5.0,5.0,5.0
BU02130317,Brummen,50,5.0,10.0,5.0,0.0,5.0,5.0,5.0,10.0
BU02130400,Brummen,65,0.0,5.0,10.0,0.0,0.0,25.0,15.0,5.0
BU02130401,Brummen,20,,,,,,,,
BU02130402,Brummen,10,,,,,,,,
BU02130500,Brummen,35,5.0,0.0,10.0,0.0,0.0,5.0,10.0,5.0
BU02130501,Brummen,80,15.0,10.0,5.0,5.0,10.0,20.0,10.0,5.0
BU02130502,Brummen,45,5.0,5.0,5.0,0.0,5.0,15.0,5.0,0.0
BU02130600,Brummen,120,0.0,10.0,45.0,5.0,15.0,15.0,15.0,15.0
BU02130601,Brummen,80,0.0,10.0,5.0,10.0,10.0,25.0,15.0,10.0
BU02130602,Brummen,90,0.0,5.0,25.0,5.0,0.0,15.0,25.0,10.0
BU02130603,Brummen,70,0.0,5.0,10.0,5.0,0.0,15.0,15.0,10.0
BU02130604,Brummen,30,5.0,5.0,5.0,0.0,10.0,5.0,5.0,5.0
BU02130605,Brummen,190,0.0,20.0,50.0,15.0,5.0,30.0,40.0,25.0
BU02130606,Brummen,70,0.0,15.0,15.0,10.0,10.0,10.0,5.0,5.0
BU02130607,Brummen,55,0.0,5.0,10.0,0.0,10.0,20.0,5.0,5.0
BU02130608,Brummen,60,0.0,0.0,5.0,5.0,15.0,20.0,15.0,5.0
BU02130609,Brummen,140,10.0,15.0,25.0,0.0,15.0,40.0,15.0,15.0
BU02130610,Brummen,20,,,,,,,,
BU08990124,Brunssum,30,0.0,10.0,5.0,5.0,0.0,5.0,5.0,5.0
BU08990126,Brunssum,80,0.0,15.0,15.0,5.0,5.0,10.0,20.0,15.0
BU08990134,Brunssum,100,0.0,10.0,20.0,5.0,5.0,20.0,25.0,20.0
BU08990135,Brunssum,75,0.0,5.0,10.0,5.0,5.0,15.0,20.0,10.0
BU08990136,Brunssum,55,0.0,5.0,5.0,0.0,10.0,25.0,5.0,5.0
BU08990144,Brunssum,130,0.0,25.0,20.0,5.0,10.0,25.0,20.0,20.0
BU08990201,Brunssum,75,0.0,20.0,35.0,0.0,5.0,10.0,5.0,5.0
BU08990202,Brunssum,35,0.0,0.0,5.0,0.0,5.0,10.0,5.0,5.0
BU08990203,Brunssum,60,0.0,20.0,10.0,0.0,0.0,10.0,5.0,10.0
BU08990204,Brunssum,35,0.0,5.0,0.0,0.0,0.0,15.0,5.0,5.0
BU08990205,Brunssum,60,0.0,10.0,10.0,5.0,0.0,5.0,15.0,10.0
BU08990207,Brunssum,45,0.0,5.0,10.0,5.0,0.0,5.0,10.0,5.0
BU08990208,Brunssum,40,0.0,5.0,5.0,5.0,0.0,10.0,10.0,5.0
BU08990209,Brunssum,35,0.0,10.0,5.0,0.0,0.0,5.0,5.0,10.0
BU08990225,Brunssum,10,,,,,,,,
BU08990242,Brunssum,15,,,,,,,,
BU08990243,Brunssum,10,,,,,,,,
BU08990314,Brunssum,30,0.0,10.0,10.0,5.0,0.0,5.0,0.0,0.0
BU08990315,Brunssum,15,,,,,,,,
BU08990316,Brunssum,55,0.0,10.0,5.0,5.0,0.0,10.0,10.0,10.0
BU08990317,Brunssum,70,0.0,15.0,10.0,0.0,5.0,15.0,15.0,5.0
BU08990318,Brunssum,50,0.0,15.0,5.0,0.0,0.0,5.0,15.0,10.0
BU08990332,Brunssum,0,,,,,,,,
BU08990333,Brunssum,55,0.0,15.0,10.0,5.0,5.0,10.0,5.0,5.0
BU08990337,Brunssum,0,,,,,,,,
BU08990339,Brunssum,5,,,,,,,,
BU08990340,Brunssum,10,,,,,,,,
BU08990345,Brunssum,5,,,,,,,,
BU08990428,Brunssum,25,0.0,5.0,5.0,5.0,0.0,5.0,5.0,0.0
BU08990429,Brunssum,65,0.0,10.0,10.0,5.0,0.0,10.0,10.0,15.0
BU08990430,Brunssum,70,0.0,20.0,10.0,5.0,0.0,5.0,15.0,15.0
BU08990431,Brunssum,10,,,,,,,,
BU08990438,Brunssum,0,,,,,,,,
BU08990441,Brunssum,5,,,,,,,,
BU08990506,Brunssum,70,0.0,10.0,15.0,5.0,5.0,10.0,15.0,10.0
BU08990510,Brunssum,35,0.0,5.0,5.0,0.0,5.0,5.0,5.0,5.0
BU08990511,Brunssum,25,0.0,0.0,5.0,0.0,0.0,5.0,5.0,5.0
BU08990512,Brunssum,100,0.0,5.0,65.0,0.0,0.0,10.0,5.0,15.0
BU08990513,Brunssum,40,0.0,5.0,5.0,5.0,5.0,5.0,10.0,5.0
BU08990519,Brunssum,80,0.0,15.0,15.0,5.0,5.0,10.0,15.0,15.0
BU08990520,Brunssum,70,0.0,10.0,15.0,5.0,5.0,20.0,10.0,5.0
BU08990521,Brunssum,85,0.0,15.0,10.0,0.0,5.0,15.0,15.0,15.0
BU08990522,Brunssum,10,,,,,,,,
BU08990523,Brunssum,110,0.0,10.0,20.0,0.0,5.0,20.0,35.0,20.0
BU08990527,Brunssum,65,0.0,10.0,5.0,5.0,0.0,20.0,10.0,10.0
BU03120000,Bunnik,1110,5.0,120.0,135.0,95.0,85.0,330.0,225.0,115.0
BU03120001,Bunnik,40,0.0,0.0,5.0,5.0,5.0,10.0,5.0,10.0
BU03120008,Bunnik,25,5.0,0.0,5.0,0.0,0.0,5.0,5.0,0.0
BU03120009,Bunnik,65,25.0,5.0,10.0,5.0,5.0,10.0,5.0,5.0
BU03120100,Bunnik,575,5.0,85.0,65.0,40.0,40.0,175.0,110.0,60.0
BU03120109,Bunnik,75,15.0,5.0,5.0,5.0,10.0,20.0,10.0,5.0
BU03120200,Bunnik,250,5.0,40.0,25.0,15.0,20.0,70.0,45.0,30.0
BU03120209,Bunnik,155,50.0,20.0,15.0,5.0,10.0,30.0,20.0,10.0
BU03130001,Bunschoten,595,0.0,105.0,145.0,30.0,60.0,125.0,85.0,45.0
BU03130002,Bunschoten,770,5.0,135.0,260.0,25.0,85.0,120.0,60.0,85.0
BU03130003,Bunschoten,140,20.0,25.0,25.0,10.0,25.0,15.0,10.0,15.0
BU03130004,Bunschoten,195,0.0,30.0,50.0,10.0,25.0,30.0,20.0,30.0
BU03130005,Bunschoten,260,0.0,50.0,60.0,10.0,25.0,60.0,30.0,25.0
BU03130006,Bunschoten,285,0.0,35.0,65.0,10.0,40.0,55.0,40.0,35.0
BU03130007,Bunschoten,140,25.0,30.0,35.0,5.0,10.0,25.0,5.0,5.0
BU03130008,Bunschoten,190,20.0,50.0,45.0,10.0,20.0,25.0,10.0,15.0
BU03130009,Bunschoten,130,0.0,15.0,35.0,10.0,15.0,30.0,15.0,15.0
BU03130011,Bunschoten,160,0.0,25.0,40.0,15.0,10.0,50.0,10.0,15.0
BU02140000,Buren,115,0.0,10.0,30.0,5.0,10.0,35.0,15.0,20.0
BU02140001,Buren,70,0.0,10.0,5.0,5.0,0.0,25.0,15.0,10.0
BU02140002,Buren,120,0.0,25.0,25.0,5.0,5.0,30.0,20.0,10.0
BU02140003,Buren,70,10.0,10.0,10.0,5.0,5.0,20.0,10.0,10.0
BU02140004,Buren,70,10.0,10.0,10.0,5.0,5.0,15.0,5.0,10.0
BU02140006,Buren,20,,,,,,,,
BU02140007,Buren,35,15.0,5.0,5.0,0.0,5.0,5.0,5.0,0.0
BU02140008,Buren,20,,,,,,,,
BU02140009,Buren,105,25.0,20.0,20.0,0.0,5.0,20.0,10.0,10.0
BU02140100,Buren,390,5.0,70.0,60.0,20.0,25.0,115.0,50.0,40.0
BU02140101,Buren,75,0.0,15.0,5.0,10.0,5.0,25.0,10.0,10.0
BU02140109,Buren,160,20.0,20.0,30.0,5.0,15.0,35.0,20.0,15.0
BU02140200,Buren,170,10.0,30.0,25.0,5.0,15.0,50.0,20.0,15.0
BU02140201,Buren,140,0.0,30.0,20.0,10.0,10.0,30.0,20.0,15.0
BU02140202,Buren,20,,,,,,,,
BU02140206,Buren,35,5.0,5.0,5.0,0.0,5.0,10.0,0.0,5.0
BU02140207,Buren,95,20.0,10.0,20.0,5.0,5.0,20.0,15.0,5.0
BU02140208,Buren,20,,,,,,,,
BU02140209,Buren,45,15.0,10.0,5.0,0.0,0.0,5.0,5.0,0.0
BU02140300,Buren,445,30.0,80.0,105.0,25.0,35.0,80.0,60.0,30.0
BU02140301,Buren,80,5.0,10.0,20.0,10.0,5.0,20.0,5.0,5.0
BU02140305,Buren,80,25.0,15.0,5.0,5.0,5.0,15.0,5.0,5.0
BU02140306,Buren,205,25.0,25.0,35.0,15.0,15.0,55.0,20.0,15.0
BU02140307,Buren,80,25.0,10.0,10.0,5.0,10.0,10.0,5.0,5.0
BU02140308,Buren,120,20.0,20.0,15.0,5.0,10.0,25.0,15.0,10.0
BU02140400,Buren,135,5.0,20.0,30.0,5.0,15.0,30.0,20.0,15.0
BU02140402,Buren,55,5.0,15.0,10.0,0.0,5.0,10.0,5.0,5.0
BU02140408,Buren,120,25.0,10.0,20.0,5.0,10.0,25.0,10.0,10.0
BU02140409,Buren,40,10.0,5.0,5.0,0.0,5.0,5.0,0.0,5.0
BU02140500,Buren,290,10.0,50.0,50.0,20.0,20.0,60.0,45.0,35.0
BU02140501,Buren,40,5.0,5.0,5.0,5.0,0.0,10.0,10.0,5.0
BU02140502,Buren,100,5.0,15.0,10.0,10.0,5.0,25.0,10.0,15.0
BU02140503,Buren,45,5.0,10.0,5.0,0.0,5.0,10.0,10.0,5.0
BU02140507,Buren,60,10.0,10.0,5.0,10.0,0.0,15.0,5.0,5.0
BU02140508,Buren,240,35.0,50.0,50.0,15.0,10.0,40.0,25.0,25.0
BU02140509,Buren,190,15.0,30.0,50.0,10.0,20.0,30.0,15.0,20.0
BU02140600,Buren,45,0.0,5.0,5.0,5.0,5.0,15.0,5.0,5.0
BU02140608,Buren,55,15.0,5.0,10.0,0.0,0.0,10.0,10.0,5.0
BU02140609,Buren,30,10.0,0.0,5.0,0.0,5.0,10.0,5.0,0.0
BU05020110,Capelle aan den IJssel,5,,,,,,,,
BU05020111,Capelle aan den IJssel,85,0.0,10.0,10.0,10.0,5.0,15.0,20.0,10.0
BU05020112,Capelle aan den IJssel,120,0.0,35.0,30.0,10.0,15.0,20.0,5.0,5.0
BU05020113,Capelle aan den IJssel,100,0.0,20.0,20.0,10.0,10.0,25.0,10.0,15.0
BU05020114,Capelle aan den IJssel,15,,,,,,,,
BU05020115,Capelle aan den IJssel,105,0.0,10.0,15.0,20.0,10.0,25.0,20.0,10.0
BU05020116,Capelle aan den IJssel,135,0.0,15.0,25.0,15.0,10.0,45.0,15.0,10.0
BU05020117,Capelle aan den IJssel,135,0.0,10.0,20.0,10.0,10.0,45.0,20.0,15.0
BU05020118,Capelle aan den IJssel,65,0.0,0.0,5.0,5.0,5.0,25.0,15.0,5.0
BU05020119,Capelle aan den IJssel,275,0.0,20.0,35.0,35.0,35.0,80.0,50.0,20.0
BU05020223,Capelle aan den IJssel,60,0.0,15.0,15.0,5.0,0.0,10.0,10.0,0.0
BU05020224,Capelle aan den IJssel,190,0.0,25.0,20.0,20.0,25.0,50.0,35.0,15.0
BU05020225,Capelle aan den IJssel,95,0.0,15.0,10.0,10.0,10.0,20.0,20.0,10.0
BU05020226,Capelle aan den IJssel,125,0.0,25.0,25.0,15.0,5.0,25.0,15.0,10.0
BU05020227,Capelle aan den IJssel,110,5.0,15.0,15.0,15.0,5.0,25.0,20.0,10.0
BU05020228,Capelle aan den IJssel,65,0.0,5.0,10.0,5.0,10.0,15.0,15.0,10.0
BU05020229,Capelle aan den IJssel,95,0.0,10.0,25.0,10.0,10.0,20.0,10.0,15.0
BU05020332,Capelle aan den IJssel,175,0.0,25.0,25.0,15.0,15.0,40.0,35.0,20.0
BU05020333,Capelle aan den IJssel,165,0.0,15.0,70.0,10.0,10.0,25.0,15.0,20.0
BU05020334,Capelle aan den IJssel,80,0.0,10.0,10.0,5.0,0.0,10.0,30.0,10.0
BU05020335,Capelle aan den IJssel,50,0.0,5.0,5.0,5.0,5.0,10.0,15.0,5.0
BU05020336,Capelle aan den IJssel,110,0.0,10.0,20.0,15.0,5.0,40.0,15.0,5.0
BU05020337,Capelle aan den IJssel,50,0.0,5.0,10.0,0.0,5.0,15.0,10.0,5.0
BU05020338,Capelle aan den IJssel,110,0.0,25.0,10.0,15.0,10.0,25.0,20.0,10.0
BU05020441,Capelle aan den IJssel,55,0.0,5.0,5.0,5.0,0.0,0.0,25.0,5.0
BU05020442,Capelle aan den IJssel,190,0.0,35.0,55.0,15.0,5.0,25.0,35.0,20.0
BU05020443,Capelle aan den IJssel,180,0.0,10.0,15.0,20.0,15.0,50.0,40.0,25.0
BU05020444,Capelle aan den IJssel,35,0.0,5.0,5.0,5.0,0.0,10.0,10.0,0.0
BU05020445,Capelle aan den IJssel,90,0.0,10.0,15.0,5.0,10.0,30.0,10.0,10.0
BU05020446,Capelle aan den IJssel,80,0.0,10.0,10.0,5.0,5.0,25.0,15.0,10.0
BU05020447,Capelle aan den IJssel,0,,,,,,,,
BU05020448,Capelle aan den IJssel,85,0.0,5.0,10.0,5.0,5.0,30.0,15.0,15.0
BU05020449,Capelle aan den IJssel,150,0.0,5.0,20.0,15.0,35.0,50.0,20.0,5.0
BU05020551,Capelle aan den IJssel,90,0.0,15.0,10.0,5.0,0.0,15.0,30.0,10.0
BU05020552,Capelle aan den IJssel,85,0.0,20.0,15.0,10.0,0.0,15.0,25.0,10.0
BU05020553,Capelle aan den IJssel,60,0.0,5.0,5.0,0.0,10.0,20.0,15.0,5.0
BU05020554,Capelle aan den IJssel,70,0.0,5.0,5.0,5.0,5.0,20.0,25.0,5.0
BU05020555,Capelle aan den IJssel,35,0.0,10.0,5.0,5.0,0.0,5.0,15.0,0.0
BU05020556,Capelle aan den IJssel,160,0.0,25.0,35.0,25.0,0.0,35.0,25.0,10.0
BU05020557,Capelle aan den IJssel,25,0.0,5.0,5.0,0.0,0.0,5.0,5.0,5.0
BU05020621,Capelle aan den IJssel,65,0.0,0.0,5.0,10.0,15.0,15.0,10.0,10.0
BU05020622,Capelle aan den IJssel,35,0.0,0.0,5.0,5.0,15.0,10.0,5.0,0.0
BU05020631,Capelle aan den IJssel,125,0.0,5.0,25.0,10.0,20.0,35.0,20.0,15.0
BU05020658,Capelle aan den IJssel,10,,,,,,,,
BU05020659,Capelle aan den IJssel,15,,,,,,,,
BU05020661,Capelle aan den IJssel,125,0.0,5.0,10.0,15.0,10.0,30.0,45.0,10.0
BU05020662,Capelle aan den IJssel,95,5.0,15.0,15.0,10.0,0.0,10.0,25.0,10.0
BU05020663,Capelle aan den IJssel,105,0.0,15.0,20.0,15.0,10.0,20.0,15.0,10.0
BU05020664,Capelle aan den IJssel,70,0.0,10.0,25.0,5.0,0.0,5.0,15.0,10.0
BU05020665,Capelle aan den IJssel,90,0.0,5.0,20.0,10.0,5.0,25.0,10.0,15.0
BU05020666,Capelle aan den IJssel,5,,,,,,,,
BU05020770,Capelle aan den IJssel,85,0.0,10.0,10.0,10.0,0.0,25.0,20.0,5.0
BU05020771,Capelle aan den IJssel,150,0.0,30.0,20.0,5.0,5.0,40.0,25.0,20.0
BU05020772,Capelle aan den IJssel,85,0.0,15.0,15.0,10.0,0.0,20.0,20.0,5.0
BU05020773,Capelle aan den IJssel,205,5.0,35.0,30.0,20.0,10.0,40.0,45.0,20.0
BU05020774,Capelle aan den IJssel,130,0.0,20.0,20.0,10.0,20.0,30.0,10.0,20.0
BU05020775,Capelle aan den IJssel,100,5.0,15.0,10.0,10.0,5.0,25.0,30.0,5.0
BU05020776,Capelle aan den IJssel,105,0.0,10.0,25.0,5.0,5.0,25.0,20.0,15.0
BU05020777,Capelle aan den IJssel,185,0.0,30.0,25.0,15.0,5.0,35.0,50.0,20.0
BU05020778,Capelle aan den IJssel,125,0.0,30.0,15.0,10.0,5.0,20.0,40.0,10.0
BU05020779,Capelle aan den IJssel,120,0.0,30.0,15.0,5.0,0.0,30.0,25.0,15.0
BU05020880,Capelle aan den IJssel,130,0.0,20.0,40.0,5.0,5.0,25.0,15.0,15.0
BU05020881,Capelle aan den IJssel,170,0.0,10.0,50.0,15.0,10.0,45.0,25.0,15.0
BU05020882,Capelle aan den IJssel,250,0.0,15.0,50.0,40.0,25.0,80.0,30.0,15.0
BU05020883,Capelle aan den IJssel,105,0.0,10.0,35.0,5.0,10.0,30.0,10.0,5.0
BU05020884,Capelle aan den IJssel,135,0.0,10.0,25.0,15.0,20.0,45.0,15.0,5.0
BU05020885,Capelle aan den IJssel,105,0.0,20.0,40.0,10.0,10.0,20.0,5.0,0.0
BU05020886,Capelle aan den IJssel,70,0.0,15.0,5.0,5.0,0.0,10.0,25.0,5.0
BU05020887,Capelle aan den IJssel,90,0.0,15.0,5.0,5.0,5.0,25.0,20.0,10.0
BU05020888,Capelle aan den IJssel,65,0.0,5.0,10.0,10.0,5.0,20.0,15.0,5.0
BU05020889,Capelle aan den IJssel,40,0.0,0.0,10.0,5.0,0.0,10.0,10.0,0.0
BU05020991,Capelle aan den IJssel,310,0.0,20.0,45.0,35.0,45.0,95.0,55.0,10.0
BU05020992,Capelle aan den IJssel,255,0.0,25.0,35.0,30.0,30.0,75.0,45.0,15.0
BU05020993,Capelle aan den IJssel,40,0.0,5.0,10.0,5.0,5.0,5.0,10.0,0.0
BU05020994,Capelle aan den IJssel,75,0.0,5.0,10.0,15.0,10.0,25.0,10.0,0.0
BU05020995,Capelle aan den IJssel,125,0.0,5.0,25.0,25.0,25.0,35.0,5.0,0.0
BU05020996,Capelle aan den IJssel,0,,,,,,,,
BU05020997,Capelle aan den IJssel,125,0.0,10.0,25.0,25.0,15.0,30.0,15.0,5.0
BU05020998,Capelle aan den IJssel,80,0.0,5.0,10.0,20.0,10.0,30.0,5.0,0.0
BU03830001,Castricum,425,0.0,45.0,100.0,25.0,40.0,95.0,70.0,50.0
BU03830011,Castricum,280,0.0,45.0,35.0,20.0,20.0,65.0,55.0,40.0
BU03830101,Castricum,320,0.0,45.0,35.0,20.0,20.0,80.0,70.0,45.0
BU03830111,Castricum,230,5.0,35.0,30.0,10.0,15.0,60.0,45.0,30.0
BU03830201,Castricum,365,0.0,30.0,70.0,40.0,20.0,85.0,80.0,35.0
BU03830211,Castricum,195,0.0,15.0,30.0,15.0,25.0,50.0,45.0,15.0
BU03830221,Castricum,260,0.0,25.0,40.0,15.0,25.0,70.0,55.0,30.0
BU03830301,Castricum,185,5.0,30.0,45.0,10.0,15.0,35.0,25.0,20.0
BU03830311,Castricum,40,5.0,10.0,0.0,0.0,0.0,10.0,5.0,5.0
BU03830401,Castricum,115,15.0,15.0,15.0,10.0,10.0,25.0,10.0,15.0
BU03830411,Castricum,310,0.0,30.0,40.0,25.0,30.0,75.0,65.0,45.0
BU03830421,Castricum,185,0.0,5.0,10.0,15.0,20.0,60.0,55.0,15.0
BU03830431,Castricum,30,0.0,0.0,20.0,0.0,5.0,5.0,0.0,0.0
BU03830501,Castricum,230,5.0,50.0,35.0,15.0,35.0,45.0,25.0,25.0
BU03830511,Castricum,400,15.0,70.0,70.0,25.0,50.0,80.0,45.0,40.0
BU03830601,Castricum,30,5.0,5.0,10.0,0.0,0.0,5.0,0.0,5.0
BU03830701,Castricum,465,15.0,75.0,65.0,25.0,60.0,110.0,65.0,50.0
BU03830711,Castricum,375,0.0,65.0,50.0,20.0,50.0,90.0,70.0,25.0
BU03830721,Castricum,300,5.0,55.0,50.0,20.0,35.0,70.0,35.0,30.0
BU01091000,Coevorden,290,0.0,20.0,110.0,10.0,15.0,40.0,45.0,50.0
BU01091001,Coevorden,70,0.0,10.0,10.0,0.0,5.0,15.0,10.0,10.0
BU01091002,Coevorden,55,0.0,10.0,15.0,5.0,0.0,10.0,10.0,5.0
BU01091003,Coevorden,145,0.0,25.0,30.0,10.0,5.0,25.0,35.0,20.0
BU01091004,Coevorden,110,0.0,10.0,15.0,10.0,10.0,20.0,15.0,25.0
BU01091006,Coevorden,35,0.0,5.0,10.0,0.0,10.0,5.0,5.0,0.0
BU01091007,Coevorden,75,0.0,10.0,10.0,5.0,10.0,15.0,10.0,15.0
BU01091008,Coevorden,70,0.0,15.0,20.0,5.0,5.0,10.0,10.0,15.0
BU01091009,Coevorden,20,,,,,,,,
BU01091010,Coevorden,25,0.0,5.0,15.0,0.0,5.0,0.0,0.0,5.0
BU01091011,Coevorden,130,5.0,25.0,55.0,5.0,10.0,20.0,5.0,5.0
BU01091012,Coevorden,100,0.0,20.0,35.0,10.0,10.0,15.0,0.0,5.0
BU01091013,Coevorden,30,0.0,10.0,5.0,10.0,5.0,0.0,0.0,0.0
BU01091014,Coevorden,20,,,,,,,,
BU01091015,Coevorden,70,0.0,5.0,15.0,5.0,5.0,20.0,15.0,5.0
BU01091116,Coevorden,50,5.0,5.0,10.0,5.0,5.0,5.0,5.0,10.0
BU01091117,Coevorden,65,25.0,10.0,10.0,0.0,0.0,5.0,10.0,5.0
BU01091218,Coevorden,35,5.0,10.0,5.0,0.0,0.0,0.0,5.0,5.0
BU01091219,Coevorden,0,,,,,,,,
BU01091320,Coevorden,20,,,,,,,,
BU01091421,Coevorden,25,5.0,0.0,5.0,0.0,0.0,5.0,0.0,5.0
BU01092022,Coevorden,350,10.0,40.0,80.0,10.0,35.0,75.0,60.0,45.0
BU01092023,Coevorden,85,30.0,5.0,10.0,0.0,5.0,20.0,5.0,5.0
BU01092024,Coevorden,45,5.0,5.0,5.0,0.0,5.0,5.0,10.0,5.0
BU01092025,Coevorden,30,10.0,0.0,5.0,0.0,0.0,5.0,0.0,0.0
BU01092026,Coevorden,45,5.0,10.0,10.0,0.0,0.0,5.0,10.0,5.0
BU01092027,Coevorden,45,20.0,0.0,5.0,0.0,0.0,10.0,5.0,0.0
BU01092028,Coevorden,50,10.0,10.0,5.0,0.0,5.0,5.0,5.0,5.0
BU01092029,Coevorden,15,,,,,,,,
BU01092030,Coevorden,30,10.0,5.0,5.0,0.0,0.0,5.0,5.0,0.0
BU01092031,Coevorden,15,,,,,,,,
BU01093032,Coevorden,150,15.0,15.0,20.0,5.0,10.0,40.0,35.0,15.0
BU01093033,Coevorden,30,10.0,0.0,5.0,0.0,5.0,5.0,5.0,0.0
BU01093034,Coevorden,85,5.0,10.0,20.0,0.0,5.0,20.0,10.0,10.0
BU01093035,Coevorden,10,,,,,,,,
BU01093036,Coevorden,45,5.0,5.0,5.0,0.0,5.0,10.0,10.0,5.0
BU01093037,Coevorden,40,20.0,5.0,10.0,0.0,0.0,0.0,5.0,0.0
BU01093038,Coevorden,55,0.0,25.0,5.0,0.0,0.0,5.0,15.0,5.0
BU01093039,Coevorden,160,30.0,40.0,40.0,10.0,5.0,15.0,15.0,10.0
BU01093068,Coevorden,15,,,,,,,,
BU01094040,Coevorden,230,15.0,20.0,45.0,5.0,20.0,35.0,45.0,45.0
BU01094041,Coevorden,10,,,,,,,,
BU01094042,Coevorden,10,,,,,,,,
BU01094043,Coevorden,75,10.0,5.0,15.0,0.0,5.0,10.0,20.0,10.0
BU01094044,Coevorden,25,5.0,0.0,5.0,0.0,0.0,5.0,5.0,0.0
BU01094045,Coevorden,5,,,,,,,,
BU01094046,Coevorden,35,15.0,0.0,0.0,0.0,5.0,5.0,5.0,5.0
BU01094047,Coevorden,170,5.0,35.0,45.0,10.0,5.0,30.0,25.0,15.0
BU01094048,Coevorden,30,5.0,5.0,10.0,0.0,0.0,5.0,5.0,5.0
BU01094049,Coevorden,25,5.0,5.0,0.0,0.0,0.0,10.0,0.0,0.0
BU01094050,Coevorden,15,,,,,,,,
BU01094051,Coevorden,25,0.0,0.0,5.0,5.0,0.0,5.0,0.0,5.0
BU01094052,Coevorden,10,,,,,,,,
BU01094053,Coevorden,50,5.0,5.0,10.0,5.0,5.0,10.0,10.0,5.0
BU01094054,Coevorden,15,,,,,,,,
BU01094055,Coevorden,20,,,,,,,,
BU01094056,Coevorden,30,10.0,5.0,5.0,0.0,0.0,10.0,0.0,0.0
BU01094057,Coevorden,55,5.0,10.0,10.0,5.0,0.0,10.0,10.0,0.0
BU01095058,Coevorden,75,5.0,10.0,15.0,0.0,5.0,15.0,15.0,5.0
BU01095059,Coevorden,145,5.0,20.0,25.0,5.0,15.0,30.0,25.0,25.0
BU01095060,Coevorden,25,10.0,0.0,5.0,0.0,0.0,0.0,5.0,5.0
BU01095061,Coevorden,60,5.0,10.0,15.0,5.0,0.0,10.0,10.0,5.0
BU01095062,Coevorden,25,5.0,10.0,5.0,0.0,0.0,5.0,5.0,5.0
BU01095063,Coevorden,45,15.0,5.0,5.0,5.0,5.0,5.0,5.0,0.0
BU01095064,Coevorden,25,5.0,5.0,5.0,0.0,0.0,5.0,5.0,5.0
BU01095065,Coevorden,35,10.0,0.0,5.0,0.0,5.0,10.0,5.0,5.0
BU01095066,Coevorden,5,,,,,,,,
BU01095067,Coevorden,20,,,,,,,,
BU17060000,Cranendonck,850,5.0,150.0,175.0,30.0,75.0,150.0,155.0,110.0
BU17060001,Cranendonck,75,10.0,15.0,15.0,5.0,5.0,15.0,5.0,5.0
BU17060002,Cranendonck,70,10.0,15.0,5.0,5.0,15.0,10.0,5.0,5.0
BU17060008,Cranendonck,80,10.0,15.0,10.0,0.0,20.0,15.0,5.0,10.0
BU17060009,Cranendonck,135,20.0,45.0,30.0,10.0,10.0,10.0,5.0,5.0
BU17060100,Cranendonck,185,5.0,40.0,45.0,10.0,5.0,35.0,25.0,20.0
BU17060101,Cranendonck,40,5.0,10.0,10.0,0.0,0.0,5.0,5.0,5.0
BU17060109,Cranendonck,20,,,,,,,,
BU17060200,Cranendonck,125,0.0,30.0,20.0,5.0,5.0,25.0,20.0,15.0
BU17060201,Cranendonck,0,,,,,,,,
BU17060209,Cranendonck,5,,,,,,,,
BU17060300,Cranendonck,495,5.0,70.0,75.0,30.0,35.0,120.0,85.0,70.0
BU17060301,Cranendonck,40,0.0,0.0,5.0,0.0,5.0,15.0,10.0,0.0
BU17060302,Cranendonck,100,0.0,50.0,30.0,5.0,5.0,10.0,0.0,0.0
BU17060308,Cranendonck,55,15.0,5.0,10.0,0.0,10.0,10.0,5.0,0.0
BU17060309,Cranendonck,35,20.0,5.0,5.0,0.0,0.0,0.0,5.0,0.0
BU17060400,Cranendonck,250,20.0,60.0,30.0,5.0,15.0,45.0,40.0,25.0
BU17060409,Cranendonck,20,,,,,,,,
BU17060500,Cranendonck,120,15.0,35.0,15.0,5.0,15.0,20.0,15.0,5.0
BU17060509,Cranendonck,5,,,,,,,,
BU02160000,Culemborg,565,5.0,55.0,140.0,35.0,35.0,120.0,80.0,95.0
BU02160001,Culemborg,65,0.0,0.0,5.0,5.0,15.0,30.0,15.0,5.0
BU02160002,Culemborg,260,0.0,20.0,30.0,10.0,15.0,75.0,65.0,45.0
BU02160003,Culemborg,135,0.0,15.0,10.0,10.0,15.0,50.0,20.0,20.0
BU02160004,Culemborg,175,0.0,25.0,35.0,15.0,5.0,40.0,35.0,20.0
BU02160005,Culemborg,135,0.0,25.0,15.0,15.0,0.0,30.0,25.0,25.0
BU02160006,Culemborg,115,0.0,15.0,15.0,10.0,5.0,35.0,25.0,15.0
BU02160007,Culemborg,140,0.0,15.0,15.0,10.0,10.0,35.0,40.0,20.0
BU02160008,Culemborg,150,0.0,10.0,15.0,20.0,5.0,40.0,40.0,20.0
BU02160009,Culemborg,300,5.0,20.0,20.0,20.0,10.0,85.0,90.0,45.0
BU02160010,Culemborg,50,10.0,0.0,10.0,0.0,10.0,10.0,5.0,5.0
BU02160100,Culemborg,125,0.0,10.0,20.0,20.0,5.0,20.0,30.0,10.0
BU02160101,Culemborg,255,0.0,20.0,15.0,20.0,20.0,90.0,60.0,25.0
BU02160102,Culemborg,225,0.0,10.0,20.0,15.0,20.0,80.0,45.0,25.0
BU02160103,Culemborg,225,0.0,20.0,20.0,20.0,20.0,80.0,35.0,30.0
BU02160104,Culemborg,145,0.0,10.0,15.0,15.0,15.0,35.0,45.0,15.0
BU02160105,Culemborg,150,5.0,30.0,15.0,15.0,5.0,45.0,20.0,15.0
BU02160106,Culemborg,505,0.0,110.0,185.0,20.0,40.0,95.0,25.0,30.0
BU02160107,Culemborg,55,15.0,5.0,5.0,5.0,0.0,10.0,10.0,5.0
BU02160108,Culemborg,45,15.0,10.0,5.0,5.0,5.0,0.0,5.0,0.0
BU01480101,Dalfsen,150,0.0,10.0,60.0,5.0,10.0,20.0,25.0,20.0
BU01480102,Dalfsen,65,0.0,0.0,5.0,5.0,20.0,15.0,20.0,0.0
BU01480103,Dalfsen,80,5.0,10.0,10.0,5.0,5.0,15.0,20.0,15.0
BU01480104,Dalfsen,140,0.0,15.0,10.0,10.0,10.0,45.0,35.0,15.0
BU01480105,Dalfsen,135,0.0,10.0,15.0,5.0,10.0,45.0,35.0,15.0
BU01480106,Dalfsen,135,0.0,10.0,20.0,5.0,10.0,35.0,40.0,15.0
BU01480107,Dalfsen,155,0.0,40.0,35.0,10.0,20.0,30.0,10.0,10.0
BU01480108,Dalfsen,10,,,,,,,,
BU01480109,Dalfsen,145,40.0,20.0,15.0,0.0,10.0,25.0,15.0,10.0
BU01480110,Dalfsen,100,55.0,5.0,10.0,5.0,5.0,10.0,15.0,0.0
BU01480111,Dalfsen,80,15.0,5.0,20.0,0.0,10.0,15.0,10.0,10.0
BU01480112,Dalfsen,85,35.0,5.0,10.0,0.0,5.0,10.0,10.0,5.0
BU01480113,Dalfsen,30,20.0,0.0,5.0,0.0,0.0,5.0,0.0,0.0
BU01480114,Dalfsen,65,20.0,5.0,5.0,0.0,0.0,20.0,10.0,5.0
BU01480115,Dalfsen,70,25.0,5.0,10.0,5.0,0.0,15.0,5.0,5.0
BU01480116,Dalfsen,60,5.0,5.0,10.0,5.0,5.0,10.0,15.0,5.0
BU01480117,Dalfsen,110,35.0,20.0,15.0,0.0,5.0,20.0,10.0,10.0
BU01480118,Dalfsen,60,0.0,10.0,15.0,0.0,0.0,10.0,10.0,5.0
BU01480119,Dalfsen,215,65.0,30.0,25.0,10.0,10.0,40.0,20.0,15.0
BU01480201,Dalfsen,185,5.0,25.0,45.0,10.0,30.0,30.0,20.0,20.0
BU01480202,Dalfsen,105,0.0,10.0,20.0,5.0,5.0,15.0,35.0,10.0
BU01480203,Dalfsen,120,0.0,15.0,25.0,15.0,10.0,20.0,15.0,15.0
BU01480204,Dalfsen,100,5.0,25.0,25.0,5.0,10.0,10.0,10.0,10.0
BU01480205,Dalfsen,75,0.0,15.0,10.0,5.0,5.0,15.0,15.0,10.0
BU01480206,Dalfsen,130,0.0,35.0,40.0,15.0,15.0,20.0,5.0,5.0
BU01480207,Dalfsen,40,0.0,15.0,10.0,0.0,0.0,5.0,0.0,5.0
BU01480208,Dalfsen,105,20.0,20.0,15.0,5.0,5.0,15.0,15.0,10.0
BU01480209,Dalfsen,30,5.0,5.0,10.0,0.0,0.0,5.0,5.0,0.0
BU01480210,Dalfsen,120,30.0,25.0,20.0,0.0,10.0,20.0,10.0,5.0
BU01480211,Dalfsen,35,15.0,5.0,5.0,0.0,0.0,0.0,5.0,5.0
BU01480301,Dalfsen,85,0.0,15.0,20.0,5.0,5.0,15.0,15.0,15.0
BU01480302,Dalfsen,150,5.0,15.0,40.0,10.0,10.0,20.0,25.0,20.0
BU01480303,Dalfsen,35,0.0,10.0,10.0,0.0,0.0,5.0,5.0,0.0
BU01480304,Dalfsen,65,5.0,20.0,25.0,5.0,5.0,5.0,0.0,0.0
BU01480305,Dalfsen,125,50.0,15.0,15.0,0.0,5.0,15.0,10.0,15.0
BU01480306,Dalfsen,80,25.0,5.0,10.0,5.0,5.0,10.0,10.0,10.0
BU18910000,Dantumadiel,495,20.0,105.0,120.0,20.0,25.0,80.0,75.0,50.0
BU18910001,Dantumadiel,125,10.0,40.0,30.0,5.0,5.0,15.0,10.0,15.0
BU18910002,Dantumadiel,35,5.0,5.0,10.0,0.0,5.0,5.0,5.0,0.0
BU18910008,Dantumadiel,20,,,,,,,,
BU18910009,Dantumadiel,20,,,,,,,,
BU18910100,Dantumadiel,65,5.0,15.0,20.0,0.0,5.0,10.0,5.0,5.0
BU18910101,Dantumadiel,75,15.0,15.0,20.0,5.0,5.0,10.0,5.0,10.0
BU18910108,Dantumadiel,25,10.0,0.0,5.0,0.0,0.0,0.0,0.0,0.0
BU18910109,Dantumadiel,15,,,,,,,,
BU18910200,Dantumadiel,475,10.0,145.0,115.0,15.0,25.0,55.0,50.0,60.0
BU18910201,Dantumadiel,315,5.0,75.0,60.0,20.0,20.0,60.0,45.0,20.0
BU18910202,Dantumadiel,35,10.0,5.0,0.0,0.0,5.0,5.0,5.0,0.0
BU18910208,Dantumadiel,15,,,,,,,,
BU18910209,Dantumadiel,20,,,,,,,,
BU18910300,Dantumadiel,90,5.0,30.0,15.0,0.0,5.0,10.0,15.0,10.0
BU18910301,Dantumadiel,5,,,,,,,,
BU18910309,Dantumadiel,35,20.0,5.0,5.0,0.0,0.0,5.0,5.0,0.0
BU05031100,Delft,0,,,,,,,,
BU05031101,Delft,165,0.0,10.0,15.0,15.0,10.0,65.0,35.0,15.0
BU05031102,Delft,580,0.0,35.0,85.0,60.0,30.0,190.0,95.0,85.0
BU05031103,Delft,390,0.0,25.0,50.0,30.0,40.0,140.0,60.0,45.0
BU05031104,Delft,710,0.0,25.0,310.0,60.0,45.0,135.0,50.0,85.0
BU05031105,Delft,85,0.0,10.0,15.0,15.0,5.0,20.0,10.0,5.0
BU05031106,Delft,275,0.0,10.0,50.0,25.0,15.0,95.0,45.0,35.0
BU05031107,Delft,215,0.0,15.0,65.0,15.0,10.0,55.0,25.0,25.0
BU05031108,Delft,140,0.0,10.0,25.0,10.0,5.0,50.0,30.0,15.0
BU05031109,Delft,160,0.0,10.0,20.0,20.0,10.0,50.0,25.0,25.0
BU05031200,Delft,20,,,,,,,,
BU05031201,Delft,40,0.0,15.0,5.0,5.0,0.0,5.0,10.0,0.0
BU05031202,Delft,225,0.0,30.0,20.0,25.0,15.0,75.0,45.0,20.0
BU05031203,Delft,25,0.0,10.0,0.0,0.0,0.0,5.0,5.0,5.0
BU05031204,Delft,185,0.0,10.0,20.0,20.0,15.0,70.0,30.0,20.0
BU05031205,Delft,65,0.0,15.0,10.0,5.0,5.0,20.0,10.0,5.0
BU05031206,Delft,120,0.0,20.0,15.0,15.0,5.0,15.0,40.0,10.0
BU05031207,Delft,145,0.0,35.0,15.0,15.0,0.0,30.0,25.0,20.0
BU05031208,Delft,75,0.0,15.0,5.0,10.0,5.0,30.0,5.0,0.0
BU05031300,Delft,15,,,,,,,,
BU05031301,Delft,155,0.0,10.0,10.0,15.0,15.0,55.0,30.0,20.0
BU05031302,Delft,75,0.0,10.0,5.0,10.0,5.0,20.0,20.0,10.0
BU05031303,Delft,300,0.0,15.0,30.0,30.0,30.0,110.0,55.0,35.0
BU05031304,Delft,45,0.0,10.0,10.0,5.0,0.0,10.0,10.0,5.0
BU05031305,Delft,370,0.0,40.0,35.0,35.0,20.0,140.0,60.0,40.0
BU05031306,Delft,115,0.0,20.0,15.0,15.0,5.0,25.0,20.0,5.0
BU05031307,Delft,380,0.0,25.0,35.0,50.0,15.0,130.0,80.0,45.0
BU05031400,Delft,170,0.0,25.0,25.0,20.0,10.0,35.0,35.0,15.0
BU05031401,Delft,140,0.0,20.0,20.0,15.0,0.0,25.0,35.0,20.0
BU05031402,Delft,85,0.0,10.0,5.0,5.0,5.0,35.0,20.0,10.0
BU05031403,Delft,70,0.0,5.0,0.0,5.0,5.0,20.0,25.0,5.0
BU05031404,Delft,95,0.0,10.0,10.0,10.0,5.0,30.0,20.0,10.0
BU05031405,Delft,235,0.0,25.0,20.0,25.0,20.0,70.0,50.0,25.0
BU05031406,Delft,235,0.0,25.0,30.0,30.0,20.0,70.0,50.0,10.0
BU05031407,Delft,155,5.0,5.0,20.0,15.0,15.0,55.0,30.0,10.0
BU05031600,Delft,15,,,,,,,,
BU05031601,Delft,60,0.0,5.0,15.0,10.0,5.0,15.0,5.0,5.0
BU05031602,Delft,25,0.0,5.0,5.0,0.0,0.0,0.0,10.0,5.0
BU05031603,Delft,35,0.0,0.0,5.0,10.0,5.0,15.0,0.0,0.0
BU05031604,Delft,10,,,,,,,,
BU05032200,Delft,45,0.0,5.0,15.0,0.0,5.0,10.0,5.0,5.0
BU05032201,Delft,135,0.0,25.0,15.0,10.0,5.0,40.0,25.0,10.0
BU05032202,Delft,145,0.0,35.0,15.0,20.0,5.0,25.0,20.0,20.0
BU05032203,Delft,155,5.0,35.0,15.0,10.0,5.0,35.0,40.0,10.0
BU05032204,Delft,200,5.0,40.0,20.0,20.0,20.0,40.0,35.0,25.0
BU05032205,Delft,0,,,,,,,,
BU05032300,Delft,55,0.0,5.0,10.0,15.0,5.0,15.0,5.0,0.0
BU05032301,Delft,95,0.0,10.0,20.0,15.0,0.0,15.0,25.0,10.0
BU05032302,Delft,55,0.0,10.0,5.0,5.0,0.0,20.0,10.0,0.0
BU05032303,Delft,150,0.0,30.0,15.0,15.0,10.0,25.0,40.0,15.0
BU05032304,Delft,95,0.0,20.0,10.0,10.0,0.0,20.0,15.0,15.0
BU05032305,Delft,45,0.0,5.0,0.0,5.0,5.0,15.0,10.0,5.0
BU05032400,Delft,75,0.0,10.0,20.0,5.0,0.0,15.0,20.0,5.0
BU05032401,Delft,260,5.0,30.0,80.0,25.0,5.0,45.0,35.0,35.0
BU05032402,Delft,75,0.0,10.0,20.0,5.0,5.0,20.0,10.0,10.0
BU05032403,Delft,120,0.0,15.0,20.0,15.0,5.0,20.0,25.0,20.0
BU05032404,Delft,60,0.0,5.0,5.0,10.0,5.0,20.0,15.0,5.0
BU05032405,Delft,250,5.0,30.0,25.0,40.0,10.0,70.0,45.0,30.0
BU05032406,Delft,160,5.0,25.0,20.0,30.0,5.0,35.0,30.0,15.0
BU05032407,Delft,75,5.0,20.0,10.0,5.0,0.0,20.0,15.0,0.0
BU05032408,Delft,45,0.0,5.0,5.0,5.0,5.0,10.0,10.0,5.0
BU05032500,Delft,70,0.0,15.0,5.0,5.0,0.0,5.0,40.0,5.0
BU05032501,Delft,190,5.0,45.0,15.0,25.0,5.0,40.0,50.0,10.0
BU05032502,Delft,45,0.0,5.0,10.0,5.0,0.0,10.0,5.0,10.0
BU05032503,Delft,85,5.0,20.0,15.0,5.0,0.0,15.0,15.0,10.0
BU05032504,Delft,60,0.0,10.0,5.0,10.0,0.0,5.0,20.0,5.0
BU05032505,Delft,50,0.0,10.0,10.0,10.0,0.0,5.0,15.0,0.0
BU05032506,Delft,40,0.0,15.0,10.0,0.0,0.0,5.0,5.0,0.0
BU05032507,Delft,195,5.0,20.0,20.0,25.0,15.0,70.0,30.0,10.0
BU05032508,Delft,145,0.0,25.0,20.0,15.0,5.0,35.0,25.0,15.0
BU05032509,Delft,125,0.0,10.0,10.0,10.0,5.0,50.0,35.0,5.0
BU05032510,Delft,5,,,,,,,,
BU05032600,Delft,10,,,,,,,,
BU05032700,Delft,175,0.0,20.0,15.0,25.0,10.0,65.0,25.0,15.0
BU05032702,Delft,75,0.0,5.0,30.0,5.0,0.0,15.0,5.0,10.0
BU05032703,Delft,205,0.0,55.0,70.0,15.0,15.0,35.0,5.0,5.0
BU05032704,Delft,10,,,,,,,,
BU05032800,Delft,215,0.0,20.0,15.0,25.0,10.0,85.0,40.0,15.0
BU05032801,Delft,105,0.0,5.0,15.0,20.0,10.0,40.0,5.0,10.0
BU05032802,Delft,205,0.0,35.0,25.0,15.0,5.0,65.0,35.0,25.0
BU05032803,Delft,150,5.0,30.0,30.0,10.0,0.0,30.0,25.0,20.0
BU05032804,Delft,25,0.0,5.0,5.0,0.0,0.0,5.0,0.0,5.0
BU05032805,Delft,225,0.0,15.0,30.0,50.0,0.0,80.0,25.0,25.0
BU05032806,Delft,110,0.0,20.0,15.0,15.0,5.0,30.0,25.0,5.0
BU05032807,Delft,185,0.0,20.0,15.0,45.0,10.0,65.0,20.0,5.0
BU05032808,Delft,10,,,,,,,,
BU05032809,Delft,65,0.0,5.0,5.0,5.0,5.0,30.0,15.0,0.0
BU05032900,Delft,105,0.0,25.0,25.0,5.0,5.0,25.0,10.0,10.0
BU05032901,Delft,235,0.0,35.0,25.0,45.0,5.0,95.0,15.0,10.0
BU05032902,Delft,25,5.0,5.0,5.0,0.0,0.0,0.0,0.0,5.0
BU07620000,Deurne,820,5.0,110.0,205.0,25.0,105.0,160.0,135.0,75.0
BU07620001,Deurne,230,0.0,45.0,55.0,15.0,20.0,30.0,45.0,20.0
BU07620002,Deurne,190,10.0,35.0,35.0,5.0,25.0,30.0,20.0,25.0
BU07620003,Deurne,135,5.0,10.0,15.0,5.0,20.0,30.0,30.0,15.0
BU07620004,Deurne,270,5.0,50.0,40.0,15.0,25.0,55.0,60.0,25.0
BU07620005,Deurne,300,5.0,50.0,25.0,25.0,25.0,75.0,50.0,45.0
BU07620006,Deurne,415,5.0,120.0,125.0,20.0,45.0,50.0,30.0,20.0
BU07620007,Deurne,40,0.0,5.0,5.0,5.0,10.0,10.0,5.0,5.0
BU07620009,Deurne,680,255.0,110.0,80.0,20.0,55.0,70.0,55.0,30.0
BU07620100,Deurne,180,5.0,55.0,20.0,5.0,15.0,30.0,25.0,25.0
BU07620109,Deurne,70,30.0,5.0,10.0,5.0,5.0,10.0,5.0,5.0
BU07620200,Deurne,265,5.0,80.0,35.0,10.0,25.0,45.0,45.0,30.0
BU07620209,Deurne,185,50.0,45.0,25.0,5.0,10.0,20.0,10.0,15.0
BU07620300,Deurne,140,5.0,25.0,30.0,5.0,10.0,25.0,15.0,25.0
BU07620309,Deurne,125,45.0,20.0,15.0,5.0,10.0,10.0,10.0,10.0
BU07620400,Deurne,95,10.0,15.0,10.0,10.0,5.0,20.0,10.0,15.0
BU07620409,Deurne,70,20.0,10.0,10.0,0.0,5.0,15.0,5.0,5.0
BU01500101,Deventer,875,5.0,35.0,365.0,40.0,35.0,170.0,90.0,135.0
BU01500102,Deventer,165,0.0,15.0,35.0,10.0,10.0,45.0,25.0,25.0
BU01500103,Deventer,115,0.0,10.0,15.0,5.0,10.0,35.0,20.0,15.0
BU01500104,Deventer,105,0.0,10.0,5.0,0.0,15.0,50.0,15.0,5.0
BU01500105,Deventer,375,0.0,25.0,65.0,35.0,50.0,110.0,55.0,35.0
BU01500106,Deventer,145,0.0,5.0,20.0,20.0,15.0,45.0,20.0,25.0
BU01500107,Deventer,170,0.0,10.0,25.0,25.0,20.0,45.0,20.0,25.0
BU01500201,Deventer,225,5.0,20.0,35.0,20.0,10.0,60.0,55.0,25.0
BU01500301,Deventer,185,0.0,20.0,60.0,10.0,5.0,35.0,30.0,25.0
BU01500302,Deventer,280,0.0,20.0,25.0,20.0,15.0,90.0,75.0,40.0
BU01500303,Deventer,140,0.0,10.0,15.0,5.0,10.0,50.0,25.0,25.0
BU01500304,Deventer,155,0.0,30.0,10.0,5.0,5.0,35.0,45.0,25.0
BU01500305,Deventer,90,0.0,15.0,20.0,0.0,5.0,15.0,15.0,20.0
BU01500306,Deventer,150,0.0,20.0,25.0,10.0,5.0,25.0,40.0,20.0
BU01500401,Deventer,200,0.0,15.0,30.0,10.0,5.0,50.0,65.0,25.0
BU01500402,Deventer,125,0.0,10.0,15.0,10.0,10.0,25.0,30.0,20.0
BU01500403,Deventer,110,0.0,15.0,10.0,10.0,5.0,25.0,25.0,15.0
BU01500404,Deventer,195,0.0,25.0,25.0,15.0,5.0,50.0,45.0,25.0
BU01500405,Deventer,215,0.0,35.0,45.0,15.0,10.0,35.0,45.0,30.0
BU01500406,Deventer,155,0.0,20.0,25.0,10.0,10.0,30.0,35.0,30.0
BU01500407,Deventer,30,0.0,0.0,0.0,0.0,0.0,0.0,25.0,0.0
BU01500501,Deventer,235,0.0,20.0,20.0,10.0,20.0,50.0,75.0,35.0
BU01500502,Deventer,145,0.0,15.0,20.0,5.0,10.0,40.0,25.0,30.0
BU01500601,Deventer,195,0.0,25.0,45.0,10.0,10.0,35.0,45.0,30.0
BU01500602,Deventer,85,0.0,15.0,15.0,10.0,0.0,15.0,15.0,15.0
BU01500603,Deventer,220,0.0,10.0,15.0,10.0,15.0,65.0,80.0,25.0
BU01500604,Deventer,135,0.0,15.0,20.0,10.0,5.0,15.0,40.0,30.0
BU01500605,Deventer,90,0.0,10.0,20.0,5.0,0.0,20.0,25.0,15.0
BU01500606,Deventer,90,0.0,10.0,15.0,5.0,0.0,20.0,20.0,15.0
BU01500701,Deventer,75,0.0,10.0,20.0,5.0,0.0,15.0,10.0,10.0
BU01500702,Deventer,215,0.0,55.0,45.0,15.0,0.0,35.0,30.0,35.0
BU01500703,Deventer,100,0.0,5.0,10.0,10.0,10.0,30.0,20.0,10.0
BU01500704,Deventer,620,5.0,95.0,190.0,60.0,40.0,170.0,35.0,30.0
BU01500705,Deventer,490,0.0,80.0,125.0,50.0,45.0,140.0,20.0,25.0
BU01500706,Deventer,70,0.0,30.0,25.0,5.0,0.0,5.0,5.0,5.0
BU01500801,Deventer,140,0.0,15.0,25.0,15.0,5.0,25.0,35.0,20.0
BU01500802,Deventer,150,0.0,15.0,25.0,15.0,5.0,30.0,40.0,20.0
BU01500803,Deventer,60,0.0,10.0,5.0,5.0,5.0,15.0,15.0,5.0
BU01500901,Deventer,225,0.0,15.0,20.0,10.0,25.0,75.0,55.0,25.0
BU01500902,Deventer,140,0.0,10.0,25.0,15.0,10.0,30.0,35.0,15.0
BU01500903,Deventer,95,0.0,5.0,5.0,5.0,10.0,40.0,25.0,10.0
BU01500904,Deventer,125,0.0,5.0,15.0,10.0,5.0,40.0,35.0,15.0
BU01500905,Deventer,215,5.0,25.0,30.0,20.0,20.0,65.0,40.0,20.0
BU01500906,Deventer,210,0.0,15.0,20.0,10.0,15.0,65.0,55.0,30.0
BU01500907,Deventer,15,,,,,,,,
BU01501001,Deventer,110,0.0,10.0,40.0,10.0,5.0,25.0,15.0,5.0
BU01501002,Deventer,145,0.0,10.0,25.0,5.0,20.0,30.0,35.0,10.0
BU01501003,Deventer,10,,,,,,,,
BU01501004,Deventer,175,0.0,5.0,50.0,15.0,5.0,45.0,30.0,20.0
BU01501005,Deventer,40,0.0,5.0,5.0,5.0,5.0,10.0,10.0,5.0
BU01501006,Deventer,75,0.0,10.0,5.0,5.0,5.0,20.0,15.0,10.0
BU01501007,Deventer,110,0.0,0.0,15.0,10.0,10.0,30.0,30.0,15.0
BU01501008,Deventer,90,0.0,10.0,10.0,10.0,10.0,25.0,15.0,10.0
BU01501009,Deventer,100,0.0,15.0,35.0,10.0,10.0,15.0,5.0,5.0
BU01501010,Deventer,15,,,,,,,,
BU01501101,Deventer,530,10.0,35.0,60.0,25.0,70.0,150.0,135.0,40.0
BU01501102,Deventer,30,10.0,0.0,5.0,5.0,0.0,5.0,0.0,0.0
BU01501103,Deventer,60,10.0,5.0,5.0,0.0,10.0,10.0,15.0,5.0
BU01501201,Deventer,495,5.0,35.0,75.0,25.0,60.0,120.0,130.0,45.0
BU01501202,Deventer,125,55.0,10.0,10.0,5.0,5.0,15.0,15.0,10.0
BU01501301,Deventer,45,10.0,5.0,5.0,5.0,0.0,10.0,5.0,5.0
BU01501401,Deventer,80,5.0,10.0,15.0,0.0,10.0,20.0,15.0,10.0
BU01501402,Deventer,20,,,,,,,,
BU01501403,Deventer,195,65.0,25.0,15.0,0.0,10.0,35.0,25.0,15.0
BU01501501,Deventer,445,20.0,45.0,70.0,25.0,50.0,100.0,85.0,50.0
BU01501502,Deventer,125,35.0,5.0,20.0,5.0,10.0,25.0,15.0,10.0
BU01501503,Deventer,40,15.0,0.0,5.0,0.0,5.0,5.0,0.0,5.0
BU01501504,Deventer,55,15.0,5.0,5.0,0.0,5.0,15.0,10.0,5.0
BU01501505,Deventer,40,15.0,0.0,5.0,5.0,0.0,5.0,5.0,5.0
BU03840101,Diemen,265,0.0,15.0,40.0,35.0,25.0,90.0,30.0,30.0
BU03840102,Diemen,5,,,,,,,,
BU03840103,Diemen,220,0.0,20.0,30.0,35.0,10.0,65.0,30.0,25.0
BU03840104,Diemen,160,0.0,15.0,25.0,20.0,15.0,40.0,25.0,15.0
BU03840105,Diemen,220,0.0,15.0,25.0,25.0,20.0,70.0,30.0,30.0
BU03840106,Diemen,0,,,,,,,,
BU03840201,Diemen,395,0.0,40.0,45.0,30.0,35.0,100.0,85.0,55.0
BU03840202,Diemen,310,0.0,15.0,85.0,35.0,15.0,75.0,45.0,35.0
BU03840203,Diemen,20,,,,,,,,
BU03840204,Diemen,30,0.0,5.0,5.0,5.0,0.0,10.0,0.0,5.0
BU03840205,Diemen,0,,,,,,,,
BU03840206,Diemen,240,0.0,35.0,40.0,40.0,5.0,45.0,60.0,25.0
BU03840207,Diemen,270,0.0,30.0,45.0,25.0,15.0,55.0,60.0,40.0
BU03840208,Diemen,60,0.0,5.0,5.0,15.0,0.0,15.0,10.0,10.0
BU03840301,Diemen,115,0.0,15.0,10.0,15.0,10.0,30.0,25.0,15.0
BU03840302,Diemen,130,0.0,30.0,15.0,15.0,5.0,30.0,30.0,10.0
BU03840303,Diemen,45,0.0,5.0,5.0,5.0,0.0,5.0,15.0,5.0
BU03840304,Diemen,40,0.0,5.0,5.0,5.0,10.0,10.0,5.0,5.0
BU03840305,Diemen,90,0.0,15.0,15.0,15.0,5.0,20.0,10.0,5.0
BU03840306,Diemen,165,0.0,20.0,25.0,25.0,0.0,30.0,45.0,25.0
BU03840307,Diemen,70,0.0,10.0,10.0,10.0,5.0,15.0,5.0,15.0
BU03840308,Diemen,125,0.0,15.0,15.0,20.0,10.0,40.0,10.0,20.0
BU03840401,Diemen,60,0.0,10.0,5.0,10.0,20.0,15.0,5.0,0.0
BU03840501,Diemen,175,0.0,5.0,45.0,20.0,5.0,50.0,20.0,30.0
BU03840502,Diemen,355,0.0,25.0,65.0,50.0,10.0,105.0,50.0,45.0
BU03840503,Diemen,35,0.0,0.0,10.0,5.0,0.0,5.0,5.0,5.0
BU03840504,Diemen,0,,,,,,,,
BU03840601,Diemen,360,0.0,65.0,100.0,40.0,30.0,85.0,10.0,25.0
BU03840602,Diemen,60,0.0,15.0,20.0,5.0,5.0,10.0,0.0,5.0
BU03840603,Diemen,60,0.0,10.0,20.0,5.0,10.0,15.0,5.0,0.0
BU03840701,Diemen,120,0.0,5.0,10.0,20.0,10.0,45.0,15.0,15.0
BU03840702,Diemen,145,0.0,5.0,10.0,25.0,15.0,45.0,30.0,10.0
BU03840703,Diemen,0,,,,,,,,
BU03840801,Diemen,20,,,,,,,,
BU03840802,Diemen,15,,,,,,,,
BU03840803,Diemen,10,,,,,,,,
BU03840804,Diemen,0,,,,,,,,
BU19800101,Dijk en Waard,140,5.0,35.0,20.0,5.0,10.0,30.0,15.0,20.0
BU19800102,Dijk en Waard,185,0.0,30.0,25.0,10.0,15.0,50.0,30.0,25.0
BU19800103,Dijk en Waard,60,5.0,20.0,5.0,5.0,0.0,10.0,5.0,10.0
BU19800104,Dijk en Waard,65,0.0,20.0,25.0,5.0,0.0,10.0,0.0,0.0
BU19800105,Dijk en Waard,45,15.0,10.0,0.0,0.0,5.0,5.0,0.0,5.0
BU19800201,Dijk en Waard,365,0.0,85.0,70.0,15.0,20.0,65.0,60.0,45.0
BU19800202,Dijk en Waard,180,0.0,40.0,20.0,5.0,10.0,35.0,50.0,20.0
BU19800203,Dijk en Waard,70,0.0,15.0,20.0,5.0,5.0,15.0,5.0,0.0
BU19800204,Dijk en Waard,30,0.0,10.0,5.0,0.0,5.0,5.0,0.0,0.0
BU19800205,Dijk en Waard,20,,,,,,,,
BU19800301,Dijk en Waard,200,0.0,45.0,35.0,10.0,20.0,35.0,30.0,25.0
BU19800302,Dijk en Waard,170,5.0,35.0,30.0,10.0,15.0,40.0,25.0,15.0
BU19800303,Dijk en Waard,110,0.0,15.0,20.0,10.0,10.0,25.0,20.0,15.0
BU19800304,Dijk en Waard,45,0.0,15.0,5.0,5.0,0.0,10.0,10.0,5.0
BU19800305,Dijk en Waard,155,0.0,10.0,15.0,10.0,35.0,45.0,20.0,10.0
BU19800306,Dijk en Waard,10,,,,,,,,
BU19800401,Dijk en Waard,295,0.0,55.0,75.0,10.0,25.0,65.0,30.0,30.0
BU19800402,Dijk en Waard,70,0.0,10.0,5.0,5.0,5.0,20.0,15.0,5.0
BU19800403,Dijk en Waard,200,0.0,30.0,30.0,10.0,20.0,60.0,40.0,15.0
BU19800404,Dijk en Waard,125,0.0,5.0,10.0,5.0,40.0,50.0,10.0,5.0
BU19800405,Dijk en Waard,0,,,,,,,,
BU19800406,Dijk en Waard,310,0.0,55.0,85.0,20.0,30.0,60.0,35.0,25.0
BU19800407,Dijk en Waard,5,,,,,,,,
BU19800501,Dijk en Waard,485,5.0,90.0,60.0,25.0,45.0,110.0,95.0,50.0
BU19800502,Dijk en Waard,135,0.0,20.0,15.0,10.0,15.0,30.0,30.0,15.0
BU19800503,Dijk en Waard,10,,,,,,,,
BU19800601,Dijk en Waard,55,0.0,10.0,5.0,0.0,5.0,15.0,10.0,5.0
BU19800602,Dijk en Waard,0,,,,,,,,
BU19801001,Dijk en Waard,230,0.0,45.0,40.0,30.0,15.0,45.0,20.0,40.0
BU19801101,Dijk en Waard,185,0.0,30.0,35.0,15.0,15.0,45.0,25.0,25.0
BU19801102,Dijk en Waard,105,0.0,35.0,15.0,15.0,0.0,20.0,15.0,10.0
BU19801201,Dijk en Waard,100,0.0,20.0,15.0,10.0,0.0,20.0,20.0,15.0
BU19801301,Dijk en Waard,175,0.0,40.0,20.0,10.0,15.0,35.0,30.0,25.0
BU19801302,Dijk en Waard,215,0.0,40.0,35.0,5.0,20.0,35.0,60.0,20.0
BU19801303,Dijk en Waard,25,0.0,5.0,5.0,0.0,5.0,10.0,0.0,5.0
BU19801401,Dijk en Waard,180,0.0,30.0,55.0,10.0,15.0,20.0,10.0,35.0
BU19801402,Dijk en Waard,140,0.0,30.0,15.0,5.0,15.0,35.0,35.0,10.0
BU19801501,Dijk en Waard,250,0.0,55.0,20.0,20.0,5.0,65.0,45.0,40.0
BU19801601,Dijk en Waard,200,0.0,45.0,25.0,15.0,15.0,40.0,40.0,20.0
BU19801701,Dijk en Waard,205,0.0,50.0,40.0,20.0,5.0,25.0,25.0,35.0
BU19801801,Dijk en Waard,210,0.0,15.0,110.0,5.0,20.0,15.0,30.0,20.0
BU19801802,Dijk en Waard,250,0.0,20.0,50.0,10.0,25.0,65.0,60.0,20.0
BU19801803,Dijk en Waard,240,0.0,15.0,45.0,15.0,40.0,60.0,50.0,20.0
BU19801901,Dijk en Waard,155,5.0,15.0,20.0,20.0,15.0,40.0,25.0,15.0
BU19801902,Dijk en Waard,0,,,,,,,,
BU19801903,Dijk en Waard,10,,,,,,,,
BU19802001,Dijk en Waard,210,0.0,45.0,110.0,10.0,15.0,20.0,5.0,5.0
BU19802002,Dijk en Waard,215,0.0,75.0,75.0,15.0,10.0,35.0,5.0,5.0
BU19802003,Dijk en Waard,140,0.0,45.0,40.0,5.0,15.0,25.0,5.0,5.0
BU19802004,Dijk en Waard,45,0.0,5.0,15.0,0.0,0.0,15.0,10.0,5.0
BU19802005,Dijk en Waard,15,,,,,,,,
BU19802101,Dijk en Waard,220,0.0,35.0,25.0,20.0,20.0,60.0,40.0,20.0
BU19802102,Dijk en Waard,70,0.0,10.0,5.0,10.0,0.0,20.0,20.0,5.0
BU19802201,Dijk en Waard,120,0.0,20.0,25.0,10.0,10.0,35.0,15.0,10.0
BU19802202,Dijk en Waard,165,0.0,25.0,20.0,15.0,10.0,40.0,30.0,25.0
BU19802301,Dijk en Waard,310,0.0,50.0,35.0,30.0,25.0,85.0,55.0,30.0
BU19802401,Dijk en Waard,255,0.0,50.0,40.0,25.0,15.0,50.0,50.0,25.0
BU19802402,Dijk en Waard,150,0.0,15.0,10.0,15.0,15.0,55.0,25.0,10.0
BU19802403,Dijk en Waard,110,0.0,15.0,15.0,15.0,10.0,30.0,25.0,5.0
BU19802501,Dijk en Waard,395,0.0,50.0,60.0,35.0,30.0,105.0,80.0,40.0
BU19802502,Dijk en Waard,40,0.0,5.0,15.0,0.0,0.0,5.0,5.0,5.0
BU19802503,Dijk en Waard,10,,,,,,,,
BU19802601,Dijk en Waard,165,0.0,25.0,20.0,15.0,10.0,35.0,35.0,20.0
BU19802602,Dijk en Waard,80,0.0,20.0,5.0,5.0,10.0,20.0,15.0,5.0
BU19802701,Dijk en Waard,225,20.0,45.0,35.0,15.0,30.0,20.0,30.0,30.0
BU19802702,Dijk en Waard,20,,,,,,,,
BU19802703,Dijk en Waard,275,70.0,55.0,35.0,10.0,25.0,40.0,15.0,20.0
BU19802801,Dijk en Waard,65,0.0,15.0,10.0,5.0,5.0,15.0,5.0,10.0
BU19802802,Dijk en Waard,85,20.0,15.0,5.0,5.0,15.0,15.0,10.0,5.0
BU17741010,Dinkelland,160,0.0,15.0,55.0,5.0,15.0,20.0,25.0,20.0
BU17741011,Dinkelland,60,0.0,10.0,10.0,0.0,5.0,15.0,15.0,5.0
BU17741012,Dinkelland,25,0.0,0.0,5.0,0.0,10.0,10.0,0.0,0.0
BU17741013,Dinkelland,45,0.0,5.0,10.0,0.0,5.0,10.0,5.0,10.0
BU17741014,Dinkelland,125,0.0,15.0,25.0,5.0,15.0,30.0,20.0,15.0
BU17741015,Dinkelland,115,0.0,15.0,20.0,10.0,10.0,20.0,20.0,20.0
BU17741017,Dinkelland,40,0.0,5.0,10.0,0.0,5.0,10.0,5.0,5.0
BU17741020,Dinkelland,55,0.0,5.0,10.0,5.0,10.0,15.0,5.0,5.0
BU17741050,Dinkelland,65,0.0,20.0,20.0,5.0,5.0,5.0,5.0,5.0
BU17741051,Dinkelland,90,0.0,20.0,25.0,5.0,15.0,20.0,10.0,5.0
BU17741099,Dinkelland,120,50.0,15.0,15.0,0.0,15.0,10.0,10.0,5.0
BU17741110,Dinkelland,45,0.0,10.0,10.0,0.0,0.0,10.0,5.0,5.0
BU17741198,Dinkelland,35,20.0,5.0,5.0,0.0,0.0,0.0,5.0,5.0
BU17741199,Dinkelland,65,35.0,5.0,10.0,0.0,0.0,5.0,5.0,0.0
BU17741210,Dinkelland,40,0.0,10.0,5.0,0.0,5.0,10.0,5.0,5.0
BU17741299,Dinkelland,75,40.0,5.0,10.0,0.0,5.0,5.0,5.0,0.0
BU17741398,Dinkelland,65,30.0,5.0,5.0,0.0,5.0,10.0,10.0,5.0
BU17741399,Dinkelland,50,20.0,0.0,10.0,0.0,5.0,10.0,0.0,5.0
BU17741410,Dinkelland,30,0.0,5.0,5.0,0.0,5.0,10.0,5.0,0.0
BU17741499,Dinkelland,115,30.0,15.0,35.0,5.0,5.0,10.0,10.0,10.0
BU17741510,Dinkelland,110,0.0,10.0,50.0,0.0,10.0,10.0,10.0,15.0
BU17741511,Dinkelland,85,0.0,5.0,25.0,0.0,5.0,20.0,20.0,5.0
BU17741512,Dinkelland,65,0.0,5.0,10.0,5.0,20.0,20.0,5.0,5.0
BU17741513,Dinkelland,80,0.0,15.0,15.0,5.0,10.0,15.0,10.0,10.0
BU17741514,Dinkelland,10,,,,,,,,
BU17741515,Dinkelland,55,0.0,5.0,5.0,5.0,5.0,15.0,5.0,10.0
BU17741516,Dinkelland,70,0.0,10.0,15.0,5.0,15.0,15.0,5.0,5.0
BU17741550,Dinkelland,105,0.0,30.0,35.0,5.0,5.0,15.0,5.0,5.0
BU17741598,Dinkelland,5,,,,,,,,
BU17741599,Dinkelland,25,5.0,0.0,5.0,0.0,5.0,5.0,10.0,0.0
BU17741610,Dinkelland,75,0.0,10.0,20.0,0.0,10.0,10.0,15.0,5.0
BU17741611,Dinkelland,85,0.0,15.0,10.0,5.0,15.0,10.0,15.0,10.0
BU17741612,Dinkelland,40,0.0,5.0,5.0,5.0,5.0,5.0,5.0,5.0
BU17741613,Dinkelland,20,,,,,,,,
BU17741614,Dinkelland,0,,,,,,,,
BU17741650,Dinkelland,60,0.0,15.0,15.0,5.0,15.0,5.0,0.0,5.0
BU17741699,Dinkelland,180,75.0,15.0,25.0,5.0,15.0,25.0,10.0,15.0
BU17741710,Dinkelland,135,5.0,30.0,30.0,5.0,10.0,20.0,20.0,20.0
BU17741799,Dinkelland,165,75.0,10.0,20.0,5.0,15.0,20.0,15.0,10.0
BU17741810,Dinkelland,65,5.0,10.0,15.0,5.0,10.0,10.0,10.0,10.0
BU17741899,Dinkelland,205,85.0,40.0,25.0,5.0,25.0,15.0,5.0,10.0
BU17741910,Dinkelland,145,5.0,20.0,25.0,10.0,15.0,35.0,25.0,10.0
BU17741999,Dinkelland,145,50.0,20.0,25.0,5.0,15.0,20.0,5.0,10.0
BU17742099,Dinkelland,40,15.0,0.0,5.0,5.0,5.0,5.0,0.0,0.0
BU17742199,Dinkelland,55,30.0,5.0,5.0,5.0,5.0,5.0,5.0,5.0
BU02210100,Doesburg,475,0.0,35.0,130.0,15.0,35.0,125.0,80.0,55.0
BU02210101,Doesburg,65,0.0,10.0,15.0,5.0,5.0,15.0,15.0,5.0
BU02210102,Doesburg,50,0.0,5.0,5.0,5.0,0.0,15.0,15.0,10.0
BU02210103,Doesburg,105,0.0,20.0,20.0,5.0,5.0,20.0,20.0,15.0
BU02210104,Doesburg,215,0.0,35.0,25.0,20.0,10.0,50.0,40.0,30.0
BU02210105,Doesburg,125,0.0,10.0,15.0,5.0,10.0,35.0,25.0,20.0
BU02210106,Doesburg,70,0.0,15.0,25.0,10.0,5.0,10.0,5.0,5.0
BU02210107,Doesburg,5,,,,,,,,
BU02210108,Doesburg,45,10.0,5.0,15.0,5.0,0.0,5.0,0.0,5.0
BU02210109,Doesburg,5,,,,,,,,
BU02210110,Doesburg,0,,,,,,,,
BU02220101,Doetinchem,345,0.0,15.0,205.0,10.0,25.0,40.0,15.0,30.0
BU02220102,Doetinchem,90,0.0,5.0,5.0,0.0,20.0,25.0,25.0,10.0
BU02220103,Doetinchem,125,0.0,5.0,20.0,5.0,20.0,35.0,25.0,10.0
BU02220104,Doetinchem,180,0.0,25.0,35.0,10.0,15.0,55.0,25.0,20.0
BU02220105,Doetinchem,90,0.0,0.0,25.0,5.0,15.0,15.0,20.0,15.0
BU02220106,Doetinchem,185,0.0,10.0,25.0,5.0,25.0,40.0,55.0,25.0
BU02220201,Doetinchem,90,0.0,10.0,30.0,0.0,5.0,10.0,30.0,10.0
BU02220202,Doetinchem,85,0.0,20.0,10.0,5.0,10.0,15.0,20.0,5.0
BU02220203,Doetinchem,35,0.0,0.0,5.0,5.0,5.0,5.0,15.0,5.0
BU02220204,Doetinchem,115,0.0,25.0,30.0,10.0,0.0,15.0,25.0,15.0
BU02220205,Doetinchem,110,0.0,25.0,10.0,5.0,5.0,25.0,25.0,10.0
BU02220206,Doetinchem,35,0.0,5.0,10.0,0.0,5.0,5.0,10.0,5.0
BU02220208,Doetinchem,15,,,,,,,,
BU02220301,Doetinchem,30,0.0,5.0,5.0,0.0,0.0,5.0,10.0,0.0
BU02220302,Doetinchem,85,0.0,15.0,10.0,5.0,5.0,20.0,25.0,5.0
BU02220303,Doetinchem,115,0.0,20.0,25.0,5.0,5.0,30.0,20.0,10.0
BU02220401,Doetinchem,260,0.0,30.0,55.0,15.0,25.0,55.0,50.0,35.0
BU02220402,Doetinchem,25,5.0,5.0,10.0,0.0,5.0,0.0,0.0,0.0
BU02220403,Doetinchem,35,5.0,5.0,10.0,0.0,0.0,0.0,5.0,5.0
BU02220404,Doetinchem,100,0.0,5.0,15.0,10.0,20.0,20.0,20.0,10.0
BU02220405,Doetinchem,25,0.0,5.0,0.0,0.0,10.0,5.0,5.0,0.0
BU02220406,Doetinchem,30,5.0,5.0,5.0,0.0,5.0,5.0,5.0,0.0
BU02220407,Doetinchem,50,10.0,5.0,5.0,0.0,10.0,10.0,10.0,0.0
BU02220408,Doetinchem,60,20.0,5.0,5.0,0.0,5.0,15.0,5.0,5.0
BU02220501,Doetinchem,55,0.0,5.0,15.0,0.0,5.0,10.0,10.0,10.0
BU02220502,Doetinchem,110,0.0,30.0,30.0,10.0,0.0,20.0,15.0,5.0
BU02220503,Doetinchem,265,0.0,45.0,90.0,15.0,25.0,60.0,20.0,5.0
BU02220504,Doetinchem,10,,,,,,,,
BU02220505,Doetinchem,80,0.0,5.0,15.0,5.0,15.0,15.0,10.0,15.0
BU02220601,Doetinchem,105,0.0,10.0,20.0,5.0,15.0,20.0,25.0,10.0
BU02220602,Doetinchem,125,0.0,10.0,10.0,10.0,5.0,25.0,35.0,25.0
BU02220603,Doetinchem,145,0.0,20.0,15.0,15.0,5.0,35.0,35.0,20.0
BU02220604,Doetinchem,95,0.0,10.0,20.0,5.0,10.0,20.0,20.0,15.0
BU02220605,Doetinchem,170,0.0,15.0,25.0,10.0,15.0,50.0,40.0,15.0
BU02220606,Doetinchem,125,0.0,20.0,25.0,5.0,5.0,30.0,20.0,20.0
BU02220607,Doetinchem,10,,,,,,,,
BU02220608,Doetinchem,270,0.0,45.0,70.0,25.0,25.0,65.0,25.0,15.0
BU02220609,Doetinchem,5,,,,,,,,
BU02220702,Doetinchem,65,0.0,0.0,5.0,5.0,10.0,10.0,20.0,10.0
BU02220703,Doetinchem,85,0.0,5.0,15.0,5.0,10.0,15.0,25.0,10.0
BU02220704,Doetinchem,65,0.0,10.0,10.0,5.0,10.0,10.0,10.0,10.0
BU02220705,Doetinchem,75,0.0,5.0,10.0,0.0,10.0,20.0,20.0,10.0
BU02220706,Doetinchem,115,0.0,20.0,20.0,5.0,10.0,30.0,15.0,10.0
BU02220707,Doetinchem,70,0.0,5.0,10.0,5.0,5.0,20.0,15.0,15.0
BU02220708,Doetinchem,20,,,,,,,,
BU02220709,Doetinchem,215,0.0,35.0,80.0,30.0,20.0,35.0,5.0,5.0
BU02220710,Doetinchem,125,0.0,10.0,15.0,15.0,15.0,20.0,35.0,10.0
BU02220711,Doetinchem,5,,,,,,,,
BU02220712,Doetinchem,25,0.0,5.0,0.0,0.0,5.0,5.0,5.0,5.0
BU02220713,Doetinchem,45,0.0,5.0,10.0,0.0,5.0,10.0,10.0,5.0
BU02220801,Doetinchem,65,0.0,5.0,10.0,5.0,10.0,15.0,15.0,5.0
BU02220802,Doetinchem,115,0.0,25.0,50.0,10.0,5.0,15.0,5.0,5.0
BU02220803,Doetinchem,10,,,,,,,,
BU02220804,Doetinchem,15,,,,,,,,
BU02220901,Doetinchem,60,0.0,0.0,5.0,5.0,15.0,15.0,15.0,5.0
BU02220902,Doetinchem,75,0.0,0.0,10.0,0.0,10.0,5.0,40.0,5.0
BU02220903,Doetinchem,55,0.0,5.0,0.0,0.0,10.0,10.0,20.0,10.0
BU02220904,Doetinchem,80,0.0,10.0,10.0,5.0,10.0,20.0,20.0,10.0
BU02220905,Doetinchem,170,0.0,50.0,40.0,5.0,5.0,25.0,20.0,25.0
BU02220906,Doetinchem,120,0.0,30.0,10.0,5.0,5.0,20.0,35.0,15.0
BU02220907,Doetinchem,25,0.0,0.0,5.0,0.0,0.0,5.0,5.0,10.0
BU02220908,Doetinchem,30,0.0,0.0,0.0,0.0,5.0,10.0,10.0,5.0
BU02220909,Doetinchem,10,,,,,,,,
BU02220911,Doetinchem,30,5.0,5.0,5.0,0.0,5.0,5.0,5.0,5.0
BU02221101,Doetinchem,145,0.0,20.0,35.0,5.0,15.0,30.0,25.0,15.0
BU02221102,Doetinchem,90,0.0,15.0,25.0,5.0,5.0,15.0,15.0,10.0
BU02221103,Doetinchem,60,0.0,10.0,15.0,5.0,5.0,10.0,10.0,5.0
BU02221104,Doetinchem,175,0.0,30.0,25.0,5.0,10.0,50.0,30.0,25.0
BU02221105,Doetinchem,15,,,,,,,,
BU02221106,Doetinchem,65,10.0,10.0,5.0,0.0,5.0,10.0,15.0,10.0
BU02221107,Doetinchem,25,10.0,5.0,5.0,0.0,0.0,5.0,0.0,0.0
BU02223101,Doetinchem,180,5.0,35.0,45.0,5.0,15.0,20.0,30.0,30.0
BU02223102,Doetinchem,25,5.0,5.0,0.0,0.0,5.0,0.0,0.0,0.0
BU02223103,Doetinchem,25,5.0,0.0,0.0,5.0,0.0,5.0,0.0,5.0
BU02223104,Doetinchem,45,15.0,5.0,5.0,0.0,5.0,5.0,5.0,5.0
BU02223105,Doetinchem,20,,,,,,,,
BU02223106,Doetinchem,20,,,,,,,,
BU02223107,Doetinchem,35,15.0,5.0,0.0,0.0,5.0,0.0,5.0,5.0
BU02223108,Doetinchem,45,0.0,5.0,5.0,5.0,5.0,10.0,5.0,5.0
BU02223109,Doetinchem,40,15.0,5.0,5.0,5.0,5.0,5.0,5.0,0.0
BU02223110,Doetinchem,35,10.0,10.0,5.0,0.0,0.0,5.0,0.0,0.0
BU02223111,Doetinchem,25,0.0,15.0,10.0,0.0,5.0,0.0,0.0,0.0
BU02223112,Doetinchem,205,0.0,30.0,35.0,5.0,20.0,45.0,40.0,30.0
BU02223113,Doetinchem,55,5.0,10.0,5.0,0.0,5.0,15.0,10.0,5.0
BU07660101,Dongen,235,0.0,40.0,30.0,15.0,15.0,55.0,35.0,45.0
BU07660102,Dongen,15,,,,,,,,
BU07660103,Dongen,215,0.0,55.0,25.0,15.0,10.0,45.0,35.0,30.0
BU07660104,Dongen,115,5.0,15.0,30.0,5.0,15.0,25.0,15.0,5.0
BU07660105,Dongen,550,0.0,90.0,125.0,30.0,40.0,125.0,75.0,65.0
BU07660106,Dongen,185,0.0,20.0,25.0,10.0,20.0,50.0,50.0,15.0
BU07660107,Dongen,245,0.0,50.0,30.0,10.0,15.0,60.0,50.0,25.0
BU07660108,Dongen,220,0.0,30.0,30.0,10.0,30.0,50.0,30.0,30.0
BU07660109,Dongen,375,5.0,55.0,80.0,20.0,35.0,85.0,55.0,40.0
BU07660110,Dongen,110,25.0,15.0,15.0,5.0,10.0,20.0,5.0,10.0
BU07660111,Dongen,45,15.0,5.0,10.0,5.0,5.0,5.0,5.0,0.0
BU07660112,Dongen,85,15.0,15.0,15.0,0.0,10.0,10.0,5.0,5.0
BU07660113,Dongen,60,30.0,5.0,5.0,0.0,0.0,10.0,5.0,0.0
BU07660114,Dongen,205,5.0,60.0,75.0,25.0,15.0,20.0,5.0,10.0
BU07660115,Dongen,15,,,,,,,,
BU07660216,Dongen,320,10.0,50.0,50.0,25.0,40.0,75.0,35.0,30.0
BU07660217,Dongen,5,,,,,,,,
BU05050100,Dordrecht,195,0.0,15.0,25.0,20.0,40.0,45.0,30.0,25.0
BU05050101,Dordrecht,225,0.0,20.0,55.0,15.0,20.0,50.0,35.0,25.0
BU05050102,Dordrecht,135,0.0,20.0,30.0,15.0,5.0,35.0,15.0,20.0
BU05050103,Dordrecht,145,0.0,20.0,15.0,10.0,15.0,40.0,25.0,20.0
BU05050104,Dordrecht,75,0.0,15.0,5.0,5.0,15.0,25.0,5.0,5.0
BU05050105,Dordrecht,95,0.0,5.0,15.0,10.0,10.0,40.0,15.0,5.0
BU05050106,Dordrecht,205,0.0,15.0,60.0,10.0,15.0,50.0,20.0,40.0
BU05050107,Dordrecht,150,0.0,15.0,60.0,10.0,5.0,25.0,15.0,15.0
BU05050108,Dordrecht,400,0.0,20.0,205.0,20.0,25.0,65.0,30.0,40.0
BU05050109,Dordrecht,80,0.0,5.0,20.0,0.0,5.0,20.0,15.0,15.0
BU05050110,Dordrecht,95,0.0,10.0,10.0,10.0,5.0,20.0,30.0,5.0
BU05050111,Dordrecht,110,0.0,10.0,10.0,10.0,10.0,25.0,35.0,10.0
BU05050112,Dordrecht,135,0.0,10.0,25.0,15.0,10.0,30.0,35.0,10.0
BU05050113,Dordrecht,190,0.0,10.0,25.0,20.0,20.0,50.0,45.0,20.0
BU05050114,Dordrecht,125,0.0,10.0,15.0,5.0,20.0,35.0,25.0,10.0
BU05050200,Dordrecht,325,0.0,35.0,75.0,25.0,20.0,60.0,60.0,50.0
BU05050201,Dordrecht,85,0.0,5.0,0.0,15.0,15.0,25.0,15.0,5.0
BU05050202,Dordrecht,105,0.0,20.0,15.0,10.0,5.0,25.0,15.0,15.0
BU05050203,Dordrecht,75,0.0,15.0,5.0,5.0,5.0,15.0,15.0,15.0
BU05050204,Dordrecht,110,0.0,15.0,10.0,10.0,5.0,40.0,20.0,10.0
BU05050205,Dordrecht,175,0.0,30.0,30.0,10.0,20.0,35.0,25.0,20.0
BU05050206,Dordrecht,165,0.0,10.0,15.0,15.0,15.0,45.0,55.0,10.0
BU05050300,Dordrecht,30,0.0,5.0,5.0,5.0,0.0,0.0,5.0,10.0
BU05050301,Dordrecht,160,0.0,55.0,25.0,10.0,5.0,25.0,25.0,15.0
BU05050302,Dordrecht,70,0.0,5.0,10.0,5.0,5.0,25.0,15.0,10.0
BU05050303,Dordrecht,95,0.0,40.0,10.0,5.0,0.0,25.0,10.0,10.0
BU05050304,Dordrecht,130,0.0,50.0,15.0,15.0,0.0,20.0,20.0,10.0
BU05050305,Dordrecht,160,0.0,65.0,25.0,20.0,0.0,20.0,20.0,10.0
BU05050306,Dordrecht,210,5.0,55.0,45.0,20.0,5.0,35.0,30.0,15.0
BU05050307,Dordrecht,55,0.0,15.0,10.0,5.0,0.0,10.0,10.0,5.0
BU05050400,Dordrecht,120,0.0,40.0,20.0,15.0,0.0,20.0,10.0,10.0
BU05050401,Dordrecht,65,0.0,20.0,5.0,5.0,0.0,10.0,15.0,5.0
BU05050402,Dordrecht,60,0.0,5.0,5.0,5.0,5.0,10.0,15.0,5.0
BU05050403,Dordrecht,90,0.0,20.0,10.0,5.0,0.0,25.0,15.0,15.0
BU05050404,Dordrecht,55,0.0,10.0,10.0,5.0,0.0,15.0,5.0,10.0
BU05050405,Dordrecht,30,0.0,0.0,0.0,0.0,0.0,5.0,10.0,10.0
BU05050406,Dordrecht,10,,,,,,,,
BU05050500,Dordrecht,125,0.0,5.0,15.0,10.0,20.0,35.0,25.0,15.0
BU05050501,Dordrecht,150,0.0,40.0,25.0,10.0,5.0,30.0,20.0,20.0
BU05050502,Dordrecht,145,0.0,20.0,30.0,10.0,5.0,25.0,25.0,20.0
BU05050503,Dordrecht,160,0.0,25.0,10.0,15.0,15.0,35.0,35.0,25.0
BU05050504,Dordrecht,90,0.0,15.0,10.0,10.0,5.0,25.0,20.0,10.0
BU05050505,Dordrecht,200,0.0,50.0,30.0,15.0,5.0,30.0,45.0,20.0
BU05050506,Dordrecht,60,0.0,15.0,5.0,5.0,5.0,15.0,10.0,5.0
BU05050507,Dordrecht,115,0.0,20.0,10.0,10.0,5.0,25.0,25.0,20.0
BU05050508,Dordrecht,105,0.0,20.0,10.0,5.0,5.0,35.0,15.0,10.0
BU05050509,Dordrecht,140,0.0,20.0,20.0,10.0,5.0,40.0,30.0,15.0
BU05050510,Dordrecht,10,,,,,,,,
BU05050600,Dordrecht,30,0.0,5.0,10.0,0.0,0.0,0.0,10.0,5.0
BU05050601,Dordrecht,30,0.0,15.0,5.0,5.0,0.0,0.0,5.0,0.0
BU05050602,Dordrecht,50,0.0,15.0,10.0,5.0,0.0,10.0,5.0,5.0
BU05050603,Dordrecht,60,0.0,25.0,5.0,5.0,0.0,10.0,10.0,5.0
BU05050604,Dordrecht,105,0.0,40.0,20.0,10.0,0.0,15.0,10.0,10.0
BU05050605,Dordrecht,105,0.0,30.0,15.0,10.0,5.0,20.0,10.0,15.0
BU05050606,Dordrecht,5,,,,,,,,
BU05050607,Dordrecht,95,0.0,20.0,45.0,5.0,10.0,10.0,5.0,0.0
BU05050608,Dordrecht,40,0.0,20.0,10.0,0.0,5.0,5.0,0.0,0.0
BU05050700,Dordrecht,100,0.0,15.0,20.0,5.0,5.0,20.0,20.0,10.0
BU05050701,Dordrecht,90,0.0,25.0,15.0,5.0,5.0,20.0,15.0,10.0
BU05050702,Dordrecht,75,0.0,25.0,5.0,5.0,0.0,10.0,25.0,5.0
BU05050703,Dordrecht,40,0.0,20.0,5.0,5.0,0.0,10.0,5.0,0.0
BU05050704,Dordrecht,100,0.0,40.0,15.0,10.0,0.0,10.0,15.0,5.0
BU05050705,Dordrecht,60,0.0,25.0,5.0,5.0,0.0,5.0,5.0,10.0
BU05050706,Dordrecht,0,,,,,,,,
BU05050707,Dordrecht,85,0.0,5.0,10.0,10.0,20.0,30.0,10.0,5.0
BU05050708,Dordrecht,5,,,,,,,,
BU05050709,Dordrecht,0,,,,,,,,
BU05050710,Dordrecht,0,,,,,,,,
BU05050711,Dordrecht,0,,,,,,,,
BU05050800,Dordrecht,400,0.0,105.0,60.0,50.0,10.0,60.0,80.0,40.0
BU05050801,Dordrecht,155,0.0,50.0,15.0,20.0,5.0,30.0,25.0,15.0
BU05050802,Dordrecht,105,0.0,5.0,10.0,5.0,15.0,20.0,30.0,15.0
BU05050900,Dordrecht,140,0.0,20.0,45.0,5.0,15.0,20.0,20.0,20.0
BU05050901,Dordrecht,195,0.0,50.0,35.0,20.0,5.0,25.0,45.0,15.0
BU05050902,Dordrecht,120,0.0,20.0,15.0,5.0,10.0,25.0,35.0,10.0
BU05050903,Dordrecht,95,0.0,15.0,10.0,10.0,5.0,25.0,20.0,10.0
BU05050904,Dordrecht,90,0.0,10.0,10.0,10.0,0.0,10.0,30.0,10.0
BU05050905,Dordrecht,80,0.0,20.0,10.0,10.0,5.0,20.0,10.0,10.0
BU05050906,Dordrecht,140,0.0,40.0,10.0,10.0,10.0,25.0,40.0,10.0
BU05050907,Dordrecht,100,0.0,25.0,15.0,5.0,5.0,15.0,20.0,15.0
BU05050908,Dordrecht,215,0.0,40.0,30.0,20.0,15.0,45.0,40.0,25.0
BU05050909,Dordrecht,230,0.0,30.0,25.0,25.0,10.0,65.0,55.0,20.0
BU05050910,Dordrecht,115,0.0,10.0,15.0,15.0,15.0,35.0,20.0,5.0
BU05051000,Dordrecht,0,,,,,,,,
BU05051001,Dordrecht,160,0.0,30.0,30.0,15.0,15.0,35.0,25.0,10.0
BU05051002,Dordrecht,70,0.0,5.0,10.0,5.0,15.0,15.0,15.0,5.0
BU05051003,Dordrecht,45,0.0,15.0,10.0,5.0,5.0,0.0,10.0,5.0
BU05051004,Dordrecht,10,,,,,,,,
BU05051005,Dordrecht,5,,,,,,,,
BU05051006,Dordrecht,460,5.0,70.0,65.0,35.0,55.0,115.0,75.0,45.0
BU05051007,Dordrecht,550,0.0,50.0,70.0,30.0,90.0,145.0,120.0,45.0
BU05051008,Dordrecht,10,,,,,,,,
BU05051009,Dordrecht,15,,,,,,,,
BU05051010,Dordrecht,105,0.0,5.0,10.0,0.0,10.0,15.0,55.0,10.0
BU05051011,Dordrecht,190,0.0,10.0,15.0,5.0,40.0,70.0,35.0,10.0
BU05051012,Dordrecht,15,,,,,,,,
BU05051013,Dordrecht,20,,,,,,,,
BU05051100,Dordrecht,140,0.0,20.0,20.0,15.0,10.0,30.0,20.0,20.0
BU05051101,Dordrecht,200,0.0,35.0,20.0,20.0,15.0,45.0,45.0,20.0
BU05051102,Dordrecht,120,0.0,20.0,10.0,10.0,10.0,25.0,25.0,10.0
BU05051103,Dordrecht,75,0.0,5.0,5.0,5.0,10.0,25.0,15.0,10.0
BU05051104,Dordrecht,70,0.0,5.0,15.0,5.0,20.0,15.0,5.0,0.0
BU05051105,Dordrecht,240,0.0,25.0,50.0,20.0,20.0,45.0,55.0,20.0
BU05051106,Dordrecht,110,0.0,20.0,15.0,5.0,10.0,25.0,25.0,15.0
BU05051107,Dordrecht,45,0.0,5.0,5.0,5.0,0.0,10.0,5.0,5.0
BU05051108,Dordrecht,45,0.0,15.0,0.0,5.0,5.0,10.0,5.0,5.0
BU05051109,Dordrecht,210,0.0,55.0,30.0,20.0,5.0,45.0,35.0,20.0
BU05051110,Dordrecht,130,0.0,25.0,15.0,10.0,10.0,25.0,30.0,15.0
BU05051111,Dordrecht,135,0.0,20.0,15.0,20.0,5.0,30.0,25.0,20.0
BU05051112,Dordrecht,0,,,,,,,,
BU05051900,Dordrecht,75,0.0,10.0,20.0,5.0,10.0,20.0,5.0,5.0
BU05051901,Dordrecht,15,,,,,,,,
BU05051902,Dordrecht,10,,,,,,,,
BU05051903,Dordrecht,100,0.0,25.0,45.0,0.0,5.0,15.0,5.0,5.0
BU05051904,Dordrecht,30,0.0,0.0,20.0,0.0,5.0,0.0,0.0,0.0
BU05051905,Dordrecht,60,0.0,20.0,15.0,10.0,10.0,10.0,0.0,0.0
BU05051906,Dordrecht,5,,,,,,,,
BU05051907,Dordrecht,85,0.0,20.0,20.0,15.0,10.0,20.0,0.0,0.0
BU05051909,Dordrecht,30,0.0,5.0,5.0,0.0,0.0,5.0,5.0,5.0
BU05051910,Dordrecht,225,0.0,35.0,85.0,20.0,20.0,55.0,5.0,5.0
BU05051911,Dordrecht,50,0.0,15.0,20.0,0.0,5.0,5.0,0.0,0.0
BU05051912,Dordrecht,35,0.0,0.0,10.0,5.0,5.0,5.0,5.0,0.0
BU05051914,Dordrecht,40,0.0,20.0,5.0,5.0,5.0,5.0,0.0,0.0
BU05051915,Dordrecht,70,5.0,10.0,15.0,5.0,10.0,15.0,5.0,5.0
BU05051916,Dordrecht,195,0.0,45.0,65.0,15.0,15.0,35.0,5.0,10.0
BU05051917,Dordrecht,315,0.0,70.0,95.0,45.0,30.0,60.0,5.0,5.0
BU05051918,Dordrecht,20,,,,,,,,
BU05051919,Dordrecht,5,,,,,,,,
BU05059800,Dordrecht,15,,,,,,,,
BU05059801,Dordrecht,0,,,,,,,,
BU05059804,Dordrecht,100,40.0,10.0,10.0,5.0,10.0,10.0,10.0,10.0
BU05059805,Dordrecht,25,5.0,5.0,5.0,0.0,0.0,5.0,0.0,0.0
BU04980000,Drechterland,15,,,,,,,,
BU04980001,Drechterland,0,,,,,,,,
BU04980002,Drechterland,90,5.0,15.0,10.0,10.0,10.0,20.0,20.0,10.0
BU04980003,Drechterland,80,5.0,10.0,5.0,10.0,0.0,15.0,25.0,10.0
BU04980004,Drechterland,125,5.0,30.0,15.0,5.0,10.0,25.0,15.0,20.0
BU04980005,Drechterland,170,10.0,40.0,35.0,5.0,20.0,20.0,20.0,20.0
BU04980006,Drechterland,105,0.0,25.0,15.0,10.0,10.0,15.0,20.0,15.0
BU04980007,Drechterland,35,0.0,10.0,5.0,0.0,5.0,5.0,5.0,5.0
BU04980008,Drechterland,100,5.0,15.0,10.0,5.0,10.0,35.0,20.0,5.0
BU04980009,Drechterland,0,,,,,,,,
BU04980010,Drechterland,70,10.0,15.0,10.0,0.0,10.0,10.0,5.0,5.0
BU04980100,Drechterland,125,5.0,30.0,10.0,10.0,10.0,25.0,20.0,20.0
BU04980101,Drechterland,50,20.0,5.0,5.0,0.0,5.0,5.0,5.0,0.0
BU04980109,Drechterland,50,5.0,15.0,5.0,0.0,5.0,5.0,5.0,5.0
BU04980200,Drechterland,285,10.0,80.0,30.0,10.0,30.0,60.0,40.0,20.0
BU04980300,Drechterland,315,25.0,55.0,40.0,20.0,40.0,55.0,45.0,35.0
BU04980301,Drechterland,180,25.0,25.0,25.0,5.0,25.0,35.0,20.0,20.0
BU04980306,Drechterland,10,,,,,,,,
BU04980308,Drechterland,35,15.0,5.0,5.0,0.0,0.0,5.0,5.0,0.0
BU04980309,Drechterland,10,,,,,,,,
BU04980400,Drechterland,225,35.0,30.0,25.0,10.0,20.0,55.0,30.0,25.0
BU04980401,Drechterland,45,5.0,10.0,5.0,0.0,5.0,10.0,5.0,0.0
BU04980500,Drechterland,155,10.0,20.0,25.0,10.0,15.0,35.0,25.0,10.0
BU04980600,Drechterland,75,15.0,15.0,10.0,0.0,5.0,15.0,5.0,5.0
BU04980601,Drechterland,165,20.0,45.0,15.0,10.0,25.0,30.0,10.0,20.0
BU04980602,Drechterland,155,25.0,40.0,35.0,5.0,10.0,10.0,10.0,15.0
BU04980700,Drechterland,20,,,,,,,,
BU17190101,Drimmelen,5,,,,,,,,
BU17190102,Drimmelen,30,15.0,5.0,0.0,0.0,5.0,5.0,5.0,5.0
BU17190103,Drimmelen,35,0.0,5.0,15.0,0.0,5.0,5.0,0.0,5.0
BU17190104,Drimmelen,60,0.0,10.0,5.0,0.0,10.0,20.0,10.0,5.0
BU17190201,Drimmelen,130,55.0,20.0,15.0,0.0,10.0,15.0,5.0,5.0
BU17190202,Drimmelen,135,10.0,20.0,20.0,5.0,20.0,35.0,15.0,15.0
BU17190203,Drimmelen,115,5.0,25.0,30.0,10.0,5.0,25.0,5.0,10.0
BU17190204,Drimmelen,125,0.0,20.0,20.0,15.0,10.0,25.0,15.0,10.0
BU17190205,Drimmelen,35,0.0,10.0,0.0,0.0,0.0,10.0,5.0,5.0
BU17190206,Drimmelen,105,0.0,10.0,10.0,5.0,10.0,25.0,25.0,20.0
BU17190207,Drimmelen,185,0.0,35.0,30.0,20.0,15.0,30.0,25.0,25.0
BU17190208,Drimmelen,225,0.0,35.0,55.0,10.0,35.0,40.0,30.0,20.0
BU17190209,Drimmelen,175,5.0,35.0,50.0,0.0,15.0,35.0,15.0,20.0
BU17190210,Drimmelen,220,5.0,45.0,45.0,10.0,20.0,45.0,30.0,20.0
BU17190301,Drimmelen,75,35.0,10.0,10.0,0.0,5.0,5.0,5.0,5.0
BU17190302,Drimmelen,95,0.0,10.0,5.0,10.0,10.0,30.0,20.0,15.0
BU17190303,Drimmelen,55,0.0,5.0,10.0,5.0,5.0,10.0,15.0,5.0
BU17190304,Drimmelen,30,0.0,0.0,0.0,5.0,0.0,5.0,5.0,5.0
BU17190305,Drimmelen,85,0.0,15.0,10.0,5.0,5.0,25.0,10.0,15.0
BU17190306,Drimmelen,105,0.0,15.0,25.0,15.0,5.0,20.0,15.0,10.0
BU17190307,Drimmelen,175,0.0,30.0,20.0,10.0,10.0,30.0,45.0,25.0
BU17190308,Drimmelen,30,0.0,0.0,5.0,5.0,5.0,15.0,5.0,5.0
BU17190309,Drimmelen,80,5.0,15.0,10.0,5.0,5.0,15.0,10.0,15.0
BU17190401,Drimmelen,80,25.0,15.0,15.0,5.0,5.0,15.0,5.0,5.0
BU17190402,Drimmelen,140,5.0,15.0,20.0,15.0,10.0,35.0,25.0,20.0
BU17190403,Drimmelen,85,0.0,15.0,10.0,5.0,5.0,20.0,15.0,15.0
BU17190501,Drimmelen,35,20.0,5.0,5.0,0.0,0.0,0.0,0.0,0.0
BU17190502,Drimmelen,10,,,,,,,,
BU17190503,Drimmelen,110,10.0,15.0,30.0,5.0,5.0,30.0,10.0,5.0
BU17190504,Drimmelen,120,5.0,25.0,20.0,5.0,10.0,25.0,15.0,15.0
BU17190505,Drimmelen,60,0.0,15.0,10.0,0.0,5.0,15.0,10.0,0.0
BU17190601,Drimmelen,50,35.0,5.0,5.0,0.0,0.0,0.0,0.0,5.0
BU17190602,Drimmelen,65,0.0,5.0,5.0,15.0,15.0,20.0,5.0,0.0
BU17190603,Drimmelen,235,10.0,45.0,40.0,15.0,15.0,50.0,30.0,30.0
BU17190604,Drimmelen,60,0.0,10.0,5.0,5.0,0.0,10.0,10.0,15.0
BU17190605,Drimmelen,35,10.0,5.0,5.0,0.0,0.0,5.0,5.0,5.0
BU17190606,Drimmelen,45,0.0,5.0,10.0,5.0,0.0,5.0,5.0,5.0
BU17190607,Drimmelen,70,0.0,15.0,10.0,5.0,5.0,20.0,10.0,5.0
BU03030101,Dronten,15,,,,,,,,
BU03030102,Dronten,360,0.0,55.0,150.0,20.0,25.0,65.0,20.0,20.0
BU03030103,Dronten,415,15.0,40.0,50.0,40.0,35.0,115.0,75.0,45.0
BU03030104,Dronten,370,15.0,45.0,40.0,35.0,40.0,85.0,80.0,35.0
BU03030105,Dronten,50,0.0,0.0,5.0,5.0,0.0,15.0,20.0,5.0
BU03030210,Dronten,65,0.0,10.0,30.0,0.0,10.0,5.0,5.0,0.0
BU03030211,Dronten,120,5.0,25.0,50.0,5.0,10.0,20.0,0.0,5.0
BU03030212,Dronten,50,0.0,15.0,15.0,5.0,5.0,5.0,5.0,5.0
BU03030213,Dronten,125,5.0,25.0,15.0,10.0,5.0,20.0,20.0,25.0
BU03030320,Dronten,240,5.0,10.0,105.0,5.0,20.0,35.0,40.0,25.0
BU03030321,Dronten,185,10.0,30.0,20.0,10.0,5.0,40.0,45.0,20.0
BU03030322,Dronten,80,5.0,10.0,10.0,5.0,5.0,20.0,15.0,10.0
BU03030323,Dronten,80,5.0,5.0,5.0,5.0,20.0,15.0,10.0,15.0
BU03030324,Dronten,50,0.0,15.0,5.0,10.0,0.0,10.0,5.0,5.0
BU03030430,Dronten,165,5.0,20.0,20.0,10.0,10.0,45.0,40.0,20.0
BU03030431,Dronten,165,5.0,10.0,25.0,10.0,20.0,45.0,35.0,10.0
BU03030432,Dronten,110,0.0,20.0,15.0,5.0,10.0,20.0,25.0,10.0
BU03030433,Dronten,85,5.0,15.0,15.0,10.0,5.0,15.0,10.0,10.0
BU03030434,Dronten,135,5.0,20.0,15.0,15.0,15.0,30.0,20.0,15.0
BU03030435,Dronten,160,0.0,5.0,15.0,5.0,30.0,70.0,25.0,15.0
BU03030548,Dronten,10,,,,,,,,
BU03030549,Dronten,105,0.0,15.0,20.0,10.0,10.0,25.0,20.0,10.0
BU03030550,Dronten,390,235.0,25.0,40.0,10.0,25.0,20.0,25.0,20.0
BU03030601,Dronten,25,0.0,5.0,5.0,0.0,0.0,5.0,5.0,0.0
BU03030602,Dronten,125,0.0,30.0,10.0,10.0,5.0,20.0,20.0,30.0
BU03030603,Dronten,40,0.0,10.0,10.0,5.0,5.0,5.0,5.0,5.0
BU03030604,Dronten,25,0.0,0.0,15.0,0.0,0.0,0.0,5.0,5.0
BU03030605,Dronten,100,5.0,25.0,15.0,10.0,5.0,10.0,20.0,5.0
BU03030606,Dronten,115,5.0,20.0,20.0,5.0,5.0,20.0,15.0,20.0
BU03030607,Dronten,35,0.0,5.0,5.0,5.0,0.0,5.0,5.0,5.0
BU03030608,Dronten,80,0.0,30.0,25.0,5.0,10.0,10.0,0.0,0.0
BU03030609,Dronten,45,0.0,20.0,10.0,0.0,0.0,10.0,0.0,0.0
BU03030620,Dronten,415,195.0,25.0,45.0,20.0,25.0,45.0,30.0,30.0
BU03030701,Dronten,50,5.0,10.0,10.0,0.0,5.0,15.0,5.0,5.0
BU03030702,Dronten,25,0.0,0.0,15.0,0.0,0.0,0.0,0.0,5.0
BU03030703,Dronten,85,5.0,10.0,15.0,5.0,5.0,15.0,25.0,5.0
BU03030704,Dronten,90,0.0,30.0,10.0,15.0,0.0,10.0,10.0,5.0
BU03030705,Dronten,205,10.0,30.0,30.0,20.0,15.0,45.0,35.0,25.0
BU03030706,Dronten,45,5.0,15.0,15.0,0.0,5.0,5.0,0.0,5.0
BU03030707,Dronten,30,0.0,10.0,10.0,0.0,0.0,0.0,0.0,0.0
BU03030708,Dronten,20,,,,,,,,
BU03030720,Dronten,170,100.0,25.0,10.0,5.0,10.0,5.0,5.0,5.0
BU02250001,Druten,770,10.0,100.0,155.0,35.0,80.0,150.0,155.0,85.0
BU02250002,Druten,300,0.0,50.0,45.0,25.0,15.0,55.0,65.0,45.0
BU02250003,Druten,215,0.0,20.0,25.0,15.0,20.0,60.0,45.0,25.0
BU02250004,Druten,190,5.0,35.0,55.0,15.0,15.0,40.0,10.0,15.0
BU02250005,Druten,0,,,,,,,,
BU02250006,Druten,15,,,,,,,,
BU02250101,Druten,145,0.0,25.0,20.0,5.0,15.0,25.0,30.0,20.0
BU02250102,Druten,30,10.0,5.0,5.0,0.0,5.0,0.0,0.0,0.0
BU02250201,Druten,125,5.0,20.0,15.0,10.0,5.0,30.0,20.0,15.0
BU02250202,Druten,55,15.0,5.0,5.0,0.0,5.0,10.0,5.0,5.0
BU02250203,Druten,0,,,,,,,,
BU02250301,Druten,200,5.0,40.0,40.0,15.0,10.0,40.0,25.0,20.0
BU02250302,Druten,30,5.0,5.0,5.0,0.0,0.0,5.0,5.0,5.0
BU02250303,Druten,5,,,,,,,,
BU02250401,Druten,120,10.0,25.0,15.0,5.0,10.0,25.0,20.0,10.0
BU02250402,Druten,40,10.0,5.0,5.0,0.0,0.0,10.0,5.0,0.0
BU02250403,Druten,110,45.0,10.0,10.0,0.0,10.0,20.0,5.0,5.0
BU02260101,Duiven,470,0.0,85.0,190.0,45.0,40.0,90.0,5.0,10.0
BU02260201,Duiven,45,20.0,5.0,5.0,0.0,0.0,5.0,0.0,0.0
BU02260301,Duiven,215,5.0,40.0,40.0,20.0,5.0,45.0,35.0,25.0
BU02260302,Duiven,185,0.0,30.0,20.0,20.0,10.0,40.0,50.0,15.0
BU02260303,Duiven,165,0.0,10.0,65.0,5.0,10.0,30.0,25.0,25.0
BU02260304,Duiven,220,0.0,35.0,55.0,15.0,15.0,40.0,30.0,25.0
BU02260305,Duiven,145,0.0,10.0,25.0,20.0,15.0,40.0,35.0,10.0
BU02260306,Duiven,55,0.0,5.0,5.0,5.0,5.0,15.0,15.0,5.0
BU02260307,Duiven,90,0.0,10.0,15.0,5.0,10.0,15.0,25.0,10.0
BU02260308,Duiven,135,0.0,10.0,20.0,10.0,15.0,35.0,30.0,15.0
BU02260401,Duiven,255,0.0,15.0,25.0,25.0,20.0,75.0,60.0,25.0
BU02260402,Duiven,405,0.0,40.0,45.0,35.0,40.0,110.0,95.0,40.0
BU02260501,Duiven,300,35.0,60.0,40.0,15.0,40.0,50.0,30.0,35.0
BU02260601,Duiven,125,5.0,10.0,15.0,5.0,20.0,25.0,25.0,15.0
BU17110101,Echt-Susteren,5,,,,,,,,
BU17110102,Echt-Susteren,40,0.0,5.0,0.0,5.0,5.0,15.0,10.0,5.0
BU17110103,Echt-Susteren,115,0.0,20.0,20.0,5.0,5.0,20.0,30.0,15.0
BU17110104,Echt-Susteren,85,0.0,15.0,5.0,5.0,10.0,15.0,20.0,15.0
BU17110105,Echt-Susteren,105,0.0,20.0,15.0,5.0,10.0,25.0,15.0,20.0
BU17110106,Echt-Susteren,90,0.0,10.0,25.0,5.0,5.0,15.0,20.0,10.0
BU17110107,Echt-Susteren,20,,,,,,,,
BU17110108,Echt-Susteren,25,0.0,5.0,5.0,0.0,0.0,5.0,0.0,5.0
BU17110153,Echt-Susteren,105,0.0,30.0,35.0,5.0,5.0,20.0,0.0,0.0
BU17110209,Echt-Susteren,75,10.0,10.0,15.0,0.0,5.0,15.0,10.0,10.0
BU17110210,Echt-Susteren,35,10.0,5.0,5.0,0.0,0.0,0.0,0.0,5.0
BU17110311,Echt-Susteren,100,0.0,25.0,20.0,5.0,0.0,20.0,10.0,15.0
BU17110312,Echt-Susteren,10,,,,,,,,
BU17110313,Echt-Susteren,25,10.0,0.0,5.0,0.0,0.0,5.0,0.0,5.0
BU17110414,Echt-Susteren,25,0.0,5.0,5.0,0.0,5.0,5.0,5.0,0.0
BU17110415,Echt-Susteren,5,,,,,,,,
BU17110416,Echt-Susteren,10,,,,,,,,
BU17110417,Echt-Susteren,115,5.0,15.0,20.0,0.0,5.0,25.0,20.0,20.0
BU17110418,Echt-Susteren,5,,,,,,,,
BU17110419,Echt-Susteren,5,,,,,,,,
BU17110456,Echt-Susteren,0,,,,,,,,
BU17110520,Echt-Susteren,5,,,,,,,,
BU17110521,Echt-Susteren,50,10.0,5.0,10.0,0.0,5.0,5.0,10.0,5.0
BU17110522,Echt-Susteren,215,5.0,50.0,90.0,5.0,20.0,30.0,5.0,10.0
BU17110523,Echt-Susteren,70,0.0,15.0,30.0,5.0,10.0,5.0,0.0,5.0
BU17110524,Echt-Susteren,540,5.0,45.0,130.0,20.0,45.0,105.0,110.0,70.0
BU17110525,Echt-Susteren,185,0.0,15.0,40.0,20.0,15.0,35.0,35.0,25.0
BU17110526,Echt-Susteren,25,0.0,5.0,5.0,0.0,5.0,5.0,5.0,0.0
BU17110527,Echt-Susteren,10,,,,,,,,
BU17110528,Echt-Susteren,5,,,,,,,,
BU17110547,Echt-Susteren,5,,,,,,,,
BU17110548,Echt-Susteren,10,,,,,,,,
BU17110549,Echt-Susteren,0,,,,,,,,
BU17110551,Echt-Susteren,0,,,,,,,,
BU17110554,Echt-Susteren,10,,,,,,,,
BU17110555,Echt-Susteren,0,,,,,,,,
BU17110628,Echt-Susteren,105,55.0,10.0,10.0,5.0,5.0,15.0,5.0,5.0
BU17110629,Echt-Susteren,15,,,,,,,,
BU17110630,Echt-Susteren,110,5.0,15.0,15.0,10.0,5.0,20.0,20.0,20.0
BU17110731,Echt-Susteren,80,5.0,10.0,15.0,5.0,10.0,10.0,10.0,15.0
BU17110732,Echt-Susteren,335,5.0,55.0,80.0,20.0,25.0,40.0,65.0,40.0
BU17110733,Echt-Susteren,25,10.0,0.0,5.0,0.0,0.0,0.0,5.0,5.0
BU17110734,Echt-Susteren,0,,,,,,,,
BU17110735,Echt-Susteren,140,0.0,20.0,35.0,0.0,5.0,20.0,30.0,25.0
BU17110750,Echt-Susteren,0,,,,,,,,
BU17110836,Echt-Susteren,20,,,,,,,,
BU17110837,Echt-Susteren,80,0.0,10.0,15.0,5.0,5.0,20.0,15.0,10.0
BU17110938,Echt-Susteren,10,,,,,,,,
BU17110939,Echt-Susteren,150,0.0,25.0,30.0,5.0,5.0,30.0,40.0,20.0
BU17110940,Echt-Susteren,95,0.0,15.0,15.0,10.0,5.0,20.0,15.0,15.0
BU17111041,Echt-Susteren,120,5.0,20.0,15.0,5.0,10.0,30.0,20.0,15.0
BU17111042,Echt-Susteren,40,15.0,5.0,5.0,5.0,0.0,0.0,5.0,5.0
BU17111143,Echt-Susteren,185,15.0,35.0,45.0,5.0,10.0,25.0,20.0,25.0
BU17111144,Echt-Susteren,20,,,,,,,,
BU17111145,Echt-Susteren,10,,,,,,,,
BU17111146,Echt-Susteren,5,,,,,,,,
BU17111152,Echt-Susteren,0,,,,,,,,
BU03850001,Edam-Volendam,475,0.0,55.0,80.0,25.0,45.0,130.0,70.0,70.0
BU03850002,Edam-Volendam,195,0.0,70.0,45.0,10.0,20.0,30.0,5.0,10.0
BU03850003,Edam-Volendam,100,0.0,10.0,15.0,5.0,10.0,30.0,25.0,5.0
BU03850004,Edam-Volendam,150,0.0,35.0,20.0,20.0,5.0,30.0,30.0,10.0
BU03850005,Edam-Volendam,100,0.0,20.0,10.0,5.0,10.0,30.0,15.0,10.0
BU03850006,Edam-Volendam,10,,,,,,,,
BU03850101,Edam-Volendam,35,10.0,5.0,5.0,0.0,5.0,5.0,0.0,0.0
BU03850201,Edam-Volendam,695,0.0,210.0,175.0,20.0,75.0,80.0,65.0,65.0
BU03850202,Edam-Volendam,245,0.0,85.0,25.0,10.0,30.0,20.0,35.0,35.0
BU03850203,Edam-Volendam,265,0.0,80.0,50.0,5.0,35.0,40.0,30.0,20.0
BU03850204,Edam-Volendam,155,0.0,70.0,10.0,5.0,20.0,30.0,15.0,10.0
BU03850205,Edam-Volendam,240,0.0,90.0,30.0,5.0,25.0,30.0,35.0,20.0
BU03850206,Edam-Volendam,355,5.0,160.0,35.0,15.0,55.0,50.0,20.0,25.0
BU03850207,Edam-Volendam,145,0.0,70.0,10.0,5.0,5.0,20.0,15.0,15.0
BU03850208,Edam-Volendam,175,0.0,90.0,30.0,5.0,5.0,15.0,15.0,15.0
BU03850209,Edam-Volendam,395,5.0,110.0,105.0,25.0,60.0,55.0,25.0,20.0
BU03850210,Edam-Volendam,445,0.0,195.0,45.0,5.0,65.0,65.0,25.0,35.0
BU03850211,Edam-Volendam,10,,,,,,,,
BU03850212,Edam-Volendam,365,0.0,125.0,30.0,30.0,40.0,45.0,50.0,45.0
BU03850301,Edam-Volendam,90,5.0,15.0,10.0,10.0,10.0,20.0,15.0,5.0
BU03850401,Edam-Volendam,235,10.0,55.0,35.0,15.0,15.0,55.0,30.0,25.0
BU03850402,Edam-Volendam,185,0.0,35.0,25.0,15.0,15.0,45.0,30.0,25.0
BU03850501,Edam-Volendam,145,15.0,25.0,20.0,5.0,15.0,30.0,10.0,20.0
BU03850601,Edam-Volendam,150,20.0,35.0,10.0,10.0,15.0,30.0,20.0,10.0
BU03850701,Edam-Volendam,150,5.0,25.0,25.0,10.0,20.0,30.0,15.0,10.0
BU03850801,Edam-Volendam,25,0.0,0.0,5.0,0.0,5.0,5.0,0.0,5.0
BU03850901,Edam-Volendam,30,5.0,0.0,0.0,0.0,0.0,10.0,5.0,5.0
BU02280101,Ede,680,0.0,50.0,255.0,35.0,60.0,125.0,80.0,80.0
BU02280102,Ede,75,0.0,15.0,15.0,5.0,5.0,10.0,15.0,10.0
BU02280103,Ede,225,0.0,15.0,20.0,20.0,30.0,65.0,55.0,15.0
BU02280104,Ede,325,0.0,35.0,40.0,20.0,45.0,80.0,70.0,40.0
BU02280105,Ede,305,0.0,35.0,35.0,15.0,35.0,75.0,75.0,35.0
BU02280201,Ede,320,0.0,45.0,25.0,25.0,25.0,95.0,65.0,40.0
BU02280202,Ede,235,0.0,40.0,40.0,20.0,10.0,45.0,45.0,35.0
BU02280203,Ede,300,0.0,55.0,65.0,25.0,15.0,55.0,45.0,35.0
BU02280204,Ede,240,0.0,55.0,40.0,15.0,15.0,40.0,40.0,30.0
BU02280205,Ede,240,0.0,20.0,25.0,20.0,20.0,55.0,65.0,30.0
BU02280206,Ede,280,0.0,50.0,75.0,15.0,15.0,50.0,50.0,25.0
BU02280301,Ede,180,0.0,30.0,20.0,20.0,0.0,40.0,40.0,30.0
BU02280302,Ede,130,0.0,20.0,20.0,10.0,5.0,25.0,40.0,15.0
BU02280303,Ede,220,0.0,30.0,35.0,15.0,10.0,40.0,60.0,30.0
BU02280305,Ede,140,0.0,15.0,15.0,10.0,5.0,30.0,35.0,25.0
BU02280306,Ede,165,0.0,30.0,25.0,20.0,10.0,35.0,30.0,20.0
BU02280307,Ede,205,5.0,25.0,25.0,15.0,5.0,45.0,60.0,25.0
BU02280401,Ede,115,0.0,5.0,20.0,10.0,10.0,30.0,30.0,15.0
BU02280402,Ede,205,0.0,20.0,25.0,25.0,10.0,50.0,40.0,30.0
BU02280403,Ede,215,0.0,20.0,30.0,25.0,10.0,55.0,60.0,15.0
BU02280501,Ede,295,5.0,20.0,20.0,35.0,25.0,100.0,55.0,35.0
BU02281001,Ede,255,0.0,50.0,40.0,15.0,15.0,40.0,75.0,25.0
BU02281002,Ede,105,0.0,25.0,10.0,10.0,0.0,20.0,25.0,10.0
BU02281003,Ede,480,5.0,60.0,75.0,35.0,25.0,125.0,100.0,55.0
BU02281004,Ede,335,5.0,15.0,25.0,40.0,20.0,105.0,70.0,55.0
BU02281101,Ede,195,0.0,30.0,30.0,15.0,5.0,45.0,40.0,30.0
BU02281102,Ede,120,0.0,20.0,20.0,10.0,5.0,30.0,20.0,20.0
BU02281103,Ede,110,0.0,15.0,5.0,10.0,15.0,30.0,25.0,15.0
BU02281201,Ede,85,0.0,10.0,10.0,5.0,5.0,25.0,15.0,10.0
BU02281202,Ede,145,0.0,10.0,10.0,15.0,5.0,40.0,45.0,15.0
BU02281203,Ede,145,0.0,20.0,30.0,15.0,10.0,30.0,25.0,15.0
BU02281204,Ede,165,0.0,20.0,20.0,20.0,10.0,30.0,50.0,15.0
BU02281301,Ede,355,0.0,55.0,105.0,25.0,35.0,85.0,30.0,25.0
BU02281302,Ede,330,0.0,85.0,110.0,35.0,30.0,55.0,10.0,5.0
BU02281303,Ede,130,0.0,20.0,30.0,15.0,30.0,30.0,5.0,0.0
BU02281304,Ede,210,0.0,45.0,75.0,15.0,30.0,30.0,5.0,5.0
BU02281305,Ede,65,5.0,15.0,20.0,10.0,5.0,10.0,0.0,5.0
BU02281306,Ede,95,0.0,30.0,20.0,10.0,10.0,15.0,0.0,5.0
BU02282031,Ede,90,20.0,20.0,10.0,5.0,15.0,15.0,5.0,5.0
BU02282032,Ede,260,75.0,60.0,30.0,5.0,20.0,40.0,20.0,10.0
BU02282051,Ede,190,15.0,25.0,30.0,15.0,30.0,40.0,25.0,15.0
BU02283001,Ede,405,5.0,40.0,40.0,25.0,35.0,135.0,80.0,50.0
BU02283002,Ede,325,5.0,20.0,35.0,20.0,45.0,115.0,55.0,30.0
BU02283003,Ede,385,5.0,40.0,65.0,20.0,45.0,100.0,80.0,35.0
BU02283004,Ede,420,5.0,45.0,50.0,30.0,50.0,105.0,90.0,45.0
BU02283031,Ede,195,65.0,25.0,20.0,5.0,20.0,25.0,25.0,10.0
BU02283051,Ede,90,5.0,5.0,15.0,0.0,15.0,20.0,20.0,10.0
BU02284001,Ede,475,15.0,125.0,75.0,25.0,60.0,95.0,55.0,30.0
BU02284002,Ede,285,5.0,85.0,60.0,10.0,20.0,50.0,25.0,30.0
BU02284003,Ede,195,5.0,20.0,15.0,10.0,40.0,70.0,20.0,20.0
BU02284031,Ede,375,135.0,100.0,30.0,10.0,30.0,45.0,15.0,5.0
BU02284032,Ede,135,30.0,35.0,15.0,0.0,20.0,15.0,5.0,10.0
BU02284033,Ede,470,65.0,100.0,80.0,25.0,55.0,85.0,35.0,20.0
BU02284034,Ede,400,110.0,115.0,35.0,15.0,30.0,55.0,25.0,15.0
BU02284051,Ede,95,0.0,5.0,25.0,5.0,25.0,15.0,5.0,5.0
BU02285001,Ede,295,5.0,90.0,45.0,15.0,40.0,45.0,40.0,20.0
BU02285031,Ede,320,55.0,70.0,40.0,15.0,35.0,60.0,20.0,20.0
BU02286001,Ede,50,0.0,10.0,10.0,5.0,5.0,10.0,0.0,5.0
BU02286031,Ede,75,15.0,15.0,15.0,5.0,10.0,10.0,0.0,0.0
BU02287001,Ede,280,15.0,90.0,55.0,20.0,15.0,40.0,25.0,25.0
BU02287002,Ede,50,0.0,25.0,5.0,0.0,5.0,5.0,0.0,5.0
BU02287031,Ede,325,125.0,85.0,30.0,10.0,20.0,35.0,10.0,10.0
BU02287051,Ede,0,,,,,,,,
BU02288001,Ede,240,10.0,95.0,45.0,10.0,15.0,30.0,25.0,15.0
BU02288031,Ede,215,50.0,60.0,30.0,15.0,20.0,25.0,5.0,10.0
BU02288051,Ede,35,5.0,5.0,5.0,0.0,0.0,10.0,15.0,5.0
BU02289001,Ede,205,0.0,30.0,40.0,10.0,25.0,50.0,30.0,20.0
BU02289031,Ede,185,45.0,30.0,35.0,10.0,20.0,30.0,0.0,10.0
BU02289051,Ede,20,,,,,,,,
BU02289052,Ede,15,,,,,,,,
BU02289053,Ede,15,,,,,,,,
BU03170210,Eemnes,50,0.0,15.0,10.0,5.0,5.0,5.0,0.0,0.0
BU03170211,Eemnes,0,,,,,,,,
BU03170212,Eemnes,80,0.0,15.0,20.0,0.0,5.0,15.0,10.0,10.0
BU03170213,Eemnes,50,25.0,5.0,0.0,0.0,0.0,5.0,0.0,5.0
BU03170214,Eemnes,20,,,,,,,,
BU03170215,Eemnes,55,0.0,5.0,10.0,0.0,5.0,15.0,5.0,5.0
BU03170216,Eemnes,45,5.0,0.0,10.0,0.0,5.0,10.0,5.0,5.0
BU03170217,Eemnes,490,5.0,95.0,60.0,35.0,30.0,135.0,85.0,45.0
BU03170218,Eemnes,200,20.0,25.0,25.0,10.0,30.0,60.0,25.0,10.0
BU03170219,Eemnes,650,5.0,100.0,90.0,55.0,55.0,185.0,85.0,70.0
BU19790101,Eemsdelta,210,0.0,20.0,90.0,25.0,10.0,10.0,20.0,25.0
BU19790202,Eemsdelta,85,0.0,5.0,10.0,35.0,5.0,15.0,10.0,5.0
BU19790203,Eemsdelta,70,0.0,10.0,10.0,5.0,0.0,10.0,20.0,10.0
BU19790204,Eemsdelta,55,0.0,5.0,5.0,5.0,5.0,15.0,10.0,10.0
BU19790205,Eemsdelta,15,,,,,,,,
BU19790221,Eemsdelta,5,,,,,,,,
BU19790306,Eemsdelta,55,0.0,0.0,5.0,10.0,10.0,10.0,5.0,5.0
BU19790307,Eemsdelta,85,0.0,20.0,20.0,5.0,5.0,10.0,10.0,15.0
BU19790308,Eemsdelta,50,0.0,15.0,15.0,15.0,0.0,0.0,5.0,0.0
BU19790309,Eemsdelta,80,0.0,15.0,20.0,30.0,10.0,5.0,0.0,5.0
BU19790410,Eemsdelta,20,,,,,,,,
BU19790411,Eemsdelta,45,0.0,20.0,10.0,5.0,0.0,5.0,5.0,5.0
BU19790412,Eemsdelta,20,,,,,,,,
BU19790413,Eemsdelta,15,,,,,,,,
BU19790414,Eemsdelta,20,,,,,,,,
BU19790415,Eemsdelta,10,,,,,,,,
BU19790518,Eemsdelta,30,0.0,5.0,5.0,0.0,0.0,5.0,10.0,5.0
BU19790519,Eemsdelta,15,,,,,,,,
BU19790520,Eemsdelta,10,,,,,,,,
BU19790622,Eemsdelta,25,0.0,0.0,5.0,0.0,5.0,5.0,5.0,5.0
BU19790623,Eemsdelta,10,,,,,,,,
BU19790624,Eemsdelta,5,,,,,,,,
BU19790625,Eemsdelta,45,0.0,5.0,10.0,10.0,0.0,5.0,5.0,5.0
BU19790626,Eemsdelta,55,0.0,15.0,5.0,0.0,0.0,10.0,5.0,10.0
BU19790646,Eemsdelta,20,,,,,,,,
BU19790647,Eemsdelta,30,0.0,0.0,10.0,0.0,0.0,0.0,10.0,10.0
BU19790727,Eemsdelta,5,,,,,,,,
BU19790728,Eemsdelta,5,,,,,,,,
BU19790730,Eemsdelta,10,,,,,,,,
BU19790733,Eemsdelta,60,5.0,10.0,15.0,5.0,0.0,10.0,10.0,5.0
BU19790734,Eemsdelta,5,,,,,,,,
BU19790735,Eemsdelta,20,,,,,,,,
BU19790736,Eemsdelta,15,,,,,,,,
BU19790737,Eemsdelta,60,10.0,15.0,10.0,0.0,0.0,10.0,10.0,5.0
BU19790738,Eemsdelta,95,0.0,10.0,15.0,20.0,5.0,15.0,15.0,10.0
BU19790739,Eemsdelta,130,65.0,25.0,10.0,0.0,5.0,10.0,10.0,5.0
BU19790829,Eemsdelta,0,,,,,,,,
BU19790831,Eemsdelta,125,0.0,40.0,10.0,40.0,10.0,20.0,5.0,5.0
BU19790932,Eemsdelta,50,5.0,15.0,10.0,0.0,0.0,10.0,0.0,5.0
BU19790940,Eemsdelta,15,,,,,,,,
BU19790941,Eemsdelta,20,,,,,,,,
BU19790942,Eemsdelta,25,5.0,0.0,5.0,0.0,0.0,5.0,0.0,5.0
BU19790943,Eemsdelta,55,5.0,10.0,10.0,5.0,0.0,5.0,10.0,5.0
BU19790944,Eemsdelta,140,10.0,25.0,15.0,10.0,5.0,30.0,25.0,15.0
BU19790945,Eemsdelta,120,70.0,10.0,15.0,5.0,0.0,5.0,10.0,5.0
BU19790948,Eemsdelta,5,,,,,,,,
BU19791016,Eemsdelta,15,,,,,,,,
BU19791017,Eemsdelta,45,0.0,5.0,15.0,0.0,5.0,5.0,5.0,5.0
BU19791149,Eemsdelta,195,0.0,10.0,65.0,5.0,15.0,35.0,40.0,30.0
BU19791150,Eemsdelta,40,0.0,0.0,5.0,5.0,0.0,5.0,10.0,5.0
BU19791151,Eemsdelta,40,0.0,5.0,5.0,0.0,5.0,5.0,15.0,5.0
BU19791252,Eemsdelta,30,0.0,10.0,10.0,0.0,0.0,0.0,5.0,5.0
BU19791253,Eemsdelta,10,,,,,,,,
BU19791254,Eemsdelta,15,,,,,,,,
BU19791255,Eemsdelta,55,0.0,15.0,5.0,5.0,5.0,5.0,15.0,10.0
BU19791256,Eemsdelta,100,0.0,15.0,25.0,10.0,5.0,15.0,15.0,15.0
BU19791257,Eemsdelta,40,0.0,5.0,10.0,5.0,5.0,5.0,5.0,5.0
BU19791258,Eemsdelta,10,,,,,,,,
BU19791359,Eemsdelta,20,,,,,,,,
BU19791360,Eemsdelta,10,,,,,,,,
BU19791361,Eemsdelta,15,,,,,,,,
BU19791362,Eemsdelta,40,0.0,5.0,5.0,5.0,5.0,5.0,10.0,5.0
BU19791363,Eemsdelta,50,0.0,5.0,5.0,0.0,5.0,15.0,10.0,5.0
BU19791364,Eemsdelta,35,0.0,0.0,5.0,5.0,10.0,10.0,10.0,0.0
BU19791465,Eemsdelta,5,,,,,,,,
BU19791466,Eemsdelta,5,,,,,,,,
BU19791467,Eemsdelta,5,,,,,,,,
BU19791468,Eemsdelta,0,,,,,,,,
BU19791469,Eemsdelta,30,15.0,5.0,0.0,5.0,0.0,0.0,5.0,0.0
BU19791570,Eemsdelta,15,,,,,,,,
BU19791571,Eemsdelta,20,,,,,,,,
BU19791572,Eemsdelta,15,,,,,,,,
BU19791673,Eemsdelta,190,5.0,30.0,35.0,5.0,15.0,40.0,35.0,25.0
BU19791674,Eemsdelta,30,0.0,5.0,5.0,5.0,0.0,5.0,5.0,5.0
BU19791675,Eemsdelta,40,5.0,5.0,5.0,0.0,0.0,5.0,5.0,5.0
BU19791676,Eemsdelta,95,45.0,15.0,10.0,0.0,5.0,10.0,10.0,5.0
BU19791777,Eemsdelta,70,5.0,10.0,5.0,5.0,0.0,20.0,15.0,20.0
BU19791778,Eemsdelta,35,0.0,5.0,5.0,5.0,5.0,5.0,5.0,5.0
BU19791779,Eemsdelta,20,,,,,,,,
BU19791780,Eemsdelta,65,40.0,5.0,5.0,5.0,5.0,5.0,5.0,0.0
BU19791881,Eemsdelta,170,5.0,35.0,25.0,5.0,10.0,25.0,35.0,30.0
BU19791882,Eemsdelta,15,,,,,,,,
BU19791883,Eemsdelta,20,,,,,,,,
BU19791884,Eemsdelta,10,,,,,,,,
BU19791885,Eemsdelta,90,40.0,15.0,10.0,5.0,5.0,5.0,10.0,0.0
BU19791986,Eemsdelta,40,0.0,10.0,5.0,5.0,0.0,10.0,5.0,5.0
BU19791987,Eemsdelta,45,5.0,10.0,5.0,0.0,0.0,10.0,10.0,0.0
BU19791988,Eemsdelta,15,,,,,,,,
BU19791989,Eemsdelta,25,0.0,5.0,5.0,0.0,0.0,5.0,5.0,5.0
BU19791990,Eemsdelta,15,,,,,,,,
BU19791991,Eemsdelta,15,,,,,,,,
BU19791992,Eemsdelta,100,45.0,15.0,10.0,0.0,5.0,10.0,15.0,5.0
BU07700000,Eersel,440,0.0,60.0,95.0,15.0,55.0,105.0,65.0,40.0
BU07700001,Eersel,105,0.0,5.0,5.0,5.0,10.0,40.0,30.0,5.0
BU07700002,Eersel,140,0.0,30.0,20.0,5.0,10.0,25.0,30.0,15.0
BU07700003,Eersel,140,0.0,20.0,15.0,0.0,25.0,40.0,30.0,5.0
BU07700004,Eersel,70,0.0,15.0,5.0,5.0,5.0,15.0,20.0,10.0
BU07700005,Eersel,295,5.0,90.0,80.0,20.0,45.0,45.0,10.0,10.0
BU07700006,Eersel,20,,,,,,,,
BU07700007,Eersel,75,10.0,10.0,10.0,5.0,10.0,15.0,10.0,0.0
BU07700008,Eersel,25,5.0,5.0,5.0,0.0,0.0,5.0,5.0,0.0
BU07700009,Eersel,105,35.0,20.0,15.0,5.0,5.0,15.0,5.0,5.0
BU07700010,Eersel,120,0.0,10.0,15.0,5.0,10.0,30.0,40.0,10.0
BU07700100,Eersel,160,0.0,35.0,20.0,10.0,10.0,25.0,35.0,25.0
BU07700101,Eersel,5,,,,,,,,
BU07700102,Eersel,30,0.0,10.0,10.0,0.0,5.0,0.0,0.0,0.0
BU07700109,Eersel,35,15.0,5.0,5.0,0.0,0.0,5.0,5.0,0.0
BU07700200,Eersel,155,5.0,30.0,25.0,5.0,10.0,30.0,25.0,15.0
BU07700209,Eersel,35,5.0,5.0,5.0,0.0,10.0,5.0,5.0,0.0
BU07700300,Eersel,260,10.0,50.0,40.0,10.0,30.0,55.0,45.0,25.0
BU07700309,Eersel,105,50.0,10.0,10.0,0.0,5.0,15.0,5.0,5.0
BU07700400,Eersel,140,5.0,35.0,20.0,10.0,10.0,25.0,20.0,20.0
BU07700409,Eersel,155,55.0,20.0,20.0,0.0,15.0,15.0,15.0,5.0
BU07700500,Eersel,100,0.0,15.0,30.0,5.0,5.0,20.0,20.0,5.0
BU07700501,Eersel,35,5.0,5.0,0.0,5.0,5.0,10.0,5.0,5.0
BU07700509,Eersel,80,20.0,10.0,5.0,5.0,10.0,15.0,5.0,10.0
BU19030000,Eijsden-Margraten,375,10.0,35.0,70.0,25.0,45.0,75.0,70.0,45.0
BU19030001,Eijsden-Margraten,180,0.0,25.0,20.0,10.0,5.0,50.0,45.0,25.0
BU19030002,Eijsden-Margraten,40,5.0,10.0,10.0,0.0,0.0,5.0,0.0,5.0
BU19030003,Eijsden-Margraten,60,5.0,10.0,10.0,0.0,0.0,20.0,5.0,10.0
BU19030004,Eijsden-Margraten,80,5.0,10.0,5.0,5.0,5.0,15.0,20.0,10.0
BU19030005,Eijsden-Margraten,30,5.0,5.0,0.0,0.0,5.0,5.0,10.0,0.0
BU19030009,Eijsden-Margraten,185,5.0,40.0,55.0,10.0,10.0,25.0,20.0,20.0
BU19030100,Eijsden-Margraten,315,5.0,55.0,80.0,15.0,20.0,60.0,50.0,40.0
BU19030101,Eijsden-Margraten,65,0.0,5.0,10.0,10.0,0.0,20.0,10.0,10.0
BU19030200,Eijsden-Margraten,445,15.0,60.0,100.0,20.0,35.0,100.0,75.0,40.0
BU19030201,Eijsden-Margraten,15,,,,,,,,
BU19030202,Eijsden-Margraten,40,10.0,5.0,10.0,0.0,5.0,5.0,5.0,5.0
BU19030203,Eijsden-Margraten,10,,,,,,,,
BU19030204,Eijsden-Margraten,30,5.0,10.0,0.0,0.0,0.0,5.0,5.0,0.0
BU19030205,Eijsden-Margraten,25,5.0,0.0,5.0,5.0,0.0,5.0,5.0,0.0
BU19030300,Eijsden-Margraten,345,5.0,35.0,45.0,20.0,30.0,95.0,70.0,45.0
BU19030301,Eijsden-Margraten,15,,,,,,,,
BU19030302,Eijsden-Margraten,25,0.0,0.0,5.0,0.0,0.0,5.0,5.0,5.0
BU19030303,Eijsden-Margraten,60,5.0,5.0,10.0,5.0,5.0,15.0,10.0,5.0
BU19030304,Eijsden-Margraten,15,,,,,,,,
BU19030309,Eijsden-Margraten,20,,,,,,,,
BU19030400,Eijsden-Margraten,110,5.0,20.0,20.0,0.0,5.0,15.0,25.0,20.0
BU19030401,Eijsden-Margraten,85,15.0,10.0,10.0,0.0,0.0,20.0,15.0,10.0
BU19030402,Eijsden-Margraten,30,5.0,5.0,5.0,0.0,0.0,5.0,5.0,0.0
BU19030403,Eijsden-Margraten,20,,,,,,,,
BU19030404,Eijsden-Margraten,15,,,,,,,,
BU19030409,Eijsden-Margraten,25,5.0,5.0,5.0,0.0,0.0,0.0,0.0,0.0
BU19030500,Eijsden-Margraten,135,10.0,10.0,10.0,5.0,10.0,40.0,35.0,10.0
BU19030501,Eijsden-Margraten,105,10.0,20.0,15.0,5.0,5.0,25.0,10.0,15.0
BU19030502,Eijsden-Margraten,90,5.0,10.0,20.0,5.0,5.0,30.0,10.0,15.0
BU19030503,Eijsden-Margraten,25,5.0,5.0,0.0,0.0,0.0,5.0,5.0,5.0
BU19030504,Eijsden-Margraten,25,5.0,5.0,5.0,0.0,0.0,5.0,5.0,0.0
BU19030505,Eijsden-Margraten,15,,,,,,,,
BU19030509,Eijsden-Margraten,20,,,,,,,,
BU07721110,Eindhoven,1265,0.0,45.0,515.0,95.0,145.0,250.0,90.0,130.0
BU07721120,Eindhoven,720,0.0,40.0,170.0,60.0,115.0,175.0,75.0,85.0
BU07721130,Eindhoven,525,0.0,25.0,75.0,85.0,65.0,175.0,45.0,60.0
BU07721140,Eindhoven,280,0.0,15.0,40.0,45.0,50.0,105.0,20.0,10.0
BU07721150,Eindhoven,205,0.0,15.0,20.0,35.0,5.0,80.0,20.0,35.0
BU07722110,Eindhoven,455,0.0,40.0,90.0,40.0,35.0,125.0,55.0,65.0
BU07722120,Eindhoven,265,0.0,20.0,40.0,25.0,15.0,75.0,45.0,50.0
BU07722130,Eindhoven,265,0.0,10.0,20.0,15.0,60.0,85.0,55.0,20.0
BU07722140,Eindhoven,300,0.0,10.0,30.0,25.0,35.0,95.0,60.0,45.0
BU07722150,Eindhoven,195,0.0,20.0,35.0,20.0,5.0,50.0,40.0,20.0
BU07722160,Eindhoven,180,0.0,25.0,40.0,10.0,30.0,35.0,20.0,20.0
BU07722170,Eindhoven,170,0.0,10.0,30.0,10.0,40.0,45.0,25.0,10.0
BU07722180,Eindhoven,65,0.0,5.0,0.0,5.0,15.0,20.0,15.0,5.0
BU07722210,Eindhoven,230,0.0,30.0,40.0,20.0,15.0,50.0,35.0,40.0
BU07722220,Eindhoven,455,0.0,45.0,50.0,40.0,45.0,115.0,100.0,60.0
BU07722230,Eindhoven,150,0.0,5.0,10.0,5.0,25.0,50.0,30.0,20.0
BU07722240,Eindhoven,135,0.0,0.0,10.0,10.0,40.0,40.0,25.0,5.0
BU07722250,Eindhoven,235,0.0,10.0,10.0,15.0,40.0,85.0,55.0,25.0
BU07722260,Eindhoven,30,0.0,0.0,5.0,0.0,0.0,0.0,10.0,10.0
BU07722300,Eindhoven,170,0.0,10.0,10.0,20.0,15.0,65.0,35.0,10.0
BU07722310,Eindhoven,5,,,,,,,,
BU07722320,Eindhoven,270,0.0,40.0,45.0,25.0,10.0,60.0,60.0,30.0
BU07722330,Eindhoven,185,0.0,25.0,20.0,10.0,15.0,40.0,40.0,25.0
BU07722340,Eindhoven,105,0.0,25.0,25.0,5.0,0.0,15.0,15.0,15.0
BU07722350,Eindhoven,200,0.0,10.0,20.0,20.0,25.0,75.0,35.0,15.0
BU07722360,Eindhoven,135,0.0,10.0,40.0,20.0,0.0,30.0,15.0,20.0
BU07722370,Eindhoven,330,0.0,50.0,45.0,30.0,15.0,90.0,60.0,45.0
BU07722380,Eindhoven,80,0.0,0.0,5.0,5.0,10.0,25.0,20.0,10.0
BU07722390,Eindhoven,0,,,,,,,,
BU07722399,Eindhoven,25,0.0,0.0,5.0,0.0,5.0,5.0,5.0,5.0
BU07723110,Eindhoven,525,0.0,40.0,50.0,35.0,100.0,180.0,80.0,35.0
BU07723120,Eindhoven,430,0.0,55.0,115.0,25.0,15.0,95.0,75.0,45.0
BU07723210,Eindhoven,460,0.0,85.0,85.0,45.0,25.0,120.0,50.0,55.0
BU07723220,Eindhoven,235,0.0,35.0,40.0,25.0,5.0,50.0,35.0,45.0
BU07723280,Eindhoven,155,0.0,10.0,20.0,20.0,15.0,45.0,25.0,15.0
BU07723330,Eindhoven,540,0.0,65.0,85.0,40.0,30.0,175.0,60.0,80.0
BU07723340,Eindhoven,25,0.0,5.0,10.0,0.0,0.0,5.0,5.0,0.0
BU07723350,Eindhoven,265,0.0,35.0,50.0,15.0,10.0,65.0,50.0,35.0
BU07723360,Eindhoven,90,0.0,5.0,5.0,0.0,25.0,30.0,20.0,10.0
BU07723370,Eindhoven,65,0.0,5.0,10.0,5.0,10.0,25.0,10.0,5.0
BU07724100,Eindhoven,90,0.0,10.0,10.0,10.0,5.0,20.0,25.0,10.0
BU07724110,Eindhoven,275,0.0,45.0,50.0,40.0,10.0,55.0,30.0,45.0
BU07724120,Eindhoven,415,0.0,55.0,110.0,50.0,15.0,75.0,50.0,60.0
BU07724130,Eindhoven,255,0.0,20.0,90.0,35.0,20.0,30.0,30.0,25.0
BU07724140,Eindhoven,75,0.0,5.0,10.0,15.0,5.0,20.0,15.0,10.0
BU07724210,Eindhoven,555,0.0,55.0,90.0,60.0,15.0,135.0,100.0,105.0
BU07724220,Eindhoven,375,0.0,55.0,50.0,50.0,15.0,85.0,70.0,50.0
BU07724230,Eindhoven,180,0.0,20.0,25.0,20.0,5.0,50.0,35.0,30.0
BU07724240,Eindhoven,265,0.0,40.0,60.0,30.0,10.0,45.0,50.0,30.0
BU07724250,Eindhoven,295,0.0,30.0,65.0,30.0,20.0,50.0,80.0,30.0
BU07724260,Eindhoven,10,,,,,,,,
BU07724310,Eindhoven,355,0.0,55.0,65.0,45.0,10.0,80.0,65.0,35.0
BU07724320,Eindhoven,115,0.0,20.0,20.0,10.0,5.0,30.0,20.0,15.0
BU07724330,Eindhoven,25,0.0,0.0,0.0,0.0,0.0,0.0,20.0,5.0
BU07724340,Eindhoven,230,0.0,35.0,45.0,25.0,15.0,55.0,35.0,25.0
BU07724350,Eindhoven,180,0.0,10.0,15.0,15.0,20.0,55.0,55.0,10.0
BU07724360,Eindhoven,0,,,,,,,,
BU07725110,Eindhoven,115,0.0,10.0,15.0,10.0,5.0,25.0,25.0,25.0
BU07725120,Eindhoven,325,0.0,50.0,40.0,30.0,15.0,65.0,70.0,55.0
BU07725130,Eindhoven,180,0.0,35.0,30.0,20.0,0.0,25.0,45.0,20.0
BU07725140,Eindhoven,155,0.0,20.0,20.0,20.0,10.0,35.0,35.0,20.0
BU07725150,Eindhoven,200,0.0,15.0,115.0,10.0,10.0,20.0,10.0,20.0
BU07725160,Eindhoven,240,0.0,45.0,45.0,40.0,5.0,45.0,30.0,35.0
BU07725200,Eindhoven,195,0.0,55.0,60.0,10.0,25.0,30.0,5.0,10.0
BU07725210,Eindhoven,415,5.0,40.0,70.0,25.0,70.0,120.0,55.0,25.0
BU07725220,Eindhoven,620,0.0,90.0,110.0,60.0,35.0,165.0,110.0,50.0
BU07725230,Eindhoven,405,0.0,70.0,60.0,35.0,30.0,105.0,60.0,45.0
BU07725240,Eindhoven,295,0.0,50.0,50.0,30.0,15.0,60.0,55.0,35.0
BU07725310,Eindhoven,390,0.0,60.0,85.0,45.0,20.0,80.0,60.0,40.0
BU07725320,Eindhoven,435,0.0,65.0,85.0,50.0,15.0,90.0,80.0,55.0
BU07725330,Eindhoven,235,0.0,20.0,30.0,25.0,25.0,65.0,45.0,25.0
BU07725340,Eindhoven,705,0.0,70.0,110.0,65.0,80.0,185.0,125.0,70.0
BU07725350,Eindhoven,20,,,,,,,,
BU07725410,Eindhoven,395,5.0,65.0,80.0,55.0,15.0,70.0,70.0,35.0
BU07725420,Eindhoven,120,0.0,5.0,10.0,15.0,20.0,50.0,15.0,10.0
BU07725430,Eindhoven,385,0.0,75.0,70.0,35.0,10.0,70.0,75.0,40.0
BU07725440,Eindhoven,240,0.0,30.0,35.0,25.0,15.0,50.0,55.0,30.0
BU07725450,Eindhoven,120,0.0,15.0,30.0,15.0,15.0,35.0,5.0,5.0
BU07725460,Eindhoven,25,5.0,0.0,5.0,0.0,0.0,0.0,5.0,5.0
BU07726110,Eindhoven,330,0.0,25.0,40.0,25.0,25.0,105.0,60.0,45.0
BU07726120,Eindhoven,470,0.0,35.0,65.0,40.0,30.0,150.0,75.0,75.0
BU07726130,Eindhoven,145,0.0,10.0,25.0,15.0,10.0,50.0,15.0,20.0
BU07726140,Eindhoven,165,0.0,25.0,25.0,20.0,10.0,45.0,25.0,15.0
BU07726150,Eindhoven,345,0.0,30.0,65.0,40.0,15.0,115.0,30.0,50.0
BU07726160,Eindhoven,1195,0.0,45.0,150.0,215.0,65.0,495.0,100.0,125.0
BU07726210,Eindhoven,850,5.0,160.0,220.0,85.0,70.0,240.0,35.0,35.0
BU07726220,Eindhoven,500,0.0,80.0,110.0,30.0,20.0,115.0,80.0,65.0
BU07726230,Eindhoven,255,0.0,45.0,45.0,20.0,15.0,50.0,55.0,25.0
BU07726240,Eindhoven,185,0.0,30.0,25.0,20.0,10.0,50.0,25.0,25.0
BU07726250,Eindhoven,330,0.0,30.0,35.0,40.0,40.0,115.0,40.0,30.0
BU07726260,Eindhoven,25,0.0,0.0,0.0,0.0,10.0,10.0,5.0,0.0
BU07726270,Eindhoven,10,,,,,,,,
BU07726280,Eindhoven,110,0.0,10.0,40.0,30.0,5.0,15.0,0.0,5.0
BU07726310,Eindhoven,35,0.0,5.0,5.0,5.0,0.0,10.0,5.0,0.0
BU07726320,Eindhoven,15,,,,,,,,
BU07726330,Eindhoven,450,0.0,35.0,65.0,55.0,30.0,135.0,95.0,30.0
BU07726340,Eindhoven,220,0.0,20.0,35.0,20.0,15.0,70.0,30.0,30.0
BU07726350,Eindhoven,220,0.0,15.0,35.0,35.0,25.0,65.0,30.0,20.0
BU07726360,Eindhoven,55,0.0,10.0,20.0,5.0,5.0,10.0,5.0,5.0
BU07726370,Eindhoven,475,0.0,30.0,95.0,95.0,80.0,145.0,25.0,15.0
BU07726380,Eindhoven,40,0.0,5.0,10.0,10.0,5.0,10.0,0.0,0.0
BU07726390,Eindhoven,55,0.0,5.0,5.0,5.0,5.0,15.0,15.0,5.0
BU07726399,Eindhoven,95,0.0,10.0,15.0,15.0,5.0,20.0,25.0,10.0
BU07727110,Eindhoven,575,0.0,40.0,80.0,35.0,55.0,190.0,110.0,65.0
BU07727120,Eindhoven,265,0.0,30.0,45.0,15.0,10.0,75.0,50.0,35.0
BU07727130,Eindhoven,80,0.0,5.0,15.0,10.0,0.0,15.0,25.0,10.0
BU07727210,Eindhoven,265,0.0,30.0,30.0,40.0,15.0,70.0,45.0,35.0
BU07727220,Eindhoven,230,0.0,35.0,45.0,25.0,10.0,55.0,30.0,25.0
BU07727230,Eindhoven,175,0.0,10.0,30.0,15.0,15.0,50.0,25.0,35.0
BU07727240,Eindhoven,315,0.0,75.0,70.0,30.0,5.0,55.0,40.0,40.0
BU07727250,Eindhoven,235,0.0,55.0,35.0,20.0,5.0,45.0,50.0,30.0
BU07727260,Eindhoven,25,0.0,0.0,10.0,0.0,0.0,5.0,5.0,5.0
BU07727270,Eindhoven,245,0.0,25.0,15.0,60.0,20.0,105.0,5.0,15.0
BU07727310,Eindhoven,405,0.0,55.0,55.0,45.0,25.0,125.0,60.0,30.0
BU07727320,Eindhoven,260,0.0,40.0,45.0,25.0,15.0,45.0,60.0,30.0
BU07727330,Eindhoven,100,0.0,10.0,10.0,10.0,20.0,25.0,20.0,10.0
BU02300100,Elburg,220,0.0,25.0,85.0,10.0,20.0,35.0,15.0,35.0
BU02300101,Elburg,310,5.0,70.0,90.0,15.0,25.0,45.0,30.0,30.0
BU02300102,Elburg,170,5.0,40.0,20.0,10.0,10.0,30.0,35.0,15.0
BU02300103,Elburg,135,0.0,35.0,30.0,10.0,0.0,25.0,25.0,10.0
BU02300104,Elburg,300,10.0,45.0,45.0,25.0,25.0,60.0,70.0,25.0
BU02300105,Elburg,40,0.0,5.0,5.0,5.0,5.0,10.0,5.0,5.0
BU02300108,Elburg,75,15.0,15.0,20.0,5.0,5.0,10.0,5.0,0.0
BU02300109,Elburg,65,5.0,15.0,5.0,5.0,5.0,10.0,10.0,5.0
BU02300201,Elburg,280,5.0,80.0,55.0,10.0,15.0,45.0,40.0,30.0
BU02300202,Elburg,145,0.0,30.0,20.0,10.0,15.0,35.0,30.0,10.0
BU02300203,Elburg,90,0.0,15.0,25.0,10.0,0.0,20.0,10.0,10.0
BU02300207,Elburg,145,25.0,20.0,15.0,10.0,10.0,30.0,20.0,10.0
BU02300209,Elburg,5,,,,,,,,
BU02300300,Elburg,150,10.0,40.0,35.0,10.0,5.0,25.0,15.0,5.0
BU02300304,Elburg,100,10.0,35.0,15.0,5.0,5.0,15.0,10.0,5.0
BU02300306,Elburg,95,30.0,15.0,10.0,10.0,5.0,10.0,5.0,10.0
BU02300308,Elburg,175,25.0,35.0,25.0,10.0,15.0,40.0,20.0,5.0
BU01140100,Emmen,70,5.0,15.0,25.0,5.0,0.0,10.0,5.0,10.0
BU01140101,Emmen,150,5.0,40.0,35.0,5.0,5.0,15.0,20.0,20.0
BU01140102,Emmen,35,0.0,5.0,15.0,0.0,0.0,5.0,5.0,0.0
BU01140103,Emmen,35,10.0,10.0,10.0,0.0,0.0,5.0,5.0,0.0
BU01140104,Emmen,35,5.0,5.0,15.0,0.0,0.0,5.0,0.0,0.0
BU01140106,Emmen,10,,,,,,,,
BU01140109,Emmen,35,15.0,5.0,5.0,0.0,0.0,0.0,5.0,0.0
BU01140200,Emmen,45,5.0,5.0,10.0,0.0,0.0,5.0,5.0,10.0
BU01140206,Emmen,15,,,,,,,,
BU01140208,Emmen,35,10.0,5.0,5.0,0.0,0.0,5.0,0.0,5.0
BU01140209,Emmen,30,10.0,5.0,5.0,0.0,0.0,0.0,5.0,0.0
BU01140300,Emmen,305,10.0,90.0,70.0,5.0,15.0,35.0,45.0,40.0
BU01140301,Emmen,215,15.0,55.0,40.0,10.0,10.0,25.0,25.0,30.0
BU01140302,Emmen,45,5.0,10.0,10.0,5.0,0.0,5.0,5.0,5.0
BU01140303,Emmen,55,5.0,10.0,15.0,10.0,0.0,5.0,5.0,5.0
BU01140304,Emmen,15,,,,,,,,
BU01140309,Emmen,45,15.0,5.0,5.0,0.0,0.0,5.0,5.0,5.0
BU01140400,Emmen,70,5.0,15.0,20.0,5.0,0.0,5.0,10.0,10.0
BU01140401,Emmen,20,,,,,,,,
BU01140402,Emmen,20,,,,,,,,
BU01140408,Emmen,25,5.0,5.0,5.0,5.0,0.0,0.0,5.0,5.0
BU01140409,Emmen,5,,,,,,,,
BU01140500,Emmen,105,0.0,30.0,20.0,5.0,10.0,10.0,10.0,20.0
BU01140502,Emmen,100,5.0,25.0,30.0,5.0,5.0,15.0,10.0,10.0
BU01140503,Emmen,30,0.0,5.0,10.0,0.0,0.0,5.0,0.0,0.0
BU01140504,Emmen,10,,,,,,,,
BU01140509,Emmen,0,,,,,,,,
BU01140600,Emmen,390,10.0,70.0,105.0,25.0,20.0,55.0,55.0,50.0
BU01140601,Emmen,5,,,,,,,,
BU01140608,Emmen,30,5.0,5.0,5.0,0.0,0.0,10.0,0.0,5.0
BU01140609,Emmen,20,,,,,,,,
BU01140700,Emmen,315,10.0,55.0,70.0,10.0,25.0,50.0,50.0,45.0
BU01140701,Emmen,25,0.0,5.0,5.0,0.0,5.0,0.0,5.0,5.0
BU01140702,Emmen,55,20.0,0.0,10.0,5.0,5.0,5.0,0.0,5.0
BU01140707,Emmen,15,,,,,,,,
BU01140708,Emmen,40,10.0,5.0,10.0,0.0,5.0,5.0,5.0,5.0
BU01140709,Emmen,45,10.0,0.0,10.0,0.0,0.0,10.0,5.0,10.0
BU01140800,Emmen,435,5.0,90.0,105.0,20.0,35.0,55.0,65.0,55.0
BU01140801,Emmen,450,5.0,105.0,120.0,15.0,30.0,60.0,55.0,60.0
BU01140802,Emmen,30,0.0,5.0,10.0,0.0,0.0,5.0,5.0,5.0
BU01140803,Emmen,25,0.0,5.0,5.0,0.0,5.0,0.0,5.0,5.0
BU01140804,Emmen,10,,,,,,,,
BU01140806,Emmen,15,,,,,,,,
BU01140807,Emmen,55,30.0,5.0,10.0,0.0,0.0,10.0,0.0,0.0
BU01140809,Emmen,30,10.0,5.0,5.0,0.0,0.0,0.0,5.0,0.0
BU01140900,Emmen,250,5.0,105.0,40.0,10.0,10.0,25.0,35.0,20.0
BU01140901,Emmen,30,0.0,15.0,5.0,0.0,0.0,5.0,0.0,0.0
BU01140909,Emmen,5,,,,,,,,
BU01141000,Emmen,255,10.0,40.0,45.0,20.0,15.0,45.0,45.0,35.0
BU01141001,Emmen,40,10.0,0.0,10.0,0.0,5.0,10.0,0.0,5.0
BU01141002,Emmen,30,10.0,0.0,5.0,0.0,0.0,5.0,5.0,0.0
BU01141003,Emmen,40,0.0,5.0,5.0,5.0,0.0,5.0,5.0,5.0
BU01141004,Emmen,70,0.0,30.0,20.0,5.0,5.0,10.0,0.0,0.0
BU01141009,Emmen,40,5.0,10.0,5.0,0.0,0.0,5.0,10.0,5.0
BU01141300,Emmen,165,5.0,35.0,45.0,10.0,10.0,25.0,15.0,20.0
BU01141308,Emmen,5,,,,,,,,
BU01141309,Emmen,5,,,,,,,,
BU01142100,Emmen,45,0.0,15.0,5.0,0.0,5.0,5.0,10.0,5.0
BU01142101,Emmen,45,15.0,5.0,5.0,5.0,5.0,0.0,0.0,5.0
BU01142102,Emmen,45,15.0,5.0,10.0,0.0,0.0,5.0,0.0,5.0
BU01142109,Emmen,5,,,,,,,,
BU01143200,Emmen,90,5.0,25.0,20.0,0.0,5.0,15.0,10.0,15.0
BU01143201,Emmen,15,,,,,,,,
BU01143209,Emmen,10,,,,,,,,
BU01144000,Emmen,765,0.0,35.0,330.0,30.0,85.0,125.0,85.0,80.0
BU01144100,Emmen,145,0.0,15.0,30.0,5.0,25.0,25.0,35.0,15.0
BU01144101,Emmen,270,0.0,15.0,30.0,5.0,35.0,55.0,105.0,25.0
BU01144200,Emmen,480,0.0,55.0,130.0,25.0,40.0,80.0,85.0,70.0
BU01144300,Emmen,345,5.0,50.0,95.0,15.0,15.0,60.0,75.0,35.0
BU01144400,Emmen,340,5.0,40.0,70.0,20.0,15.0,65.0,80.0,45.0
BU01144500,Emmen,70,0.0,10.0,15.0,0.0,5.0,10.0,20.0,10.0
BU01144600,Emmen,570,0.0,65.0,75.0,45.0,25.0,140.0,135.0,80.0
BU01144700,Emmen,590,5.0,40.0,85.0,40.0,45.0,150.0,140.0,85.0
BU01144800,Emmen,215,0.0,20.0,25.0,20.0,25.0,70.0,25.0,30.0
BU01144900,Emmen,105,0.0,5.0,10.0,10.0,10.0,25.0,30.0,10.0
BU01145000,Emmen,370,10.0,95.0,75.0,15.0,50.0,55.0,35.0,40.0
BU01145100,Emmen,90,10.0,10.0,20.0,5.0,10.0,15.0,15.0,10.0
BU01145101,Emmen,35,5.0,0.0,0.0,5.0,5.0,10.0,5.0,0.0
BU01145109,Emmen,185,25.0,15.0,45.0,5.0,15.0,25.0,30.0,20.0
BU01145200,Emmen,225,5.0,15.0,30.0,10.0,30.0,60.0,55.0,25.0
BU01145201,Emmen,90,10.0,5.0,10.0,10.0,20.0,20.0,5.0,5.0
BU01145300,Emmen,855,5.0,210.0,285.0,60.0,75.0,165.0,30.0,25.0
BU01145301,Emmen,25,0.0,0.0,10.0,5.0,5.0,5.0,0.0,0.0
BU03880001,Enkhuizen,490,10.0,70.0,125.0,40.0,50.0,90.0,60.0,55.0
BU03880002,Enkhuizen,335,5.0,65.0,70.0,30.0,25.0,55.0,35.0,45.0
BU03880003,Enkhuizen,160,0.0,25.0,20.0,10.0,15.0,35.0,35.0,15.0
BU03880004,Enkhuizen,115,0.0,20.0,5.0,10.0,10.0,25.0,25.0,15.0
BU03880101,Enkhuizen,300,5.0,75.0,25.0,20.0,25.0,85.0,40.0,30.0
BU03880102,Enkhuizen,0,,,,,,,,
BU03880103,Enkhuizen,35,0.0,5.0,5.0,0.0,5.0,5.0,5.0,5.0
BU03880104,Enkhuizen,135,5.0,45.0,10.0,5.0,5.0,25.0,25.0,15.0
BU03880105,Enkhuizen,185,5.0,50.0,25.0,10.0,10.0,35.0,30.0,25.0
BU03880106,Enkhuizen,225,5.0,70.0,25.0,15.0,5.0,30.0,45.0,30.0
BU03880107,Enkhuizen,80,0.0,30.0,15.0,0.0,0.0,10.0,10.0,10.0
BU03880108,Enkhuizen,10,,,,,,,,
BU03880201,Enkhuizen,25,10.0,5.0,0.0,0.0,0.0,0.0,5.0,0.0
BU03880301,Enkhuizen,45,5.0,10.0,10.0,0.0,5.0,10.0,10.0,0.0
BU03880302,Enkhuizen,185,0.0,50.0,65.0,10.0,10.0,35.0,5.0,5.0
BU03880303,Enkhuizen,55,0.0,25.0,10.0,5.0,5.0,5.0,0.0,0.0
BU03880304,Enkhuizen,0,,,,,,,,
BU03881001,Enkhuizen,0,,,,,,,,
BU03881002,Enkhuizen,0,,,,,,,,
BU01530000,Enschede,840,0.0,25.0,410.0,65.0,55.0,115.0,70.0,100.0
BU01530001,Enschede,265,0.0,15.0,40.0,15.0,25.0,70.0,60.0,40.0
BU01530002,Enschede,235,0.0,15.0,30.0,20.0,15.0,60.0,60.0,35.0
BU01530003,Enschede,490,0.0,40.0,90.0,45.0,30.0,120.0,85.0,80.0
BU01530004,Enschede,245,0.0,25.0,45.0,20.0,15.0,60.0,45.0,35.0
BU01530005,Enschede,420,0.0,40.0,90.0,20.0,30.0,80.0,100.0,55.0
BU01530006,Enschede,250,0.0,20.0,65.0,15.0,15.0,45.0,60.0,30.0
BU01530007,Enschede,380,0.0,15.0,50.0,35.0,45.0,115.0,90.0,35.0
BU01530008,Enschede,265,0.0,15.0,65.0,15.0,35.0,60.0,55.0,20.0
BU01530100,Enschede,365,0.0,40.0,80.0,30.0,25.0,65.0,80.0,50.0
BU01530101,Enschede,170,0.0,10.0,25.0,5.0,30.0,35.0,45.0,15.0
BU01530102,Enschede,180,0.0,30.0,25.0,0.0,20.0,40.0,35.0,25.0
BU01530103,Enschede,435,0.0,30.0,85.0,35.0,40.0,95.0,85.0,55.0
BU01530104,Enschede,75,0.0,10.0,45.0,0.0,0.0,5.0,10.0,5.0
BU01530105,Enschede,5,,,,,,,,
BU01530106,Enschede,25,0.0,0.0,5.0,5.0,5.0,10.0,5.0,0.0
BU01530200,Enschede,195,0.0,10.0,30.0,25.0,20.0,40.0,35.0,35.0
BU01530201,Enschede,300,0.0,40.0,95.0,20.0,10.0,45.0,55.0,40.0
BU01530202,Enschede,140,0.0,20.0,20.0,15.0,5.0,25.0,40.0,20.0
BU01530203,Enschede,230,0.0,45.0,45.0,20.0,5.0,35.0,50.0,30.0
BU01530204,Enschede,130,0.0,20.0,30.0,10.0,0.0,20.0,30.0,15.0
BU01530205,Enschede,255,0.0,30.0,75.0,25.0,15.0,35.0,30.0,35.0
BU01530206,Enschede,90,0.0,15.0,15.0,10.0,5.0,15.0,10.0,15.0
BU01530207,Enschede,165,0.0,10.0,25.0,5.0,25.0,35.0,40.0,20.0
BU01530208,Enschede,105,0.0,10.0,15.0,10.0,5.0,25.0,30.0,15.0
BU01530300,Enschede,570,0.0,95.0,95.0,55.0,40.0,120.0,95.0,70.0
BU01530301,Enschede,265,0.0,30.0,65.0,25.0,5.0,50.0,55.0,40.0
BU01530400,Enschede,305,0.0,15.0,45.0,35.0,15.0,85.0,60.0,50.0
BU01530401,Enschede,230,0.0,20.0,20.0,25.0,25.0,70.0,55.0,15.0
BU01530402,Enschede,595,0.0,30.0,90.0,60.0,50.0,175.0,120.0,70.0
BU01530403,Enschede,195,0.0,20.0,40.0,15.0,10.0,35.0,40.0,35.0
BU01530404,Enschede,285,0.0,35.0,60.0,25.0,10.0,55.0,60.0,40.0
BU01530405,Enschede,105,0.0,10.0,15.0,5.0,10.0,15.0,30.0,15.0
BU01530406,Enschede,155,0.0,10.0,20.0,20.0,10.0,40.0,35.0,20.0
BU01530500,Enschede,190,0.0,10.0,35.0,10.0,10.0,50.0,45.0,30.0
BU01530501,Enschede,140,0.0,20.0,30.0,5.0,5.0,25.0,30.0,25.0
BU01530502,Enschede,255,0.0,25.0,50.0,20.0,15.0,60.0,60.0,20.0
BU01530503,Enschede,170,0.0,5.0,20.0,5.0,50.0,50.0,30.0,15.0
BU01530600,Enschede,250,0.0,20.0,45.0,10.0,30.0,60.0,55.0,35.0
BU01530601,Enschede,235,0.0,50.0,50.0,20.0,10.0,35.0,45.0,25.0
BU01530602,Enschede,135,0.0,20.0,30.0,15.0,15.0,25.0,25.0,15.0
BU01530603,Enschede,340,0.0,40.0,130.0,20.0,15.0,30.0,60.0,45.0
BU01530604,Enschede,180,0.0,30.0,45.0,15.0,10.0,30.0,25.0,25.0
BU01530605,Enschede,125,0.0,20.0,40.0,10.0,5.0,10.0,25.0,10.0
BU01530606,Enschede,310,0.0,25.0,55.0,10.0,25.0,60.0,85.0,40.0
BU01530607,Enschede,300,0.0,20.0,40.0,20.0,25.0,75.0,75.0,40.0
BU01530608,Enschede,180,0.0,25.0,25.0,15.0,5.0,35.0,45.0,30.0
BU01530609,Enschede,60,0.0,5.0,5.0,0.0,20.0,20.0,5.0,5.0
BU01530700,Enschede,465,0.0,100.0,200.0,25.0,50.0,55.0,20.0,15.0
BU01530701,Enschede,265,0.0,75.0,80.0,30.0,25.0,45.0,10.0,5.0
BU01530702,Enschede,25,0.0,0.0,5.0,10.0,5.0,5.0,0.0,0.0
BU01530703,Enschede,305,0.0,40.0,35.0,45.0,35.0,105.0,25.0,25.0
BU01530800,Enschede,155,0.0,45.0,40.0,5.0,10.0,25.0,20.0,10.0
BU01530801,Enschede,230,0.0,45.0,60.0,10.0,15.0,35.0,30.0,35.0
BU01530802,Enschede,195,0.0,35.0,50.0,5.0,5.0,25.0,45.0,25.0
BU01530803,Enschede,120,0.0,25.0,40.0,5.0,5.0,15.0,10.0,15.0
BU01530804,Enschede,185,0.0,25.0,35.0,20.0,10.0,45.0,25.0,25.0
BU01530805,Enschede,135,0.0,15.0,25.0,15.0,15.0,25.0,20.0,15.0
BU01530806,Enschede,245,0.0,65.0,105.0,15.0,20.0,30.0,10.0,10.0
BU01530807,Enschede,35,0.0,5.0,10.0,5.0,0.0,5.0,5.0,0.0
BU01530808,Enschede,260,0.0,30.0,35.0,30.0,25.0,80.0,40.0,25.0
BU01530900,Enschede,205,5.0,25.0,25.0,15.0,20.0,45.0,45.0,25.0
BU01530901,Enschede,340,5.0,35.0,65.0,20.0,40.0,75.0,65.0,45.0
BU01530902,Enschede,335,40.0,20.0,40.0,10.0,65.0,80.0,50.0,35.0
BU01530903,Enschede,75,10.0,10.0,5.0,5.0,15.0,15.0,5.0,5.0
BU01530904,Enschede,60,10.0,10.0,10.0,0.0,5.0,10.0,10.0,5.0
BU01530905,Enschede,285,50.0,30.0,40.0,15.0,25.0,45.0,40.0,30.0
BU01530906,Enschede,170,5.0,20.0,50.0,10.0,15.0,40.0,15.0,15.0
BU01530907,Enschede,195,25.0,20.0,45.0,5.0,30.0,35.0,20.0,15.0
BU01530908,Enschede,50,10.0,5.0,5.0,0.0,10.0,5.0,5.0,5.0
BU02320000,Epe,375,0.0,20.0,135.0,15.0,50.0,65.0,60.0,30.0
BU02320001,Epe,105,0.0,15.0,20.0,5.0,10.0,20.0,20.0,15.0
BU02320002,Epe,130,0.0,10.0,20.0,10.0,20.0,30.0,35.0,5.0
BU02320003,Epe,195,0.0,5.0,25.0,15.0,35.0,65.0,30.0,15.0
BU02320004,Epe,60,0.0,20.0,5.0,0.0,5.0,15.0,10.0,5.0
BU02320005,Epe,115,0.0,20.0,15.0,10.0,0.0,30.0,30.0,10.0
BU02320006,Epe,50,0.0,5.0,10.0,0.0,5.0,10.0,15.0,5.0
BU02320007,Epe,140,0.0,30.0,45.0,5.0,10.0,25.0,10.0,10.0
BU02320008,Epe,165,0.0,35.0,20.0,10.0,10.0,40.0,25.0,25.0
BU02320009,Epe,40,0.0,5.0,10.0,5.0,5.0,10.0,5.0,5.0
BU02320010,Epe,160,5.0,10.0,35.0,10.0,30.0,40.0,20.0,15.0
BU02320011,Epe,185,20.0,20.0,20.0,10.0,30.0,40.0,30.0,10.0
BU02320012,Epe,225,45.0,40.0,35.0,10.0,15.0,35.0,25.0,20.0
BU02320100,Epe,140,5.0,30.0,35.0,5.0,10.0,25.0,15.0,20.0
BU02320101,Epe,300,45.0,45.0,45.0,15.0,25.0,60.0,35.0,30.0
BU02320200,Epe,115,0.0,10.0,45.0,0.0,10.0,20.0,10.0,20.0
BU02320201,Epe,145,0.0,25.0,25.0,10.0,15.0,35.0,25.0,10.0
BU02320202,Epe,65,0.0,10.0,10.0,5.0,5.0,15.0,15.0,5.0
BU02320203,Epe,100,0.0,10.0,15.0,10.0,5.0,15.0,30.0,15.0
BU02320204,Epe,120,0.0,15.0,20.0,5.0,5.0,25.0,35.0,20.0
BU02320205,Epe,50,0.0,0.0,10.0,0.0,5.0,20.0,10.0,5.0
BU02320206,Epe,35,0.0,10.0,10.0,5.0,0.0,5.0,5.0,0.0
BU02320207,Epe,65,0.0,15.0,5.0,5.0,5.0,15.0,15.0,5.0
BU02320208,Epe,40,0.0,5.0,10.0,5.0,0.0,10.0,5.0,5.0
BU02320209,Epe,115,5.0,15.0,25.0,5.0,10.0,25.0,15.0,15.0
BU02320210,Epe,160,0.0,45.0,70.0,5.0,20.0,15.0,0.0,5.0
BU02320211,Epe,325,60.0,40.0,45.0,20.0,40.0,50.0,35.0,35.0
BU02320300,Epe,80,5.0,15.0,10.0,5.0,5.0,15.0,15.0,10.0
BU02320301,Epe,165,45.0,25.0,20.0,5.0,15.0,20.0,20.0,15.0
BU02330001,Ermelo,430,0.0,25.0,55.0,15.0,80.0,120.0,100.0,35.0
BU02330002,Ermelo,230,0.0,20.0,30.0,10.0,25.0,60.0,60.0,20.0
BU02330003,Ermelo,605,5.0,100.0,95.0,30.0,25.0,120.0,145.0,80.0
BU02330004,Ermelo,430,5.0,55.0,45.0,30.0,20.0,110.0,110.0,60.0
BU02330005,Ermelo,25,0.0,0.0,0.0,0.0,5.0,5.0,10.0,5.0
BU02330101,Ermelo,490,5.0,40.0,140.0,20.0,55.0,95.0,80.0,55.0
BU02330201,Ermelo,125,0.0,25.0,30.0,5.0,15.0,20.0,15.0,15.0
BU02330202,Ermelo,405,5.0,80.0,130.0,35.0,50.0,75.0,25.0,15.0
BU02330301,Ermelo,170,15.0,30.0,30.0,5.0,25.0,35.0,20.0,10.0
BU02330302,Ermelo,125,5.0,20.0,25.0,5.0,20.0,25.0,15.0,10.0
BU02330303,Ermelo,70,0.0,5.0,0.0,0.0,0.0,5.0,50.0,5.0
BU02330304,Ermelo,175,30.0,40.0,30.0,10.0,15.0,25.0,15.0,15.0
BU02330401,Ermelo,65,0.0,10.0,20.0,5.0,5.0,15.0,5.0,10.0
BU02330402,Ermelo,5,,,,,,,,
BU02330501,Ermelo,105,20.0,20.0,15.0,5.0,10.0,20.0,10.0,5.0
BU02330502,Ermelo,10,,,,,,,,
BU02330503,Ermelo,35,10.0,0.0,5.0,0.0,5.0,5.0,0.0,5.0
BU02330504,Ermelo,25,0.0,5.0,5.0,5.0,5.0,0.0,0.0,0.0
BU02330505,Ermelo,5,,,,,,,,
BU02330506,Ermelo,10,,,,,,,,
BU07770000,Etten-Leur,155,0.0,20.0,40.0,10.0,15.0,30.0,15.0,20.0
BU07770001,Etten-Leur,125,0.0,25.0,25.0,10.0,0.0,20.0,25.0,20.0
BU07770002,Etten-Leur,80,0.0,5.0,10.0,5.0,10.0,20.0,25.0,5.0
BU07770003,Etten-Leur,90,0.0,10.0,15.0,0.0,10.0,25.0,10.0,20.0
BU07770004,Etten-Leur,50,0.0,10.0,5.0,5.0,5.0,15.0,5.0,5.0
BU07770005,Etten-Leur,450,0.0,45.0,60.0,50.0,30.0,130.0,85.0,50.0
BU07770100,Etten-Leur,60,0.0,15.0,25.0,10.0,5.0,5.0,0.0,0.0
BU07770200,Etten-Leur,50,5.0,5.0,15.0,5.0,10.0,10.0,5.0,0.0
BU07771000,Etten-Leur,85,0.0,10.0,20.0,10.0,5.0,25.0,10.0,10.0
BU07771001,Etten-Leur,90,0.0,10.0,25.0,5.0,10.0,15.0,10.0,15.0
BU07771002,Etten-Leur,55,0.0,15.0,5.0,0.0,0.0,15.0,10.0,5.0
BU07771003,Etten-Leur,10,,,,,,,,
BU07771004,Etten-Leur,50,0.0,15.0,10.0,0.0,5.0,10.0,10.0,5.0
BU07771005,Etten-Leur,55,0.0,15.0,10.0,5.0,0.0,10.0,10.0,5.0
BU07771006,Etten-Leur,60,0.0,10.0,10.0,5.0,5.0,15.0,5.0,10.0
BU07771007,Etten-Leur,70,0.0,10.0,15.0,5.0,5.0,15.0,10.0,10.0
BU07771008,Etten-Leur,25,0.0,0.0,0.0,0.0,0.0,5.0,5.0,5.0
BU07771009,Etten-Leur,50,0.0,5.0,10.0,5.0,5.0,15.0,10.0,5.0
BU07771010,Etten-Leur,150,0.0,15.0,15.0,10.0,15.0,40.0,30.0,20.0
BU07771011,Etten-Leur,95,0.0,10.0,15.0,5.0,5.0,25.0,25.0,10.0
BU07771012,Etten-Leur,80,0.0,15.0,15.0,5.0,5.0,20.0,15.0,5.0
BU07771013,Etten-Leur,315,0.0,30.0,40.0,30.0,20.0,85.0,75.0,35.0
BU07771014,Etten-Leur,160,0.0,35.0,35.0,10.0,15.0,40.0,15.0,10.0
BU07771015,Etten-Leur,335,0.0,30.0,50.0,25.0,25.0,115.0,70.0,25.0
BU07771100,Etten-Leur,30,0.0,5.0,15.0,5.0,0.0,0.0,0.0,0.0
BU07771200,Etten-Leur,45,15.0,5.0,5.0,5.0,5.0,10.0,5.0,5.0
BU07771201,Etten-Leur,45,20.0,5.0,5.0,0.0,5.0,5.0,5.0,0.0
BU07771202,Etten-Leur,25,10.0,5.0,0.0,0.0,0.0,5.0,5.0,0.0
BU07771203,Etten-Leur,45,20.0,10.0,5.0,0.0,5.0,5.0,0.0,0.0
BU07772000,Etten-Leur,65,0.0,15.0,20.0,0.0,5.0,10.0,5.0,10.0
BU07772001,Etten-Leur,35,0.0,5.0,5.0,5.0,5.0,10.0,5.0,0.0
BU07772002,Etten-Leur,110,5.0,20.0,15.0,5.0,5.0,20.0,25.0,15.0
BU07772003,Etten-Leur,85,5.0,5.0,10.0,5.0,10.0,25.0,10.0,15.0
BU07772004,Etten-Leur,150,0.0,20.0,35.0,5.0,10.0,30.0,25.0,20.0
BU07772005,Etten-Leur,40,0.0,10.0,5.0,0.0,0.0,10.0,10.0,5.0
BU07772006,Etten-Leur,170,0.0,30.0,35.0,15.0,10.0,30.0,35.0,15.0
BU07772007,Etten-Leur,130,0.0,20.0,15.0,10.0,10.0,30.0,25.0,20.0
BU07772008,Etten-Leur,25,0.0,0.0,0.0,5.0,0.0,5.0,10.0,0.0
BU07772009,Etten-Leur,115,0.0,5.0,15.0,5.0,15.0,25.0,30.0,15.0
BU07772010,Etten-Leur,170,0.0,5.0,105.0,5.0,10.0,15.0,10.0,20.0
BU07772011,Etten-Leur,95,0.0,10.0,15.0,10.0,10.0,25.0,20.0,5.0
BU07772100,Etten-Leur,505,0.0,125.0,185.0,35.0,40.0,85.0,10.0,15.0
BU07772200,Etten-Leur,30,0.0,0.0,5.0,5.0,5.0,5.0,10.0,5.0
BU07772300,Etten-Leur,45,10.0,10.0,5.0,0.0,5.0,5.0,5.0,5.0
BU07772301,Etten-Leur,80,25.0,10.0,5.0,5.0,10.0,15.0,0.0,10.0
BU07772302,Etten-Leur,55,20.0,10.0,5.0,0.0,5.0,15.0,0.0,5.0
BU07772303,Etten-Leur,50,10.0,10.0,10.0,0.0,10.0,5.0,5.0,5.0
BU19400101,De Fryske Marren,25,5.0,5.0,0.0,5.0,0.0,5.0,5.0,0.0
BU19400201,De Fryske Marren,150,10.0,40.0,25.0,10.0,5.0,20.0,20.0,15.0
BU19400301,De Fryske Marren,455,10.0,85.0,105.0,15.0,25.0,70.0,85.0,55.0
BU19400401,De Fryske Marren,120,45.0,20.0,15.0,10.0,5.0,15.0,5.0,10.0
BU19400501,De Fryske Marren,25,5.0,0.0,5.0,0.0,0.0,5.0,0.0,0.0
BU19400601,De Fryske Marren,45,10.0,0.0,5.0,0.0,5.0,15.0,5.0,5.0
BU19400701,De Fryske Marren,55,0.0,10.0,15.0,0.0,10.0,10.0,5.0,5.0
BU19400702,De Fryske Marren,45,10.0,10.0,5.0,0.0,5.0,5.0,5.0,5.0
BU19400801,De Fryske Marren,15,,,,,,,,
BU19400901,De Fryske Marren,20,,,,,,,,
BU19401001,De Fryske Marren,50,5.0,15.0,10.0,5.0,0.0,10.0,0.0,5.0
BU19401101,De Fryske Marren,30,10.0,5.0,5.0,0.0,0.0,0.0,0.0,5.0
BU19401102,De Fryske Marren,100,10.0,15.0,20.0,0.0,0.0,25.0,15.0,15.0
BU19401201,De Fryske Marren,10,,,,,,,,
BU19401301,De Fryske Marren,80,15.0,15.0,5.0,5.0,5.0,15.0,15.0,5.0
BU19401401,De Fryske Marren,40,10.0,10.0,5.0,0.0,0.0,5.0,5.0,0.0
BU19401501,De Fryske Marren,40,5.0,5.0,5.0,0.0,5.0,10.0,5.0,5.0
BU19401601,De Fryske Marren,95,25.0,10.0,10.0,5.0,5.0,15.0,15.0,5.0
BU19401701,De Fryske Marren,70,15.0,15.0,10.0,5.0,10.0,5.0,15.0,0.0
BU19401801,De Fryske Marren,70,10.0,25.0,5.0,5.0,5.0,10.0,5.0,5.0
BU19401901,De Fryske Marren,225,0.0,30.0,55.0,10.0,20.0,50.0,40.0,20.0
BU19401902,De Fryske Marren,20,,,,,,,,
BU19401903,De Fryske Marren,325,5.0,45.0,85.0,15.0,30.0,50.0,50.0,45.0
BU19401904,De Fryske Marren,40,0.0,0.0,5.0,0.0,5.0,10.0,5.0,10.0
BU19401905,De Fryske Marren,230,5.0,60.0,85.0,10.0,15.0,30.0,10.0,10.0
BU19401906,De Fryske Marren,190,5.0,20.0,15.0,15.0,20.0,65.0,30.0,20.0
BU19401907,De Fryske Marren,140,0.0,15.0,15.0,10.0,10.0,45.0,25.0,25.0
BU19401908,De Fryske Marren,170,0.0,25.0,35.0,15.0,15.0,50.0,20.0,10.0
BU19401909,De Fryske Marren,95,0.0,10.0,10.0,5.0,5.0,40.0,15.0,10.0
BU19401910,De Fryske Marren,170,5.0,25.0,40.0,20.0,5.0,40.0,25.0,15.0
BU19402001,De Fryske Marren,10,,,,,,,,
BU19402101,De Fryske Marren,190,5.0,30.0,35.0,10.0,20.0,55.0,15.0,25.0
BU19402201,De Fryske Marren,10,,,,,,,,
BU19402301,De Fryske Marren,105,15.0,30.0,25.0,5.0,5.0,15.0,5.0,5.0
BU19402302,De Fryske Marren,200,0.0,25.0,30.0,25.0,30.0,60.0,15.0,15.0
BU19402303,De Fryske Marren,295,5.0,30.0,120.0,10.0,30.0,45.0,20.0,40.0
BU19402304,De Fryske Marren,165,5.0,40.0,30.0,15.0,5.0,25.0,20.0,20.0
BU19402305,De Fryske Marren,390,5.0,35.0,45.0,40.0,55.0,100.0,70.0,40.0
BU19402306,De Fryske Marren,45,0.0,10.0,5.0,5.0,5.0,5.0,10.0,5.0
BU19402307,De Fryske Marren,180,0.0,35.0,35.0,20.0,10.0,30.0,30.0,20.0
BU19402308,De Fryske Marren,65,5.0,5.0,5.0,5.0,5.0,20.0,10.0,10.0
BU19402401,De Fryske Marren,25,5.0,5.0,10.0,0.0,0.0,0.0,0.0,5.0
BU19402501,De Fryske Marren,5,,,,,,,,
BU19402601,De Fryske Marren,80,15.0,15.0,10.0,0.0,5.0,10.0,10.0,10.0
BU19402701,De Fryske Marren,15,,,,,,,,
BU19402801,De Fryske Marren,90,30.0,25.0,10.0,0.0,5.0,10.0,5.0,10.0
BU19402802,De Fryske Marren,45,5.0,10.0,10.0,0.0,0.0,5.0,10.0,5.0
BU19402901,De Fryske Marren,55,15.0,15.0,5.0,0.0,5.0,5.0,5.0,5.0
BU19403001,De Fryske Marren,225,15.0,25.0,35.0,20.0,15.0,55.0,35.0,25.0
BU19403101,De Fryske Marren,195,30.0,40.0,25.0,15.0,10.0,30.0,30.0,20.0
BU19403201,De Fryske Marren,35,5.0,5.0,5.0,5.0,0.0,5.0,5.0,0.0
BU19403301,De Fryske Marren,10,,,,,,,,
BU19403401,De Fryske Marren,35,10.0,5.0,5.0,5.0,0.0,5.0,5.0,5.0
BU19403501,De Fryske Marren,35,10.0,5.0,0.0,5.0,0.0,5.0,5.0,5.0
BU19403601,De Fryske Marren,40,20.0,0.0,5.0,0.0,5.0,5.0,5.0,0.0
BU19403701,De Fryske Marren,100,15.0,25.0,10.0,5.0,5.0,10.0,15.0,10.0
BU19403801,De Fryske Marren,80,10.0,15.0,5.0,0.0,5.0,20.0,10.0,10.0
BU19403901,De Fryske Marren,25,5.0,0.0,5.0,0.0,0.0,5.0,5.0,5.0
BU19404001,De Fryske Marren,110,20.0,20.0,10.0,15.0,10.0,15.0,10.0,5.0
BU19404101,De Fryske Marren,480,25.0,130.0,70.0,20.0,45.0,90.0,60.0,40.0
BU19404201,De Fryske Marren,115,10.0,35.0,10.0,5.0,10.0,20.0,15.0,10.0
BU19404301,De Fryske Marren,110,0.0,25.0,30.0,0.0,10.0,20.0,15.0,10.0
BU19404401,De Fryske Marren,10,,,,,,,,
BU19404501,De Fryske Marren,75,15.0,20.0,15.0,0.0,5.0,10.0,5.0,5.0
BU19404601,De Fryske Marren,145,5.0,25.0,30.0,10.0,10.0,30.0,15.0,20.0
BU19404701,De Fryske Marren,55,10.0,5.0,5.0,0.0,5.0,20.0,5.0,5.0
BU19404801,De Fryske Marren,5,,,,,,,,
BU19404901,De Fryske Marren,85,40.0,15.0,10.0,5.0,0.0,5.0,5.0,0.0
BU19405001,De Fryske Marren,80,35.0,10.0,10.0,0.0,0.0,20.0,0.0,0.0
BU19405101,De Fryske Marren,95,15.0,15.0,15.0,5.0,5.0,15.0,20.0,5.0
BU07790000,Geertruidenberg,720,0.0,140.0,135.0,50.0,65.0,130.0,90.0,100.0
BU07790001,Geertruidenberg,475,0.0,85.0,55.0,40.0,40.0,120.0,75.0,55.0
BU07790002,Geertruidenberg,330,0.0,100.0,110.0,30.0,25.0,45.0,5.0,10.0
BU07790009,Geertruidenberg,20,,,,,,,,
BU07790100,Geertruidenberg,285,20.0,55.0,45.0,10.0,30.0,65.0,20.0,35.0
BU07790109,Geertruidenberg,90,25.0,15.0,15.0,15.0,5.0,10.0,0.0,5.0
BU07790200,Geertruidenberg,370,0.0,40.0,70.0,25.0,30.0,90.0,60.0,50.0
BU07790201,Geertruidenberg,160,0.0,40.0,25.0,15.0,10.0,35.0,20.0,20.0
BU07790202,Geertruidenberg,110,0.0,25.0,15.0,10.0,5.0,20.0,15.0,20.0
BU07790203,Geertruidenberg,25,0.0,5.0,5.0,0.0,5.0,5.0,0.0,0.0
BU07790209,Geertruidenberg,40,0.0,10.0,5.0,5.0,5.0,10.0,5.0,0.0
BU17710000,Geldrop-Mierlo,495,0.0,50.0,135.0,15.0,35.0,90.0,110.0,55.0
BU17710001,Geldrop-Mierlo,320,5.0,60.0,40.0,20.0,30.0,70.0,60.0,40.0
BU17710002,Geldrop-Mierlo,190,0.0,45.0,30.0,15.0,15.0,45.0,25.0,20.0
BU17710003,Geldrop-Mierlo,400,0.0,75.0,65.0,15.0,55.0,85.0,65.0,40.0
BU17710004,Geldrop-Mierlo,525,0.0,165.0,85.0,25.0,30.0,105.0,60.0,50.0
BU17710005,Geldrop-Mierlo,380,0.0,90.0,70.0,15.0,20.0,80.0,60.0,40.0
BU17710006,Geldrop-Mierlo,330,0.0,60.0,50.0,30.0,5.0,75.0,55.0,50.0
BU17710007,Geldrop-Mierlo,370,0.0,45.0,35.0,25.0,40.0,115.0,70.0,35.0
BU17710009,Geldrop-Mierlo,40,0.0,10.0,10.0,0.0,5.0,5.0,5.0,5.0
BU17710100,Geldrop-Mierlo,1100,10.0,155.0,200.0,65.0,115.0,225.0,205.0,125.0
BU17710109,Geldrop-Mierlo,225,25.0,40.0,25.0,10.0,30.0,50.0,35.0,20.0
BU16520000,Gemert-Bakel,585,5.0,90.0,150.0,20.0,55.0,95.0,105.0,60.0
BU16520001,Gemert-Bakel,280,0.0,60.0,40.0,15.0,15.0,50.0,55.0,40.0
BU16520002,Gemert-Bakel,490,5.0,110.0,55.0,30.0,45.0,95.0,80.0,75.0
BU16520003,Gemert-Bakel,155,0.0,50.0,35.0,10.0,20.0,30.0,5.0,5.0
BU16520004,Gemert-Bakel,130,0.0,20.0,10.0,5.0,20.0,40.0,20.0,15.0
BU16520007,Gemert-Bakel,115,30.0,15.0,15.0,5.0,15.0,20.0,15.0,5.0
BU16520008,Gemert-Bakel,80,10.0,10.0,15.0,5.0,10.0,10.0,10.0,10.0
BU16520009,Gemert-Bakel,95,15.0,30.0,20.0,5.0,0.0,15.0,5.0,5.0
BU16520100,Gemert-Bakel,125,5.0,25.0,15.0,5.0,10.0,25.0,25.0,15.0
BU16520108,Gemert-Bakel,45,10.0,15.0,10.0,0.0,0.0,5.0,0.0,5.0
BU16520109,Gemert-Bakel,50,10.0,10.0,10.0,0.0,0.0,5.0,5.0,5.0
BU16520200,Gemert-Bakel,85,5.0,25.0,20.0,5.0,5.0,10.0,10.0,5.0
BU16520208,Gemert-Bakel,65,10.0,10.0,5.0,0.0,10.0,15.0,5.0,5.0
BU16520209,Gemert-Bakel,145,50.0,15.0,15.0,5.0,10.0,25.0,15.0,10.0
BU16520300,Gemert-Bakel,70,0.0,20.0,10.0,5.0,10.0,5.0,5.0,5.0
BU16520309,Gemert-Bakel,160,65.0,25.0,20.0,5.0,15.0,15.0,15.0,5.0
BU16520400,Gemert-Bakel,450,5.0,90.0,95.0,20.0,50.0,80.0,65.0,45.0
BU16520408,Gemert-Bakel,150,25.0,50.0,25.0,10.0,10.0,10.0,10.0,10.0
BU16520409,Gemert-Bakel,120,35.0,35.0,15.0,10.0,5.0,15.0,0.0,5.0
BU16520500,Gemert-Bakel,145,5.0,40.0,25.0,5.0,15.0,25.0,15.0,20.0
BU16520508,Gemert-Bakel,85,45.0,10.0,10.0,0.0,0.0,10.0,5.0,5.0
BU16520509,Gemert-Bakel,95,25.0,15.0,10.0,5.0,10.0,10.0,10.0,15.0
BU16520600,Gemert-Bakel,75,5.0,15.0,15.0,5.0,5.0,10.0,10.0,10.0
BU16520609,Gemert-Bakel,85,50.0,5.0,10.0,5.0,10.0,5.0,0.0,5.0
BU09070000,Gennep,220,5.0,30.0,25.0,10.0,15.0,55.0,50.0,25.0
BU09070001,Gennep,85,0.0,20.0,15.0,10.0,5.0,15.0,10.0,10.0
BU09070009,Gennep,80,10.0,10.0,15.0,5.0,10.0,10.0,5.0,10.0
BU09070100,Gennep,135,0.0,25.0,20.0,5.0,5.0,30.0,30.0,20.0
BU09070108,Gennep,75,25.0,5.0,5.0,0.0,5.0,10.0,10.0,5.0
BU09070109,Gennep,40,10.0,5.0,10.0,0.0,0.0,0.0,5.0,5.0
BU09070200,Gennep,65,10.0,10.0,10.0,0.0,5.0,10.0,10.0,10.0
BU09070209,Gennep,40,15.0,5.0,10.0,0.0,5.0,5.0,0.0,0.0
BU09070300,Gennep,100,0.0,10.0,40.0,5.0,0.0,10.0,15.0,15.0
BU09070301,Gennep,75,0.0,15.0,10.0,0.0,10.0,15.0,15.0,5.0
BU09070302,Gennep,340,0.0,55.0,85.0,10.0,25.0,55.0,65.0,45.0
BU09070303,Gennep,280,0.0,45.0,45.0,10.0,15.0,55.0,65.0,45.0
BU09070309,Gennep,10,,,,,,,,
BU09070400,Gennep,215,0.0,65.0,45.0,10.0,15.0,30.0,20.0,20.0
BU09070408,Gennep,20,,,,,,,,
BU09070409,Gennep,100,15.0,10.0,25.0,10.0,5.0,15.0,10.0,5.0
BU07840101,Gilze en Rijen,230,0.0,20.0,70.0,10.0,10.0,35.0,50.0,35.0
BU07840102,Gilze en Rijen,305,0.0,65.0,45.0,20.0,20.0,65.0,50.0,40.0
BU07840103,Gilze en Rijen,225,5.0,45.0,20.0,15.0,10.0,60.0,40.0,35.0
BU07840104,Gilze en Rijen,120,0.0,20.0,15.0,10.0,5.0,25.0,30.0,15.0
BU07840105,Gilze en Rijen,135,0.0,30.0,30.0,10.0,0.0,20.0,20.0,20.0
BU07840106,Gilze en Rijen,265,0.0,25.0,30.0,20.0,30.0,75.0,55.0,30.0
BU07840107,Gilze en Rijen,50,0.0,10.0,5.0,5.0,5.0,10.0,5.0,5.0
BU07840108,Gilze en Rijen,365,0.0,70.0,115.0,40.0,20.0,80.0,25.0,15.0
BU07840109,Gilze en Rijen,70,0.0,15.0,15.0,5.0,5.0,15.0,10.0,5.0
BU07840110,Gilze en Rijen,45,0.0,0.0,5.0,5.0,5.0,15.0,10.0,5.0
BU07840111,Gilze en Rijen,0,,,,,,,,
BU07840112,Gilze en Rijen,10,,,,,,,,
BU07840113,Gilze en Rijen,40,25.0,0.0,5.0,0.0,0.0,0.0,5.0,5.0
BU07840201,Gilze en Rijen,105,0.0,15.0,35.0,5.0,5.0,20.0,10.0,15.0
BU07840202,Gilze en Rijen,90,0.0,15.0,10.0,5.0,5.0,20.0,25.0,10.0
BU07840203,Gilze en Rijen,140,5.0,30.0,15.0,5.0,10.0,30.0,20.0,25.0
BU07840204,Gilze en Rijen,175,0.0,30.0,30.0,10.0,10.0,35.0,35.0,25.0
BU07840205,Gilze en Rijen,110,0.0,15.0,40.0,10.0,10.0,15.0,15.0,5.0
BU07840206,Gilze en Rijen,75,0.0,10.0,5.0,0.0,5.0,20.0,20.0,10.0
BU07840207,Gilze en Rijen,35,0.0,10.0,20.0,0.0,5.0,0.0,0.0,0.0
BU07840208,Gilze en Rijen,205,50.0,35.0,35.0,5.0,15.0,30.0,20.0,15.0
BU07840209,Gilze en Rijen,10,,,,,,,,
BU07840301,Gilze en Rijen,45,0.0,5.0,10.0,0.0,5.0,10.0,10.0,0.0
BU07840302,Gilze en Rijen,50,10.0,5.0,10.0,0.0,5.0,10.0,5.0,5.0
BU07840401,Gilze en Rijen,75,5.0,15.0,10.0,5.0,10.0,20.0,10.0,5.0
BU07840402,Gilze en Rijen,130,30.0,15.0,25.0,5.0,5.0,20.0,15.0,15.0
BU19240001,Goeree-Overflakkee,200,5.0,20.0,25.0,5.0,20.0,50.0,30.0,45.0
BU19240002,Goeree-Overflakkee,45,10.0,5.0,5.0,5.0,5.0,10.0,5.0,5.0
BU19240003,Goeree-Overflakkee,60,10.0,10.0,10.0,5.0,5.0,10.0,5.0,5.0
BU19240101,Goeree-Overflakkee,210,15.0,20.0,80.0,5.0,15.0,35.0,20.0,20.0
BU19240102,Goeree-Overflakkee,130,10.0,20.0,30.0,5.0,15.0,20.0,20.0,10.0
BU19240103,Goeree-Overflakkee,100,10.0,15.0,25.0,10.0,10.0,25.0,0.0,10.0
BU19240104,Goeree-Overflakkee,30,0.0,5.0,15.0,0.0,0.0,0.0,0.0,5.0
BU19240105,Goeree-Overflakkee,45,0.0,10.0,10.0,0.0,10.0,5.0,0.0,5.0
BU19240106,Goeree-Overflakkee,20,,,,,,,,
BU19240107,Goeree-Overflakkee,10,,,,,,,,
BU19240108,Goeree-Overflakkee,10,,,,,,,,
BU19240109,Goeree-Overflakkee,290,30.0,40.0,50.0,15.0,45.0,65.0,25.0,25.0
BU19240201,Goeree-Overflakkee,145,5.0,30.0,15.0,10.0,10.0,40.0,20.0,20.0
BU19240202,Goeree-Overflakkee,100,0.0,15.0,15.0,10.0,10.0,10.0,20.0,15.0
BU19240203,Goeree-Overflakkee,0,,,,,,,,
BU19240204,Goeree-Overflakkee,110,5.0,25.0,35.0,5.0,10.0,15.0,5.0,10.0
BU19240205,Goeree-Overflakkee,120,15.0,20.0,20.0,15.0,15.0,30.0,5.0,0.0
BU19240301,Goeree-Overflakkee,280,5.0,25.0,95.0,15.0,35.0,50.0,30.0,25.0
BU19240302,Goeree-Overflakkee,280,5.0,35.0,50.0,15.0,45.0,45.0,55.0,25.0
BU19240303,Goeree-Overflakkee,120,0.0,20.0,20.0,10.0,10.0,35.0,15.0,15.0
BU19240304,Goeree-Overflakkee,125,0.0,25.0,25.0,10.0,15.0,20.0,20.0,10.0
BU19240305,Goeree-Overflakkee,170,0.0,40.0,45.0,25.0,10.0,30.0,15.0,5.0
BU19240306,Goeree-Overflakkee,40,0.0,0.0,5.0,5.0,5.0,10.0,5.0,5.0
BU19240307,Goeree-Overflakkee,50,10.0,10.0,5.0,5.0,5.0,5.0,10.0,5.0
BU19240401,Goeree-Overflakkee,205,5.0,45.0,30.0,10.0,10.0,55.0,25.0,30.0
BU19240402,Goeree-Overflakkee,35,0.0,10.0,0.0,5.0,0.0,5.0,5.0,0.0
BU19240403,Goeree-Overflakkee,90,30.0,5.0,15.0,5.0,15.0,10.0,10.0,5.0
BU19240501,Goeree-Overflakkee,100,5.0,25.0,15.0,5.0,5.0,20.0,15.0,15.0
BU19240502,Goeree-Overflakkee,100,20.0,15.0,20.0,5.0,10.0,15.0,10.0,10.0
BU19240601,Goeree-Overflakkee,115,0.0,25.0,20.0,10.0,10.0,25.0,15.0,10.0
BU19240602,Goeree-Overflakkee,150,5.0,30.0,20.0,10.0,20.0,30.0,20.0,15.0
BU19240603,Goeree-Overflakkee,85,5.0,15.0,10.0,5.0,10.0,15.0,15.0,5.0
BU19240604,Goeree-Overflakkee,25,0.0,10.0,0.0,0.0,5.0,5.0,5.0,5.0
BU19240605,Goeree-Overflakkee,120,5.0,25.0,30.0,5.0,10.0,20.0,10.0,10.0
BU19240606,Goeree-Overflakkee,130,45.0,15.0,10.0,5.0,25.0,20.0,5.0,5.0
BU19240701,Goeree-Overflakkee,145,0.0,35.0,30.0,10.0,5.0,25.0,20.0,20.0
BU19240702,Goeree-Overflakkee,145,10.0,20.0,20.0,5.0,15.0,30.0,25.0,15.0
BU19240703,Goeree-Overflakkee,165,5.0,20.0,10.0,10.0,25.0,45.0,30.0,20.0
BU19240704,Goeree-Overflakkee,100,5.0,35.0,30.0,5.0,5.0,10.0,5.0,5.0
BU19240705,Goeree-Overflakkee,100,40.0,10.0,15.0,5.0,5.0,20.0,5.0,0.0
BU19240801,Goeree-Overflakkee,150,5.0,35.0,25.0,10.0,5.0,25.0,25.0,20.0
BU19240802,Goeree-Overflakkee,75,25.0,10.0,10.0,5.0,10.0,10.0,5.0,5.0
BU19240901,Goeree-Overflakkee,90,5.0,30.0,15.0,10.0,5.0,10.0,10.0,5.0
BU19240902,Goeree-Overflakkee,15,,,,,,,,
BU19240903,Goeree-Overflakkee,40,15.0,5.0,5.0,0.0,5.0,5.0,0.0,0.0
BU19241001,Goeree-Overflakkee,150,5.0,25.0,20.0,5.0,15.0,30.0,25.0,20.0
BU19241002,Goeree-Overflakkee,90,0.0,20.0,15.0,0.0,5.0,15.0,10.0,15.0
BU19241003,Goeree-Overflakkee,145,0.0,10.0,20.0,15.0,20.0,35.0,35.0,10.0
BU19241004,Goeree-Overflakkee,95,0.0,15.0,15.0,5.0,10.0,15.0,20.0,15.0
BU19241005,Goeree-Overflakkee,70,5.0,10.0,10.0,0.0,0.0,20.0,10.0,10.0
BU19241006,Goeree-Overflakkee,80,30.0,10.0,15.0,0.0,10.0,5.0,5.0,5.0
BU19241101,Goeree-Overflakkee,165,5.0,30.0,35.0,15.0,10.0,30.0,30.0,10.0
BU19241102,Goeree-Overflakkee,20,,,,,,,,
BU19241103,Goeree-Overflakkee,105,30.0,15.0,25.0,10.0,5.0,15.0,5.0,0.0
BU19241201,Goeree-Overflakkee,140,10.0,35.0,15.0,10.0,5.0,35.0,20.0,5.0
BU19241202,Goeree-Overflakkee,40,10.0,5.0,5.0,5.0,0.0,5.0,5.0,5.0
BU19241301,Goeree-Overflakkee,60,0.0,15.0,15.0,0.0,5.0,15.0,5.0,5.0
BU19241302,Goeree-Overflakkee,75,25.0,5.0,10.0,5.0,5.0,10.0,5.0,0.0
BU06640101,Goes,610,0.0,45.0,270.0,30.0,65.0,65.0,65.0,70.0
BU06640102,Goes,635,5.0,70.0,80.0,25.0,85.0,115.0,170.0,85.0
BU06640103,Goes,385,0.0,50.0,55.0,20.0,30.0,95.0,100.0,35.0
BU06640104,Goes,360,0.0,35.0,65.0,20.0,25.0,85.0,80.0,45.0
BU06640105,Goes,470,5.0,80.0,65.0,35.0,20.0,105.0,100.0,55.0
BU06640106,Goes,130,0.0,10.0,15.0,10.0,15.0,40.0,30.0,10.0
BU06640107,Goes,535,0.0,85.0,215.0,40.0,45.0,100.0,25.0,25.0
BU06640108,Goes,105,0.0,20.0,20.0,5.0,10.0,35.0,15.0,5.0
BU06640109,Goes,215,0.0,15.0,30.0,15.0,60.0,45.0,40.0,10.0
BU06640110,Goes,260,0.0,15.0,25.0,10.0,30.0,60.0,85.0,30.0
BU06640111,Goes,110,0.0,10.0,10.0,10.0,20.0,20.0,35.0,10.0
BU06640220,Goes,90,5.0,15.0,5.0,5.0,15.0,20.0,15.0,10.0
BU06640229,Goes,15,,,,,,,,
BU06640330,Goes,185,5.0,30.0,25.0,15.0,20.0,35.0,40.0,20.0
BU06640331,Goes,160,0.0,10.0,20.0,15.0,15.0,45.0,35.0,20.0
BU06640338,Goes,20,,,,,,,,
BU06640339,Goes,15,,,,,,,,
BU06640440,Goes,40,0.0,5.0,5.0,0.0,5.0,5.0,10.0,10.0
BU06640449,Goes,45,15.0,5.0,5.0,0.0,5.0,5.0,5.0,0.0
BU06640550,Goes,125,0.0,20.0,15.0,0.0,15.0,30.0,30.0,10.0
BU06640551,Goes,30,5.0,5.0,5.0,0.0,5.0,5.0,0.0,0.0
BU06640559,Goes,10,,,,,,,,
BU06640660,Goes,55,5.0,15.0,15.0,5.0,10.0,5.0,0.0,0.0
BU06640770,Goes,130,5.0,20.0,20.0,10.0,15.0,25.0,25.0,15.0
BU06640778,Goes,25,5.0,5.0,5.0,0.0,5.0,5.0,0.0,0.0
BU06640779,Goes,20,,,,,,,,
BU06640880,Goes,185,5.0,35.0,35.0,5.0,25.0,20.0,40.0,15.0
BU06640889,Goes,115,50.0,10.0,15.0,0.0,10.0,15.0,10.0,10.0
BU06640990,Goes,35,0.0,5.0,5.0,0.0,0.0,10.0,10.0,5.0
BU07850101,Goirle,225,0.0,20.0,75.0,10.0,25.0,40.0,35.0,25.0
BU07850202,Goirle,165,0.0,20.0,15.0,5.0,20.0,40.0,40.0,15.0
BU07850303,Goirle,135,0.0,20.0,15.0,10.0,10.0,35.0,25.0,15.0
BU07850304,Goirle,25,0.0,0.0,0.0,0.0,5.0,10.0,5.0,5.0
BU07850405,Goirle,60,0.0,5.0,10.0,5.0,5.0,25.0,10.0,5.0
BU07850406,Goirle,40,0.0,0.0,0.0,0.0,15.0,15.0,5.0,5.0
BU07850507,Goirle,120,5.0,15.0,15.0,5.0,5.0,35.0,20.0,20.0
BU07850608,Goirle,245,0.0,55.0,45.0,10.0,20.0,45.0,45.0,25.0
BU07850709,Goirle,105,0.0,10.0,10.0,5.0,15.0,35.0,20.0,5.0
BU07850710,Goirle,85,0.0,20.0,15.0,5.0,5.0,15.0,20.0,10.0
BU07850811,Goirle,60,0.0,5.0,5.0,0.0,15.0,20.0,10.0,0.0
BU07850812,Goirle,85,0.0,10.0,15.0,5.0,10.0,20.0,15.0,10.0
BU07850813,Goirle,95,0.0,15.0,10.0,5.0,15.0,30.0,15.0,5.0
BU07850914,Goirle,80,0.0,5.0,10.0,5.0,5.0,20.0,25.0,10.0
BU07850915,Goirle,70,0.0,10.0,10.0,5.0,5.0,15.0,20.0,5.0
BU07850916,Goirle,30,0.0,0.0,0.0,0.0,5.0,15.0,5.0,0.0
BU07850917,Goirle,80,0.0,5.0,5.0,10.0,5.0,30.0,15.0,10.0
BU07850918,Goirle,75,0.0,20.0,5.0,5.0,5.0,15.0,15.0,10.0
BU07851019,Goirle,80,0.0,10.0,5.0,10.0,5.0,25.0,15.0,5.0
BU07851120,Goirle,25,0.0,5.0,0.0,0.0,0.0,10.0,10.0,5.0
BU07851121,Goirle,70,0.0,15.0,15.0,5.0,0.0,15.0,10.0,15.0
BU07851122,Goirle,75,0.0,25.0,10.0,5.0,5.0,10.0,15.0,10.0
BU07851223,Goirle,10,,,,,,,,
BU07851324,Goirle,115,0.0,40.0,35.0,10.0,5.0,15.0,5.0,5.0
BU07851325,Goirle,150,0.0,40.0,65.0,5.0,15.0,25.0,5.0,0.0
BU07851426,Goirle,110,25.0,15.0,20.0,5.0,10.0,15.0,10.0,15.0
BU07852027,Goirle,285,5.0,35.0,35.0,10.0,35.0,80.0,50.0,30.0
BU07852028,Goirle,55,5.0,5.0,5.0,5.0,10.0,15.0,5.0,5.0
BU07852129,Goirle,55,0.0,15.0,15.0,5.0,5.0,15.0,5.0,0.0
BU07852230,Goirle,0,,,,,,,,
BU07852331,Goirle,65,25.0,10.0,0.0,0.0,5.0,15.0,5.0,5.0
BU19420000,Gooise Meren,550,0.0,45.0,190.0,35.0,35.0,110.0,55.0,85.0
BU19420001,Gooise Meren,325,0.0,20.0,60.0,25.0,25.0,75.0,65.0,45.0
BU19420002,Gooise Meren,280,0.0,40.0,60.0,20.0,20.0,80.0,40.0,25.0
BU19420003,Gooise Meren,260,0.0,30.0,40.0,25.0,20.0,75.0,35.0,30.0
BU19420004,Gooise Meren,235,0.0,60.0,30.0,20.0,20.0,45.0,35.0,25.0
BU19420005,Gooise Meren,155,0.0,25.0,15.0,15.0,5.0,35.0,35.0,25.0
BU19420006,Gooise Meren,130,0.0,25.0,25.0,10.0,5.0,25.0,25.0,15.0
BU19420007,Gooise Meren,160,0.0,15.0,15.0,10.0,15.0,50.0,35.0,20.0
BU19420008,Gooise Meren,305,0.0,25.0,40.0,25.0,45.0,100.0,40.0,30.0
BU19420100,Gooise Meren,230,0.0,10.0,35.0,15.0,35.0,85.0,35.0,15.0
BU19420101,Gooise Meren,160,0.0,15.0,20.0,15.0,15.0,55.0,35.0,5.0
BU19420102,Gooise Meren,215,0.0,15.0,15.0,25.0,25.0,85.0,35.0,15.0
BU19420103,Gooise Meren,145,0.0,0.0,10.0,5.0,40.0,70.0,20.0,0.0
BU19420104,Gooise Meren,175,0.0,5.0,10.0,5.0,30.0,85.0,30.0,10.0
BU19420200,Gooise Meren,10,,,,,,,,
BU19420201,Gooise Meren,215,0.0,10.0,25.0,5.0,30.0,100.0,35.0,10.0
BU19420202,Gooise Meren,105,0.0,20.0,10.0,10.0,5.0,30.0,20.0,10.0
BU19420203,Gooise Meren,100,0.0,5.0,5.0,10.0,10.0,50.0,10.0,10.0
BU19420204,Gooise Meren,205,0.0,10.0,15.0,10.0,30.0,90.0,35.0,15.0
BU19420205,Gooise Meren,185,0.0,15.0,15.0,25.0,20.0,60.0,30.0,15.0
BU19420206,Gooise Meren,330,0.0,30.0,30.0,40.0,20.0,90.0,85.0,30.0
BU19420207,Gooise Meren,195,0.0,40.0,25.0,15.0,10.0,50.0,35.0,20.0
BU19420208,Gooise Meren,165,0.0,40.0,20.0,5.0,5.0,35.0,40.0,20.0
BU19420209,Gooise Meren,195,0.0,40.0,25.0,20.0,5.0,40.0,35.0,30.0
BU19420300,Gooise Meren,205,0.0,5.0,15.0,10.0,35.0,85.0,35.0,15.0
BU19420301,Gooise Meren,90,0.0,0.0,5.0,0.0,25.0,35.0,20.0,5.0
BU19420302,Gooise Meren,280,0.0,5.0,15.0,10.0,45.0,125.0,55.0,25.0
BU19420303,Gooise Meren,170,0.0,5.0,10.0,5.0,35.0,80.0,25.0,10.0
BU19420304,Gooise Meren,165,0.0,10.0,5.0,5.0,25.0,55.0,35.0,25.0
BU19420305,Gooise Meren,100,0.0,5.0,5.0,10.0,10.0,45.0,20.0,10.0
BU19420306,Gooise Meren,105,0.0,5.0,15.0,5.0,25.0,35.0,10.0,5.0
BU19420400,Gooise Meren,345,0.0,25.0,55.0,35.0,45.0,100.0,55.0,35.0
BU19420401,Gooise Meren,330,0.0,35.0,30.0,35.0,35.0,120.0,50.0,25.0
BU19420402,Gooise Meren,360,0.0,30.0,35.0,30.0,45.0,110.0,70.0,40.0
BU19420403,Gooise Meren,85,0.0,5.0,10.0,5.0,5.0,30.0,20.0,10.0
BU19420404,Gooise Meren,175,0.0,10.0,20.0,20.0,15.0,55.0,30.0,25.0
BU19420408,Gooise Meren,45,0.0,0.0,25.0,0.0,0.0,5.0,5.0,5.0
BU19420409,Gooise Meren,0,,,,,,,,
BU19420410,Gooise Meren,65,10.0,5.0,15.0,5.0,5.0,10.0,5.0,5.0
BU19420501,Gooise Meren,510,0.0,20.0,90.0,40.0,55.0,195.0,55.0,55.0
BU19420502,Gooise Meren,425,0.0,70.0,55.0,30.0,20.0,115.0,75.0,60.0
BU19420503,Gooise Meren,140,0.0,5.0,15.0,5.0,35.0,55.0,15.0,10.0
BU19420504,Gooise Meren,295,0.0,45.0,115.0,20.0,25.0,60.0,10.0,20.0
BU19420506,Gooise Meren,135,0.0,5.0,5.0,10.0,25.0,60.0,15.0,10.0
BU19420507,Gooise Meren,320,0.0,10.0,30.0,20.0,40.0,125.0,80.0,15.0
BU19420508,Gooise Meren,385,0.0,20.0,30.0,40.0,55.0,155.0,65.0,20.0
BU19420509,Gooise Meren,265,5.0,10.0,20.0,10.0,50.0,105.0,45.0,25.0
BU19420510,Gooise Meren,340,0.0,10.0,20.0,20.0,55.0,175.0,50.0,15.0
BU19420511,Gooise Meren,65,0.0,0.0,5.0,5.0,20.0,25.0,5.0,5.0
BU19420512,Gooise Meren,190,10.0,10.0,25.0,10.0,35.0,65.0,15.0,20.0
BU19420513,Gooise Meren,25,5.0,0.0,0.0,0.0,0.0,10.0,5.0,0.0
BU19420515,Gooise Meren,30,0.0,0.0,0.0,0.0,5.0,15.0,5.0,0.0
BU19420555,Gooise Meren,175,0.0,10.0,20.0,20.0,40.0,60.0,10.0,15.0
BU19420565,Gooise Meren,120,0.0,25.0,15.0,10.0,10.0,20.0,30.0,15.0
BU19420575,Gooise Meren,45,0.0,5.0,0.0,5.0,10.0,15.0,5.0,5.0
BU19420585,Gooise Meren,95,0.0,10.0,10.0,10.0,5.0,35.0,20.0,10.0
BU05120101,Gorinchem,320,0.0,25.0,45.0,20.0,40.0,105.0,55.0,30.0
BU05120102,Gorinchem,880,0.0,110.0,250.0,45.0,65.0,200.0,95.0,110.0
BU05120200,Gorinchem,230,0.0,30.0,25.0,15.0,15.0,70.0,40.0,35.0
BU05120300,Gorinchem,230,0.0,50.0,35.0,15.0,10.0,45.0,55.0,20.0
BU05120403,Gorinchem,305,0.0,60.0,45.0,25.0,20.0,65.0,50.0,35.0
BU05120404,Gorinchem,205,0.0,40.0,40.0,10.0,5.0,55.0,30.0,20.0
BU05120500,Gorinchem,270,0.0,40.0,30.0,35.0,15.0,55.0,65.0,40.0
BU05120600,Gorinchem,390,0.0,70.0,95.0,25.0,10.0,65.0,90.0,35.0
BU05120700,Gorinchem,120,0.0,20.0,25.0,5.0,15.0,20.0,15.0,15.0
BU05120800,Gorinchem,45,0.0,5.0,10.0,10.0,5.0,10.0,5.0,0.0
BU05120900,Gorinchem,70,0.0,10.0,25.0,5.0,10.0,10.0,5.0,0.0
BU05121000,Gorinchem,20,,,,,,,,
BU05121105,Gorinchem,185,0.0,30.0,20.0,10.0,10.0,50.0,50.0,20.0
BU05121106,Gorinchem,195,0.0,25.0,30.0,20.0,20.0,45.0,40.0,20.0
BU05121107,Gorinchem,220,0.0,30.0,35.0,15.0,20.0,60.0,45.0,20.0
BU05121108,Gorinchem,130,0.0,10.0,10.0,5.0,30.0,45.0,25.0,10.0
BU05121200,Gorinchem,105,5.0,25.0,10.0,5.0,15.0,20.0,15.0,10.0
BU05121300,Gorinchem,290,0.0,30.0,45.0,25.0,30.0,95.0,55.0,15.0
BU05121409,Gorinchem,50,0.0,10.0,10.0,5.0,5.0,20.0,5.0,0.0
BU05121410,Gorinchem,155,0.0,20.0,35.0,10.0,20.0,45.0,10.0,15.0
BU05121411,Gorinchem,50,0.0,0.0,20.0,5.0,5.0,15.0,5.0,5.0
BU05121500,Gorinchem,175,0.0,40.0,50.0,10.0,15.0,35.0,15.0,5.0
BU05121600,Gorinchem,35,0.0,5.0,0.0,5.0,5.0,10.0,10.0,5.0
BU05121700,Gorinchem,5,,,,,,,,
BU05121800,Gorinchem,25,5.0,10.0,0.0,0.0,0.0,5.0,0.0,0.0
BU05121900,Gorinchem,5,,,,,,,,
BU05122000,Gorinchem,0,,,,,,,,
BU05122100,Gorinchem,5,,,,,,,,
BU05130100,Gouda,425,0.0,30.0,205.0,20.0,15.0,60.0,30.0,55.0
BU05130101,Gouda,345,0.0,35.0,80.0,15.0,35.0,90.0,45.0,45.0
BU05130102,Gouda,320,0.0,30.0,75.0,15.0,20.0,85.0,45.0,45.0
BU05130103,Gouda,365,0.0,45.0,50.0,30.0,20.0,110.0,55.0,50.0
BU05130104,Gouda,300,0.0,45.0,25.0,30.0,35.0,70.0,70.0,25.0
BU05130105,Gouda,140,0.0,20.0,30.0,10.0,25.0,30.0,10.0,15.0
BU05130200,Gouda,525,10.0,135.0,60.0,40.0,20.0,110.0,80.0,70.0
BU05130201,Gouda,175,0.0,60.0,15.0,25.0,5.0,30.0,25.0,20.0
BU05130202,Gouda,85,0.0,25.0,20.0,10.0,5.0,10.0,10.0,5.0
BU05130203,Gouda,35,0.0,10.0,10.0,0.0,5.0,5.0,5.0,0.0
BU05130204,Gouda,40,0.0,15.0,5.0,0.0,0.0,5.0,5.0,5.0
BU05130300,Gouda,225,0.0,20.0,20.0,20.0,15.0,55.0,80.0,15.0
BU05130301,Gouda,295,0.0,45.0,25.0,35.0,20.0,50.0,85.0,30.0
BU05130302,Gouda,130,0.0,25.0,15.0,10.0,0.0,35.0,30.0,15.0
BU05130303,Gouda,20,,,,,,,,
BU05130304,Gouda,415,0.0,35.0,95.0,50.0,35.0,120.0,40.0,35.0
BU05130305,Gouda,90,0.0,5.0,5.0,5.0,20.0,30.0,20.0,5.0
BU05130400,Gouda,180,0.0,20.0,70.0,5.0,5.0,20.0,35.0,25.0
BU05130401,Gouda,80,0.0,20.0,10.0,5.0,0.0,20.0,15.0,10.0
BU05130402,Gouda,120,0.0,15.0,10.0,10.0,5.0,40.0,30.0,10.0
BU05130403,Gouda,190,0.0,35.0,25.0,15.0,5.0,45.0,45.0,20.0
BU05130404,Gouda,155,0.0,20.0,15.0,5.0,10.0,55.0,35.0,15.0
BU05130405,Gouda,35,0.0,5.0,0.0,0.0,10.0,15.0,5.0,5.0
BU05130406,Gouda,140,0.0,20.0,15.0,10.0,10.0,30.0,40.0,10.0
BU05130407,Gouda,105,0.0,15.0,5.0,10.0,5.0,25.0,25.0,10.0
BU05130500,Gouda,510,0.0,65.0,55.0,45.0,25.0,130.0,125.0,60.0
BU05130501,Gouda,55,0.0,15.0,10.0,0.0,0.0,10.0,10.0,5.0
BU05130502,Gouda,70,0.0,15.0,10.0,5.0,10.0,15.0,10.0,5.0
BU05130503,Gouda,70,0.0,20.0,10.0,5.0,0.0,20.0,15.0,5.0
BU05130504,Gouda,185,0.0,30.0,15.0,20.0,5.0,55.0,40.0,20.0
BU05130505,Gouda,155,0.0,20.0,15.0,15.0,25.0,40.0,30.0,10.0
BU05130509,Gouda,5,,,,,,,,
BU05130600,Gouda,135,0.0,45.0,15.0,15.0,0.0,20.0,25.0,10.0
BU05130601,Gouda,125,0.0,20.0,10.0,10.0,5.0,30.0,45.0,10.0
BU05130602,Gouda,65,0.0,10.0,5.0,5.0,10.0,20.0,10.0,5.0
BU05130603,Gouda,315,0.0,45.0,30.0,25.0,10.0,80.0,85.0,35.0
BU05130604,Gouda,440,0.0,60.0,40.0,35.0,30.0,120.0,105.0,40.0
BU05130700,Gouda,85,0.0,15.0,15.0,5.0,0.0,20.0,15.0,10.0
BU05130701,Gouda,245,0.0,45.0,35.0,20.0,10.0,50.0,60.0,25.0
BU05130702,Gouda,275,0.0,45.0,35.0,25.0,10.0,75.0,65.0,20.0
BU05130703,Gouda,85,0.0,10.0,5.0,10.0,10.0,30.0,15.0,5.0
BU05130704,Gouda,160,0.0,20.0,15.0,25.0,5.0,40.0,40.0,15.0
BU05130705,Gouda,55,0.0,10.0,5.0,5.0,10.0,15.0,10.0,5.0
BU05130800,Gouda,65,0.0,10.0,10.0,5.0,10.0,10.0,10.0,10.0
BU05130809,Gouda,25,0.0,5.0,10.0,0.0,0.0,5.0,5.0,0.0
BU05130900,Gouda,135,0.0,40.0,50.0,5.0,10.0,20.0,0.0,5.0
BU05130901,Gouda,10,,,,,,,,
BU05130902,Gouda,20,,,,,,,,
BU05130903,Gouda,105,0.0,20.0,15.0,15.0,10.0,20.0,15.0,5.0
BU05130904,Gouda,140,0.0,20.0,15.0,15.0,5.0,35.0,45.0,5.0
BU05130909,Gouda,0,,,,,,,,
BU05180170,'s-Gravenhage,10,,,,,,,,
BU05180271,'s-Gravenhage,1415,0.0,100.0,260.0,85.0,140.0,425.0,260.0,150.0
BU05180373,'s-Gravenhage,180,0.0,5.0,15.0,10.0,40.0,65.0,30.0,15.0
BU05180374,'s-Gravenhage,200,0.0,10.0,20.0,5.0,35.0,80.0,40.0,10.0
BU05180448,'s-Gravenhage,615,0.0,20.0,50.0,50.0,70.0,260.0,105.0,55.0
BU05180475,'s-Gravenhage,350,0.0,15.0,25.0,20.0,30.0,150.0,80.0,30.0
BU05180476,'s-Gravenhage,310,0.0,10.0,30.0,20.0,30.0,120.0,80.0,20.0
BU05180477,'s-Gravenhage,595,0.0,10.0,45.0,40.0,70.0,240.0,150.0,50.0
BU05180478,'s-Gravenhage,370,0.0,15.0,25.0,20.0,60.0,165.0,65.0,25.0
BU05180479,'s-Gravenhage,405,0.0,10.0,80.0,20.0,35.0,145.0,80.0,35.0
BU05180546,'s-Gravenhage,1420,0.0,60.0,150.0,80.0,190.0,560.0,215.0,160.0
BU05180605,'s-Gravenhage,225,0.0,10.0,15.0,20.0,30.0,65.0,35.0,50.0
BU05180701,'s-Gravenhage,545,0.0,65.0,90.0,45.0,30.0,150.0,95.0,70.0
BU05180702,'s-Gravenhage,1045,10.0,135.0,210.0,70.0,135.0,290.0,115.0,85.0
BU05180703,'s-Gravenhage,1125,0.0,110.0,190.0,75.0,105.0,315.0,180.0,150.0
BU05180704,'s-Gravenhage,630,0.0,80.0,105.0,40.0,30.0,160.0,120.0,95.0
BU05180772,'s-Gravenhage,265,0.0,25.0,35.0,15.0,20.0,95.0,40.0,35.0
BU05180800,'s-Gravenhage,480,5.0,120.0,50.0,30.0,10.0,110.0,90.0,60.0
BU05180907,'s-Gravenhage,1935,0.0,90.0,255.0,125.0,190.0,650.0,405.0,215.0
BU05180908,'s-Gravenhage,535,5.0,85.0,60.0,40.0,20.0,155.0,90.0,75.0
BU05181041,'s-Gravenhage,305,0.0,5.0,15.0,10.0,80.0,105.0,45.0,45.0
BU05181142,'s-Gravenhage,475,0.0,30.0,55.0,35.0,40.0,165.0,105.0,45.0
BU05181143,'s-Gravenhage,1145,5.0,65.0,115.0,65.0,80.0,370.0,250.0,190.0
BU05181250,'s-Gravenhage,305,0.0,20.0,20.0,25.0,25.0,110.0,75.0,25.0
BU05181251,'s-Gravenhage,905,5.0,70.0,120.0,55.0,55.0,270.0,195.0,135.0
BU05181252,'s-Gravenhage,1060,5.0,110.0,180.0,65.0,65.0,290.0,175.0,175.0
BU05181309,'s-Gravenhage,905,0.0,30.0,70.0,55.0,150.0,335.0,215.0,60.0
BU05181481,'s-Gravenhage,70,0.0,5.0,15.0,5.0,5.0,20.0,15.0,10.0
BU05181492,'s-Gravenhage,520,5.0,50.0,55.0,25.0,35.0,170.0,115.0,60.0
BU05181590,'s-Gravenhage,195,0.0,10.0,15.0,10.0,25.0,75.0,40.0,20.0
BU05181591,'s-Gravenhage,260,0.0,20.0,30.0,10.0,55.0,90.0,40.0,20.0
BU05181697,'s-Gravenhage,920,5.0,140.0,90.0,75.0,95.0,280.0,155.0,80.0
BU05181785,'s-Gravenhage,560,0.0,90.0,160.0,30.0,50.0,140.0,65.0,30.0
BU05181786,'s-Gravenhage,1205,20.0,280.0,190.0,95.0,35.0,260.0,210.0,115.0
BU05181795,'s-Gravenhage,525,10.0,115.0,100.0,30.0,25.0,80.0,105.0,60.0
BU05181806,'s-Gravenhage,155,10.0,30.0,15.0,20.0,5.0,35.0,25.0,15.0
BU05181840,'s-Gravenhage,595,20.0,180.0,65.0,55.0,5.0,95.0,115.0,60.0
BU05181882,'s-Gravenhage,330,5.0,55.0,60.0,15.0,15.0,65.0,65.0,45.0
BU05181893,'s-Gravenhage,180,0.0,10.0,20.0,10.0,15.0,60.0,40.0,25.0
BU05181894,'s-Gravenhage,230,5.0,35.0,45.0,15.0,10.0,60.0,35.0,30.0
BU05181953,'s-Gravenhage,1000,5.0,115.0,105.0,60.0,75.0,280.0,250.0,115.0
BU05181983,'s-Gravenhage,320,0.0,40.0,50.0,15.0,10.0,95.0,55.0,50.0
BU05182054,'s-Gravenhage,975,15.0,245.0,95.0,75.0,20.0,210.0,145.0,175.0
BU05182055,'s-Gravenhage,2160,90.0,480.0,255.0,135.0,55.0,470.0,355.0,325.0
BU05182110,'s-Gravenhage,1110,40.0,225.0,130.0,65.0,25.0,250.0,185.0,185.0
BU05182144,'s-Gravenhage,1475,15.0,160.0,175.0,120.0,60.0,415.0,230.0,295.0
BU05182245,'s-Gravenhage,2420,10.0,195.0,380.0,200.0,165.0,675.0,370.0,430.0
BU05182347,'s-Gravenhage,720,0.0,30.0,100.0,45.0,130.0,225.0,95.0,100.0
BU05182449,'s-Gravenhage,150,0.0,5.0,10.0,5.0,15.0,40.0,25.0,50.0
BU05182561,'s-Gravenhage,465,0.0,95.0,45.0,55.0,30.0,105.0,90.0,50.0
BU05182567,'s-Gravenhage,255,5.0,30.0,30.0,35.0,10.0,55.0,45.0,45.0
BU05182568,'s-Gravenhage,155,0.0,5.0,10.0,10.0,40.0,55.0,25.0,10.0
BU05182569,'s-Gravenhage,715,5.0,115.0,85.0,70.0,25.0,165.0,145.0,100.0
BU05182664,'s-Gravenhage,715,5.0,70.0,110.0,60.0,75.0,195.0,100.0,100.0
BU05182665,'s-Gravenhage,1365,0.0,80.0,175.0,165.0,135.0,465.0,185.0,160.0
BU05182666,'s-Gravenhage,1340,0.0,140.0,165.0,130.0,70.0,380.0,245.0,205.0
BU05182718,'s-Gravenhage,985,25.0,115.0,180.0,115.0,25.0,230.0,140.0,160.0
BU05182762,'s-Gravenhage,210,0.0,35.0,30.0,15.0,10.0,30.0,20.0,75.0
BU05182763,'s-Gravenhage,800,5.0,130.0,110.0,45.0,50.0,200.0,125.0,135.0
BU05182811,'s-Gravenhage,1750,10.0,135.0,425.0,155.0,70.0,380.0,270.0,310.0
BU05182812,'s-Gravenhage,1730,0.0,75.0,435.0,115.0,205.0,445.0,195.0,255.0
BU05182813,'s-Gravenhage,640,0.0,25.0,155.0,65.0,20.0,145.0,110.0,120.0
BU05182814,'s-Gravenhage,1845,10.0,145.0,475.0,130.0,45.0,400.0,220.0,420.0
BU05182915,'s-Gravenhage,1895,220.0,715.0,260.0,105.0,20.0,205.0,260.0,110.0
BU05182916,'s-Gravenhage,960,65.0,260.0,115.0,75.0,15.0,130.0,180.0,115.0
BU05182917,'s-Gravenhage,660,60.0,230.0,80.0,50.0,5.0,70.0,120.0,45.0
BU05183032,'s-Gravenhage,555,65.0,200.0,95.0,40.0,5.0,65.0,55.0,30.0
BU05183033,'s-Gravenhage,900,110.0,355.0,155.0,30.0,15.0,95.0,95.0,45.0
BU05183034,'s-Gravenhage,1600,375.0,695.0,165.0,50.0,10.0,120.0,140.0,45.0
BU05183130,'s-Gravenhage,935,105.0,420.0,95.0,35.0,10.0,110.0,85.0,75.0
BU05183131,'s-Gravenhage,880,105.0,330.0,95.0,45.0,10.0,120.0,90.0,80.0
BU05183135,'s-Gravenhage,1710,270.0,830.0,150.0,60.0,10.0,170.0,115.0,100.0
BU05183284,'s-Gravenhage,1935,120.0,665.0,195.0,125.0,40.0,295.0,305.0,190.0
BU05183387,'s-Gravenhage,945,115.0,310.0,95.0,95.0,10.0,115.0,150.0,55.0
BU05183396,'s-Gravenhage,870,125.0,315.0,75.0,60.0,15.0,105.0,140.0,35.0
BU05183398,'s-Gravenhage,1110,120.0,350.0,120.0,80.0,15.0,150.0,200.0,70.0
BU05183399,'s-Gravenhage,165,5.0,15.0,15.0,15.0,30.0,45.0,25.0,15.0
BU05183480,'s-Gravenhage,885,110.0,390.0,80.0,50.0,10.0,100.0,110.0,35.0
BU05183488,'s-Gravenhage,1020,65.0,275.0,145.0,55.0,25.0,160.0,230.0,60.0
BU05183489,'s-Gravenhage,735,55.0,225.0,120.0,50.0,10.0,100.0,115.0,55.0
BU05183536,'s-Gravenhage,40,0.0,0.0,15.0,0.0,0.0,10.0,10.0,5.0
BU05183620,'s-Gravenhage,345,20.0,110.0,50.0,35.0,5.0,60.0,50.0,25.0
BU05183637,'s-Gravenhage,565,60.0,175.0,100.0,45.0,0.0,70.0,85.0,30.0
BU05183638,'s-Gravenhage,985,135.0,430.0,70.0,55.0,10.0,135.0,95.0,55.0
BU05183639,'s-Gravenhage,500,30.0,120.0,50.0,50.0,10.0,85.0,120.0,30.0
BU05183721,'s-Gravenhage,1140,170.0,410.0,165.0,70.0,25.0,165.0,100.0,40.0
BU05183819,'s-Gravenhage,500,15.0,95.0,90.0,55.0,10.0,100.0,100.0,40.0
BU05183822,'s-Gravenhage,1140,40.0,255.0,210.0,100.0,25.0,210.0,205.0,95.0
BU05183823,'s-Gravenhage,455,35.0,185.0,40.0,30.0,5.0,55.0,80.0,25.0
BU05183824,'s-Gravenhage,1455,150.0,715.0,145.0,65.0,5.0,135.0,125.0,105.0
BU05183825,'s-Gravenhage,2165,225.0,1100.0,190.0,105.0,20.0,220.0,130.0,175.0
BU05183826,'s-Gravenhage,1275,100.0,525.0,140.0,80.0,10.0,140.0,160.0,120.0
BU05183960,'s-Gravenhage,1165,0.0,130.0,190.0,160.0,80.0,355.0,110.0,145.0
BU05184001,'s-Gravenhage,350,10.0,60.0,35.0,25.0,20.0,80.0,80.0,35.0
BU05184002,'s-Gravenhage,1105,25.0,230.0,115.0,110.0,55.0,250.0,220.0,100.0
BU05184003,'s-Gravenhage,410,0.0,40.0,35.0,35.0,50.0,150.0,60.0,35.0
BU05184004,'s-Gravenhage,430,10.0,90.0,55.0,55.0,30.0,110.0,55.0,30.0
BU05184005,'s-Gravenhage,425,5.0,75.0,65.0,45.0,15.0,95.0,85.0,35.0
BU05184106,'s-Gravenhage,410,0.0,75.0,120.0,40.0,45.0,85.0,15.0,25.0
BU05184107,'s-Gravenhage,265,0.0,35.0,80.0,20.0,25.0,65.0,20.0,15.0
BU05184110,'s-Gravenhage,80,0.0,15.0,5.0,15.0,5.0,25.0,15.0,10.0
BU05184208,'s-Gravenhage,260,0.0,10.0,20.0,25.0,40.0,115.0,40.0,20.0
BU05184209,'s-Gravenhage,0,,,,,,,,
BU05184211,'s-Gravenhage,280,5.0,35.0,45.0,35.0,15.0,60.0,75.0,15.0
BU05184212,'s-Gravenhage,780,5.0,130.0,120.0,75.0,35.0,185.0,165.0,60.0
BU05184213,'s-Gravenhage,560,5.0,85.0,80.0,50.0,35.0,160.0,105.0,40.0
BU05184214,'s-Gravenhage,540,5.0,115.0,85.0,50.0,20.0,130.0,90.0,50.0
BU05184215,'s-Gravenhage,635,5.0,70.0,60.0,65.0,45.0,220.0,125.0,50.0
BU05184316,'s-Gravenhage,55,0.0,10.0,10.0,5.0,10.0,10.0,5.0,10.0
BU05184317,'s-Gravenhage,625,0.0,75.0,170.0,80.0,60.0,165.0,30.0,50.0
BU05184418,'s-Gravenhage,510,5.0,75.0,60.0,55.0,25.0,145.0,110.0,40.0
BU05184419,'s-Gravenhage,440,5.0,45.0,90.0,45.0,25.0,120.0,80.0,35.0
BU05184420,'s-Gravenhage,785,0.0,85.0,95.0,95.0,55.0,230.0,165.0,55.0
BU05184421,'s-Gravenhage,280,0.0,35.0,35.0,40.0,20.0,85.0,40.0,25.0
BU00140000,Groningen,1030,5.0,45.0,330.0,90.0,75.0,200.0,115.0,170.0
BU00140001,Groningen,1730,0.0,50.0,535.0,130.0,120.0,330.0,190.0,380.0
BU00140002,Groningen,620,0.0,40.0,115.0,50.0,40.0,155.0,105.0,105.0
BU00140003,Groningen,320,0.0,15.0,75.0,35.0,15.0,80.0,30.0,65.0
BU00140004,Groningen,5,,,,,,,,
BU00140005,Groningen,965,0.0,50.0,170.0,80.0,55.0,270.0,130.0,210.0
BU00140007,Groningen,50,0.0,0.0,15.0,0.0,0.0,10.0,20.0,5.0
BU00140008,Groningen,80,0.0,5.0,10.0,15.0,5.0,20.0,15.0,5.0
BU00140100,Groningen,160,0.0,10.0,10.0,10.0,30.0,50.0,30.0,15.0
BU00140101,Groningen,700,0.0,45.0,75.0,75.0,40.0,200.0,125.0,145.0
BU00140102,Groningen,220,0.0,5.0,20.0,20.0,15.0,60.0,70.0,30.0
BU00140103,Groningen,525,0.0,30.0,55.0,60.0,25.0,140.0,130.0,85.0
BU00140104,Groningen,220,0.0,15.0,30.0,25.0,10.0,45.0,50.0,45.0
BU00140105,Groningen,105,0.0,10.0,20.0,15.0,5.0,25.0,20.0,15.0
BU00140106,Groningen,260,0.0,15.0,35.0,30.0,5.0,75.0,55.0,45.0
BU00140107,Groningen,115,0.0,15.0,10.0,15.0,0.0,30.0,25.0,20.0
BU00140108,Groningen,10,,,,,,,,
BU00140109,Groningen,160,0.0,5.0,10.0,20.0,20.0,70.0,20.0,15.0
BU00140200,Groningen,290,0.0,10.0,30.0,20.0,25.0,90.0,55.0,55.0
BU00140201,Groningen,465,0.0,40.0,50.0,35.0,20.0,135.0,105.0,85.0
BU00140202,Groningen,695,0.0,30.0,90.0,50.0,70.0,210.0,125.0,115.0
BU00140203,Groningen,240,0.0,15.0,25.0,20.0,10.0,60.0,75.0,40.0
BU00140300,Groningen,385,0.0,50.0,60.0,45.0,5.0,90.0,70.0,65.0
BU00140301,Groningen,720,0.0,45.0,115.0,65.0,15.0,185.0,135.0,150.0
BU00140302,Groningen,550,5.0,30.0,70.0,45.0,25.0,170.0,105.0,100.0
BU00140400,Groningen,440,0.0,20.0,55.0,40.0,15.0,125.0,120.0,70.0
BU00140401,Groningen,220,0.0,20.0,35.0,25.0,10.0,50.0,45.0,40.0
BU00140402,Groningen,225,0.0,15.0,30.0,15.0,10.0,55.0,55.0,45.0
BU00140403,Groningen,135,0.0,5.0,15.0,20.0,0.0,40.0,35.0,20.0
BU00140404,Groningen,95,0.0,5.0,20.0,10.0,5.0,20.0,15.0,20.0
BU00140500,Groningen,155,0.0,5.0,10.0,15.0,20.0,40.0,40.0,20.0
BU00140501,Groningen,310,0.0,15.0,25.0,50.0,60.0,95.0,35.0,30.0
BU00140502,Groningen,265,0.0,25.0,75.0,25.0,30.0,55.0,20.0,30.0
BU00140503,Groningen,100,0.0,5.0,15.0,15.0,10.0,35.0,15.0,10.0
BU00140504,Groningen,15,,,,,,,,
BU00140505,Groningen,250,0.0,40.0,100.0,25.0,10.0,55.0,15.0,5.0
BU00140506,Groningen,520,0.0,85.0,145.0,55.0,55.0,140.0,20.0,15.0
BU00140507,Groningen,190,0.0,40.0,65.0,10.0,15.0,35.0,15.0,15.0
BU00140508,Groningen,160,0.0,50.0,50.0,0.0,10.0,30.0,5.0,15.0
BU00140509,Groningen,5,,,,,,,,
BU00140510,Groningen,5,,,,,,,,
BU00140511,Groningen,0,,,,,,,,
BU00140600,Groningen,125,0.0,5.0,10.0,10.0,5.0,40.0,30.0,25.0
BU00140601,Groningen,270,0.0,15.0,30.0,15.0,10.0,90.0,90.0,30.0
BU00140602,Groningen,75,0.0,0.0,5.0,5.0,15.0,25.0,20.0,10.0
BU00140603,Groningen,160,0.0,5.0,10.0,5.0,30.0,55.0,55.0,5.0
BU00140604,Groningen,800,5.0,50.0,100.0,65.0,55.0,210.0,185.0,130.0
BU00140605,Groningen,340,0.0,35.0,45.0,35.0,15.0,75.0,75.0,60.0
BU00140606,Groningen,335,5.0,15.0,25.0,20.0,35.0,105.0,100.0,35.0
BU00140700,Groningen,475,0.0,25.0,70.0,40.0,15.0,95.0,135.0,95.0
BU00140701,Groningen,435,0.0,20.0,35.0,45.0,35.0,140.0,100.0,65.0
BU00140702,Groningen,105,0.0,0.0,5.0,10.0,20.0,35.0,30.0,10.0
BU00140703,Groningen,235,0.0,10.0,20.0,25.0,25.0,75.0,70.0,15.0
BU00140704,Groningen,165,0.0,5.0,10.0,15.0,25.0,65.0,40.0,5.0
BU00140705,Groningen,5,,,,,,,,
BU00140800,Groningen,195,0.0,35.0,65.0,10.0,10.0,30.0,25.0,20.0
BU00140801,Groningen,280,0.0,45.0,45.0,25.0,5.0,40.0,75.0,35.0
BU00140802,Groningen,20,,,,,,,,
BU00140803,Groningen,20,,,,,,,,
BU00140804,Groningen,25,0.0,5.0,5.0,0.0,0.0,5.0,0.0,0.0
BU00140805,Groningen,10,,,,,,,,
BU00140806,Groningen,170,0.0,10.0,25.0,15.0,20.0,50.0,30.0,20.0
BU00140807,Groningen,45,0.0,5.0,5.0,0.0,5.0,15.0,5.0,5.0
BU00140808,Groningen,125,0.0,10.0,40.0,25.0,10.0,20.0,10.0,10.0
BU00140809,Groningen,50,0.0,10.0,10.0,10.0,0.0,5.0,5.0,10.0
BU00140810,Groningen,150,0.0,10.0,5.0,10.0,25.0,50.0,35.0,15.0
BU00140811,Groningen,70,0.0,5.0,5.0,25.0,5.0,30.0,5.0,0.0
BU00140812,Groningen,35,0.0,5.0,15.0,0.0,0.0,0.0,0.0,5.0
BU00140900,Groningen,315,0.0,35.0,40.0,40.0,5.0,70.0,70.0,50.0
BU00140901,Groningen,285,0.0,40.0,55.0,20.0,5.0,55.0,55.0,50.0
BU00140902,Groningen,250,0.0,20.0,75.0,35.0,10.0,65.0,20.0,20.0
BU00140903,Groningen,135,0.0,5.0,15.0,25.0,10.0,35.0,30.0,10.0
BU00140904,Groningen,360,0.0,15.0,35.0,35.0,40.0,105.0,85.0,45.0
BU00140905,Groningen,15,,,,,,,,
BU00140906,Groningen,185,0.0,10.0,15.0,15.0,10.0,65.0,50.0,20.0
BU00140907,Groningen,25,0.0,5.0,0.0,5.0,0.0,0.0,5.0,5.0
BU00141000,Groningen,315,0.0,20.0,60.0,30.0,0.0,75.0,70.0,60.0
BU00141001,Groningen,280,0.0,15.0,40.0,40.0,15.0,75.0,60.0,35.0
BU00141002,Groningen,390,0.0,25.0,95.0,40.0,15.0,85.0,70.0,65.0
BU00141003,Groningen,145,0.0,20.0,15.0,15.0,10.0,45.0,20.0,20.0
BU00141004,Groningen,0,,,,,,,,
BU00141005,Groningen,150,0.0,10.0,20.0,10.0,0.0,40.0,35.0,30.0
BU00141100,Groningen,440,0.0,45.0,60.0,40.0,10.0,95.0,120.0,75.0
BU00141101,Groningen,440,0.0,65.0,45.0,35.0,5.0,90.0,110.0,85.0
BU00141102,Groningen,225,0.0,15.0,25.0,20.0,10.0,65.0,55.0,30.0
BU00141103,Groningen,120,0.0,5.0,5.0,15.0,10.0,40.0,25.0,20.0
BU00141104,Groningen,60,0.0,15.0,5.0,0.0,5.0,15.0,5.0,10.0
BU00141105,Groningen,105,0.0,15.0,30.0,10.0,10.0,20.0,10.0,5.0
BU00141106,Groningen,20,,,,,,,,
BU00141107,Groningen,0,,,,,,,,
BU00141200,Groningen,230,0.0,45.0,50.0,15.0,0.0,35.0,50.0,35.0
BU00141201,Groningen,220,0.0,35.0,20.0,30.0,5.0,40.0,50.0,40.0
BU00141202,Groningen,155,0.0,25.0,15.0,15.0,0.0,30.0,45.0,25.0
BU00141203,Groningen,315,0.0,40.0,65.0,30.0,15.0,70.0,55.0,40.0
BU00141204,Groningen,345,0.0,50.0,70.0,25.0,20.0,65.0,60.0,55.0
BU00141205,Groningen,15,,,,,,,,
BU00141206,Groningen,25,0.0,0.0,5.0,5.0,0.0,5.0,5.0,0.0
BU00141207,Groningen,20,,,,,,,,
BU00141208,Groningen,75,0.0,0.0,5.0,5.0,5.0,25.0,20.0,10.0
BU00141209,Groningen,30,5.0,0.0,5.0,0.0,0.0,10.0,5.0,5.0
BU00141210,Groningen,55,0.0,10.0,10.0,0.0,0.0,10.0,15.0,5.0
BU00141211,Groningen,90,0.0,10.0,15.0,15.0,5.0,20.0,20.0,10.0
BU00141300,Groningen,15,,,,,,,,
BU00141301,Groningen,120,0.0,15.0,20.0,10.0,15.0,20.0,25.0,20.0
BU00141302,Groningen,10,,,,,,,,
BU00141400,Groningen,165,0.0,20.0,15.0,5.0,25.0,45.0,35.0,15.0
BU00141401,Groningen,40,5.0,5.0,5.0,0.0,0.0,5.0,5.0,5.0
BU00141402,Groningen,25,0.0,10.0,0.0,0.0,0.0,5.0,5.0,0.0
BU00141403,Groningen,5,,,,,,,,
BU00141404,Groningen,60,0.0,10.0,5.0,10.0,5.0,10.0,15.0,5.0
BU00141405,Groningen,5,,,,,,,,
BU00141406,Groningen,5,,,,,,,,
BU00141500,Groningen,310,10.0,45.0,50.0,15.0,20.0,65.0,65.0,40.0
BU00141501,Groningen,20,,,,,,,,
BU00141502,Groningen,85,10.0,5.0,10.0,0.0,5.0,15.0,20.0,20.0
BU00141503,Groningen,95,20.0,15.0,5.0,10.0,5.0,15.0,15.0,15.0
BU00141504,Groningen,35,10.0,5.0,5.0,0.0,0.0,5.0,10.0,0.0
BU00141505,Groningen,10,,,,,,,,
BU00141506,Groningen,40,0.0,10.0,15.0,5.0,0.0,5.0,0.0,5.0
BU00141600,Groningen,70,0.0,15.0,10.0,5.0,5.0,15.0,10.0,10.0
BU00141601,Groningen,10,,,,,,,,
BU00141602,Groningen,40,5.0,10.0,5.0,0.0,5.0,5.0,5.0,5.0
BU00141603,Groningen,20,,,,,,,,
BU00141604,Groningen,20,,,,,,,,
BU00141605,Groningen,20,,,,,,,,
BU00141700,Groningen,275,0.0,15.0,105.0,15.0,25.0,35.0,45.0,35.0
BU00141701,Groningen,440,0.0,25.0,30.0,20.0,70.0,135.0,115.0,40.0
BU00141702,Groningen,420,0.0,25.0,30.0,20.0,45.0,125.0,115.0,55.0
BU00141703,Groningen,495,5.0,25.0,30.0,30.0,70.0,145.0,130.0,65.0
BU00141704,Groningen,25,0.0,0.0,0.0,0.0,5.0,10.0,5.0,0.0
BU00141705,Groningen,0,,,,,,,,
BU00141706,Groningen,10,,,,,,,,
BU00141707,Groningen,50,0.0,5.0,10.0,0.0,10.0,15.0,5.0,5.0
BU00141708,Groningen,65,0.0,5.0,10.0,0.0,10.0,20.0,20.0,0.0
BU00141709,Groningen,0,,,,,,,,
BU00141710,Groningen,0,,,,,,,,
BU00141800,Groningen,350,0.0,30.0,25.0,15.0,20.0,105.0,105.0,40.0
BU00141801,Groningen,65,0.0,10.0,5.0,5.0,5.0,10.0,20.0,10.0
BU00141802,Groningen,50,0.0,15.0,10.0,10.0,5.0,5.0,0.0,5.0
BU00141803,Groningen,0,,,,,,,,
BU00141900,Groningen,170,5.0,15.0,15.0,15.0,25.0,50.0,35.0,15.0
BU00141901,Groningen,65,0.0,5.0,10.0,5.0,5.0,20.0,15.0,5.0
BU00141902,Groningen,70,5.0,10.0,5.0,5.0,5.0,20.0,20.0,5.0
BU00141903,Groningen,70,0.0,5.0,10.0,0.0,15.0,20.0,15.0,5.0
BU00141904,Groningen,55,5.0,5.0,5.0,0.0,10.0,10.0,15.0,5.0
BU00141905,Groningen,40,5.0,5.0,10.0,0.0,5.0,5.0,10.0,0.0
BU00141906,Groningen,0,,,,,,,,
BU00141907,Groningen,0,,,,,,,,
BU00141908,Groningen,0,,,,,,,,
BU00141909,Groningen,0,,,,,,,,
BU17290000,Gulpen-Wittem,430,5.0,45.0,120.0,25.0,25.0,85.0,70.0,55.0
BU17290001,Gulpen-Wittem,25,10.0,5.0,5.0,0.0,5.0,0.0,5.0,0.0
BU17290002,Gulpen-Wittem,45,10.0,0.0,10.0,5.0,0.0,10.0,5.0,5.0
BU17290003,Gulpen-Wittem,70,10.0,20.0,10.0,0.0,5.0,10.0,10.0,5.0
BU17290009,Gulpen-Wittem,40,20.0,0.0,5.0,0.0,0.0,5.0,5.0,5.0
BU17290100,Gulpen-Wittem,165,0.0,25.0,35.0,5.0,10.0,35.0,35.0,20.0
BU17290101,Gulpen-Wittem,30,5.0,5.0,5.0,0.0,0.0,5.0,5.0,5.0
BU17290102,Gulpen-Wittem,20,,,,,,,,
BU17290103,Gulpen-Wittem,20,,,,,,,,
BU17290109,Gulpen-Wittem,20,,,,,,,,
BU17290200,Gulpen-Wittem,140,10.0,20.0,20.0,5.0,10.0,35.0,30.0,15.0
BU17290201,Gulpen-Wittem,30,5.0,0.0,5.0,0.0,5.0,10.0,5.0,0.0
BU17290202,Gulpen-Wittem,15,,,,,,,,
BU17290209,Gulpen-Wittem,5,,,,,,,,
BU17290300,Gulpen-Wittem,80,5.0,10.0,20.0,0.0,5.0,15.0,15.0,5.0
BU17290301,Gulpen-Wittem,50,0.0,15.0,10.0,0.0,0.0,10.0,5.0,5.0
BU17290302,Gulpen-Wittem,50,5.0,10.0,5.0,0.0,5.0,10.0,10.0,10.0
BU17290309,Gulpen-Wittem,10,,,,,,,,
BU17290400,Gulpen-Wittem,150,5.0,20.0,40.0,0.0,10.0,20.0,30.0,25.0
BU17290401,Gulpen-Wittem,25,5.0,0.0,5.0,0.0,5.0,5.0,0.0,0.0
BU17290402,Gulpen-Wittem,35,5.0,0.0,5.0,0.0,0.0,10.0,5.0,5.0
BU17290409,Gulpen-Wittem,40,10.0,5.0,10.0,0.0,5.0,10.0,0.0,5.0
BU17290500,Gulpen-Wittem,80,5.0,10.0,25.0,5.0,5.0,10.0,10.0,15.0
BU17290501,Gulpen-Wittem,25,5.0,5.0,5.0,0.0,0.0,5.0,5.0,0.0
BU17290509,Gulpen-Wittem,50,15.0,5.0,15.0,0.0,5.0,5.0,5.0,0.0
BU17290600,Gulpen-Wittem,65,5.0,5.0,20.0,0.0,5.0,10.0,10.0,10.0
BU17290601,Gulpen-Wittem,35,5.0,5.0,10.0,0.0,5.0,5.0,5.0,0.0
BU17290602,Gulpen-Wittem,10,,,,,,,,
BU17290603,Gulpen-Wittem,10,,,,,,,,
BU01580001,Haaksbergen,175,0.0,25.0,35.0,5.0,20.0,30.0,30.0,25.0
BU01580002,Haaksbergen,50,0.0,10.0,5.0,5.0,10.0,10.0,10.0,5.0
BU01580003,Haaksbergen,80,0.0,10.0,10.0,5.0,5.0,15.0,20.0,10.0
BU01580004,Haaksbergen,65,0.0,10.0,10.0,5.0,5.0,10.0,15.0,10.0
BU01580010,Haaksbergen,120,0.0,10.0,20.0,5.0,15.0,20.0,35.0,15.0
BU01580011,Haaksbergen,35,0.0,0.0,5.0,5.0,10.0,10.0,10.0,0.0
BU01580020,Haaksbergen,35,0.0,0.0,0.0,0.0,10.0,10.0,5.0,0.0
BU01580030,Haaksbergen,110,0.0,25.0,20.0,5.0,5.0,20.0,20.0,10.0
BU01580040,Haaksbergen,95,0.0,20.0,15.0,5.0,0.0,20.0,20.0,15.0
BU01580041,Haaksbergen,85,0.0,15.0,15.0,10.0,5.0,20.0,15.0,5.0
BU01580050,Haaksbergen,25,0.0,0.0,5.0,5.0,5.0,5.0,5.0,0.0
BU01580051,Haaksbergen,20,,,,,,,,
BU01580052,Haaksbergen,50,0.0,5.0,15.0,0.0,5.0,10.0,5.0,15.0
BU01580053,Haaksbergen,70,0.0,10.0,10.0,5.0,10.0,15.0,10.0,10.0
BU01580060,Haaksbergen,180,0.0,10.0,30.0,15.0,25.0,50.0,45.0,15.0
BU01580090,Haaksbergen,125,0.0,45.0,35.0,5.0,15.0,10.0,5.0,10.0
BU01580091,Haaksbergen,45,0.0,5.0,20.0,0.0,10.0,5.0,0.0,0.0
BU01580160,Haaksbergen,10,,,,,,,,
BU01580170,Haaksbergen,185,35.0,25.0,25.0,5.0,25.0,30.0,20.0,20.0
BU01580180,Haaksbergen,65,15.0,10.0,10.0,0.0,10.0,10.0,5.0,5.0
BU01580190,Haaksbergen,310,20.0,65.0,65.0,25.0,30.0,65.0,25.0,15.0
BU01580200,Haaksbergen,60,0.0,10.0,10.0,0.0,10.0,10.0,10.0,10.0
BU01580290,Haaksbergen,185,75.0,35.0,20.0,5.0,10.0,15.0,20.0,10.0
BU01580300,Haaksbergen,65,5.0,15.0,10.0,0.0,5.0,10.0,15.0,10.0
BU01580390,Haaksbergen,195,80.0,20.0,30.0,5.0,10.0,25.0,15.0,10.0
BU01580490,Haaksbergen,55,25.0,5.0,5.0,5.0,0.0,5.0,5.0,5.0
BU01580590,Haaksbergen,30,20.0,5.0,0.0,0.0,0.0,5.0,0.0,0.0
BU01580690,Haaksbergen,35,10.0,5.0,5.0,0.0,0.0,5.0,5.0,0.0
BU01580900,Haaksbergen,210,0.0,10.0,90.0,10.0,15.0,25.0,30.0,25.0
BU03920101,Haarlem,800,0.0,35.0,100.0,85.0,75.0,280.0,145.0,80.0
BU03920102,Haarlem,1145,0.0,65.0,425.0,60.0,55.0,255.0,120.0,165.0
BU03920103,Haarlem,655,0.0,35.0,120.0,50.0,50.0,240.0,60.0,95.0
BU03920104,Haarlem,585,0.0,50.0,75.0,50.0,25.0,170.0,100.0,110.0
BU03920105,Haarlem,885,0.0,45.0,200.0,65.0,65.0,255.0,140.0,110.0
BU03920106,Haarlem,455,0.0,25.0,110.0,25.0,25.0,115.0,85.0,70.0
BU03920201,Haarlem,705,0.0,30.0,70.0,45.0,75.0,240.0,160.0,85.0
BU03920202,Haarlem,275,0.0,5.0,25.0,20.0,50.0,100.0,50.0,20.0
BU03920203,Haarlem,375,0.0,10.0,25.0,30.0,50.0,130.0,95.0,35.0
BU03920204,Haarlem,215,0.0,25.0,25.0,15.0,15.0,60.0,40.0,35.0
BU03920205,Haarlem,370,0.0,55.0,30.0,35.0,20.0,110.0,55.0,65.0
BU03920206,Haarlem,395,0.0,15.0,25.0,25.0,50.0,165.0,90.0,25.0
BU03920207,Haarlem,25,0.0,0.0,5.0,0.0,5.0,0.0,0.0,10.0
BU03920208,Haarlem,360,0.0,10.0,15.0,20.0,55.0,150.0,85.0,25.0
BU03920301,Haarlem,455,0.0,30.0,35.0,40.0,50.0,150.0,90.0,60.0
BU03920302,Haarlem,290,0.0,20.0,40.0,25.0,30.0,95.0,35.0,50.0
BU03920303,Haarlem,360,0.0,60.0,30.0,30.0,15.0,120.0,60.0,50.0
BU03920304,Haarlem,365,0.0,50.0,40.0,35.0,20.0,110.0,60.0,55.0
BU03920401,Haarlem,80,0.0,5.0,10.0,10.0,5.0,25.0,25.0,5.0
BU03920402,Haarlem,300,0.0,40.0,25.0,20.0,15.0,100.0,55.0,45.0
BU03920403,Haarlem,295,0.0,35.0,30.0,20.0,20.0,85.0,50.0,55.0
BU03920404,Haarlem,200,0.0,10.0,20.0,15.0,15.0,65.0,55.0,25.0
BU03920405,Haarlem,325,0.0,40.0,55.0,20.0,20.0,100.0,60.0,35.0
BU03920501,Haarlem,115,0.0,10.0,5.0,15.0,10.0,40.0,20.0,15.0
BU03920502,Haarlem,280,0.0,10.0,25.0,25.0,20.0,80.0,90.0,35.0
BU03920503,Haarlem,415,0.0,30.0,30.0,30.0,35.0,150.0,100.0,40.0
BU03920504,Haarlem,15,,,,,,,,
BU03920505,Haarlem,5,,,,,,,,
BU03920506,Haarlem,150,0.0,10.0,10.0,10.0,25.0,50.0,25.0,15.0
BU03920601,Haarlem,215,0.0,15.0,20.0,25.0,25.0,95.0,30.0,10.0
BU03920602,Haarlem,1695,0.0,300.0,445.0,190.0,140.0,420.0,75.0,125.0
BU03920603,Haarlem,10,,,,,,,,
BU03920701,Haarlem,345,0.0,60.0,55.0,25.0,15.0,90.0,55.0,45.0
BU03920702,Haarlem,255,0.0,60.0,35.0,30.0,10.0,55.0,30.0,40.0
BU03920703,Haarlem,150,0.0,30.0,20.0,20.0,5.0,25.0,25.0,30.0
BU03920704,Haarlem,230,0.0,40.0,20.0,20.0,15.0,55.0,45.0,35.0
BU03920801,Haarlem,240,0.0,40.0,35.0,20.0,20.0,65.0,35.0,30.0
BU03920802,Haarlem,105,0.0,20.0,15.0,20.0,0.0,15.0,25.0,10.0
BU03920803,Haarlem,145,0.0,30.0,15.0,15.0,5.0,40.0,25.0,15.0
BU03920804,Haarlem,95,0.0,10.0,10.0,15.0,0.0,20.0,25.0,5.0
BU03920901,Haarlem,175,0.0,30.0,15.0,30.0,10.0,35.0,35.0,20.0
BU03920902,Haarlem,200,0.0,30.0,20.0,20.0,10.0,60.0,45.0,15.0
BU03920903,Haarlem,70,0.0,10.0,15.0,5.0,10.0,15.0,5.0,10.0
BU03920904,Haarlem,160,0.0,25.0,30.0,20.0,0.0,35.0,40.0,15.0
BU03920905,Haarlem,85,0.0,15.0,10.0,5.0,5.0,20.0,15.0,15.0
BU03920906,Haarlem,5,,,,,,,,
BU03921001,Haarlem,385,0.0,55.0,90.0,30.0,15.0,75.0,55.0,60.0
BU03921002,Haarlem,350,0.0,65.0,30.0,35.0,10.0,95.0,60.0,55.0
BU03921003,Haarlem,195,0.0,35.0,40.0,15.0,5.0,40.0,30.0,25.0
BU03921004,Haarlem,345,0.0,40.0,35.0,30.0,20.0,125.0,50.0,45.0
BU03921005,Haarlem,180,0.0,30.0,15.0,20.0,10.0,50.0,35.0,20.0
BU03921101,Haarlem,255,0.0,50.0,25.0,25.0,15.0,60.0,40.0,45.0
BU03921102,Haarlem,170,0.0,45.0,15.0,15.0,10.0,45.0,25.0,15.0
BU03921103,Haarlem,200,0.0,30.0,35.0,15.0,5.0,45.0,45.0,25.0
BU03921104,Haarlem,185,0.0,25.0,25.0,15.0,10.0,50.0,40.0,25.0
BU03921105,Haarlem,300,0.0,40.0,50.0,20.0,10.0,75.0,65.0,35.0
BU03921201,Haarlem,210,0.0,25.0,20.0,15.0,10.0,70.0,40.0,30.0
BU03921202,Haarlem,220,0.0,20.0,25.0,15.0,20.0,75.0,40.0,30.0
BU03921203,Haarlem,245,0.0,15.0,15.0,20.0,15.0,85.0,60.0,30.0
BU03921204,Haarlem,180,0.0,20.0,10.0,15.0,20.0,55.0,35.0,25.0
BU03921205,Haarlem,430,0.0,20.0,40.0,30.0,45.0,175.0,75.0,45.0
BU03921206,Haarlem,185,0.0,5.0,5.0,15.0,20.0,65.0,50.0,25.0
BU03921207,Haarlem,500,0.0,30.0,55.0,45.0,55.0,160.0,110.0,50.0
BU03921301,Haarlem,25,0.0,0.0,10.0,0.0,0.0,0.0,10.0,5.0
BU03921302,Haarlem,145,0.0,10.0,10.0,5.0,20.0,45.0,40.0,20.0
BU03921303,Haarlem,160,0.0,15.0,10.0,15.0,15.0,55.0,35.0,15.0
BU03921304,Haarlem,240,0.0,20.0,35.0,25.0,5.0,50.0,60.0,45.0
BU03921305,Haarlem,200,0.0,10.0,15.0,15.0,10.0,75.0,40.0,30.0
BU03921306,Haarlem,165,0.0,15.0,10.0,15.0,10.0,55.0,30.0,25.0
BU03921307,Haarlem,135,0.0,10.0,5.0,15.0,10.0,40.0,45.0,10.0
BU03921401,Haarlem,265,0.0,45.0,30.0,25.0,10.0,70.0,50.0,35.0
BU03921402,Haarlem,125,0.0,15.0,15.0,10.0,5.0,35.0,20.0,15.0
BU03921403,Haarlem,140,0.0,20.0,5.0,10.0,10.0,45.0,35.0,15.0
BU03921404,Haarlem,10,,,,,,,,
BU03921501,Haarlem,195,0.0,30.0,45.0,25.0,10.0,35.0,25.0,25.0
BU03921502,Haarlem,115,0.0,15.0,15.0,20.0,0.0,25.0,25.0,20.0
BU03921503,Haarlem,170,0.0,30.0,20.0,15.0,5.0,45.0,45.0,15.0
BU03921601,Haarlem,60,0.0,5.0,15.0,0.0,0.0,5.0,10.0,15.0
BU03921602,Haarlem,0,,,,,,,,
BU03921603,Haarlem,220,0.0,35.0,15.0,25.0,15.0,60.0,55.0,20.0
BU03921604,Haarlem,155,0.0,15.0,15.0,15.0,10.0,50.0,30.0,25.0
BU03921605,Haarlem,95,0.0,15.0,5.0,10.0,5.0,20.0,20.0,20.0
BU03921701,Haarlem,0,,,,,,,,
BU03921702,Haarlem,115,0.0,15.0,20.0,5.0,20.0,30.0,15.0,15.0
BU03921801,Haarlem,10,,,,,,,,
BU03921802,Haarlem,250,0.0,45.0,25.0,30.0,10.0,45.0,50.0,40.0
BU03921803,Haarlem,70,0.0,5.0,0.0,5.0,15.0,15.0,20.0,10.0
BU03921804,Haarlem,205,0.0,55.0,30.0,25.0,10.0,45.0,35.0,5.0
BU03921805,Haarlem,10,,,,,,,,
BU03921806,Haarlem,195,0.0,30.0,25.0,35.0,5.0,35.0,40.0,30.0
BU03921807,Haarlem,150,0.0,30.0,15.0,25.0,5.0,35.0,35.0,10.0
BU03921901,Haarlem,185,0.0,15.0,15.0,25.0,15.0,40.0,55.0,15.0
BU03921902,Haarlem,50,0.0,0.0,5.0,10.0,0.0,20.0,10.0,5.0
BU03921903,Haarlem,150,0.0,25.0,20.0,30.0,0.0,25.0,30.0,20.0
BU03921904,Haarlem,80,0.0,20.0,10.0,15.0,5.0,15.0,15.0,0.0
BU03921905,Haarlem,0,,,,,,,,
BU03921906,Haarlem,225,0.0,50.0,40.0,35.0,5.0,40.0,35.0,20.0
BU03922001,Haarlem,65,0.0,5.0,10.0,5.0,10.0,20.0,10.0,10.0
BU03922002,Haarlem,120,0.0,20.0,15.0,20.0,10.0,25.0,20.0,10.0
BU03922003,Haarlem,175,0.0,35.0,20.0,25.0,10.0,25.0,45.0,15.0
BU03922004,Haarlem,115,0.0,15.0,20.0,20.0,5.0,20.0,25.0,10.0
BU03922005,Haarlem,225,0.0,40.0,25.0,15.0,5.0,55.0,55.0,30.0
BU03922006,Haarlem,100,0.0,15.0,10.0,10.0,5.0,30.0,20.0,10.0
BU03922007,Haarlem,0,,,,,,,,
BU03922101,Haarlem,110,0.0,0.0,70.0,5.0,0.0,5.0,10.0,20.0
BU03922102,Haarlem,90,0.0,15.0,15.0,25.0,0.0,15.0,15.0,5.0
BU03922103,Haarlem,175,0.0,30.0,25.0,40.0,5.0,30.0,35.0,15.0
BU03922104,Haarlem,5,,,,,,,,
BU03922105,Haarlem,160,0.0,30.0,20.0,15.0,5.0,20.0,45.0,25.0
BU03922106,Haarlem,145,0.0,25.0,10.0,30.0,0.0,30.0,35.0,15.0
BU03922107,Haarlem,0,,,,,,,,
BU03940101,Haarlemmermeer,130,0.0,15.0,20.0,10.0,10.0,35.0,30.0,10.0
BU03940102,Haarlemmermeer,780,0.0,50.0,240.0,75.0,70.0,180.0,95.0,65.0
BU03940103,Haarlemmermeer,225,0.0,30.0,35.0,40.0,5.0,60.0,35.0,20.0
BU03940104,Haarlemmermeer,650,5.0,75.0,120.0,70.0,55.0,160.0,95.0,75.0
BU03940105,Haarlemmermeer,745,0.0,105.0,160.0,80.0,75.0,185.0,75.0,60.0
BU03940106,Haarlemmermeer,220,0.0,25.0,35.0,20.0,10.0,55.0,55.0,25.0
BU03940107,Haarlemmermeer,235,0.0,30.0,35.0,30.0,15.0,65.0,35.0,20.0
BU03940108,Haarlemmermeer,330,0.0,45.0,45.0,50.0,20.0,75.0,55.0,40.0
BU03940109,Haarlemmermeer,315,0.0,40.0,40.0,40.0,20.0,80.0,60.0,35.0
BU03940111,Haarlemmermeer,340,0.0,50.0,75.0,45.0,5.0,75.0,45.0,40.0
BU03940112,Haarlemmermeer,385,0.0,60.0,55.0,40.0,25.0,100.0,65.0,40.0
BU03940113,Haarlemmermeer,595,0.0,60.0,105.0,60.0,40.0,130.0,140.0,65.0
BU03940114,Haarlemmermeer,630,5.0,65.0,90.0,70.0,55.0,165.0,120.0,65.0
BU03940115,Haarlemmermeer,85,0.0,5.0,10.0,10.0,15.0,25.0,10.0,10.0
BU03940116,Haarlemmermeer,1005,0.0,80.0,160.0,115.0,90.0,290.0,185.0,85.0
BU03940117,Haarlemmermeer,790,5.0,80.0,125.0,75.0,60.0,230.0,140.0,75.0
BU03940118,Haarlemmermeer,385,0.0,25.0,45.0,55.0,45.0,115.0,60.0,35.0
BU03940119,Haarlemmermeer,65,5.0,5.0,15.0,10.0,5.0,10.0,5.0,5.0
BU03940122,Haarlemmermeer,100,25.0,15.0,15.0,5.0,10.0,15.0,10.0,10.0
BU03940123,Haarlemmermeer,165,0.0,10.0,45.0,50.0,15.0,35.0,5.0,5.0
BU03940124,Haarlemmermeer,345,0.0,30.0,110.0,40.0,35.0,75.0,35.0,20.0
BU03940125,Haarlemmermeer,540,5.0,60.0,115.0,70.0,95.0,150.0,25.0,15.0
BU03940126,Haarlemmermeer,160,0.0,20.0,50.0,25.0,10.0,25.0,15.0,15.0
BU03940127,Haarlemmermeer,0,,,,,,,,
BU03940230,Haarlemmermeer,450,0.0,90.0,140.0,45.0,45.0,75.0,30.0,30.0
BU03940231,Haarlemmermeer,280,0.0,45.0,60.0,15.0,20.0,50.0,70.0,20.0
BU03940232,Haarlemmermeer,240,0.0,35.0,25.0,25.0,25.0,60.0,40.0,30.0
BU03940233,Haarlemmermeer,360,0.0,50.0,85.0,20.0,35.0,70.0,60.0,40.0
BU03940234,Haarlemmermeer,205,0.0,25.0,35.0,15.0,20.0,60.0,30.0,20.0
BU03940235,Haarlemmermeer,380,0.0,75.0,60.0,25.0,25.0,95.0,55.0,40.0
BU03940236,Haarlemmermeer,750,0.0,75.0,105.0,100.0,70.0,200.0,125.0,75.0
BU03940237,Haarlemmermeer,805,5.0,70.0,125.0,90.0,70.0,230.0,145.0,75.0
BU03940239,Haarlemmermeer,275,0.0,35.0,85.0,50.0,35.0,55.0,5.0,10.0
BU03940240,Haarlemmermeer,185,55.0,30.0,25.0,5.0,10.0,35.0,10.0,15.0
BU03940241,Haarlemmermeer,35,0.0,10.0,15.0,5.0,5.0,5.0,0.0,5.0
BU03940343,Haarlemmermeer,180,0.0,50.0,20.0,15.0,15.0,30.0,25.0,25.0
BU03940344,Haarlemmermeer,85,0.0,20.0,15.0,15.0,0.0,10.0,15.0,10.0
BU03940345,Haarlemmermeer,135,0.0,30.0,30.0,10.0,10.0,15.0,25.0,20.0
BU03940346,Haarlemmermeer,135,0.0,35.0,15.0,10.0,10.0,35.0,15.0,20.0
BU03940347,Haarlemmermeer,205,0.0,50.0,60.0,15.0,15.0,45.0,5.0,15.0
BU03940348,Haarlemmermeer,140,0.0,30.0,20.0,10.0,15.0,30.0,15.0,20.0
BU03940349,Haarlemmermeer,350,0.0,65.0,115.0,25.0,30.0,60.0,20.0,30.0
BU03940350,Haarlemmermeer,30,5.0,5.0,10.0,0.0,0.0,5.0,5.0,0.0
BU03940429,Haarlemmermeer,375,10.0,65.0,115.0,35.0,35.0,70.0,20.0,20.0
BU03940465,Haarlemmermeer,185,10.0,45.0,45.0,10.0,15.0,35.0,10.0,15.0
BU03940466,Haarlemmermeer,115,5.0,25.0,40.0,5.0,5.0,20.0,5.0,10.0
BU03940551,Haarlemmermeer,110,5.0,15.0,15.0,10.0,10.0,25.0,20.0,10.0
BU03940552,Haarlemmermeer,315,0.0,45.0,55.0,30.0,35.0,65.0,50.0,30.0
BU03940553,Haarlemmermeer,180,0.0,35.0,40.0,15.0,10.0,40.0,25.0,15.0
BU03940554,Haarlemmermeer,355,0.0,20.0,45.0,40.0,75.0,105.0,50.0,25.0
BU03940556,Haarlemmermeer,175,0.0,20.0,30.0,10.0,25.0,45.0,25.0,25.0
BU03940557,Haarlemmermeer,295,0.0,30.0,40.0,20.0,45.0,100.0,40.0,25.0
BU03940558,Haarlemmermeer,210,0.0,20.0,45.0,15.0,15.0,55.0,35.0,30.0
BU03940559,Haarlemmermeer,210,0.0,30.0,30.0,10.0,25.0,50.0,40.0,25.0
BU03940560,Haarlemmermeer,130,0.0,10.0,15.0,10.0,15.0,55.0,15.0,10.0
BU03940561,Haarlemmermeer,30,0.0,5.0,5.0,5.0,5.0,5.0,0.0,0.0
BU03940562,Haarlemmermeer,115,0.0,15.0,25.0,5.0,15.0,25.0,10.0,15.0
BU03940564,Haarlemmermeer,130,0.0,25.0,25.0,15.0,15.0,30.0,10.0,10.0
BU03940674,Haarlemmermeer,495,0.0,75.0,65.0,155.0,65.0,110.0,5.0,15.0
BU03940675,Haarlemmermeer,135,0.0,20.0,25.0,50.0,10.0,20.0,5.0,5.0
BU03940676,Haarlemmermeer,85,0.0,20.0,15.0,10.0,5.0,15.0,5.0,10.0
BU03940677,Haarlemmermeer,45,0.0,5.0,10.0,15.0,10.0,5.0,0.0,0.0
BU03940678,Haarlemmermeer,55,0.0,5.0,5.0,35.0,5.0,5.0,0.0,0.0
BU03940779,Haarlemmermeer,135,0.0,20.0,15.0,15.0,10.0,25.0,20.0,25.0
BU03940780,Haarlemmermeer,240,0.0,45.0,50.0,30.0,30.0,55.0,15.0,15.0
BU03940781,Haarlemmermeer,100,0.0,35.0,15.0,5.0,15.0,20.0,10.0,5.0
BU03940782,Haarlemmermeer,190,45.0,40.0,35.0,15.0,25.0,25.0,5.0,5.0
BU03940883,Haarlemmermeer,75,5.0,15.0,15.0,0.0,10.0,10.0,10.0,10.0
BU03940884,Haarlemmermeer,15,,,,,,,,
BU03940885,Haarlemmermeer,70,10.0,15.0,20.0,0.0,10.0,5.0,10.0,5.0
BU03940986,Haarlemmermeer,100,10.0,25.0,20.0,5.0,5.0,15.0,10.0,10.0
BU03940987,Haarlemmermeer,50,20.0,5.0,15.0,5.0,0.0,5.0,0.0,5.0
BU03940988,Haarlemmermeer,75,5.0,25.0,15.0,5.0,5.0,10.0,10.0,5.0
BU03940989,Haarlemmermeer,20,,,,,,,,
BU03941090,Haarlemmermeer,375,25.0,55.0,60.0,25.0,30.0,90.0,50.0,30.0
BU03941091,Haarlemmermeer,50,10.0,10.0,5.0,0.0,5.0,10.0,5.0,5.0
BU03941192,Haarlemmermeer,25,10.0,5.0,0.0,0.0,0.0,5.0,0.0,0.0
BU03941193,Haarlemmermeer,130,5.0,25.0,25.0,5.0,10.0,30.0,15.0,15.0
BU03941294,Haarlemmermeer,210,0.0,40.0,35.0,20.0,10.0,60.0,30.0,20.0
BU03941295,Haarlemmermeer,125,20.0,15.0,20.0,10.0,20.0,25.0,15.0,0.0
BU03941397,Haarlemmermeer,385,0.0,65.0,140.0,20.0,50.0,75.0,20.0,15.0
BU03941398,Haarlemmermeer,35,0.0,5.0,20.0,5.0,0.0,5.0,5.0,0.0
BU03941399,Haarlemmermeer,65,0.0,5.0,5.0,5.0,5.0,25.0,10.0,10.0
BU03941567,Haarlemmermeer,305,0.0,45.0,50.0,25.0,25.0,75.0,40.0,35.0
BU03941569,Haarlemmermeer,245,0.0,20.0,20.0,20.0,35.0,90.0,35.0,25.0
BU03941570,Haarlemmermeer,245,15.0,40.0,105.0,10.0,15.0,35.0,15.0,10.0
BU03941571,Haarlemmermeer,150,0.0,45.0,25.0,15.0,10.0,20.0,15.0,15.0
BU03941663,Haarlemmermeer,825,0.0,40.0,130.0,235.0,180.0,200.0,20.0,25.0
BU03942038,Haarlemmermeer,390,0.0,55.0,40.0,25.0,40.0,125.0,60.0,45.0
BU03942042,Haarlemmermeer,55,5.0,5.0,5.0,5.0,5.0,10.0,5.0,10.0
BU03942096,Haarlemmermeer,30,5.0,5.0,5.0,0.0,0.0,5.0,0.0,5.0
BU03942120,Haarlemmermeer,35,0.0,10.0,10.0,5.0,0.0,5.0,5.0,5.0
BU03942121,Haarlemmermeer,20,,,,,,,,
BU03942128,Haarlemmermeer,10,,,,,,,,
BU03942272,Haarlemmermeer,360,0.0,60.0,45.0,35.0,30.0,100.0,45.0,45.0
BU03942273,Haarlemmermeer,275,0.0,20.0,75.0,30.0,55.0,60.0,10.0,25.0
BU16550101,Halderberge,555,10.0,110.0,105.0,30.0,55.0,110.0,70.0,70.0
BU16550102,Halderberge,115,20.0,15.0,15.0,10.0,15.0,20.0,10.0,10.0
BU16550109,Halderberge,265,25.0,50.0,75.0,20.0,25.0,60.0,5.0,10.0
BU16550201,Halderberge,110,0.0,20.0,20.0,10.0,10.0,20.0,20.0,10.0
BU16550209,Halderberge,15,,,,,,,,
BU16550301,Halderberge,445,5.0,80.0,105.0,25.0,20.0,85.0,60.0,65.0
BU16550302,Halderberge,155,0.0,25.0,25.0,10.0,10.0,35.0,30.0,25.0
BU16550303,Halderberge,235,5.0,35.0,55.0,20.0,25.0,45.0,30.0,20.0
BU16550304,Halderberge,180,5.0,40.0,50.0,10.0,10.0,30.0,20.0,20.0
BU16550305,Halderberge,130,0.0,15.0,20.0,10.0,10.0,40.0,20.0,10.0
BU16550307,Halderberge,180,30.0,25.0,35.0,20.0,20.0,35.0,10.0,5.0
BU16550308,Halderberge,85,15.0,20.0,15.0,5.0,5.0,10.0,5.0,0.0
BU16550309,Halderberge,80,25.0,5.0,5.0,5.0,10.0,15.0,10.0,5.0
BU16550401,Halderberge,510,10.0,85.0,85.0,25.0,50.0,110.0,80.0,70.0
BU16550402,Halderberge,55,5.0,5.0,10.0,0.0,5.0,15.0,10.0,5.0
BU16550403,Halderberge,40,5.0,10.0,5.0,0.0,0.0,5.0,5.0,5.0
BU16550408,Halderberge,110,15.0,20.0,15.0,5.0,10.0,25.0,10.0,15.0
BU16550409,Halderberge,85,40.0,15.0,5.0,5.0,5.0,10.0,5.0,5.0
BU16550501,Halderberge,240,5.0,45.0,50.0,10.0,20.0,55.0,35.0,20.0
BU16550509,Halderberge,100,5.0,15.0,15.0,15.0,15.0,20.0,5.0,10.0
BU01600101,Hardenberg,20,,,,,,,,
BU01600102,Hardenberg,65,20.0,5.0,5.0,0.0,5.0,10.0,5.0,5.0
BU01600201,Hardenberg,35,10.0,0.0,5.0,0.0,5.0,0.0,5.0,5.0
BU01600301,Hardenberg,15,,,,,,,,
BU01600401,Hardenberg,90,5.0,5.0,20.0,0.0,10.0,25.0,15.0,5.0
BU01600402,Hardenberg,90,5.0,20.0,20.0,10.0,0.0,15.0,5.0,10.0
BU01600403,Hardenberg,80,5.0,10.0,15.0,5.0,5.0,10.0,25.0,10.0
BU01600404,Hardenberg,50,15.0,5.0,10.0,5.0,0.0,5.0,10.0,5.0
BU01600405,Hardenberg,25,15.0,0.0,0.0,0.0,0.0,5.0,5.0,0.0
BU01600406,Hardenberg,95,30.0,10.0,10.0,5.0,5.0,20.0,5.0,5.0
BU01600407,Hardenberg,100,45.0,10.0,15.0,5.0,5.0,10.0,10.0,5.0
BU01600501,Hardenberg,170,0.0,35.0,40.0,10.0,10.0,25.0,30.0,20.0
BU01600502,Hardenberg,70,20.0,15.0,10.0,0.0,5.0,5.0,10.0,5.0
BU01600503,Hardenberg,85,30.0,15.0,10.0,5.0,5.0,10.0,5.0,5.0
BU01600601,Hardenberg,55,10.0,5.0,10.0,5.0,5.0,5.0,5.0,10.0
BU01600701,Hardenberg,70,20.0,5.0,15.0,0.0,5.0,10.0,10.0,5.0
BU01600801,Hardenberg,45,10.0,15.0,5.0,5.0,0.0,0.0,5.0,5.0
BU01600802,Hardenberg,115,15.0,35.0,30.0,5.0,5.0,15.0,10.0,5.0
BU01600803,Hardenberg,50,0.0,15.0,10.0,0.0,0.0,10.0,10.0,5.0
BU01600804,Hardenberg,40,10.0,10.0,5.0,0.0,0.0,5.0,0.0,0.0
BU01600805,Hardenberg,15,,,,,,,,
BU01600901,Hardenberg,495,5.0,85.0,135.0,20.0,35.0,85.0,75.0,55.0
BU01600902,Hardenberg,200,10.0,35.0,25.0,15.0,5.0,40.0,45.0,25.0
BU01600903,Hardenberg,160,5.0,20.0,20.0,15.0,15.0,35.0,30.0,20.0
BU01600904,Hardenberg,80,5.0,20.0,20.0,5.0,5.0,10.0,15.0,5.0
BU01600905,Hardenberg,145,5.0,45.0,40.0,10.0,15.0,25.0,10.0,0.0
BU01600906,Hardenberg,25,5.0,0.0,5.0,5.0,0.0,5.0,0.0,5.0
BU01600907,Hardenberg,105,35.0,10.0,15.0,10.0,10.0,10.0,10.0,10.0
BU01600908,Hardenberg,80,20.0,15.0,15.0,5.0,5.0,15.0,5.0,5.0
BU01600909,Hardenberg,30,10.0,5.0,10.0,0.0,5.0,5.0,0.0,0.0
BU01601001,Hardenberg,30,10.0,5.0,5.0,0.0,0.0,5.0,5.0,0.0
BU01601101,Hardenberg,35,15.0,0.0,10.0,0.0,0.0,5.0,0.0,0.0
BU01601201,Hardenberg,190,10.0,25.0,55.0,10.0,10.0,25.0,30.0,20.0
BU01601202,Hardenberg,80,0.0,15.0,15.0,5.0,10.0,15.0,10.0,10.0
BU01601301,Hardenberg,65,20.0,10.0,5.0,0.0,5.0,10.0,10.0,5.0
BU01601401,Hardenberg,35,15.0,5.0,5.0,0.0,0.0,5.0,5.0,5.0
BU01601501,Hardenberg,30,10.0,5.0,5.0,0.0,5.0,5.0,0.0,0.0
BU01601601,Hardenberg,65,20.0,15.0,5.0,5.0,5.0,5.0,5.0,5.0
BU01601701,Hardenberg,95,0.0,30.0,15.0,5.0,0.0,15.0,15.0,15.0
BU01601702,Hardenberg,60,15.0,15.0,10.0,5.0,5.0,5.0,5.0,5.0
BU01601801,Hardenberg,35,10.0,5.0,10.0,0.0,0.0,5.0,5.0,5.0
BU01601901,Hardenberg,60,0.0,15.0,10.0,0.0,0.0,5.0,10.0,10.0
BU01601902,Hardenberg,80,20.0,15.0,20.0,5.0,5.0,5.0,5.0,0.0
BU01601903,Hardenberg,35,5.0,10.0,10.0,0.0,0.0,0.0,5.0,5.0
BU01601904,Hardenberg,65,25.0,10.0,5.0,0.0,0.0,10.0,5.0,5.0
BU01602001,Hardenberg,55,0.0,10.0,10.0,0.0,5.0,10.0,10.0,5.0
BU01602002,Hardenberg,35,5.0,10.0,5.0,0.0,5.0,5.0,0.0,5.0
BU01602101,Hardenberg,90,40.0,10.0,5.0,0.0,5.0,15.0,10.0,5.0
BU01602201,Hardenberg,50,15.0,5.0,20.0,0.0,0.0,5.0,0.0,5.0
BU01602301,Hardenberg,90,25.0,15.0,15.0,5.0,5.0,20.0,5.0,5.0
BU01602401,Hardenberg,75,10.0,30.0,10.0,5.0,0.0,10.0,10.0,10.0
BU01602402,Hardenberg,75,30.0,15.0,5.0,5.0,5.0,10.0,5.0,5.0
BU01602501,Hardenberg,55,0.0,20.0,10.0,0.0,0.0,5.0,5.0,10.0
BU01602502,Hardenberg,80,25.0,10.0,15.0,0.0,0.0,10.0,5.0,5.0
BU01602601,Hardenberg,205,5.0,50.0,40.0,10.0,20.0,30.0,35.0,15.0
BU01602602,Hardenberg,15,,,,,,,,
BU01602603,Hardenberg,30,10.0,5.0,5.0,0.0,0.0,5.0,0.0,5.0
BU01602604,Hardenberg,70,25.0,15.0,10.0,0.0,5.0,10.0,5.0,0.0
BU01602701,Hardenberg,20,,,,,,,,
BU01602801,Hardenberg,150,0.0,20.0,20.0,5.0,15.0,30.0,45.0,15.0
BU01602802,Hardenberg,245,5.0,75.0,70.0,10.0,15.0,40.0,20.0,15.0
BU01602803,Hardenberg,110,0.0,25.0,15.0,5.0,5.0,20.0,25.0,15.0
BU01602804,Hardenberg,85,5.0,10.0,25.0,5.0,5.0,15.0,15.0,5.0
BU01602805,Hardenberg,140,5.0,20.0,15.0,5.0,15.0,40.0,20.0,30.0
BU01602806,Hardenberg,225,5.0,25.0,30.0,15.0,10.0,50.0,60.0,30.0
BU01602807,Hardenberg,290,0.0,35.0,35.0,15.0,25.0,60.0,85.0,35.0
BU01602808,Hardenberg,450,5.0,50.0,95.0,30.0,55.0,110.0,75.0,35.0
BU01602809,Hardenberg,250,0.0,15.0,120.0,10.0,15.0,30.0,30.0,25.0
BU01602901,Hardenberg,30,0.0,5.0,10.0,0.0,0.0,5.0,5.0,5.0
BU01602902,Hardenberg,95,30.0,10.0,10.0,5.0,0.0,15.0,5.0,10.0
BU02430101,Harderwijk,290,0.0,25.0,105.0,15.0,35.0,50.0,20.0,40.0
BU02430102,Harderwijk,295,0.0,20.0,115.0,10.0,30.0,50.0,35.0,30.0
BU02430201,Harderwijk,160,0.0,10.0,25.0,5.0,25.0,50.0,35.0,10.0
BU02430202,Harderwijk,0,,,,,,,,
BU02430203,Harderwijk,10,,,,,,,,
BU02430204,Harderwijk,0,,,,,,,,
BU02430301,Harderwijk,95,0.0,20.0,15.0,5.0,5.0,20.0,10.0,15.0
BU02430302,Harderwijk,85,0.0,10.0,10.0,10.0,10.0,20.0,20.0,10.0
BU02430401,Harderwijk,110,0.0,15.0,20.0,5.0,10.0,25.0,20.0,10.0
BU02430402,Harderwijk,110,0.0,5.0,5.0,5.0,20.0,25.0,45.0,5.0
BU02430501,Harderwijk,190,0.0,30.0,30.0,10.0,20.0,50.0,25.0,20.0
BU02430502,Harderwijk,145,0.0,20.0,35.0,10.0,5.0,30.0,25.0,15.0
BU02430503,Harderwijk,70,0.0,15.0,5.0,5.0,5.0,10.0,20.0,5.0
BU02430504,Harderwijk,90,0.0,20.0,15.0,5.0,5.0,20.0,20.0,10.0
BU02430601,Harderwijk,20,,,,,,,,
BU02430602,Harderwijk,50,0.0,5.0,5.0,0.0,5.0,15.0,15.0,5.0
BU02430701,Harderwijk,30,0.0,5.0,0.0,5.0,0.0,5.0,5.0,5.0
BU02430702,Harderwijk,45,0.0,0.0,10.0,5.0,5.0,10.0,10.0,0.0
BU02430801,Harderwijk,115,0.0,5.0,10.0,5.0,10.0,30.0,40.0,10.0
BU02430802,Harderwijk,45,0.0,10.0,10.0,5.0,0.0,10.0,5.0,5.0
BU02430803,Harderwijk,95,0.0,10.0,10.0,5.0,10.0,25.0,25.0,10.0
BU02430804,Harderwijk,85,0.0,10.0,5.0,10.0,5.0,25.0,25.0,10.0
BU02430805,Harderwijk,85,0.0,15.0,10.0,5.0,10.0,25.0,15.0,5.0
BU02430806,Harderwijk,110,0.0,15.0,15.0,10.0,0.0,20.0,35.0,15.0
BU02430807,Harderwijk,30,0.0,0.0,0.0,0.0,5.0,5.0,10.0,5.0
BU02430808,Harderwijk,60,0.0,10.0,5.0,5.0,0.0,10.0,20.0,5.0
BU02430901,Harderwijk,60,0.0,5.0,5.0,5.0,5.0,20.0,15.0,5.0
BU02430902,Harderwijk,65,0.0,5.0,5.0,0.0,15.0,20.0,15.0,5.0
BU02431001,Harderwijk,195,0.0,25.0,20.0,5.0,25.0,45.0,60.0,15.0
BU02431002,Harderwijk,65,0.0,5.0,10.0,0.0,10.0,20.0,10.0,15.0
BU02431003,Harderwijk,115,0.0,15.0,20.0,5.0,10.0,25.0,30.0,15.0
BU02431004,Harderwijk,105,0.0,15.0,25.0,5.0,5.0,20.0,20.0,10.0
BU02431005,Harderwijk,170,0.0,30.0,30.0,5.0,10.0,40.0,35.0,25.0
BU02431006,Harderwijk,85,0.0,20.0,15.0,10.0,0.0,15.0,15.0,10.0
BU02431101,Harderwijk,85,0.0,15.0,10.0,10.0,5.0,15.0,20.0,10.0
BU02431102,Harderwijk,115,0.0,10.0,15.0,5.0,20.0,40.0,20.0,5.0
BU02431103,Harderwijk,120,0.0,25.0,20.0,10.0,15.0,25.0,20.0,10.0
BU02431104,Harderwijk,50,0.0,15.0,20.0,5.0,5.0,5.0,0.0,0.0
BU02431201,Harderwijk,80,0.0,10.0,5.0,5.0,0.0,25.0,20.0,15.0
BU02431202,Harderwijk,95,0.0,10.0,10.0,10.0,20.0,25.0,15.0,10.0
BU02431203,Harderwijk,95,0.0,10.0,10.0,5.0,10.0,30.0,25.0,10.0
BU02431204,Harderwijk,105,0.0,20.0,15.0,5.0,15.0,25.0,20.0,5.0
BU02431205,Harderwijk,115,0.0,10.0,25.0,5.0,5.0,25.0,35.0,10.0
BU02431206,Harderwijk,105,0.0,10.0,15.0,15.0,15.0,30.0,15.0,10.0
BU02431207,Harderwijk,180,0.0,25.0,20.0,15.0,15.0,50.0,30.0,20.0
BU02431210,Harderwijk,80,0.0,5.0,10.0,15.0,10.0,25.0,15.0,5.0
BU02431211,Harderwijk,30,0.0,0.0,25.0,0.0,0.0,0.0,0.0,0.0
BU02431212,Harderwijk,5,,,,,,,,
BU02431213,Harderwijk,105,0.0,10.0,10.0,10.0,10.0,25.0,30.0,10.0
BU02431301,Harderwijk,290,0.0,65.0,105.0,15.0,35.0,45.0,10.0,10.0
BU02431302,Harderwijk,190,0.0,60.0,65.0,15.0,15.0,30.0,0.0,5.0
BU02431303,Harderwijk,40,0.0,10.0,15.0,5.0,5.0,5.0,0.0,0.0
BU02431401,Harderwijk,75,0.0,10.0,10.0,5.0,5.0,15.0,10.0,10.0
BU02431402,Harderwijk,30,0.0,0.0,5.0,5.0,5.0,10.0,5.0,5.0
BU02431403,Harderwijk,55,0.0,5.0,10.0,5.0,5.0,15.0,10.0,5.0
BU02431501,Harderwijk,185,5.0,25.0,30.0,15.0,25.0,35.0,25.0,30.0
BU02431502,Harderwijk,40,5.0,10.0,10.0,0.0,0.0,5.0,5.0,5.0
BU02431503,Harderwijk,20,,,,,,,,
BU02431504,Harderwijk,110,20.0,20.0,10.0,5.0,15.0,20.0,10.0,10.0
BU02431505,Harderwijk,135,5.0,40.0,25.0,5.0,10.0,30.0,15.0,5.0
BU02431506,Harderwijk,65,5.0,5.0,5.0,10.0,15.0,20.0,10.0,0.0
BU05230101,Hardinxveld-Giessendam,95,0.0,10.0,35.0,0.0,15.0,10.0,15.0,10.0
BU05230102,Hardinxveld-Giessendam,205,0.0,40.0,25.0,20.0,20.0,40.0,35.0,20.0
BU05230103,Hardinxveld-Giessendam,125,0.0,35.0,15.0,5.0,20.0,35.0,10.0,5.0
BU05230104,Hardinxveld-Giessendam,5,,,,,,,,
BU05230105,Hardinxveld-Giessendam,60,0.0,15.0,5.0,0.0,15.0,15.0,5.0,5.0
BU05230106,Hardinxveld-Giessendam,150,0.0,65.0,30.0,10.0,20.0,20.0,5.0,5.0
BU05230107,Hardinxveld-Giessendam,105,0.0,40.0,20.0,10.0,15.0,10.0,0.0,5.0
BU05230108,Hardinxveld-Giessendam,50,0.0,20.0,5.0,5.0,5.0,10.0,5.0,5.0
BU05230201,Hardinxveld-Giessendam,80,0.0,25.0,15.0,5.0,10.0,15.0,0.0,0.0
BU05230202,Hardinxveld-Giessendam,235,0.0,50.0,25.0,20.0,35.0,50.0,35.0,25.0
BU05230301,Hardinxveld-Giessendam,140,0.0,45.0,20.0,15.0,10.0,25.0,15.0,15.0
BU05230302,Hardinxveld-Giessendam,100,0.0,35.0,10.0,5.0,5.0,10.0,20.0,10.0
BU05230303,Hardinxveld-Giessendam,65,0.0,15.0,5.0,5.0,20.0,15.0,0.0,5.0
BU05230304,Hardinxveld-Giessendam,0,,,,,,,,
BU05230305,Hardinxveld-Giessendam,75,5.0,20.0,5.0,15.0,10.0,10.0,5.0,5.0
BU05230306,Hardinxveld-Giessendam,55,5.0,15.0,10.0,0.0,10.0,10.0,5.0,5.0
BU05230307,Hardinxveld-Giessendam,35,0.0,10.0,5.0,5.0,10.0,5.0,0.0,0.0
BU05230308,Hardinxveld-Giessendam,0,,,,,,,,
BU05230309,Hardinxveld-Giessendam,5,,,,,,,,
BU05230310,Hardinxveld-Giessendam,10,,,,,,,,
BU05230401,Hardinxveld-Giessendam,370,0.0,65.0,55.0,25.0,50.0,95.0,40.0,30.0
BU05230402,Hardinxveld-Giessendam,145,0.0,35.0,20.0,10.0,25.0,30.0,15.0,10.0
BU05230403,Hardinxveld-Giessendam,90,0.0,25.0,10.0,5.0,10.0,30.0,5.0,5.0
BU05230404,Hardinxveld-Giessendam,5,,,,,,,,
BU05230405,Hardinxveld-Giessendam,20,,,,,,,,
BU00720001,Harlingen,180,10.0,35.0,25.0,25.0,15.0,35.0,20.0,10.0
BU00720002,Harlingen,70,0.0,10.0,10.0,10.0,5.0,15.0,10.0,5.0
BU00720003,Harlingen,65,5.0,10.0,5.0,5.0,0.0,10.0,15.0,10.0
BU00720004,Harlingen,460,10.0,80.0,65.0,40.0,25.0,85.0,100.0,50.0
BU00720005,Harlingen,140,0.0,50.0,35.0,15.0,5.0,25.0,5.0,5.0
BU00720006,Harlingen,680,10.0,85.0,185.0,65.0,40.0,145.0,75.0,80.0
BU00720007,Harlingen,5,,,,,,,,
BU00720009,Harlingen,40,20.0,5.0,5.0,0.0,5.0,5.0,5.0,5.0
BU00720100,Harlingen,50,0.0,10.0,10.0,10.0,5.0,5.0,15.0,5.0
BU00720109,Harlingen,100,10.0,30.0,15.0,25.0,5.0,10.0,5.0,5.0
BU00720200,Harlingen,25,0.0,0.0,5.0,0.0,0.0,10.0,5.0,5.0
BU00720209,Harlingen,35,10.0,10.0,5.0,0.0,0.0,5.0,0.0,0.0
BU02440000,Hattem,210,0.0,15.0,70.0,5.0,25.0,50.0,20.0,25.0
BU02440001,Hattem,200,0.0,35.0,15.0,10.0,15.0,55.0,40.0,25.0
BU02440002,Hattem,225,0.0,35.0,35.0,15.0,20.0,45.0,50.0,20.0
BU02440003,Hattem,135,0.0,20.0,15.0,5.0,10.0,35.0,30.0,15.0
BU02440004,Hattem,165,0.0,0.0,10.0,5.0,30.0,45.0,55.0,15.0
BU02440005,Hattem,250,0.0,25.0,40.0,15.0,20.0,65.0,50.0,30.0
BU02440008,Hattem,15,,,,,,,,
BU02440009,Hattem,25,10.0,5.0,5.0,0.0,0.0,0.0,0.0,0.0
BU02440108,Hattem,85,10.0,5.0,10.0,0.0,15.0,20.0,15.0,5.0
BU02440109,Hattem,110,15.0,30.0,15.0,0.0,10.0,25.0,10.0,5.0
BU03960100,Heemskerk,350,0.0,30.0,130.0,15.0,20.0,45.0,60.0,50.0
BU03960101,Heemskerk,25,0.0,0.0,5.0,0.0,0.0,5.0,5.0,5.0
BU03960200,Heemskerk,185,0.0,30.0,25.0,15.0,15.0,40.0,40.0,20.0
BU03960201,Heemskerk,0,,,,,,,,
BU03960202,Heemskerk,0,,,,,,,,
BU03960300,Heemskerk,40,0.0,5.0,10.0,5.0,5.0,10.0,5.0,5.0
BU03960301,Heemskerk,10,,,,,,,,
BU03960302,Heemskerk,170,0.0,35.0,30.0,15.0,5.0,30.0,35.0,25.0
BU03960303,Heemskerk,155,0.0,30.0,30.0,15.0,10.0,25.0,30.0,15.0
BU03960400,Heemskerk,230,0.0,65.0,95.0,10.0,10.0,30.0,5.0,15.0
BU03960401,Heemskerk,0,,,,,,,,
BU03960402,Heemskerk,205,60.0,25.0,25.0,5.0,30.0,35.0,10.0,15.0
BU03960403,Heemskerk,55,10.0,5.0,5.0,0.0,10.0,10.0,5.0,5.0
BU03960404,Heemskerk,35,0.0,5.0,5.0,0.0,5.0,15.0,5.0,5.0
BU03960408,Heemskerk,0,,,,,,,,
BU03960409,Heemskerk,5,,,,,,,,
BU03960500,Heemskerk,75,0.0,15.0,15.0,5.0,0.0,15.0,10.0,10.0
BU03960501,Heemskerk,140,0.0,35.0,30.0,10.0,0.0,25.0,25.0,10.0
BU03960502,Heemskerk,90,0.0,20.0,15.0,10.0,5.0,20.0,10.0,15.0
BU03960503,Heemskerk,25,0.0,0.0,5.0,0.0,5.0,0.0,10.0,5.0
BU03960600,Heemskerk,85,0.0,25.0,10.0,5.0,5.0,10.0,20.0,10.0
BU03960601,Heemskerk,95,0.0,15.0,5.0,5.0,5.0,25.0,20.0,10.0
BU03960602,Heemskerk,35,0.0,0.0,0.0,0.0,15.0,10.0,5.0,0.0
BU03960603,Heemskerk,190,0.0,40.0,20.0,20.0,10.0,50.0,25.0,20.0
BU03960604,Heemskerk,0,,,,,,,,
BU03960605,Heemskerk,200,0.0,30.0,55.0,20.0,25.0,50.0,15.0,5.0
BU03960607,Heemskerk,0,,,,,,,,
BU03960700,Heemskerk,110,0.0,35.0,10.0,10.0,5.0,15.0,20.0,15.0
BU03960701,Heemskerk,55,0.0,5.0,5.0,0.0,15.0,15.0,10.0,5.0
BU03960702,Heemskerk,85,0.0,15.0,10.0,10.0,5.0,20.0,15.0,10.0
BU03960800,Heemskerk,190,0.0,30.0,25.0,15.0,20.0,40.0,35.0,20.0
BU03960801,Heemskerk,65,0.0,10.0,10.0,5.0,5.0,10.0,15.0,5.0
BU03960802,Heemskerk,95,0.0,20.0,10.0,10.0,10.0,20.0,10.0,15.0
BU03960900,Heemskerk,115,0.0,25.0,20.0,10.0,5.0,25.0,20.0,10.0
BU03960901,Heemskerk,260,0.0,25.0,45.0,15.0,30.0,70.0,50.0,25.0
BU03961001,Heemskerk,295,0.0,45.0,50.0,20.0,20.0,70.0,55.0,35.0
BU03961002,Heemskerk,145,0.0,15.0,15.0,15.0,25.0,45.0,25.0,5.0
BU03961100,Heemskerk,10,,,,,,,,
BU03970000,Heemstede,705,0.0,35.0,180.0,30.0,55.0,220.0,115.0,70.0
BU03970001,Heemstede,750,0.0,85.0,95.0,50.0,70.0,225.0,155.0,70.0
BU03970002,Heemstede,475,0.0,10.0,55.0,25.0,75.0,185.0,90.0,30.0
BU03970003,Heemstede,965,0.0,55.0,70.0,45.0,170.0,380.0,195.0,55.0
BU03970004,Heemstede,200,0.0,5.0,20.0,10.0,40.0,55.0,45.0,25.0
BU03970005,Heemstede,160,0.0,5.0,10.0,10.0,25.0,60.0,35.0,15.0
BU03970006,Heemstede,240,10.0,20.0,20.0,20.0,30.0,85.0,35.0,20.0
BU03970007,Heemstede,145,0.0,10.0,15.0,10.0,30.0,45.0,30.0,10.0
BU03970008,Heemstede,80,0.0,10.0,5.0,5.0,5.0,20.0,25.0,10.0
BU03970009,Heemstede,160,0.0,15.0,20.0,15.0,10.0,50.0,35.0,15.0
BU03970100,Heemstede,180,0.0,15.0,20.0,15.0,10.0,65.0,35.0,15.0
BU03970101,Heemstede,125,0.0,25.0,10.0,10.0,10.0,35.0,15.0,15.0
BU03970102,Heemstede,50,0.0,5.0,10.0,0.0,5.0,20.0,5.0,5.0
BU03970200,Heemstede,180,0.0,10.0,20.0,10.0,20.0,75.0,30.0,10.0
BU02460000,Heerde,715,5.0,105.0,145.0,30.0,55.0,150.0,125.0,95.0
BU02460001,Heerde,75,5.0,15.0,10.0,5.0,10.0,15.0,10.0,5.0
BU02460002,Heerde,5,,,,,,,,
BU02460003,Heerde,30,5.0,0.0,5.0,0.0,5.0,10.0,5.0,5.0
BU02460004,Heerde,50,10.0,5.0,5.0,0.0,5.0,10.0,10.0,5.0
BU02460005,Heerde,295,10.0,45.0,65.0,15.0,35.0,70.0,30.0,20.0
BU02460006,Heerde,180,15.0,30.0,30.0,10.0,10.0,40.0,25.0,20.0
BU02460007,Heerde,30,15.0,5.0,5.0,0.0,0.0,0.0,5.0,5.0
BU02460008,Heerde,35,10.0,0.0,5.0,0.0,0.0,10.0,5.0,5.0
BU02460009,Heerde,5,,,,,,,,
BU02460100,Heerde,320,0.0,45.0,65.0,20.0,30.0,60.0,60.0,40.0
BU02460106,Heerde,115,5.0,15.0,15.0,5.0,10.0,35.0,20.0,10.0
BU02460107,Heerde,160,10.0,25.0,25.0,5.0,25.0,30.0,20.0,20.0
BU02460108,Heerde,30,10.0,5.0,5.0,0.0,5.0,5.0,5.0,0.0
BU02460109,Heerde,10,,,,,,,,
BU00740100,Heerenveen,530,0.0,70.0,70.0,20.0,45.0,135.0,125.0,65.0
BU00740101,Heerenveen,590,0.0,40.0,215.0,25.0,35.0,120.0,85.0,70.0
BU00740102,Heerenveen,415,0.0,45.0,45.0,40.0,45.0,115.0,85.0,40.0
BU00740103,Heerenveen,215,0.0,20.0,35.0,15.0,10.0,55.0,55.0,25.0
BU00740104,Heerenveen,435,0.0,50.0,70.0,35.0,30.0,90.0,110.0,55.0
BU00740105,Heerenveen,200,0.0,5.0,20.0,5.0,30.0,85.0,35.0,20.0
BU00740106,Heerenveen,195,0.0,20.0,30.0,25.0,20.0,30.0,45.0,30.0
BU00740107,Heerenveen,510,0.0,20.0,60.0,50.0,60.0,170.0,115.0,35.0
BU00740108,Heerenveen,290,5.0,55.0,80.0,40.0,20.0,60.0,20.0,10.0
BU00740109,Heerenveen,90,5.0,20.0,30.0,5.0,10.0,10.0,5.0,0.0
BU00740110,Heerenveen,325,0.0,70.0,105.0,20.0,30.0,65.0,30.0,5.0
BU00740201,Heerenveen,55,15.0,15.0,5.0,0.0,0.0,10.0,5.0,5.0
BU00740202,Heerenveen,60,10.0,10.0,10.0,0.0,5.0,10.0,10.0,5.0
BU00740203,Heerenveen,95,15.0,20.0,5.0,0.0,5.0,30.0,10.0,15.0
BU00740204,Heerenveen,10,,,,,,,,
BU00740205,Heerenveen,40,15.0,5.0,5.0,0.0,5.0,5.0,5.0,0.0
BU00740301,Heerenveen,140,10.0,25.0,10.0,10.0,10.0,35.0,25.0,15.0
BU00740302,Heerenveen,65,5.0,10.0,5.0,0.0,5.0,10.0,15.0,10.0
BU00740401,Heerenveen,190,5.0,30.0,55.0,15.0,10.0,35.0,30.0,15.0
BU00740402,Heerenveen,90,0.0,10.0,10.0,5.0,15.0,25.0,15.0,10.0
BU00740403,Heerenveen,105,15.0,10.0,15.0,5.0,10.0,25.0,20.0,5.0
BU00740404,Heerenveen,125,10.0,20.0,10.0,5.0,10.0,20.0,30.0,15.0
BU00740405,Heerenveen,130,20.0,20.0,20.0,5.0,10.0,25.0,15.0,10.0
BU00740406,Heerenveen,300,35.0,65.0,55.0,15.0,10.0,50.0,50.0,30.0
BU00740407,Heerenveen,140,50.0,15.0,20.0,5.0,10.0,20.0,15.0,5.0
BU00740601,Heerenveen,215,0.0,20.0,25.0,10.0,35.0,75.0,35.0,20.0
BU00740701,Heerenveen,60,10.0,5.0,10.0,5.0,5.0,10.0,5.0,5.0
BU00740702,Heerenveen,30,0.0,0.0,10.0,0.0,5.0,0.0,10.0,5.0
BU00740901,Heerenveen,420,20.0,65.0,80.0,25.0,25.0,85.0,80.0,35.0
BU00740902,Heerenveen,160,20.0,20.0,15.0,10.0,20.0,55.0,25.0,5.0
BU00740903,Heerenveen,225,45.0,35.0,40.0,10.0,10.0,45.0,20.0,20.0
BU09171000,Heerlen,225,0.0,35.0,45.0,15.0,10.0,40.0,50.0,35.0
BU09171001,Heerlen,50,0.0,5.0,5.0,5.0,5.0,15.0,10.0,5.0
BU09171100,Heerlen,105,0.0,25.0,10.0,5.0,10.0,15.0,20.0,20.0
BU09171101,Heerlen,150,0.0,30.0,35.0,5.0,5.0,25.0,30.0,20.0
BU09171200,Heerlen,295,0.0,45.0,105.0,5.0,10.0,40.0,55.0,35.0
BU09171201,Heerlen,235,0.0,45.0,60.0,15.0,10.0,25.0,40.0,35.0
BU09171300,Heerlen,100,0.0,25.0,20.0,5.0,5.0,15.0,15.0,15.0
BU09171301,Heerlen,150,0.0,25.0,30.0,10.0,5.0,25.0,30.0,20.0
BU09171400,Heerlen,240,0.0,45.0,85.0,25.0,20.0,40.0,10.0,15.0
BU09172000,Heerlen,45,0.0,5.0,20.0,5.0,0.0,5.0,5.0,5.0
BU09172001,Heerlen,140,0.0,35.0,30.0,10.0,5.0,30.0,15.0,10.0
BU09172002,Heerlen,60,0.0,10.0,20.0,5.0,0.0,5.0,10.0,10.0
BU09172003,Heerlen,25,0.0,5.0,5.0,0.0,0.0,5.0,5.0,5.0
BU09172004,Heerlen,90,0.0,30.0,15.0,10.0,0.0,15.0,10.0,10.0
BU09172100,Heerlen,120,0.0,20.0,30.0,10.0,0.0,15.0,20.0,25.0
BU09172101,Heerlen,265,0.0,40.0,90.0,20.0,5.0,35.0,35.0,40.0
BU09172200,Heerlen,195,0.0,50.0,45.0,5.0,5.0,30.0,35.0,30.0
BU09172201,Heerlen,55,0.0,15.0,10.0,5.0,0.0,5.0,10.0,10.0
BU09172300,Heerlen,15,,,,,,,,
BU09172400,Heerlen,175,0.0,55.0,30.0,15.0,0.0,25.0,30.0,20.0
BU09172401,Heerlen,125,0.0,35.0,30.0,10.0,10.0,15.0,20.0,10.0
BU09172402,Heerlen,35,0.0,0.0,15.0,0.0,5.0,5.0,5.0,5.0
BU09173000,Heerlen,75,0.0,10.0,10.0,5.0,10.0,15.0,15.0,10.0
BU09173001,Heerlen,110,0.0,10.0,20.0,15.0,0.0,25.0,30.0,10.0
BU09173002,Heerlen,45,0.0,5.0,25.0,5.0,5.0,5.0,0.0,0.0
BU09173100,Heerlen,80,0.0,10.0,15.0,5.0,5.0,20.0,10.0,15.0
BU09173101,Heerlen,85,0.0,15.0,20.0,5.0,5.0,10.0,20.0,10.0
BU09173102,Heerlen,100,0.0,10.0,20.0,5.0,0.0,25.0,20.0,20.0
BU09173103,Heerlen,225,0.0,25.0,35.0,35.0,5.0,60.0,40.0,25.0
BU09173200,Heerlen,70,0.0,10.0,15.0,0.0,5.0,10.0,15.0,15.0
BU09173201,Heerlen,20,,,,,,,,
BU09173202,Heerlen,125,0.0,25.0,30.0,15.0,5.0,20.0,25.0,10.0
BU09173203,Heerlen,155,0.0,25.0,25.0,15.0,5.0,20.0,30.0,25.0
BU09173300,Heerlen,565,0.0,20.0,290.0,20.0,25.0,85.0,55.0,65.0
BU09173301,Heerlen,230,0.0,10.0,30.0,5.0,40.0,70.0,55.0,20.0
BU09173302,Heerlen,75,0.0,0.0,20.0,0.0,5.0,20.0,10.0,15.0
BU09173303,Heerlen,210,0.0,15.0,15.0,20.0,25.0,85.0,25.0,25.0
BU09173400,Heerlen,150,0.0,30.0,20.0,10.0,10.0,30.0,25.0,20.0
BU09173500,Heerlen,105,0.0,5.0,75.0,0.0,0.0,10.0,10.0,5.0
BU09173600,Heerlen,55,0.0,5.0,0.0,5.0,10.0,10.0,20.0,0.0
BU09173601,Heerlen,370,0.0,25.0,55.0,15.0,40.0,95.0,80.0,60.0
BU09173602,Heerlen,55,0.0,0.0,5.0,0.0,5.0,5.0,40.0,0.0
BU09173603,Heerlen,35,0.0,0.0,5.0,0.0,5.0,15.0,5.0,5.0
BU09173700,Heerlen,215,0.0,15.0,20.0,10.0,25.0,65.0,60.0,15.0
BU09173701,Heerlen,105,0.0,5.0,10.0,10.0,5.0,25.0,30.0,15.0
BU09173800,Heerlen,110,0.0,5.0,15.0,5.0,15.0,35.0,30.0,5.0
BU09173801,Heerlen,280,0.0,25.0,25.0,20.0,30.0,75.0,70.0,35.0
BU09173900,Heerlen,200,0.0,10.0,20.0,10.0,25.0,65.0,55.0,10.0
BU09173901,Heerlen,145,0.0,15.0,40.0,10.0,10.0,30.0,30.0,15.0
BU09173902,Heerlen,185,0.0,25.0,25.0,20.0,10.0,65.0,30.0,10.0
BU09173903,Heerlen,25,0.0,0.0,10.0,0.0,0.0,0.0,5.0,5.0
BU09174000,Heerlen,210,0.0,25.0,55.0,10.0,10.0,25.0,50.0,35.0
BU09174100,Heerlen,105,0.0,10.0,15.0,10.0,0.0,25.0,30.0,15.0
BU09174101,Heerlen,125,0.0,15.0,15.0,10.0,10.0,30.0,30.0,15.0
BU09174102,Heerlen,195,5.0,20.0,20.0,15.0,25.0,50.0,45.0,20.0
BU09174103,Heerlen,10,,,,,,,,
BU09174200,Heerlen,185,0.0,45.0,50.0,25.0,15.0,40.0,5.0,5.0
BU16580000,Heeze-Leende,1125,10.0,155.0,170.0,60.0,135.0,270.0,205.0,120.0
BU16580001,Heeze-Leende,100,0.0,35.0,35.0,10.0,5.0,5.0,5.0,5.0
BU16580009,Heeze-Leende,185,35.0,20.0,25.0,0.0,20.0,40.0,25.0,15.0
BU16580100,Heeze-Leende,505,15.0,80.0,85.0,30.0,50.0,120.0,80.0,45.0
BU16580101,Heeze-Leende,30,0.0,0.0,5.0,0.0,5.0,10.0,5.0,0.0
BU16580108,Heeze-Leende,30,0.0,5.0,10.0,0.0,0.0,5.0,5.0,5.0
BU16580109,Heeze-Leende,65,35.0,5.0,5.0,5.0,5.0,5.0,5.0,5.0
BU16580200,Heeze-Leende,110,15.0,20.0,15.0,10.0,10.0,15.0,10.0,10.0
BU16580209,Heeze-Leende,20,,,,,,,,
BU16580300,Heeze-Leende,125,10.0,20.0,25.0,5.0,10.0,15.0,25.0,20.0
BU16580308,Heeze-Leende,50,20.0,10.0,0.0,0.0,5.0,5.0,0.0,5.0
BU16580309,Heeze-Leende,105,30.0,15.0,15.0,0.0,5.0,20.0,15.0,5.0
BU03990101,Heiloo,155,5.0,5.0,15.0,5.0,30.0,60.0,25.0,5.0
BU03990201,Heiloo,15,,,,,,,,
BU03990202,Heiloo,390,0.0,35.0,25.0,25.0,60.0,140.0,60.0,45.0
BU03990301,Heiloo,225,0.0,20.0,55.0,10.0,10.0,55.0,45.0,25.0
BU03990302,Heiloo,105,0.0,15.0,10.0,5.0,10.0,30.0,20.0,10.0
BU03990303,Heiloo,250,0.0,35.0,25.0,20.0,25.0,65.0,50.0,25.0
BU03990304,Heiloo,35,0.0,5.0,5.0,0.0,0.0,10.0,5.0,5.0
BU03990401,Heiloo,160,0.0,10.0,20.0,10.0,20.0,45.0,40.0,15.0
BU03990402,Heiloo,215,0.0,30.0,20.0,25.0,15.0,60.0,45.0,25.0
BU03990501,Heiloo,215,0.0,25.0,15.0,20.0,20.0,55.0,45.0,30.0
BU03990502,Heiloo,290,0.0,35.0,45.0,15.0,20.0,85.0,50.0,40.0
BU03990503,Heiloo,85,0.0,10.0,15.0,5.0,5.0,15.0,15.0,15.0
BU03990504,Heiloo,185,0.0,15.0,20.0,20.0,15.0,50.0,45.0,15.0
BU03990601,Heiloo,115,0.0,5.0,5.0,10.0,10.0,25.0,55.0,10.0
BU03990602,Heiloo,70,0.0,15.0,25.0,10.0,5.0,10.0,5.0,5.0
BU03990603,Heiloo,165,0.0,15.0,10.0,15.0,20.0,50.0,40.0,10.0
BU03990604,Heiloo,300,5.0,40.0,55.0,15.0,30.0,70.0,60.0,20.0
BU03990701,Heiloo,105,0.0,30.0,35.0,10.0,10.0,20.0,5.0,0.0
BU03990801,Heiloo,25,5.0,0.0,5.0,0.0,0.0,5.0,5.0,0.0
BU03990802,Heiloo,70,5.0,10.0,10.0,0.0,10.0,15.0,10.0,10.0
BU04000100,Den Helder,5,,,,,,,,
BU04000101,Den Helder,65,0.0,15.0,10.0,0.0,0.0,15.0,10.0,10.0
BU04000102,Den Helder,260,0.0,20.0,125.0,10.0,15.0,20.0,40.0,35.0
BU04000103,Den Helder,105,0.0,10.0,25.0,10.0,10.0,20.0,15.0,20.0
BU04000104,Den Helder,85,0.0,10.0,30.0,5.0,5.0,10.0,5.0,15.0
BU04000105,Den Helder,155,5.0,45.0,30.0,10.0,5.0,30.0,20.0,10.0
BU04000106,Den Helder,65,0.0,10.0,20.0,5.0,0.0,10.0,10.0,5.0
BU04000107,Den Helder,60,0.0,5.0,15.0,15.0,5.0,5.0,5.0,5.0
BU04000108,Den Helder,105,0.0,20.0,20.0,5.0,5.0,20.0,20.0,15.0
BU04000109,Den Helder,40,0.0,5.0,5.0,0.0,5.0,10.0,5.0,5.0
BU04000200,Den Helder,120,0.0,25.0,15.0,10.0,5.0,20.0,30.0,15.0
BU04000201,Den Helder,140,0.0,25.0,20.0,10.0,5.0,20.0,25.0,25.0
BU04000202,Den Helder,100,0.0,10.0,10.0,5.0,5.0,20.0,35.0,10.0
BU04000203,Den Helder,90,0.0,5.0,15.0,5.0,10.0,20.0,25.0,15.0
BU04000204,Den Helder,115,0.0,15.0,10.0,5.0,5.0,35.0,30.0,15.0
BU04000205,Den Helder,75,0.0,25.0,10.0,5.0,0.0,15.0,10.0,10.0
BU04000206,Den Helder,35,0.0,10.0,5.0,5.0,0.0,5.0,5.0,5.0
BU04000207,Den Helder,0,,,,,,,,
BU04000208,Den Helder,5,,,,,,,,
BU04000300,Den Helder,110,0.0,10.0,15.0,5.0,25.0,30.0,15.0,10.0
BU04000301,Den Helder,15,,,,,,,,
BU04000302,Den Helder,40,0.0,10.0,10.0,5.0,5.0,5.0,5.0,10.0
BU04000303,Den Helder,70,0.0,10.0,5.0,5.0,5.0,15.0,15.0,10.0
BU04000304,Den Helder,5,,,,,,,,
BU04000400,Den Helder,55,5.0,10.0,5.0,0.0,5.0,10.0,10.0,5.0
BU04000401,Den Helder,55,0.0,5.0,15.0,0.0,5.0,5.0,15.0,5.0
BU04000402,Den Helder,80,0.0,10.0,30.0,5.0,0.0,10.0,20.0,5.0
BU04000403,Den Helder,25,0.0,10.0,5.0,5.0,0.0,0.0,0.0,0.0
BU04000404,Den Helder,50,0.0,5.0,10.0,5.0,5.0,5.0,15.0,10.0
BU04000405,Den Helder,30,0.0,5.0,10.0,0.0,0.0,5.0,5.0,5.0
BU04000406,Den Helder,35,0.0,5.0,5.0,0.0,0.0,5.0,15.0,5.0
BU04000407,Den Helder,80,0.0,15.0,20.0,5.0,5.0,10.0,20.0,5.0
BU04000408,Den Helder,85,5.0,20.0,10.0,5.0,5.0,25.0,10.0,5.0
BU04000409,Den Helder,155,5.0,15.0,30.0,5.0,15.0,20.0,45.0,25.0
BU04000500,Den Helder,140,0.0,30.0,50.0,10.0,20.0,20.0,5.0,5.0
BU04000501,Den Helder,135,5.0,30.0,15.0,10.0,25.0,30.0,15.0,10.0
BU04000502,Den Helder,30,0.0,5.0,0.0,5.0,5.0,10.0,0.0,5.0
BU04000503,Den Helder,40,0.0,10.0,5.0,5.0,0.0,10.0,5.0,5.0
BU04000504,Den Helder,85,0.0,25.0,25.0,0.0,5.0,5.0,5.0,10.0
BU04000505,Den Helder,40,0.0,10.0,5.0,5.0,5.0,5.0,10.0,5.0
BU04000506,Den Helder,80,0.0,5.0,25.0,0.0,5.0,5.0,30.0,5.0
BU04000507,Den Helder,40,0.0,10.0,10.0,0.0,0.0,5.0,5.0,5.0
BU04000508,Den Helder,20,,,,,,,,
BU04000509,Den Helder,45,0.0,15.0,10.0,0.0,0.0,5.0,5.0,5.0
BU04000600,Den Helder,155,5.0,20.0,35.0,10.0,10.0,25.0,30.0,15.0
BU04000601,Den Helder,20,,,,,,,,
BU04000602,Den Helder,35,0.0,5.0,5.0,5.0,5.0,10.0,0.0,0.0
BU04000603,Den Helder,100,0.0,30.0,30.0,10.0,10.0,20.0,5.0,0.0
BU04000604,Den Helder,50,20.0,10.0,5.0,0.0,5.0,10.0,0.0,0.0
BU04000605,Den Helder,20,,,,,,,,
BU04000606,Den Helder,10,,,,,,,,
BU04000607,Den Helder,10,,,,,,,,
BU04000700,Den Helder,20,,,,,,,,
BU04000701,Den Helder,30,5.0,5.0,10.0,0.0,5.0,5.0,5.0,0.0
BU04000702,Den Helder,50,5.0,5.0,15.0,0.0,10.0,5.0,5.0,5.0
BU04000800,Den Helder,85,10.0,10.0,25.0,5.0,5.0,10.0,15.0,10.0
BU04000801,Den Helder,90,0.0,20.0,20.0,5.0,0.0,5.0,25.0,15.0
BU04000802,Den Helder,65,0.0,15.0,5.0,0.0,5.0,15.0,15.0,10.0
BU04000803,Den Helder,90,0.0,20.0,15.0,5.0,0.0,15.0,20.0,15.0
BU04000804,Den Helder,140,0.0,45.0,25.0,5.0,5.0,20.0,25.0,15.0
BU04000805,Den Helder,75,0.0,20.0,10.0,5.0,0.0,15.0,15.0,10.0
BU04000806,Den Helder,70,0.0,15.0,10.0,10.0,5.0,10.0,10.0,10.0
BU04000807,Den Helder,85,0.0,10.0,15.0,5.0,5.0,15.0,25.0,10.0
BU04000808,Den Helder,50,0.0,5.0,5.0,5.0,10.0,15.0,10.0,5.0
BU04000809,Den Helder,40,0.0,0.0,5.0,0.0,0.0,10.0,20.0,5.0
BU01630101,Hellendoorn,85,0.0,5.0,30.0,0.0,15.0,15.0,10.0,10.0
BU01630102,Hellendoorn,80,5.0,15.0,15.0,5.0,5.0,20.0,15.0,10.0
BU01630103,Hellendoorn,30,0.0,5.0,5.0,0.0,0.0,5.0,5.0,10.0
BU01630104,Hellendoorn,50,0.0,10.0,5.0,5.0,5.0,5.0,10.0,10.0
BU01630105,Hellendoorn,85,0.0,15.0,15.0,5.0,15.0,15.0,10.0,5.0
BU01630106,Hellendoorn,45,0.0,5.0,5.0,0.0,5.0,10.0,10.0,0.0
BU01630201,Hellendoorn,80,0.0,5.0,15.0,0.0,15.0,20.0,20.0,5.0
BU01630202,Hellendoorn,90,0.0,10.0,15.0,5.0,10.0,15.0,20.0,15.0
BU01630203,Hellendoorn,25,0.0,5.0,5.0,0.0,5.0,5.0,0.0,5.0
BU01630301,Hellendoorn,290,0.0,20.0,115.0,10.0,20.0,35.0,45.0,40.0
BU01630302,Hellendoorn,80,0.0,5.0,10.0,0.0,5.0,15.0,25.0,15.0
BU01630303,Hellendoorn,130,0.0,15.0,25.0,10.0,15.0,25.0,25.0,15.0
BU01630304,Hellendoorn,140,0.0,15.0,15.0,10.0,25.0,40.0,25.0,10.0
BU01630401,Hellendoorn,85,0.0,15.0,20.0,5.0,5.0,15.0,10.0,10.0
BU01630402,Hellendoorn,65,0.0,10.0,10.0,5.0,5.0,15.0,20.0,5.0
BU01630403,Hellendoorn,20,,,,,,,,
BU01630404,Hellendoorn,55,0.0,10.0,10.0,0.0,5.0,15.0,10.0,5.0
BU01630405,Hellendoorn,110,0.0,15.0,25.0,10.0,5.0,15.0,30.0,10.0
BU01630406,Hellendoorn,105,0.0,10.0,15.0,5.0,10.0,25.0,20.0,15.0
BU01630407,Hellendoorn,300,0.0,75.0,115.0,20.0,20.0,50.0,5.0,10.0
BU01630408,Hellendoorn,40,0.0,5.0,5.0,5.0,0.0,10.0,10.0,5.0
BU01630501,Hellendoorn,95,15.0,15.0,10.0,5.0,15.0,15.0,15.0,5.0
BU01630503,Hellendoorn,80,10.0,10.0,10.0,5.0,15.0,20.0,10.0,5.0
BU01630504,Hellendoorn,0,,,,,,,,
BU01630505,Hellendoorn,145,50.0,15.0,25.0,0.0,10.0,20.0,10.0,10.0
BU01630506,Hellendoorn,115,20.0,20.0,20.0,5.0,10.0,20.0,15.0,10.0
BU01630507,Hellendoorn,195,70.0,20.0,30.0,5.0,15.0,30.0,20.0,10.0
BU01630508,Hellendoorn,150,65.0,20.0,15.0,10.0,10.0,10.0,15.0,10.0
BU01630509,Hellendoorn,65,10.0,15.0,15.0,5.0,5.0,10.0,5.0,5.0
BU01630510,Hellendoorn,105,50.0,10.0,15.0,5.0,5.0,5.0,10.0,10.0
BU01630601,Hellendoorn,25,0.0,0.0,5.0,0.0,5.0,5.0,5.0,5.0
BU01630602,Hellendoorn,145,0.0,20.0,30.0,10.0,10.0,35.0,30.0,10.0
BU01630603,Hellendoorn,40,0.0,0.0,5.0,0.0,0.0,0.0,25.0,5.0
BU01630604,Hellendoorn,95,0.0,10.0,15.0,5.0,10.0,30.0,15.0,5.0
BU01630605,Hellendoorn,85,0.0,5.0,5.0,5.0,5.0,35.0,15.0,15.0
BU01630606,Hellendoorn,40,0.0,5.0,5.0,5.0,5.0,5.0,15.0,0.0
BU01630700,Hellendoorn,95,0.0,20.0,25.0,0.0,5.0,10.0,20.0,10.0
BU01630800,Hellendoorn,60,5.0,10.0,20.0,0.0,0.0,5.0,10.0,5.0
BU01630900,Hellendoorn,75,0.0,25.0,10.0,0.0,5.0,15.0,10.0,5.0
BU05300000,Hellevoetsluis,210,0.0,20.0,40.0,20.0,25.0,50.0,20.0,35.0
BU05300001,Hellevoetsluis,45,0.0,10.0,10.0,5.0,0.0,10.0,5.0,5.0
BU05300003,Hellevoetsluis,50,0.0,0.0,10.0,5.0,15.0,10.0,5.0,0.0
BU05300004,Hellevoetsluis,50,0.0,15.0,15.0,0.0,0.0,5.0,5.0,10.0
BU05300005,Hellevoetsluis,145,5.0,20.0,20.0,15.0,10.0,20.0,35.0,20.0
BU05300100,Hellevoetsluis,70,0.0,10.0,15.0,0.0,10.0,15.0,15.0,5.0
BU05300101,Hellevoetsluis,75,0.0,25.0,10.0,5.0,0.0,15.0,10.0,5.0
BU05300102,Hellevoetsluis,80,5.0,10.0,15.0,10.0,5.0,15.0,10.0,10.0
BU05300103,Hellevoetsluis,45,0.0,10.0,10.0,5.0,0.0,10.0,5.0,10.0
BU05300104,Hellevoetsluis,185,0.0,25.0,55.0,5.0,20.0,30.0,25.0,25.0
BU05300105,Hellevoetsluis,60,0.0,10.0,10.0,0.0,10.0,5.0,15.0,15.0
BU05300106,Hellevoetsluis,60,0.0,20.0,10.0,0.0,5.0,5.0,10.0,5.0
BU05300107,Hellevoetsluis,0,,,,,,,,
BU05300200,Hellevoetsluis,130,0.0,20.0,20.0,10.0,10.0,30.0,20.0,15.0
BU05300201,Hellevoetsluis,30,5.0,0.0,5.0,5.0,5.0,5.0,5.0,0.0
BU05300300,Hellevoetsluis,55,0.0,5.0,10.0,10.0,5.0,15.0,5.0,5.0
BU05300301,Hellevoetsluis,150,0.0,40.0,20.0,10.0,5.0,30.0,20.0,15.0
BU05300302,Hellevoetsluis,150,0.0,45.0,20.0,10.0,15.0,30.0,25.0,10.0
BU05300303,Hellevoetsluis,145,5.0,25.0,20.0,10.0,5.0,35.0,30.0,20.0
BU05300400,Hellevoetsluis,175,5.0,40.0,15.0,15.0,5.0,40.0,35.0,25.0
BU05300401,Hellevoetsluis,150,5.0,35.0,25.0,10.0,5.0,30.0,20.0,25.0
BU05300402,Hellevoetsluis,185,0.0,45.0,25.0,20.0,5.0,40.0,25.0,25.0
BU05300404,Hellevoetsluis,35,0.0,10.0,5.0,0.0,5.0,5.0,10.0,5.0
BU05300500,Hellevoetsluis,20,,,,,,,,
BU05300502,Hellevoetsluis,95,0.0,15.0,15.0,5.0,5.0,20.0,20.0,15.0
BU05300503,Hellevoetsluis,65,0.0,5.0,5.0,0.0,10.0,20.0,10.0,5.0
BU05300504,Hellevoetsluis,110,0.0,5.0,20.0,5.0,5.0,35.0,25.0,15.0
BU05300505,Hellevoetsluis,105,0.0,5.0,15.0,10.0,15.0,35.0,10.0,10.0
BU05300600,Hellevoetsluis,110,0.0,10.0,10.0,10.0,10.0,30.0,20.0,15.0
BU05300601,Hellevoetsluis,140,5.0,10.0,15.0,10.0,15.0,40.0,25.0,15.0
BU05300700,Hellevoetsluis,60,0.0,0.0,35.0,0.0,5.0,5.0,5.0,0.0
BU05300701,Hellevoetsluis,130,0.0,10.0,65.0,5.0,10.0,5.0,25.0,10.0
BU05300800,Hellevoetsluis,215,0.0,50.0,85.0,15.0,20.0,35.0,5.0,5.0
BU05300900,Hellevoetsluis,95,5.0,20.0,20.0,5.0,5.0,15.0,15.0,10.0
BU05300901,Hellevoetsluis,100,30.0,10.0,10.0,5.0,10.0,15.0,10.0,15.0
BU05300902,Hellevoetsluis,15,,,,,,,,
BU05301001,Hellevoetsluis,70,5.0,10.0,10.0,5.0,5.0,15.0,10.0,10.0
BU05301002,Hellevoetsluis,55,15.0,10.0,10.0,0.0,5.0,10.0,5.0,0.0
BU05301003,Hellevoetsluis,25,5.0,5.0,5.0,0.0,5.0,5.0,0.0,0.0
BU07941000,Helmond,420,0.0,45.0,220.0,15.0,10.0,45.0,30.0,55.0
BU07941002,Helmond,165,0.0,50.0,35.0,5.0,5.0,25.0,25.0,25.0
BU07941003,Helmond,325,0.0,75.0,90.0,20.0,5.0,45.0,50.0,40.0
BU07941004,Helmond,90,0.0,10.0,10.0,10.0,10.0,20.0,20.0,5.0
BU07941005,Helmond,290,0.0,70.0,65.0,25.0,10.0,50.0,50.0,25.0
BU07941006,Helmond,185,0.0,40.0,45.0,15.0,5.0,35.0,20.0,20.0
BU07941007,Helmond,240,0.0,10.0,50.0,20.0,35.0,60.0,40.0,30.0
BU07941100,Helmond,180,0.0,40.0,35.0,15.0,0.0,15.0,40.0,25.0
BU07941101,Helmond,165,0.0,55.0,35.0,10.0,5.0,25.0,20.0,20.0
BU07941102,Helmond,220,0.0,70.0,40.0,10.0,5.0,25.0,40.0,35.0
BU07941200,Helmond,240,0.0,95.0,50.0,10.0,0.0,20.0,35.0,25.0
BU07941201,Helmond,265,0.0,55.0,40.0,20.0,10.0,40.0,60.0,45.0
BU07941202,Helmond,225,0.0,80.0,55.0,10.0,0.0,25.0,35.0,20.0
BU07941300,Helmond,330,0.0,80.0,70.0,15.0,20.0,40.0,50.0,55.0
BU07941301,Helmond,290,0.0,70.0,55.0,25.0,20.0,45.0,45.0,35.0
BU07941302,Helmond,325,0.0,80.0,45.0,25.0,35.0,50.0,45.0,45.0
BU07941303,Helmond,85,0.0,15.0,15.0,5.0,5.0,20.0,20.0,10.0
BU07941309,Helmond,15,,,,,,,,
BU07941400,Helmond,300,0.0,65.0,50.0,15.0,15.0,70.0,45.0,40.0
BU07941401,Helmond,165,0.0,40.0,30.0,10.0,5.0,30.0,25.0,25.0
BU07941402,Helmond,175,0.0,40.0,30.0,15.0,10.0,35.0,25.0,25.0
BU07941404,Helmond,45,0.0,5.0,15.0,0.0,0.0,5.0,20.0,0.0
BU07941409,Helmond,30,5.0,5.0,10.0,0.0,0.0,0.0,0.0,5.0
BU07941500,Helmond,370,0.0,75.0,90.0,10.0,25.0,60.0,55.0,55.0
BU07941501,Helmond,125,0.0,30.0,25.0,10.0,10.0,30.0,10.0,10.0
BU07941600,Helmond,215,0.0,10.0,15.0,10.0,45.0,55.0,55.0,15.0
BU07941601,Helmond,255,0.0,20.0,25.0,15.0,60.0,65.0,55.0,15.0
BU07941609,Helmond,30,0.0,5.0,5.0,0.0,10.0,5.0,0.0,5.0
BU07941700,Helmond,680,5.0,65.0,105.0,30.0,115.0,195.0,115.0,60.0
BU07941701,Helmond,335,0.0,40.0,60.0,30.0,45.0,115.0,30.0,10.0
BU07941709,Helmond,75,10.0,25.0,5.0,0.0,15.0,15.0,5.0,5.0
BU07941801,Helmond,205,0.0,60.0,35.0,15.0,5.0,25.0,30.0,35.0
BU07941802,Helmond,335,0.0,95.0,65.0,25.0,5.0,60.0,55.0,30.0
BU07941809,Helmond,15,,,,,,,,
BU07941900,Helmond,500,0.0,65.0,65.0,25.0,75.0,155.0,70.0,45.0
BU07941909,Helmond,20,,,,,,,,
BU07942100,Helmond,155,0.0,10.0,25.0,15.0,20.0,55.0,20.0,15.0
BU07942101,Helmond,335,0.0,20.0,50.0,30.0,25.0,100.0,65.0,45.0
BU07942102,Helmond,345,0.0,30.0,45.0,25.0,50.0,95.0,60.0,40.0
BU07942103,Helmond,350,5.0,30.0,55.0,20.0,45.0,95.0,70.0,30.0
BU07942104,Helmond,15,,,,,,,,
BU07942105,Helmond,5,,,,,,,,
BU07942901,Helmond,625,0.0,190.0,255.0,20.0,50.0,75.0,10.0,20.0
BU07942902,Helmond,90,5.0,30.0,30.0,10.0,10.0,10.0,0.0,0.0
BU05310101,Hendrik-Ido-Ambacht,445,5.0,65.0,75.0,30.0,50.0,95.0,85.0,45.0
BU05310102,Hendrik-Ido-Ambacht,320,0.0,50.0,80.0,20.0,30.0,65.0,45.0,30.0
BU05310103,Hendrik-Ido-Ambacht,280,0.0,55.0,30.0,30.0,20.0,80.0,45.0,20.0
BU05310201,Hendrik-Ido-Ambacht,190,0.0,20.0,40.0,15.0,15.0,45.0,30.0,20.0
BU05310202,Hendrik-Ido-Ambacht,255,0.0,45.0,45.0,20.0,20.0,55.0,45.0,25.0
BU05310203,Hendrik-Ido-Ambacht,235,0.0,25.0,50.0,25.0,45.0,55.0,20.0,20.0
BU05310204,Hendrik-Ido-Ambacht,95,5.0,5.0,15.0,30.0,15.0,20.0,0.0,5.0
BU05310301,Hendrik-Ido-Ambacht,725,0.0,65.0,100.0,105.0,110.0,190.0,95.0,65.0
BU05310302,Hendrik-Ido-Ambacht,385,0.0,40.0,45.0,60.0,55.0,105.0,45.0,30.0
BU05310400,Hendrik-Ido-Ambacht,40,10.0,10.0,0.0,0.0,10.0,5.0,5.0,5.0
BU05310501,Hendrik-Ido-Ambacht,275,0.0,55.0,80.0,40.0,30.0,55.0,5.0,10.0
BU05310502,Hendrik-Ido-Ambacht,10,,,,,,,,
BU01640000,Hengelo,510,0.0,25.0,245.0,45.0,30.0,70.0,35.0,60.0
BU01640001,Hengelo,130,0.0,15.0,45.0,10.0,10.0,20.0,15.0,15.0
BU01640002,Hengelo,175,0.0,10.0,20.0,10.0,25.0,55.0,45.0,15.0
BU01640100,Hengelo,345,0.0,30.0,80.0,30.0,25.0,65.0,65.0,45.0
BU01640101,Hengelo,345,5.0,35.0,60.0,25.0,40.0,70.0,55.0,55.0
BU01640102,Hengelo,250,0.0,25.0,45.0,20.0,25.0,55.0,55.0,30.0
BU01640103,Hengelo,100,0.0,15.0,25.0,10.0,0.0,25.0,10.0,10.0
BU01640200,Hengelo,290,0.0,35.0,70.0,25.0,15.0,50.0,55.0,45.0
BU01640201,Hengelo,215,0.0,25.0,30.0,20.0,20.0,50.0,55.0,15.0
BU01640202,Hengelo,145,0.0,20.0,45.0,10.0,5.0,25.0,30.0,15.0
BU01640203,Hengelo,75,0.0,15.0,10.0,5.0,0.0,10.0,15.0,15.0
BU01640204,Hengelo,25,0.0,0.0,10.0,0.0,0.0,5.0,5.0,5.0
BU01640300,Hengelo,125,5.0,10.0,25.0,5.0,10.0,40.0,15.0,15.0
BU01640301,Hengelo,75,0.0,10.0,5.0,5.0,15.0,10.0,20.0,10.0
BU01640302,Hengelo,70,0.0,5.0,10.0,10.0,5.0,20.0,10.0,10.0
BU01640303,Hengelo,45,0.0,5.0,5.0,5.0,5.0,10.0,10.0,10.0
BU01640304,Hengelo,135,0.0,10.0,45.0,10.0,0.0,25.0,25.0,20.0
BU01640305,Hengelo,65,0.0,5.0,15.0,10.0,5.0,25.0,5.0,5.0
BU01640306,Hengelo,95,0.0,5.0,10.0,5.0,10.0,25.0,20.0,15.0
BU01640307,Hengelo,105,0.0,10.0,20.0,10.0,15.0,15.0,20.0,15.0
BU01640308,Hengelo,75,0.0,10.0,10.0,5.0,0.0,25.0,15.0,10.0
BU01640309,Hengelo,80,0.0,10.0,30.0,5.0,5.0,20.0,5.0,0.0
BU01640400,Hengelo,55,0.0,5.0,5.0,5.0,0.0,5.0,15.0,15.0
BU01640401,Hengelo,260,0.0,15.0,40.0,15.0,40.0,55.0,65.0,25.0
BU01640402,Hengelo,230,0.0,15.0,20.0,15.0,20.0,70.0,60.0,30.0
BU01640403,Hengelo,190,0.0,20.0,50.0,15.0,5.0,25.0,45.0,30.0
BU01640500,Hengelo,45,0.0,10.0,15.0,5.0,5.0,5.0,5.0,5.0
BU01640501,Hengelo,305,0.0,35.0,65.0,30.0,20.0,75.0,45.0,30.0
BU01640502,Hengelo,115,0.0,20.0,20.0,10.0,5.0,20.0,25.0,15.0
BU01640503,Hengelo,20,,,,,,,,
BU01640504,Hengelo,70,0.0,5.0,10.0,5.0,5.0,15.0,20.0,10.0
BU01640505,Hengelo,75,0.0,10.0,15.0,5.0,5.0,20.0,15.0,10.0
BU01640506,Hengelo,5,,,,,,,,
BU01640600,Hengelo,315,0.0,90.0,110.0,30.0,20.0,55.0,5.0,10.0
BU01640601,Hengelo,295,0.0,25.0,50.0,25.0,20.0,75.0,60.0,45.0
BU01640602,Hengelo,240,0.0,40.0,60.0,15.0,5.0,40.0,40.0,30.0
BU01640603,Hengelo,170,0.0,50.0,60.0,10.0,10.0,30.0,5.0,10.0
BU01640604,Hengelo,320,5.0,35.0,50.0,20.0,25.0,75.0,70.0,40.0
BU01640605,Hengelo,70,0.0,10.0,15.0,0.0,10.0,15.0,10.0,10.0
BU01640606,Hengelo,40,0.0,0.0,20.0,5.0,0.0,10.0,0.0,5.0
BU01640700,Hengelo,300,0.0,60.0,135.0,25.0,25.0,30.0,10.0,10.0
BU01640701,Hengelo,265,0.0,25.0,30.0,15.0,20.0,60.0,100.0,20.0
BU01640702,Hengelo,200,0.0,10.0,25.0,25.0,30.0,60.0,35.0,20.0
BU01640703,Hengelo,265,0.0,20.0,40.0,10.0,35.0,65.0,60.0,35.0
BU01640704,Hengelo,295,0.0,20.0,30.0,35.0,45.0,100.0,60.0,5.0
BU01640705,Hengelo,160,0.0,25.0,30.0,15.0,15.0,60.0,5.0,5.0
BU01640706,Hengelo,15,,,,,,,,
BU01640800,Hengelo,215,0.0,10.0,40.0,20.0,30.0,65.0,35.0,20.0
BU01640801,Hengelo,210,0.0,5.0,35.0,20.0,15.0,65.0,45.0,20.0
BU01640802,Hengelo,215,0.0,15.0,30.0,15.0,25.0,65.0,50.0,15.0
BU01640803,Hengelo,250,0.0,10.0,45.0,20.0,40.0,65.0,45.0,20.0
BU01640804,Hengelo,10,,,,,,,,
BU01640805,Hengelo,130,0.0,5.0,15.0,10.0,40.0,30.0,20.0,5.0
BU01640900,Hengelo,70,0.0,15.0,10.0,0.0,5.0,15.0,15.0,5.0
BU01640901,Hengelo,10,,,,,,,,
BU01640902,Hengelo,10,,,,,,,,
BU01640903,Hengelo,30,0.0,5.0,5.0,5.0,5.0,5.0,10.0,5.0
BU01640904,Hengelo,65,10.0,5.0,10.0,0.0,15.0,10.0,5.0,5.0
BU01640905,Hengelo,40,5.0,10.0,5.0,5.0,5.0,5.0,5.0,5.0
BU01640906,Hengelo,70,20.0,15.0,5.0,5.0,5.0,10.0,10.0,0.0
BU01640907,Hengelo,20,,,,,,,,
BU01640909,Hengelo,95,25.0,20.0,15.0,0.0,15.0,10.0,10.0,5.0
BU07960101,'s-Hertogenbosch,2105,0.0,95.0,660.0,125.0,225.0,545.0,205.0,250.0
BU07960102,'s-Hertogenbosch,510,0.0,25.0,95.0,35.0,55.0,115.0,80.0,100.0
BU07960103,'s-Hertogenbosch,150,0.0,15.0,35.0,10.0,10.0,40.0,25.0,20.0
BU07960104,'s-Hertogenbosch,95,0.0,10.0,10.0,10.0,10.0,25.0,20.0,10.0
BU07960105,'s-Hertogenbosch,1000,0.0,60.0,100.0,70.0,135.0,360.0,135.0,140.0
BU07960106,'s-Hertogenbosch,130,0.0,15.0,10.0,5.0,35.0,45.0,20.0,0.0
BU07960201,'s-Hertogenbosch,0,,,,,,,,
BU07960202,'s-Hertogenbosch,515,0.0,35.0,65.0,25.0,65.0,165.0,110.0,55.0
BU07960203,'s-Hertogenbosch,195,0.0,20.0,40.0,10.0,5.0,50.0,45.0,25.0
BU07960204,'s-Hertogenbosch,35,0.0,5.0,10.0,5.0,5.0,5.0,5.0,0.0
BU07960205,'s-Hertogenbosch,100,0.0,35.0,20.0,5.0,0.0,15.0,10.0,15.0
BU07960206,'s-Hertogenbosch,120,0.0,20.0,15.0,10.0,20.0,35.0,10.0,15.0
BU07960207,'s-Hertogenbosch,115,0.0,10.0,10.0,10.0,5.0,45.0,10.0,20.0
BU07960208,'s-Hertogenbosch,0,,,,,,,,
BU07960209,'s-Hertogenbosch,55,0.0,10.0,5.0,5.0,5.0,15.0,10.0,10.0
BU07960210,'s-Hertogenbosch,25,0.0,0.0,0.0,5.0,0.0,5.0,10.0,5.0
BU07960211,'s-Hertogenbosch,485,0.0,105.0,70.0,25.0,25.0,115.0,95.0,55.0
BU07960212,'s-Hertogenbosch,195,0.0,35.0,60.0,25.0,30.0,35.0,10.0,5.0
BU07960301,'s-Hertogenbosch,230,0.0,50.0,30.0,20.0,15.0,45.0,40.0,40.0
BU07960302,'s-Hertogenbosch,180,0.0,60.0,40.0,0.0,5.0,30.0,25.0,20.0
BU07960303,'s-Hertogenbosch,205,0.0,45.0,30.0,20.0,0.0,45.0,35.0,25.0
BU07960304,'s-Hertogenbosch,340,0.0,45.0,45.0,15.0,30.0,90.0,75.0,40.0
BU07960305,'s-Hertogenbosch,370,0.0,80.0,50.0,30.0,30.0,90.0,55.0,40.0
BU07960306,'s-Hertogenbosch,315,0.0,50.0,40.0,25.0,30.0,80.0,55.0,35.0
BU07960401,'s-Hertogenbosch,415,0.0,35.0,55.0,25.0,15.0,130.0,85.0,75.0
BU07960402,'s-Hertogenbosch,410,0.0,25.0,45.0,25.0,25.0,165.0,85.0,40.0
BU07960403,'s-Hertogenbosch,105,0.0,10.0,25.0,10.0,5.0,20.0,20.0,15.0
BU07960501,'s-Hertogenbosch,25,0.0,0.0,0.0,0.0,5.0,5.0,5.0,5.0
BU07960502,'s-Hertogenbosch,210,0.0,10.0,30.0,15.0,25.0,75.0,45.0,15.0
BU07960503,'s-Hertogenbosch,60,5.0,5.0,10.0,0.0,10.0,15.0,0.0,10.0
BU07960504,'s-Hertogenbosch,40,5.0,10.0,0.0,5.0,5.0,10.0,10.0,5.0
BU07960505,'s-Hertogenbosch,340,0.0,25.0,40.0,30.0,20.0,100.0,80.0,45.0
BU07960506,'s-Hertogenbosch,620,0.0,45.0,70.0,25.0,110.0,190.0,125.0,50.0
BU07960507,'s-Hertogenbosch,120,0.0,40.0,5.0,0.0,50.0,15.0,5.0,5.0
BU07960601,'s-Hertogenbosch,315,5.0,55.0,55.0,20.0,35.0,70.0,45.0,30.0
BU07960602,'s-Hertogenbosch,370,0.0,35.0,110.0,15.0,40.0,65.0,65.0,45.0
BU07960603,'s-Hertogenbosch,310,0.0,45.0,25.0,20.0,30.0,85.0,65.0,40.0
BU07960604,'s-Hertogenbosch,125,25.0,25.0,25.0,5.0,10.0,20.0,10.0,5.0
BU07960605,'s-Hertogenbosch,185,0.0,60.0,55.0,10.0,15.0,30.0,0.0,5.0
BU07960606,'s-Hertogenbosch,255,0.0,40.0,25.0,10.0,15.0,70.0,65.0,30.0
BU07960607,'s-Hertogenbosch,335,0.0,40.0,55.0,25.0,30.0,95.0,65.0,30.0
BU07960608,'s-Hertogenbosch,10,,,,,,,,
BU07960609,'s-Hertogenbosch,40,25.0,5.0,5.0,5.0,0.0,0.0,0.0,0.0
BU07960701,'s-Hertogenbosch,35,0.0,5.0,10.0,5.0,0.0,15.0,0.0,0.0
BU07960702,'s-Hertogenbosch,45,0.0,5.0,5.0,0.0,10.0,10.0,5.0,5.0
BU07960703,'s-Hertogenbosch,20,,,,,,,,
BU07960704,'s-Hertogenbosch,350,0.0,35.0,45.0,30.0,30.0,100.0,80.0,30.0
BU07960705,'s-Hertogenbosch,215,0.0,10.0,25.0,20.0,15.0,80.0,40.0,25.0
BU07960706,'s-Hertogenbosch,295,0.0,25.0,25.0,35.0,30.0,100.0,55.0,15.0
BU07960707,'s-Hertogenbosch,105,0.0,15.0,5.0,10.0,5.0,30.0,20.0,15.0
BU07960798,'s-Hertogenbosch,10,,,,,,,,
BU07960799,'s-Hertogenbosch,5,,,,,,,,
BU07960801,'s-Hertogenbosch,190,0.0,45.0,35.0,10.0,15.0,35.0,25.0,25.0
BU07960802,'s-Hertogenbosch,370,0.0,50.0,55.0,25.0,35.0,110.0,55.0,45.0
BU07960803,'s-Hertogenbosch,325,0.0,35.0,45.0,25.0,20.0,120.0,60.0,25.0
BU07960804,'s-Hertogenbosch,30,5.0,5.0,10.0,0.0,5.0,5.0,5.0,0.0
BU07960901,'s-Hertogenbosch,210,0.0,20.0,30.0,25.0,10.0,55.0,45.0,25.0
BU07960902,'s-Hertogenbosch,150,0.0,5.0,15.0,10.0,20.0,45.0,45.0,15.0
BU07960903,'s-Hertogenbosch,395,0.0,30.0,125.0,50.0,55.0,100.0,25.0,15.0
BU07960904,'s-Hertogenbosch,135,0.0,35.0,10.0,10.0,5.0,25.0,35.0,15.0
BU07960905,'s-Hertogenbosch,70,0.0,20.0,10.0,5.0,0.0,5.0,15.0,15.0
BU07960906,'s-Hertogenbosch,150,0.0,20.0,15.0,15.0,15.0,35.0,35.0,20.0
BU07960907,'s-Hertogenbosch,145,0.0,50.0,15.0,5.0,5.0,25.0,20.0,30.0
BU07960908,'s-Hertogenbosch,355,0.0,50.0,65.0,20.0,30.0,75.0,75.0,40.0
BU07960909,'s-Hertogenbosch,105,0.0,35.0,15.0,5.0,0.0,20.0,15.0,10.0
BU07960910,'s-Hertogenbosch,110,0.0,30.0,15.0,10.0,0.0,20.0,20.0,10.0
BU07960911,'s-Hertogenbosch,95,0.0,35.0,10.0,10.0,5.0,15.0,10.0,10.0
BU07960912,'s-Hertogenbosch,125,0.0,25.0,15.0,15.0,5.0,25.0,20.0,15.0
BU07960913,'s-Hertogenbosch,160,0.0,25.0,20.0,10.0,10.0,35.0,30.0,25.0
BU07960914,'s-Hertogenbosch,85,0.0,25.0,25.0,5.0,0.0,15.0,5.0,5.0
BU07960915,'s-Hertogenbosch,105,0.0,15.0,15.0,5.0,35.0,25.0,5.0,5.0
BU07961001,'s-Hertogenbosch,70,0.0,0.0,5.0,5.0,10.0,35.0,5.0,5.0
BU07961002,'s-Hertogenbosch,195,0.0,55.0,20.0,10.0,5.0,50.0,35.0,20.0
BU07961003,'s-Hertogenbosch,140,0.0,15.0,20.0,5.0,10.0,40.0,30.0,15.0
BU07961004,'s-Hertogenbosch,150,0.0,30.0,35.0,5.0,5.0,30.0,20.0,20.0
BU07961005,'s-Hertogenbosch,160,0.0,40.0,20.0,20.0,5.0,35.0,25.0,15.0
BU07961006,'s-Hertogenbosch,165,0.0,35.0,15.0,15.0,5.0,35.0,40.0,15.0
BU07961007,'s-Hertogenbosch,235,0.0,30.0,20.0,25.0,20.0,70.0,40.0,25.0
BU07961008,'s-Hertogenbosch,270,0.0,40.0,40.0,30.0,15.0,65.0,50.0,35.0
BU07961009,'s-Hertogenbosch,350,0.0,40.0,40.0,40.0,40.0,100.0,65.0,25.0
BU07961010,'s-Hertogenbosch,185,0.0,40.0,70.0,10.0,10.0,40.0,5.0,10.0
BU07961011,'s-Hertogenbosch,25,0.0,5.0,5.0,0.0,0.0,10.0,0.0,0.0
BU07961101,'s-Hertogenbosch,410,0.0,50.0,60.0,45.0,15.0,105.0,80.0,50.0
BU07961102,'s-Hertogenbosch,620,0.0,30.0,85.0,60.0,65.0,195.0,135.0,50.0
BU07961103,'s-Hertogenbosch,105,0.0,5.0,10.0,5.0,10.0,20.0,40.0,10.0
BU07961104,'s-Hertogenbosch,120,0.0,20.0,10.0,15.0,5.0,35.0,25.0,15.0
BU07961105,'s-Hertogenbosch,55,0.0,5.0,30.0,0.0,5.0,5.0,5.0,5.0
BU07961106,'s-Hertogenbosch,480,0.0,70.0,140.0,50.0,10.0,80.0,85.0,45.0
BU07961107,'s-Hertogenbosch,625,0.0,155.0,100.0,60.0,15.0,115.0,105.0,80.0
BU07961108,'s-Hertogenbosch,215,0.0,40.0,60.0,15.0,10.0,45.0,25.0,20.0
BU07961109,'s-Hertogenbosch,410,0.0,55.0,160.0,50.0,15.0,95.0,20.0,10.0
BU07961110,'s-Hertogenbosch,235,0.0,10.0,25.0,40.0,15.0,105.0,5.0,35.0
BU07961111,'s-Hertogenbosch,85,0.0,10.0,35.0,5.0,5.0,15.0,5.0,10.0
BU07961201,'s-Hertogenbosch,430,0.0,50.0,40.0,30.0,45.0,125.0,85.0,50.0
BU07961202,'s-Hertogenbosch,130,0.0,30.0,45.0,10.0,15.0,20.0,5.0,15.0
BU07961203,'s-Hertogenbosch,30,0.0,10.0,5.0,0.0,0.0,5.0,5.0,5.0
BU07961204,'s-Hertogenbosch,300,0.0,15.0,35.0,25.0,35.0,120.0,55.0,20.0
BU07961205,'s-Hertogenbosch,70,5.0,10.0,5.0,0.0,10.0,20.0,10.0,10.0
BU07961206,'s-Hertogenbosch,5,,,,,,,,
BU07961301,'s-Hertogenbosch,425,5.0,100.0,55.0,25.0,45.0,75.0,55.0,65.0
BU07961302,'s-Hertogenbosch,75,0.0,25.0,20.0,10.0,10.0,10.0,0.0,0.0
BU07961303,'s-Hertogenbosch,60,5.0,15.0,10.0,0.0,10.0,10.0,5.0,5.0
BU07961304,'s-Hertogenbosch,80,10.0,15.0,10.0,5.0,10.0,15.0,10.0,5.0
BU07961399,'s-Hertogenbosch,40,20.0,5.0,5.0,0.0,5.0,5.0,5.0,0.0
BU07961401,'s-Hertogenbosch,185,5.0,35.0,25.0,10.0,15.0,45.0,25.0,20.0
BU07961402,'s-Hertogenbosch,90,0.0,35.0,10.0,5.0,0.0,20.0,15.0,5.0
BU07961499,'s-Hertogenbosch,195,35.0,45.0,25.0,15.0,15.0,35.0,10.0,15.0
BU02520000,Heumen,100,0.0,20.0,10.0,10.0,5.0,25.0,15.0,15.0
BU02520001,Heumen,410,0.0,55.0,65.0,30.0,45.0,85.0,100.0,35.0
BU02520002,Heumen,615,0.0,55.0,105.0,35.0,50.0,135.0,170.0,65.0
BU02520003,Heumen,25,10.0,5.0,0.0,0.0,0.0,5.0,5.0,5.0
BU02520004,Heumen,95,0.0,15.0,30.0,5.0,5.0,15.0,10.0,10.0
BU02520005,Heumen,35,0.0,5.0,5.0,0.0,5.0,10.0,10.0,0.0
BU02520006,Heumen,225,0.0,30.0,30.0,20.0,25.0,70.0,40.0,15.0
BU02520007,Heumen,5,,,,,,,,
BU02520008,Heumen,70,15.0,10.0,10.0,0.0,5.0,15.0,5.0,10.0
BU02520009,Heumen,20,,,,,,,,
BU02520100,Heumen,210,5.0,25.0,30.0,15.0,15.0,50.0,45.0,25.0
BU02520101,Heumen,85,0.0,10.0,15.0,5.0,5.0,20.0,20.0,10.0
BU02520103,Heumen,40,10.0,10.0,5.0,0.0,0.0,5.0,5.0,5.0
BU02520104,Heumen,65,10.0,5.0,10.0,0.0,5.0,20.0,5.0,10.0
BU02520105,Heumen,40,5.0,5.0,5.0,0.0,5.0,10.0,15.0,0.0
BU02520106,Heumen,5,,,,,,,,
BU02520107,Heumen,45,15.0,5.0,5.0,0.0,5.0,5.0,5.0,5.0
BU02520108,Heumen,10,,,,,,,,
BU02520109,Heumen,15,,,,,,,,
BU07970101,Heusden,235,0.0,55.0,50.0,10.0,10.0,40.0,40.0,30.0
BU07970102,Heusden,600,5.0,135.0,145.0,30.0,60.0,90.0,90.0,45.0
BU07970103,Heusden,130,0.0,15.0,50.0,5.0,10.0,15.0,20.0,10.0
BU07970104,Heusden,520,0.0,60.0,50.0,40.0,55.0,135.0,105.0,70.0
BU07970105,Heusden,630,20.0,95.0,100.0,45.0,65.0,145.0,95.0,70.0
BU07970200,Heusden,365,40.0,90.0,75.0,10.0,45.0,50.0,30.0,20.0
BU07970300,Heusden,380,40.0,80.0,70.0,10.0,35.0,70.0,40.0,30.0
BU07970400,Heusden,560,5.0,115.0,145.0,45.0,60.0,110.0,45.0,35.0
BU07970501,Heusden,685,5.0,125.0,65.0,45.0,60.0,175.0,140.0,70.0
BU07970502,Heusden,570,0.0,90.0,115.0,25.0,65.0,115.0,90.0,60.0
BU07970503,Heusden,560,5.0,150.0,100.0,30.0,25.0,105.0,75.0,60.0
BU07970600,Heusden,15,,,,,,,,
BU07970700,Heusden,70,15.0,10.0,5.0,0.0,10.0,20.0,5.0,5.0
BU07970800,Heusden,75,5.0,30.0,10.0,5.0,5.0,10.0,5.0,5.0
BU07970900,Heusden,150,20.0,25.0,20.0,0.0,20.0,40.0,15.0,10.0
BU07971000,Heusden,315,5.0,45.0,60.0,15.0,30.0,75.0,40.0,45.0
BU07971100,Heusden,300,10.0,100.0,30.0,20.0,10.0,50.0,50.0,30.0
BU05340101,Hillegom,305,0.0,45.0,105.0,10.0,25.0,45.0,35.0,40.0
BU05340102,Hillegom,170,0.0,25.0,15.0,15.0,5.0,45.0,40.0,25.0
BU05340103,Hillegom,75,0.0,15.0,10.0,10.0,5.0,10.0,10.0,10.0
BU05340104,Hillegom,90,0.0,15.0,40.0,5.0,5.0,15.0,5.0,10.0
BU05340105,Hillegom,110,0.0,20.0,15.0,5.0,5.0,30.0,25.0,10.0
BU05340201,Hillegom,25,0.0,10.0,5.0,5.0,0.0,5.0,0.0,5.0
BU05340202,Hillegom,170,0.0,25.0,50.0,20.0,15.0,40.0,5.0,10.0
BU05340203,Hillegom,80,0.0,5.0,5.0,10.0,10.0,20.0,15.0,15.0
BU05340204,Hillegom,115,0.0,15.0,15.0,5.0,10.0,35.0,20.0,10.0
BU05340205,Hillegom,70,0.0,5.0,10.0,10.0,5.0,20.0,10.0,10.0
BU05340206,Hillegom,110,0.0,30.0,10.0,10.0,10.0,15.0,20.0,10.0
BU05340301,Hillegom,135,5.0,20.0,15.0,10.0,15.0,35.0,20.0,15.0
BU05340302,Hillegom,105,0.0,20.0,15.0,10.0,5.0,10.0,25.0,15.0
BU05340303,Hillegom,80,0.0,10.0,5.0,5.0,5.0,15.0,20.0,10.0
BU05340304,Hillegom,125,0.0,25.0,15.0,10.0,5.0,35.0,15.0,15.0
BU05340305,Hillegom,115,0.0,20.0,20.0,10.0,10.0,30.0,20.0,10.0
BU05340306,Hillegom,90,0.0,15.0,10.0,10.0,5.0,30.0,20.0,5.0
BU05340401,Hillegom,205,5.0,25.0,20.0,10.0,25.0,65.0,35.0,25.0
BU05340402,Hillegom,175,0.0,25.0,25.0,10.0,20.0,50.0,30.0,15.0
BU05340501,Hillegom,0,,,,,,,,
BU05340502,Hillegom,40,0.0,5.0,25.0,5.0,5.0,5.0,0.0,0.0
BU05340503,Hillegom,320,55.0,45.0,60.0,10.0,30.0,65.0,25.0,20.0
BU07980000,Hilvarenbeek,1055,15.0,135.0,205.0,55.0,85.0,255.0,180.0,125.0
BU07980009,Hilvarenbeek,185,65.0,20.0,25.0,10.0,15.0,20.0,10.0,15.0
BU07980100,Hilvarenbeek,140,5.0,30.0,20.0,10.0,15.0,25.0,15.0,15.0
BU07980109,Hilvarenbeek,125,30.0,15.0,20.0,5.0,15.0,15.0,15.0,5.0
BU07980200,Hilvarenbeek,105,5.0,25.0,15.0,5.0,10.0,25.0,10.0,10.0
BU07980209,Hilvarenbeek,60,20.0,10.0,5.0,0.0,5.0,5.0,5.0,5.0
BU07980300,Hilvarenbeek,345,15.0,65.0,60.0,15.0,30.0,70.0,55.0,30.0
BU07980301,Hilvarenbeek,45,10.0,5.0,10.0,0.0,5.0,5.0,5.0,5.0
BU07980309,Hilvarenbeek,140,60.0,15.0,15.0,5.0,5.0,20.0,15.0,10.0
BU07980400,Hilvarenbeek,60,10.0,15.0,5.0,0.0,5.0,10.0,10.0,5.0
BU07980409,Hilvarenbeek,100,40.0,10.0,15.0,5.0,10.0,10.0,5.0,5.0
BU04020101,Hilversum,985,0.0,80.0,310.0,105.0,85.0,180.0,95.0,130.0
BU04020102,Hilversum,515,0.0,90.0,75.0,55.0,20.0,125.0,70.0,80.0
BU04020103,Hilversum,290,0.0,50.0,35.0,45.0,10.0,65.0,45.0,35.0
BU04020104,Hilversum,435,0.0,55.0,130.0,40.0,30.0,75.0,45.0,65.0
BU04020201,Hilversum,650,0.0,25.0,45.0,55.0,85.0,255.0,130.0,55.0
BU04020202,Hilversum,495,0.0,25.0,30.0,50.0,80.0,195.0,70.0,45.0
BU04020203,Hilversum,360,0.0,15.0,30.0,45.0,40.0,125.0,80.0,30.0
BU04020204,Hilversum,345,0.0,20.0,20.0,35.0,65.0,135.0,45.0,25.0
BU04020205,Hilversum,160,0.0,5.0,5.0,5.0,30.0,70.0,30.0,10.0
BU04020206,Hilversum,140,0.0,0.0,10.0,55.0,5.0,35.0,15.0,15.0
BU04020301,Hilversum,210,0.0,45.0,95.0,10.0,10.0,25.0,10.0,15.0
BU04020302,Hilversum,200,0.0,20.0,20.0,25.0,10.0,70.0,30.0,30.0
BU04020303,Hilversum,280,0.0,30.0,40.0,40.0,20.0,80.0,40.0,25.0
BU04020304,Hilversum,665,0.0,100.0,125.0,80.0,35.0,150.0,110.0,65.0
BU04020401,Hilversum,560,0.0,75.0,100.0,60.0,30.0,150.0,75.0,65.0
BU04020402,Hilversum,630,0.0,100.0,80.0,50.0,40.0,185.0,95.0,80.0
BU04020403,Hilversum,355,0.0,25.0,20.0,40.0,40.0,130.0,45.0,50.0
BU04020404,Hilversum,460,0.0,45.0,40.0,50.0,30.0,165.0,90.0,40.0
BU04020405,Hilversum,525,0.0,75.0,55.0,60.0,25.0,130.0,100.0,85.0
BU04020501,Hilversum,765,0.0,35.0,50.0,70.0,115.0,315.0,125.0,55.0
BU04020502,Hilversum,265,0.0,10.0,15.0,20.0,45.0,120.0,40.0,15.0
BU04020503,Hilversum,240,0.0,20.0,30.0,25.0,45.0,75.0,25.0,20.0
BU04020504,Hilversum,60,0.0,0.0,5.0,5.0,10.0,30.0,10.0,5.0
BU04020505,Hilversum,370,0.0,65.0,35.0,45.0,10.0,90.0,75.0,45.0
BU04020506,Hilversum,20,,,,,,,,
BU04020601,Hilversum,485,0.0,110.0,60.0,50.0,20.0,110.0,65.0,65.0
BU04020602,Hilversum,290,0.0,55.0,25.0,40.0,10.0,70.0,50.0,40.0
BU04020603,Hilversum,535,0.0,130.0,65.0,65.0,10.0,120.0,75.0,65.0
BU04020604,Hilversum,555,0.0,115.0,50.0,70.0,20.0,130.0,105.0,65.0
BU04020605,Hilversum,695,0.0,70.0,70.0,80.0,40.0,215.0,130.0,95.0
BU04020606,Hilversum,95,0.0,10.0,10.0,10.0,5.0,30.0,25.0,10.0
BU04020701,Hilversum,370,0.0,35.0,30.0,25.0,20.0,120.0,75.0,55.0
BU04020702,Hilversum,210,0.0,50.0,25.0,30.0,10.0,45.0,25.0,25.0
BU04020703,Hilversum,695,0.0,145.0,65.0,85.0,15.0,160.0,120.0,100.0
BU04020704,Hilversum,0,,,,,,,,
BU04020801,Hilversum,420,0.0,55.0,45.0,35.0,20.0,130.0,75.0,55.0
BU04020901,Hilversum,20,,,,,,,,
BU04020902,Hilversum,0,,,,,,,,
BU04020903,Hilversum,75,0.0,5.0,5.0,5.0,5.0,25.0,30.0,5.0
BU04020904,Hilversum,20,,,,,,,,
BU04020905,Hilversum,130,5.0,5.0,15.0,10.0,10.0,35.0,40.0,10.0
BU04020906,Hilversum,5,,,,,,,,
BU04020907,Hilversum,15,,,,,,,,
BU19630000,Hoeksche Waard,510,0.0,45.0,180.0,10.0,85.0,80.0,50.0,55.0
BU19630001,Hoeksche Waard,130,0.0,20.0,20.0,10.0,5.0,25.0,30.0,15.0
BU19630002,Hoeksche Waard,255,0.0,45.0,40.0,10.0,40.0,50.0,45.0,25.0
BU19630003,Hoeksche Waard,245,5.0,30.0,35.0,15.0,35.0,60.0,30.0,35.0
BU19630004,Hoeksche Waard,325,5.0,45.0,50.0,25.0,30.0,80.0,55.0,35.0
BU19630005,Hoeksche Waard,365,0.0,40.0,45.0,30.0,40.0,95.0,75.0,45.0
BU19630006,Hoeksche Waard,110,0.0,10.0,10.0,10.0,25.0,25.0,15.0,15.0
BU19630007,Hoeksche Waard,540,0.0,50.0,55.0,40.0,90.0,150.0,105.0,50.0
BU19630050,Hoeksche Waard,265,0.0,60.0,90.0,10.0,30.0,55.0,5.0,15.0
BU19630051,Hoeksche Waard,150,0.0,20.0,45.0,10.0,35.0,25.0,10.0,5.0
BU19630099,Hoeksche Waard,145,25.0,20.0,25.0,5.0,20.0,25.0,10.0,15.0
BU19630100,Hoeksche Waard,260,5.0,35.0,35.0,25.0,30.0,65.0,45.0,25.0
BU19630150,Hoeksche Waard,130,0.0,20.0,40.0,20.0,20.0,20.0,0.0,10.0
BU19630199,Hoeksche Waard,210,20.0,35.0,45.0,15.0,20.0,40.0,20.0,15.0
BU19630200,Hoeksche Waard,500,0.0,40.0,55.0,40.0,90.0,125.0,90.0,55.0
BU19630299,Hoeksche Waard,140,25.0,20.0,25.0,10.0,20.0,20.0,15.0,10.0
BU19630300,Hoeksche Waard,200,5.0,25.0,30.0,10.0,20.0,60.0,35.0,15.0
BU19630399,Hoeksche Waard,45,10.0,5.0,10.0,5.0,5.0,5.0,5.0,5.0
BU19630400,Hoeksche Waard,600,10.0,100.0,110.0,40.0,60.0,120.0,95.0,65.0
BU19630499,Hoeksche Waard,5,,,,,,,,
BU19630500,Hoeksche Waard,350,10.0,60.0,50.0,30.0,50.0,70.0,50.0,35.0
BU19630599,Hoeksche Waard,65,15.0,5.0,15.0,5.0,5.0,10.0,5.0,5.0
BU19630600,Hoeksche Waard,705,5.0,115.0,120.0,70.0,75.0,160.0,85.0,80.0
BU19630650,Hoeksche Waard,130,0.0,30.0,45.0,10.0,10.0,20.0,5.0,5.0
BU19630699,Hoeksche Waard,185,30.0,45.0,30.0,10.0,15.0,25.0,15.0,15.0
BU19630700,Hoeksche Waard,675,25.0,85.0,135.0,30.0,85.0,130.0,110.0,75.0
BU19630750,Hoeksche Waard,130,0.0,35.0,45.0,5.0,20.0,15.0,5.0,5.0
BU19630799,Hoeksche Waard,325,70.0,50.0,55.0,15.0,20.0,75.0,30.0,15.0
BU19630800,Hoeksche Waard,355,15.0,70.0,70.0,20.0,40.0,55.0,50.0,35.0
BU19630899,Hoeksche Waard,125,25.0,20.0,15.0,5.0,20.0,25.0,10.0,10.0
BU19630900,Hoeksche Waard,810,10.0,110.0,165.0,55.0,100.0,170.0,115.0,80.0
BU19630950,Hoeksche Waard,210,0.0,35.0,85.0,25.0,10.0,35.0,10.0,10.0
BU19630999,Hoeksche Waard,305,50.0,25.0,40.0,15.0,55.0,80.0,15.0,20.0
BU19631000,Hoeksche Waard,370,15.0,65.0,75.0,20.0,45.0,75.0,50.0,30.0
BU19631099,Hoeksche Waard,145,35.0,10.0,20.0,15.0,10.0,35.0,10.0,10.0
BU19631100,Hoeksche Waard,140,5.0,45.0,20.0,10.0,10.0,25.0,10.0,15.0
BU19631199,Hoeksche Waard,75,20.0,10.0,10.0,5.0,5.0,10.0,10.0,5.0
BU19631200,Hoeksche Waard,145,0.0,30.0,25.0,10.0,10.0,20.0,25.0,20.0
BU19631299,Hoeksche Waard,40,20.0,5.0,0.0,0.0,5.0,5.0,5.0,0.0
BU19631300,Hoeksche Waard,365,10.0,75.0,60.0,10.0,50.0,85.0,35.0,35.0
BU19631399,Hoeksche Waard,75,20.0,10.0,10.0,5.0,10.0,10.0,5.0,5.0
BU17350000,Hof van Twente,395,5.0,40.0,105.0,15.0,30.0,75.0,75.0,45.0
BU17350001,Hof van Twente,65,0.0,10.0,15.0,5.0,5.0,15.0,5.0,10.0
BU17350002,Hof van Twente,45,0.0,5.0,5.0,0.0,0.0,15.0,10.0,5.0
BU17350003,Hof van Twente,95,0.0,20.0,10.0,0.0,10.0,25.0,20.0,10.0
BU17350004,Hof van Twente,50,0.0,5.0,15.0,5.0,5.0,10.0,10.0,10.0
BU17350005,Hof van Twente,85,0.0,20.0,10.0,10.0,10.0,15.0,15.0,15.0
BU17350006,Hof van Twente,50,0.0,0.0,10.0,0.0,10.0,15.0,10.0,5.0
BU17350007,Hof van Twente,70,0.0,25.0,20.0,5.0,5.0,10.0,5.0,0.0
BU17350008,Hof van Twente,15,,,,,,,,
BU17350009,Hof van Twente,5,,,,,,,,
BU17350100,Hof van Twente,60,0.0,5.0,10.0,5.0,0.0,10.0,15.0,10.0
BU17350101,Hof van Twente,125,0.0,15.0,25.0,10.0,5.0,25.0,20.0,25.0
BU17350102,Hof van Twente,45,0.0,15.0,25.0,0.0,0.0,0.0,0.0,0.0
BU17350109,Hof van Twente,165,5.0,40.0,50.0,5.0,15.0,25.0,10.0,5.0
BU17350200,Hof van Twente,400,15.0,50.0,85.0,20.0,35.0,85.0,65.0,50.0
BU17350206,Hof van Twente,100,45.0,5.0,15.0,5.0,5.0,15.0,5.0,10.0
BU17350207,Hof van Twente,130,50.0,15.0,15.0,5.0,15.0,20.0,10.0,5.0
BU17350208,Hof van Twente,65,20.0,10.0,10.0,0.0,5.0,15.0,5.0,0.0
BU17350209,Hof van Twente,220,50.0,30.0,40.0,5.0,15.0,40.0,15.0,20.0
BU17350309,Hof van Twente,50,20.0,10.0,5.0,0.0,5.0,5.0,5.0,5.0
BU17350407,Hof van Twente,100,35.0,10.0,10.0,0.0,15.0,20.0,10.0,0.0
BU17350408,Hof van Twente,20,,,,,,,,
BU17350409,Hof van Twente,5,,,,,,,,
BU17350500,Hof van Twente,145,5.0,15.0,30.0,5.0,10.0,35.0,20.0,30.0
BU17350501,Hof van Twente,75,5.0,5.0,15.0,5.0,10.0,15.0,15.0,15.0
BU17350508,Hof van Twente,65,30.0,10.0,0.0,0.0,5.0,5.0,5.0,5.0
BU17350509,Hof van Twente,115,35.0,5.0,15.0,5.0,10.0,20.0,10.0,5.0
BU17350600,Hof van Twente,105,0.0,10.0,50.0,5.0,15.0,10.0,10.0,5.0
BU17350601,Hof van Twente,30,0.0,0.0,5.0,0.0,10.0,5.0,5.0,0.0
BU17350602,Hof van Twente,30,0.0,0.0,5.0,0.0,5.0,10.0,5.0,0.0
BU17350603,Hof van Twente,75,0.0,5.0,15.0,0.0,10.0,15.0,20.0,5.0
BU17350604,Hof van Twente,85,0.0,5.0,30.0,0.0,10.0,15.0,10.0,10.0
BU17350605,Hof van Twente,75,5.0,10.0,5.0,5.0,10.0,15.0,10.0,10.0
BU17350606,Hof van Twente,60,0.0,5.0,10.0,0.0,5.0,15.0,20.0,5.0
BU17350607,Hof van Twente,70,0.0,5.0,15.0,5.0,5.0,15.0,10.0,10.0
BU17350608,Hof van Twente,40,0.0,5.0,5.0,0.0,5.0,10.0,10.0,5.0
BU17350609,Hof van Twente,235,0.0,25.0,30.0,15.0,30.0,45.0,60.0,30.0
BU17350700,Hof van Twente,85,0.0,25.0,30.0,0.0,5.0,10.0,10.0,5.0
BU17350709,Hof van Twente,20,,,,,,,,
BU17350800,Hof van Twente,220,5.0,55.0,35.0,10.0,25.0,40.0,25.0,25.0
BU17350805,Hof van Twente,115,40.0,30.0,15.0,5.0,5.0,15.0,5.0,5.0
BU17350806,Hof van Twente,50,15.0,5.0,5.0,0.0,5.0,15.0,5.0,5.0
BU17350807,Hof van Twente,90,20.0,10.0,20.0,0.0,10.0,10.0,5.0,10.0
BU17350808,Hof van Twente,50,15.0,5.0,10.0,0.0,5.0,10.0,5.0,0.0
BU17350809,Hof van Twente,100,45.0,10.0,10.0,0.0,5.0,10.0,5.0,10.0
BU17350900,Hof van Twente,105,5.0,30.0,10.0,5.0,10.0,20.0,10.0,15.0
BU17350908,Hof van Twente,120,60.0,15.0,10.0,5.0,5.0,15.0,10.0,5.0
BU17350909,Hof van Twente,205,80.0,30.0,30.0,5.0,20.0,20.0,10.0,15.0
BU19660101,Het Hogeland,65,35.0,0.0,10.0,5.0,0.0,5.0,5.0,5.0
BU19660102,Het Hogeland,65,0.0,10.0,15.0,10.0,5.0,10.0,5.0,10.0
BU19660103,Het Hogeland,120,5.0,20.0,20.0,10.0,10.0,15.0,15.0,25.0
BU19660104,Het Hogeland,125,25.0,20.0,25.0,10.0,5.0,10.0,15.0,15.0
BU19660105,Het Hogeland,20,,,,,,,,
BU19660106,Het Hogeland,20,,,,,,,,
BU19660201,Het Hogeland,90,40.0,5.0,10.0,5.0,0.0,15.0,10.0,5.0
BU19660202,Het Hogeland,140,0.0,20.0,35.0,10.0,5.0,25.0,25.0,20.0
BU19660203,Het Hogeland,60,0.0,10.0,10.0,5.0,0.0,10.0,10.0,5.0
BU19660204,Het Hogeland,5,,,,,,,,
BU19660205,Het Hogeland,35,0.0,5.0,5.0,5.0,0.0,5.0,5.0,15.0
BU19660206,Het Hogeland,10,,,,,,,,
BU19660207,Het Hogeland,20,,,,,,,,
BU19660301,Het Hogeland,75,50.0,0.0,5.0,0.0,0.0,5.0,5.0,5.0
BU19660302,Het Hogeland,20,,,,,,,,
BU19660303,Het Hogeland,40,5.0,10.0,5.0,10.0,0.0,5.0,5.0,5.0
BU19660304,Het Hogeland,55,0.0,10.0,5.0,0.0,0.0,15.0,15.0,10.0
BU19660305,Het Hogeland,20,,,,,,,,
BU19660401,Het Hogeland,75,40.0,10.0,5.0,0.0,5.0,5.0,5.0,5.0
BU19660402,Het Hogeland,60,0.0,5.0,10.0,5.0,5.0,15.0,10.0,15.0
BU19660403,Het Hogeland,125,10.0,15.0,30.0,5.0,5.0,20.0,25.0,20.0
BU19660404,Het Hogeland,25,5.0,0.0,5.0,0.0,0.0,10.0,5.0,0.0
BU19660501,Het Hogeland,55,25.0,5.0,5.0,0.0,5.0,5.0,5.0,5.0
BU19660502,Het Hogeland,65,0.0,15.0,10.0,5.0,5.0,15.0,10.0,5.0
BU19660503,Het Hogeland,95,5.0,15.0,15.0,5.0,0.0,25.0,15.0,15.0
BU19660601,Het Hogeland,70,35.0,5.0,5.0,0.0,5.0,15.0,5.0,5.0
BU19660602,Het Hogeland,170,5.0,15.0,35.0,10.0,15.0,40.0,35.0,20.0
BU19660603,Het Hogeland,100,5.0,15.0,5.0,10.0,5.0,25.0,25.0,10.0
BU19660604,Het Hogeland,75,0.0,15.0,10.0,5.0,5.0,20.0,20.0,5.0
BU19660605,Het Hogeland,135,5.0,10.0,15.0,10.0,15.0,40.0,30.0,10.0
BU19660606,Het Hogeland,160,0.0,30.0,45.0,15.0,5.0,30.0,20.0,15.0
BU19660701,Het Hogeland,70,30.0,5.0,10.0,5.0,0.0,10.0,5.0,5.0
BU19660702,Het Hogeland,155,5.0,25.0,25.0,10.0,10.0,25.0,30.0,30.0
BU19660703,Het Hogeland,15,,,,,,,,
BU19660704,Het Hogeland,70,5.0,15.0,10.0,5.0,0.0,15.0,5.0,15.0
BU19660801,Het Hogeland,70,25.0,5.0,10.0,5.0,5.0,10.0,5.0,5.0
BU19660802,Het Hogeland,110,40.0,15.0,10.0,0.0,0.0,15.0,10.0,10.0
BU19660803,Het Hogeland,105,5.0,15.0,15.0,10.0,5.0,20.0,30.0,10.0
BU19660804,Het Hogeland,20,,,,,,,,
BU19660805,Het Hogeland,155,5.0,30.0,35.0,10.0,10.0,30.0,20.0,15.0
BU19660806,Het Hogeland,80,0.0,20.0,10.0,10.0,5.0,15.0,15.0,5.0
BU19660807,Het Hogeland,100,0.0,10.0,10.0,10.0,10.0,25.0,20.0,15.0
BU19660808,Het Hogeland,150,0.0,15.0,30.0,10.0,15.0,25.0,40.0,15.0
BU19660809,Het Hogeland,190,5.0,25.0,20.0,10.0,30.0,40.0,35.0,20.0
BU19660810,Het Hogeland,50,5.0,5.0,5.0,0.0,5.0,15.0,5.0,10.0
BU19660901,Het Hogeland,50,25.0,5.0,5.0,0.0,5.0,0.0,5.0,5.0
BU19660902,Het Hogeland,160,5.0,25.0,20.0,10.0,0.0,35.0,25.0,35.0
BU19661001,Het Hogeland,120,55.0,15.0,5.0,0.0,5.0,20.0,15.0,5.0
BU19661002,Het Hogeland,65,0.0,15.0,5.0,5.0,0.0,10.0,15.0,10.0
BU19661003,Het Hogeland,55,0.0,10.0,5.0,0.0,5.0,10.0,10.0,10.0
BU19661101,Het Hogeland,40,20.0,5.0,5.0,5.0,5.0,0.0,0.0,0.0
BU19661102,Het Hogeland,130,15.0,15.0,15.0,10.0,10.0,15.0,30.0,25.0
BU19661201,Het Hogeland,70,35.0,10.0,5.0,5.0,5.0,5.0,5.0,5.0
BU19661202,Het Hogeland,30,0.0,5.0,5.0,0.0,0.0,5.0,5.0,5.0
BU19661203,Het Hogeland,80,0.0,15.0,20.0,5.0,5.0,5.0,15.0,10.0
BU19661204,Het Hogeland,165,0.0,30.0,50.0,5.0,15.0,25.0,20.0,25.0
BU19661205,Het Hogeland,115,5.0,30.0,15.0,5.0,5.0,15.0,20.0,15.0
BU19661301,Het Hogeland,140,65.0,25.0,10.0,5.0,5.0,15.0,5.0,10.0
BU19661302,Het Hogeland,75,5.0,15.0,10.0,10.0,10.0,10.0,5.0,10.0
BU19661303,Het Hogeland,135,10.0,25.0,20.0,10.0,5.0,25.0,20.0,20.0
BU19661304,Het Hogeland,105,15.0,30.0,20.0,0.0,10.0,15.0,5.0,15.0
BU19661305,Het Hogeland,20,,,,,,,,
BU19661401,Het Hogeland,45,0.0,10.0,10.0,15.0,5.0,5.0,0.0,0.0
BU19110101,Hollands Kroon,160,0.0,20.0,60.0,5.0,10.0,30.0,20.0,15.0
BU19110102,Hollands Kroon,70,5.0,15.0,10.0,0.0,5.0,15.0,10.0,10.0
BU19110103,Hollands Kroon,40,0.0,10.0,10.0,0.0,5.0,5.0,5.0,5.0
BU19110104,Hollands Kroon,65,5.0,5.0,10.0,5.0,5.0,15.0,10.0,5.0
BU19110105,Hollands Kroon,35,0.0,5.0,5.0,5.0,0.0,5.0,5.0,10.0
BU19110106,Hollands Kroon,70,0.0,15.0,10.0,5.0,5.0,15.0,15.0,5.0
BU19110107,Hollands Kroon,35,0.0,5.0,0.0,5.0,5.0,10.0,5.0,0.0
BU19110108,Hollands Kroon,45,0.0,5.0,5.0,0.0,0.0,5.0,20.0,0.0
BU19110180,Hollands Kroon,80,0.0,25.0,20.0,5.0,5.0,15.0,0.0,5.0
BU19110190,Hollands Kroon,100,35.0,10.0,10.0,0.0,10.0,15.0,5.0,10.0
BU19110191,Hollands Kroon,75,20.0,15.0,10.0,5.0,5.0,10.0,5.0,5.0
BU19110201,Hollands Kroon,220,10.0,45.0,35.0,10.0,20.0,30.0,40.0,25.0
BU19110202,Hollands Kroon,55,15.0,10.0,5.0,0.0,10.0,10.0,5.0,5.0
BU19110290,Hollands Kroon,265,75.0,30.0,40.0,5.0,35.0,40.0,20.0,15.0
BU19110301,Hollands Kroon,180,10.0,60.0,25.0,10.0,10.0,30.0,25.0,15.0
BU19110302,Hollands Kroon,15,,,,,,,,
BU19110390,Hollands Kroon,100,35.0,25.0,10.0,0.0,5.0,10.0,5.0,10.0
BU19110401,Hollands Kroon,90,5.0,25.0,15.0,0.0,10.0,15.0,10.0,10.0
BU19110402,Hollands Kroon,15,,,,,,,,
BU19110490,Hollands Kroon,25,5.0,5.0,5.0,0.0,0.0,5.0,0.0,5.0
BU19110501,Hollands Kroon,175,5.0,40.0,35.0,10.0,15.0,25.0,20.0,20.0
BU19110502,Hollands Kroon,190,5.0,50.0,40.0,15.0,15.0,30.0,25.0,15.0
BU19110503,Hollands Kroon,165,15.0,40.0,10.0,5.0,15.0,35.0,20.0,25.0
BU19110504,Hollands Kroon,25,0.0,5.0,0.0,0.0,5.0,5.0,0.0,5.0
BU19110590,Hollands Kroon,70,20.0,15.0,5.0,0.0,5.0,10.0,5.0,5.0
BU19110601,Hollands Kroon,300,55.0,55.0,50.0,15.0,25.0,35.0,25.0,35.0
BU19110602,Hollands Kroon,25,5.0,5.0,5.0,0.0,0.0,5.0,0.0,0.0
BU19110690,Hollands Kroon,25,5.0,5.0,5.0,0.0,0.0,5.0,5.0,0.0
BU19110701,Hollands Kroon,195,10.0,30.0,55.0,5.0,5.0,25.0,45.0,25.0
BU19110702,Hollands Kroon,40,5.0,10.0,5.0,5.0,5.0,10.0,10.0,0.0
BU19110703,Hollands Kroon,70,0.0,20.0,5.0,0.0,5.0,15.0,15.0,10.0
BU19110704,Hollands Kroon,60,0.0,15.0,10.0,5.0,0.0,10.0,10.0,10.0
BU19110705,Hollands Kroon,90,5.0,20.0,10.0,0.0,10.0,15.0,10.0,10.0
BU19110780,Hollands Kroon,110,5.0,30.0,40.0,5.0,15.0,10.0,0.0,0.0
BU19110790,Hollands Kroon,235,135.0,25.0,15.0,5.0,20.0,15.0,10.0,10.0
BU19110801,Hollands Kroon,55,0.0,25.0,5.0,5.0,5.0,10.0,5.0,0.0
BU19110901,Hollands Kroon,135,15.0,35.0,20.0,10.0,10.0,15.0,20.0,10.0
BU19110990,Hollands Kroon,230,110.0,45.0,5.0,5.0,15.0,25.0,15.0,10.0
BU19111001,Hollands Kroon,175,5.0,40.0,30.0,10.0,10.0,30.0,30.0,20.0
BU19111002,Hollands Kroon,125,10.0,25.0,15.0,10.0,5.0,20.0,15.0,20.0
BU19111080,Hollands Kroon,95,30.0,25.0,15.0,5.0,15.0,10.0,0.0,0.0
BU19111081,Hollands Kroon,75,0.0,25.0,30.0,5.0,5.0,5.0,5.0,0.0
BU19111090,Hollands Kroon,190,100.0,25.0,10.0,5.0,5.0,20.0,10.0,15.0
BU19111101,Hollands Kroon,100,5.0,30.0,15.0,5.0,10.0,15.0,20.0,10.0
BU19111190,Hollands Kroon,30,5.0,5.0,10.0,0.0,5.0,5.0,0.0,0.0
BU19111201,Hollands Kroon,90,5.0,25.0,10.0,5.0,10.0,20.0,10.0,10.0
BU19111290,Hollands Kroon,65,15.0,15.0,5.0,5.0,5.0,10.0,10.0,5.0
BU19111301,Hollands Kroon,20,,,,,,,,
BU19111390,Hollands Kroon,15,,,,,,,,
BU19111401,Hollands Kroon,55,0.0,20.0,15.0,0.0,0.0,10.0,5.0,5.0
BU19111490,Hollands Kroon,65,20.0,10.0,5.0,5.0,10.0,5.0,10.0,0.0
BU19111501,Hollands Kroon,105,5.0,30.0,20.0,5.0,10.0,20.0,5.0,15.0
BU19111502,Hollands Kroon,55,0.0,10.0,10.0,0.0,0.0,10.0,10.0,5.0
BU19111503,Hollands Kroon,50,5.0,15.0,10.0,5.0,0.0,10.0,5.0,5.0
BU19111504,Hollands Kroon,80,0.0,15.0,5.0,5.0,5.0,30.0,10.0,10.0
BU19111580,Hollands Kroon,160,0.0,45.0,50.0,15.0,5.0,20.0,5.0,15.0
BU19111590,Hollands Kroon,60,15.0,10.0,5.0,5.0,0.0,10.0,5.0,10.0
BU19111601,Hollands Kroon,300,10.0,60.0,50.0,20.0,25.0,60.0,50.0,25.0
BU19111602,Hollands Kroon,95,0.0,20.0,10.0,0.0,5.0,20.0,20.0,10.0
BU19111690,Hollands Kroon,110,30.0,20.0,10.0,0.0,5.0,25.0,10.0,10.0
BU19111701,Hollands Kroon,200,5.0,70.0,25.0,5.0,15.0,30.0,25.0,20.0
BU19111702,Hollands Kroon,5,,,,,,,,
BU19111790,Hollands Kroon,80,30.0,10.0,5.0,5.0,10.0,10.0,5.0,5.0
BU19111801,Hollands Kroon,60,0.0,10.0,10.0,0.0,10.0,10.0,5.0,10.0
BU19111890,Hollands Kroon,25,5.0,5.0,0.0,0.0,0.0,5.0,5.0,0.0
BU19111901,Hollands Kroon,40,5.0,5.0,0.0,5.0,0.0,15.0,0.0,5.0
BU19111990,Hollands Kroon,45,10.0,5.0,10.0,0.0,10.0,5.0,0.0,5.0
BU01185000,Hoogeveen,380,0.0,15.0,200.0,15.0,35.0,35.0,40.0,40.0
BU01185001,Hoogeveen,190,0.0,20.0,40.0,5.0,25.0,45.0,40.0,20.0
BU01185002,Hoogeveen,90,0.0,10.0,15.0,5.0,5.0,20.0,25.0,15.0
BU01185003,Hoogeveen,225,0.0,35.0,50.0,20.0,10.0,35.0,50.0,25.0
BU01185004,Hoogeveen,205,0.0,35.0,50.0,15.0,0.0,30.0,45.0,20.0
BU01185005,Hoogeveen,340,0.0,65.0,80.0,20.0,15.0,45.0,60.0,50.0
BU01185006,Hoogeveen,145,0.0,15.0,40.0,0.0,25.0,20.0,25.0,15.0
BU01185007,Hoogeveen,175,0.0,25.0,40.0,5.0,20.0,35.0,35.0,20.0
BU01185008,Hoogeveen,205,0.0,45.0,45.0,10.0,10.0,30.0,40.0,25.0
BU01185100,Hoogeveen,80,0.0,15.0,20.0,5.0,5.0,15.0,15.0,5.0
BU01185101,Hoogeveen,100,0.0,5.0,15.0,10.0,20.0,35.0,10.0,5.0
BU01185102,Hoogeveen,30,0.0,0.0,0.0,0.0,0.0,0.0,25.0,0.0
BU01185103,Hoogeveen,100,0.0,10.0,15.0,10.0,5.0,20.0,25.0,15.0
BU01185104,Hoogeveen,55,0.0,5.0,10.0,5.0,0.0,15.0,10.0,5.0
BU01185105,Hoogeveen,110,0.0,0.0,10.0,10.0,10.0,35.0,30.0,10.0
BU01185106,Hoogeveen,75,0.0,10.0,10.0,5.0,5.0,15.0,15.0,10.0
BU01185107,Hoogeveen,50,0.0,10.0,10.0,5.0,0.0,5.0,5.0,15.0
BU01185108,Hoogeveen,125,0.0,10.0,15.0,10.0,10.0,35.0,40.0,10.0
BU01185109,Hoogeveen,245,0.0,25.0,30.0,15.0,30.0,60.0,55.0,25.0
BU01185200,Hoogeveen,50,0.0,5.0,10.0,5.0,5.0,10.0,10.0,5.0
BU01185201,Hoogeveen,30,10.0,5.0,5.0,0.0,0.0,0.0,0.0,0.0
BU01185300,Hoogeveen,125,0.0,30.0,30.0,10.0,5.0,15.0,15.0,20.0
BU01185301,Hoogeveen,25,5.0,5.0,5.0,0.0,0.0,5.0,5.0,0.0
BU01185302,Hoogeveen,95,15.0,20.0,15.0,5.0,5.0,10.0,10.0,10.0
BU01185400,Hoogeveen,300,0.0,85.0,85.0,5.0,15.0,35.0,40.0,30.0
BU01185401,Hoogeveen,65,20.0,10.0,10.0,0.0,5.0,5.0,5.0,0.0
BU01185402,Hoogeveen,105,5.0,25.0,25.0,5.0,15.0,10.0,5.0,15.0
BU01185500,Hoogeveen,145,0.0,40.0,25.0,5.0,10.0,25.0,25.0,15.0
BU01185501,Hoogeveen,75,10.0,15.0,15.0,5.0,5.0,10.0,10.0,0.0
BU01185600,Hoogeveen,130,15.0,25.0,30.0,5.0,5.0,15.0,20.0,15.0
BU01185601,Hoogeveen,15,,,,,,,,
BU01185700,Hoogeveen,75,10.0,15.0,15.0,0.0,0.0,10.0,10.0,10.0
BU01185701,Hoogeveen,70,10.0,20.0,10.0,0.0,5.0,10.0,10.0,5.0
BU01185800,Hoogeveen,35,0.0,10.0,10.0,0.0,0.0,5.0,5.0,5.0
BU01185801,Hoogeveen,75,20.0,10.0,15.0,0.0,5.0,15.0,5.0,5.0
BU01185900,Hoogeveen,30,5.0,5.0,5.0,0.0,0.0,0.0,10.0,5.0
BU01185901,Hoogeveen,65,10.0,10.0,10.0,0.0,5.0,10.0,10.0,5.0
BU01186000,Hoogeveen,100,10.0,20.0,15.0,5.0,5.0,20.0,15.0,10.0
BU01186001,Hoogeveen,100,30.0,10.0,15.0,5.0,10.0,10.0,10.0,10.0
BU01186002,Hoogeveen,30,10.0,0.0,5.0,0.0,5.0,5.0,0.0,5.0
BU01186003,Hoogeveen,40,5.0,5.0,10.0,0.0,10.0,5.0,5.0,0.0
BU01186100,Hoogeveen,85,5.0,30.0,25.0,5.0,5.0,10.0,5.0,5.0
BU01186201,Hoogeveen,15,,,,,,,,
BU01186202,Hoogeveen,300,0.0,75.0,115.0,20.0,20.0,50.0,10.0,5.0
BU01186203,Hoogeveen,280,0.0,65.0,115.0,20.0,20.0,40.0,10.0,10.0
BU01186204,Hoogeveen,180,0.0,30.0,65.0,10.0,30.0,30.0,10.0,5.0
BU01186205,Hoogeveen,30,10.0,5.0,5.0,0.0,0.0,5.0,5.0,0.0
BU01186206,Hoogeveen,25,5.0,0.0,5.0,0.0,5.0,5.0,0.0,0.0
BU04051000,Hoorn,105,0.0,10.0,10.0,10.0,15.0,30.0,20.0,10.0
BU04051001,Hoorn,495,0.0,55.0,90.0,35.0,65.0,125.0,60.0,65.0
BU04051002,Hoorn,510,0.0,40.0,205.0,20.0,35.0,65.0,55.0,90.0
BU04051003,Hoorn,285,0.0,15.0,115.0,10.0,30.0,45.0,25.0,50.0
BU04051100,Hoorn,10,,,,,,,,
BU04051101,Hoorn,35,0.0,0.0,5.0,5.0,5.0,15.0,5.0,0.0
BU04051102,Hoorn,195,5.0,40.0,20.0,15.0,15.0,45.0,25.0,25.0
BU04051103,Hoorn,100,0.0,5.0,5.0,5.0,10.0,15.0,40.0,15.0
BU04051200,Hoorn,150,0.0,30.0,15.0,5.0,15.0,25.0,45.0,20.0
BU04051201,Hoorn,180,0.0,40.0,20.0,15.0,10.0,35.0,40.0,20.0
BU04051202,Hoorn,175,0.0,35.0,15.0,10.0,15.0,40.0,40.0,25.0
BU04051203,Hoorn,110,0.0,5.0,15.0,5.0,15.0,20.0,45.0,5.0
BU04051204,Hoorn,35,0.0,5.0,5.0,0.0,0.0,5.0,15.0,5.0
BU04051300,Hoorn,85,0.0,20.0,10.0,10.0,10.0,15.0,15.0,5.0
BU04051301,Hoorn,115,0.0,40.0,15.0,10.0,0.0,15.0,25.0,5.0
BU04051302,Hoorn,0,,,,,,,,
BU04051303,Hoorn,60,0.0,25.0,10.0,5.0,0.0,10.0,10.0,5.0
BU04051304,Hoorn,65,0.0,10.0,20.0,5.0,0.0,10.0,15.0,10.0
BU04051305,Hoorn,70,0.0,15.0,10.0,5.0,5.0,20.0,10.0,5.0
BU04051306,Hoorn,50,0.0,10.0,5.0,5.0,0.0,15.0,5.0,5.0
BU04051307,Hoorn,185,0.0,65.0,20.0,15.0,5.0,35.0,35.0,15.0
BU04051308,Hoorn,10,,,,,,,,
BU04052000,Hoorn,50,0.0,5.0,5.0,5.0,5.0,20.0,5.0,5.0
BU04052001,Hoorn,85,0.0,5.0,30.0,5.0,10.0,25.0,5.0,5.0
BU04052002,Hoorn,65,0.0,15.0,5.0,5.0,5.0,15.0,10.0,10.0
BU04052003,Hoorn,35,0.0,5.0,5.0,0.0,0.0,5.0,5.0,5.0
BU04052004,Hoorn,110,0.0,20.0,15.0,5.0,5.0,20.0,40.0,10.0
BU04052005,Hoorn,65,0.0,20.0,5.0,5.0,5.0,10.0,10.0,10.0
BU04052006,Hoorn,165,0.0,30.0,15.0,10.0,15.0,40.0,35.0,20.0
BU04052007,Hoorn,180,0.0,40.0,40.0,10.0,0.0,25.0,45.0,20.0
BU04052008,Hoorn,90,0.0,15.0,15.0,10.0,5.0,20.0,15.0,15.0
BU04052100,Hoorn,170,0.0,50.0,25.0,10.0,0.0,35.0,25.0,20.0
BU04052101,Hoorn,75,0.0,10.0,5.0,5.0,10.0,20.0,20.0,5.0
BU04052102,Hoorn,30,0.0,5.0,10.0,0.0,0.0,5.0,5.0,5.0
BU04052103,Hoorn,145,0.0,35.0,20.0,10.0,5.0,25.0,35.0,20.0
BU04052104,Hoorn,135,0.0,40.0,20.0,10.0,5.0,20.0,25.0,20.0
BU04052105,Hoorn,55,0.0,25.0,5.0,5.0,0.0,5.0,5.0,5.0
BU04052200,Hoorn,125,0.0,10.0,15.0,10.0,15.0,40.0,20.0,15.0
BU04052201,Hoorn,125,0.0,15.0,5.0,5.0,10.0,40.0,50.0,0.0
BU04053000,Hoorn,125,0.0,20.0,40.0,5.0,5.0,20.0,15.0,20.0
BU04053001,Hoorn,180,0.0,35.0,20.0,15.0,20.0,30.0,35.0,25.0
BU04053002,Hoorn,75,0.0,20.0,10.0,5.0,0.0,15.0,10.0,10.0
BU04053004,Hoorn,225,0.0,50.0,80.0,15.0,20.0,45.0,10.0,10.0
BU04053005,Hoorn,190,0.0,50.0,55.0,10.0,10.0,35.0,15.0,10.0
BU04053006,Hoorn,65,5.0,15.0,25.0,5.0,5.0,5.0,0.0,5.0
BU04053100,Hoorn,15,,,,,,,,
BU04053101,Hoorn,30,0.0,5.0,5.0,0.0,5.0,10.0,0.0,0.0
BU04053102,Hoorn,40,0.0,0.0,5.0,5.0,10.0,15.0,0.0,5.0
BU04053103,Hoorn,70,0.0,15.0,5.0,5.0,5.0,10.0,15.0,10.0
BU04053104,Hoorn,195,0.0,45.0,30.0,5.0,15.0,45.0,35.0,20.0
BU04053200,Hoorn,80,0.0,15.0,10.0,5.0,10.0,15.0,20.0,5.0
BU04053201,Hoorn,115,0.0,40.0,25.0,5.0,0.0,15.0,15.0,15.0
BU04053202,Hoorn,40,0.0,15.0,10.0,5.0,0.0,5.0,5.0,5.0
BU04053203,Hoorn,60,0.0,15.0,5.0,5.0,0.0,5.0,15.0,15.0
BU04053300,Hoorn,95,0.0,30.0,10.0,10.0,5.0,15.0,15.0,10.0
BU04053301,Hoorn,85,0.0,10.0,30.0,5.0,0.0,5.0,20.0,10.0
BU04053302,Hoorn,55,0.0,15.0,10.0,5.0,0.0,5.0,10.0,5.0
BU04053303,Hoorn,170,0.0,30.0,15.0,15.0,10.0,35.0,40.0,25.0
BU04053304,Hoorn,160,0.0,30.0,25.0,15.0,10.0,35.0,25.0,20.0
BU04053305,Hoorn,170,0.0,45.0,20.0,15.0,10.0,40.0,25.0,10.0
BU04053306,Hoorn,440,0.0,65.0,50.0,45.0,35.0,115.0,80.0,45.0
BU04053307,Hoorn,200,0.0,25.0,20.0,20.0,10.0,60.0,45.0,15.0
BU04053308,Hoorn,100,0.0,15.0,10.0,10.0,5.0,30.0,20.0,10.0
BU04053309,Hoorn,45,0.0,20.0,10.0,5.0,0.0,5.0,0.0,5.0
BU04053400,Hoorn,15,,,,,,,,
BU04053401,Hoorn,155,0.0,40.0,50.0,15.0,10.0,30.0,5.0,5.0
BU04053402,Hoorn,80,0.0,20.0,20.0,5.0,10.0,20.0,0.0,0.0
BU04053501,Hoorn,150,0.0,25.0,10.0,15.0,15.0,45.0,20.0,15.0
BU04053502,Hoorn,185,0.0,40.0,25.0,15.0,20.0,30.0,40.0,15.0
BU04053503,Hoorn,170,0.0,25.0,15.0,15.0,15.0,45.0,35.0,15.0
BU04053504,Hoorn,135,0.0,20.0,20.0,10.0,15.0,35.0,35.0,5.0
BU04053505,Hoorn,10,,,,,,,,
BU04053506,Hoorn,25,0.0,5.0,5.0,0.0,0.0,5.0,5.0,0.0
BU04053600,Hoorn,55,0.0,15.0,25.0,5.0,5.0,5.0,0.0,0.0
BU15070000,Horst aan de Maas,55,0.0,10.0,10.0,0.0,5.0,10.0,10.0,5.0
BU15070009,Horst aan de Maas,10,,,,,,,,
BU15070100,Horst aan de Maas,75,5.0,10.0,10.0,0.0,5.0,5.0,15.0,20.0
BU15070101,Horst aan de Maas,0,,,,,,,,
BU15070102,Horst aan de Maas,5,,,,,,,,
BU15070109,Horst aan de Maas,165,65.0,25.0,20.0,5.0,15.0,20.0,5.0,10.0
BU15070200,Horst aan de Maas,50,0.0,5.0,15.0,0.0,5.0,5.0,10.0,10.0
BU15070209,Horst aan de Maas,160,45.0,15.0,20.0,5.0,10.0,25.0,15.0,15.0
BU15070300,Horst aan de Maas,65,5.0,5.0,10.0,0.0,5.0,15.0,15.0,10.0
BU15070309,Horst aan de Maas,140,30.0,20.0,15.0,5.0,10.0,25.0,25.0,15.0
BU15070400,Horst aan de Maas,265,5.0,20.0,85.0,10.0,30.0,40.0,40.0,35.0
BU15070401,Horst aan de Maas,205,5.0,20.0,30.0,10.0,15.0,45.0,55.0,25.0
BU15070402,Horst aan de Maas,35,0.0,5.0,5.0,0.0,0.0,5.0,10.0,5.0
BU15070403,Horst aan de Maas,45,0.0,5.0,10.0,5.0,5.0,10.0,0.0,10.0
BU15070404,Horst aan de Maas,70,0.0,10.0,10.0,0.0,5.0,15.0,15.0,15.0
BU15070405,Horst aan de Maas,35,0.0,5.0,5.0,0.0,5.0,5.0,10.0,5.0
BU15070406,Horst aan de Maas,40,0.0,5.0,5.0,0.0,5.0,10.0,10.0,5.0
BU15070407,Horst aan de Maas,110,0.0,10.0,20.0,5.0,10.0,20.0,25.0,20.0
BU15070408,Horst aan de Maas,85,0.0,10.0,10.0,5.0,5.0,20.0,15.0,15.0
BU15070409,Horst aan de Maas,180,5.0,15.0,15.0,10.0,25.0,50.0,45.0,15.0
BU15070410,Horst aan de Maas,110,0.0,35.0,25.0,10.0,10.0,20.0,5.0,10.0
BU15070419,Horst aan de Maas,275,50.0,35.0,55.0,5.0,35.0,30.0,35.0,30.0
BU15070500,Horst aan de Maas,95,0.0,15.0,10.0,5.0,15.0,20.0,15.0,15.0
BU15070509,Horst aan de Maas,165,40.0,15.0,30.0,5.0,20.0,25.0,15.0,15.0
BU15070600,Horst aan de Maas,75,0.0,20.0,15.0,0.0,5.0,15.0,15.0,5.0
BU15070609,Horst aan de Maas,30,10.0,5.0,5.0,5.0,5.0,5.0,0.0,0.0
BU15070700,Horst aan de Maas,110,15.0,20.0,15.0,5.0,10.0,20.0,15.0,15.0
BU15070709,Horst aan de Maas,200,55.0,15.0,30.0,5.0,20.0,25.0,25.0,15.0
BU15070800,Horst aan de Maas,135,0.0,20.0,20.0,10.0,10.0,20.0,30.0,20.0
BU15070801,Horst aan de Maas,75,0.0,15.0,20.0,5.0,5.0,20.0,5.0,5.0
BU15070802,Horst aan de Maas,50,0.0,10.0,5.0,5.0,10.0,10.0,5.0,10.0
BU15070803,Horst aan de Maas,75,0.0,5.0,5.0,10.0,10.0,15.0,15.0,10.0
BU15070804,Horst aan de Maas,65,0.0,10.0,10.0,5.0,5.0,15.0,15.0,10.0
BU15070809,Horst aan de Maas,120,40.0,15.0,20.0,5.0,10.0,10.0,10.0,10.0
BU15070900,Horst aan de Maas,80,5.0,10.0,15.0,0.0,5.0,15.0,15.0,15.0
BU15070909,Horst aan de Maas,25,10.0,0.0,5.0,0.0,5.0,5.0,0.0,0.0
BU15071000,Horst aan de Maas,385,15.0,45.0,65.0,15.0,25.0,75.0,75.0,65.0
BU15071001,Horst aan de Maas,20,,,,,,,,
BU15071009,Horst aan de Maas,345,85.0,50.0,65.0,15.0,25.0,40.0,35.0,30.0
BU15071100,Horst aan de Maas,40,0.0,5.0,5.0,5.0,0.0,10.0,5.0,5.0
BU15071109,Horst aan de Maas,85,25.0,15.0,5.0,0.0,5.0,20.0,10.0,5.0
BU15071200,Horst aan de Maas,5,,,,,,,,
BU15071209,Horst aan de Maas,60,25.0,0.0,10.0,5.0,5.0,5.0,5.0,5.0
BU15071300,Horst aan de Maas,150,5.0,20.0,20.0,5.0,10.0,30.0,45.0,20.0
BU15071309,Horst aan de Maas,70,30.0,10.0,5.0,0.0,0.0,10.0,5.0,5.0
BU15071400,Horst aan de Maas,90,0.0,25.0,15.0,5.0,5.0,15.0,20.0,10.0
BU15071409,Horst aan de Maas,45,5.0,10.0,10.0,0.0,5.0,5.0,0.0,5.0
BU15071500,Horst aan de Maas,85,5.0,10.0,15.0,5.0,10.0,10.0,20.0,10.0
BU15071509,Horst aan de Maas,90,25.0,20.0,10.0,0.0,5.0,10.0,5.0,10.0
BU03211010,Houten,355,0.0,30.0,45.0,20.0,60.0,95.0,70.0,35.0
BU03211011,Houten,110,0.0,10.0,5.0,10.0,10.0,35.0,30.0,10.0
BU03211012,Houten,80,0.0,5.0,5.0,5.0,5.0,20.0,25.0,15.0
BU03211013,Houten,145,0.0,5.0,10.0,10.0,20.0,50.0,35.0,15.0
BU03211014,Houten,180,0.0,20.0,15.0,15.0,10.0,65.0,40.0,20.0
BU03211015,Houten,145,0.0,10.0,15.0,10.0,15.0,55.0,25.0,10.0
BU03211016,Houten,130,0.0,10.0,10.0,10.0,10.0,45.0,25.0,20.0
BU03211017,Houten,130,0.0,10.0,5.0,20.0,15.0,35.0,25.0,15.0
BU03211018,Houten,115,0.0,5.0,5.0,10.0,15.0,45.0,30.0,10.0
BU03211019,Houten,165,0.0,15.0,15.0,15.0,10.0,60.0,35.0,20.0
BU03211050,Houten,0,,,,,,,,
BU03211120,Houten,45,0.0,0.0,5.0,5.0,5.0,5.0,15.0,10.0
BU03211121,Houten,195,0.0,10.0,95.0,20.0,5.0,20.0,20.0,20.0
BU03211122,Houten,260,0.0,20.0,20.0,35.0,15.0,70.0,70.0,30.0
BU03211123,Houten,70,0.0,5.0,5.0,5.0,0.0,25.0,20.0,10.0
BU03211124,Houten,115,0.0,15.0,15.0,10.0,5.0,30.0,35.0,5.0
BU03211125,Houten,165,0.0,15.0,15.0,20.0,10.0,50.0,40.0,25.0
BU03211126,Houten,100,0.0,10.0,10.0,5.0,5.0,30.0,25.0,15.0
BU03211127,Houten,60,0.0,5.0,5.0,5.0,5.0,20.0,10.0,10.0
BU03211128,Houten,75,0.0,0.0,0.0,10.0,10.0,25.0,20.0,10.0
BU03211129,Houten,90,0.0,5.0,5.0,10.0,5.0,25.0,25.0,10.0
BU03211151,Houten,0,,,,,,,,
BU03211230,Houten,135,0.0,10.0,10.0,20.0,10.0,45.0,20.0,15.0
BU03211231,Houten,200,0.0,25.0,15.0,10.0,15.0,60.0,55.0,20.0
BU03211232,Houten,200,0.0,15.0,15.0,5.0,30.0,80.0,35.0,15.0
BU03211233,Houten,125,0.0,0.0,10.0,10.0,10.0,50.0,30.0,10.0
BU03211234,Houten,135,0.0,10.0,20.0,15.0,10.0,35.0,30.0,10.0
BU03211235,Houten,205,0.0,15.0,20.0,25.0,10.0,70.0,45.0,20.0
BU03211236,Houten,75,0.0,10.0,20.0,10.0,0.0,15.0,10.0,10.0
BU03211237,Houten,95,0.0,15.0,10.0,5.0,5.0,25.0,20.0,15.0
BU03211238,Houten,170,0.0,20.0,45.0,20.0,20.0,35.0,5.0,25.0
BU03211252,Houten,0,,,,,,,,
BU03211340,Houten,120,0.0,10.0,10.0,10.0,10.0,40.0,25.0,15.0
BU03211341,Houten,195,0.0,10.0,10.0,10.0,20.0,85.0,45.0,10.0
BU03211342,Houten,185,0.0,10.0,25.0,15.0,15.0,55.0,50.0,15.0
BU03211343,Houten,200,0.0,15.0,20.0,20.0,20.0,65.0,40.0,15.0
BU03211344,Houten,250,0.0,25.0,20.0,30.0,15.0,85.0,55.0,20.0
BU03211345,Houten,125,0.0,15.0,10.0,10.0,10.0,45.0,30.0,5.0
BU03211352,Houten,0,,,,,,,,
BU03212054,Houten,0,,,,,,,,
BU03212055,Houten,155,0.0,20.0,40.0,10.0,15.0,55.0,10.0,10.0
BU03212056,Houten,140,0.0,20.0,45.0,10.0,15.0,35.0,5.0,15.0
BU03212057,Houten,75,0.0,15.0,35.0,10.0,5.0,15.0,0.0,5.0
BU03212058,Houten,170,0.0,35.0,55.0,20.0,25.0,30.0,5.0,5.0
BU03212059,Houten,5,,,,,,,,
BU03212060,Houten,5,,,,,,,,
BU03212061,Houten,40,0.0,5.0,5.0,5.0,5.0,0.0,10.0,5.0
BU03212062,Houten,40,0.0,0.0,0.0,0.0,0.0,0.0,15.0,15.0
BU03212063,Houten,10,,,,,,,,
BU03212064,Houten,95,10.0,10.0,15.0,5.0,15.0,15.0,5.0,15.0
BU03212065,Houten,25,5.0,0.0,5.0,0.0,0.0,10.0,0.0,0.0
BU03213070,Houten,45,5.0,5.0,5.0,0.0,0.0,15.0,10.0,5.0
BU03213071,Houten,20,,,,,,,,
BU03213172,Houten,75,20.0,5.0,15.0,10.0,5.0,5.0,5.0,5.0
BU03214080,Houten,80,10.0,15.0,10.0,5.0,10.0,20.0,5.0,5.0
BU03214081,Houten,15,,,,,,,,
BU03214182,Houten,20,,,,,,,,
BU03215090,Houten,105,5.0,15.0,10.0,5.0,10.0,30.0,20.0,15.0
BU03215091,Houten,95,15.0,20.0,15.0,5.0,15.0,15.0,5.0,5.0
BU03215192,Houten,110,35.0,10.0,10.0,5.0,15.0,20.0,5.0,10.0
BU03215193,Houten,40,15.0,5.0,5.0,0.0,5.0,10.0,5.0,0.0
BU04060001,Huizen,735,5.0,80.0,150.0,50.0,70.0,210.0,95.0,80.0
BU04060002,Huizen,410,0.0,65.0,60.0,25.0,60.0,85.0,65.0,50.0
BU04060103,Huizen,375,5.0,35.0,35.0,35.0,45.0,110.0,70.0,35.0
BU04060204,Huizen,70,0.0,0.0,10.0,5.0,20.0,25.0,5.0,5.0
BU04060205,Huizen,70,0.0,5.0,5.0,5.0,15.0,35.0,5.0,5.0
BU04060206,Huizen,95,0.0,5.0,10.0,5.0,20.0,30.0,15.0,10.0
BU04060307,Huizen,15,,,,,,,,
BU04060308,Huizen,40,0.0,0.0,5.0,0.0,15.0,15.0,5.0,5.0
BU04060327,Huizen,5,,,,,,,,
BU04060328,Huizen,5,,,,,,,,
BU04060329,Huizen,10,,,,,,,,
BU04060330,Huizen,25,0.0,0.0,0.0,0.0,5.0,10.0,5.0,5.0
BU04060409,Huizen,120,0.0,5.0,5.0,15.0,30.0,45.0,10.0,10.0
BU04060410,Huizen,300,0.0,30.0,25.0,10.0,75.0,95.0,45.0,20.0
BU04060511,Huizen,110,0.0,10.0,15.0,5.0,15.0,40.0,15.0,10.0
BU04060512,Huizen,45,0.0,5.0,5.0,5.0,5.0,5.0,10.0,10.0
BU04060513,Huizen,445,0.0,80.0,140.0,40.0,40.0,85.0,40.0,20.0
BU04060614,Huizen,245,0.0,45.0,30.0,25.0,15.0,55.0,50.0,25.0
BU04060615,Huizen,100,0.0,15.0,15.0,5.0,10.0,25.0,15.0,15.0
BU04060716,Huizen,435,0.0,75.0,45.0,40.0,25.0,125.0,80.0,45.0
BU04060817,Huizen,370,0.0,65.0,50.0,25.0,10.0,115.0,80.0,25.0
BU04060818,Huizen,255,0.0,35.0,40.0,25.0,10.0,65.0,55.0,25.0
BU04060919,Huizen,305,0.0,50.0,40.0,30.0,20.0,85.0,50.0,25.0
BU04061020,Huizen,125,0.0,15.0,10.0,10.0,5.0,30.0,30.0,20.0
BU04061021,Huizen,45,0.0,5.0,5.0,0.0,5.0,15.0,10.0,5.0
BU04061123,Huizen,300,0.0,45.0,40.0,20.0,15.0,85.0,65.0,30.0
BU04061124,Huizen,170,0.0,25.0,35.0,15.0,10.0,25.0,30.0,30.0
BU04061125,Huizen,100,0.0,20.0,10.0,10.0,0.0,25.0,20.0,20.0
BU04061226,Huizen,245,0.0,25.0,20.0,25.0,35.0,75.0,45.0,20.0
BU04061231,Huizen,55,0.0,0.0,0.0,5.0,10.0,20.0,15.0,0.0
BU06770101,Hulst,295,0.0,30.0,110.0,10.0,25.0,55.0,35.0,35.0
BU06770102,Hulst,70,0.0,15.0,10.0,5.0,5.0,5.0,15.0,10.0
BU06770103,Hulst,75,5.0,5.0,10.0,5.0,0.0,10.0,25.0,10.0
BU06770104,Hulst,65,0.0,10.0,5.0,5.0,5.0,5.0,25.0,5.0
BU06770105,Hulst,65,0.0,5.0,5.0,0.0,5.0,15.0,15.0,15.0
BU06770106,Hulst,105,0.0,5.0,10.0,5.0,15.0,30.0,25.0,15.0
BU06770107,Hulst,100,0.0,10.0,10.0,5.0,10.0,35.0,15.0,15.0
BU06770108,Hulst,85,0.0,5.0,10.0,5.0,5.0,25.0,20.0,15.0
BU06770109,Hulst,100,0.0,15.0,45.0,5.0,10.0,10.0,10.0,5.0
BU06770110,Hulst,100,0.0,25.0,40.0,5.0,10.0,10.0,5.0,5.0
BU06770111,Hulst,120,50.0,0.0,20.0,5.0,15.0,15.0,10.0,5.0
BU06770201,Hulst,75,0.0,10.0,15.0,5.0,5.0,15.0,15.0,15.0
BU06770202,Hulst,80,5.0,10.0,15.0,5.0,10.0,10.0,15.0,15.0
BU06770203,Hulst,80,5.0,10.0,25.0,5.0,0.0,10.0,15.0,10.0
BU06770204,Hulst,5,,,,,,,,
BU06770301,Hulst,115,5.0,20.0,25.0,5.0,5.0,15.0,25.0,15.0
BU06770302,Hulst,60,5.0,15.0,5.0,5.0,5.0,10.0,10.0,5.0
BU06770303,Hulst,15,,,,,,,,
BU06770401,Hulst,50,5.0,5.0,15.0,5.0,5.0,5.0,5.0,10.0
BU06770402,Hulst,10,,,,,,,,
BU06770403,Hulst,45,25.0,5.0,5.0,0.0,0.0,0.0,5.0,5.0
BU06770501,Hulst,135,15.0,20.0,15.0,5.0,15.0,30.0,15.0,15.0
BU06770502,Hulst,5,,,,,,,,
BU06770601,Hulst,50,5.0,10.0,10.0,0.0,0.0,10.0,5.0,5.0
BU06770602,Hulst,50,25.0,5.0,10.0,5.0,0.0,5.0,0.0,5.0
BU06770701,Hulst,65,0.0,20.0,20.0,5.0,5.0,10.0,0.0,0.0
BU06770702,Hulst,5,,,,,,,,
BU06770801,Hulst,55,5.0,5.0,5.0,0.0,0.0,10.0,20.0,5.0
BU06770802,Hulst,75,5.0,10.0,10.0,5.0,5.0,10.0,15.0,15.0
BU06770803,Hulst,85,0.0,15.0,20.0,0.0,10.0,10.0,10.0,10.0
BU06770804,Hulst,20,,,,,,,,
BU06770805,Hulst,60,25.0,10.0,10.0,5.0,5.0,5.0,5.0,0.0
BU06770901,Hulst,50,0.0,10.0,5.0,0.0,5.0,10.0,15.0,10.0
BU06770902,Hulst,15,,,,,,,,
BU06771001,Hulst,25,5.0,5.0,0.0,5.0,5.0,0.0,5.0,5.0
BU06771002,Hulst,25,10.0,0.0,5.0,0.0,0.0,5.0,0.0,5.0
BU06771101,Hulst,45,0.0,5.0,10.0,5.0,5.0,5.0,10.0,5.0
BU06771102,Hulst,70,5.0,10.0,10.0,10.0,5.0,10.0,15.0,10.0
BU06771103,Hulst,50,25.0,5.0,5.0,0.0,0.0,5.0,5.0,0.0
BU06771201,Hulst,25,0.0,5.0,5.0,0.0,0.0,5.0,5.0,0.0
BU06771202,Hulst,80,30.0,5.0,10.0,5.0,0.0,15.0,10.0,5.0
BU06771301,Hulst,20,,,,,,,,
BU06771302,Hulst,40,15.0,5.0,5.0,0.0,0.0,0.0,5.0,5.0
BU06771401,Hulst,20,,,,,,,,
BU06771402,Hulst,25,10.0,5.0,5.0,0.0,0.0,5.0,0.0,0.0
BU06771501,Hulst,25,0.0,10.0,5.0,0.0,0.0,0.0,0.0,5.0
BU06771502,Hulst,5,,,,,,,,
BU06771503,Hulst,25,15.0,5.0,0.0,0.0,0.0,0.0,5.0,0.0
BU03530001,IJsselstein,350,0.0,25.0,110.0,15.0,45.0,70.0,35.0,55.0
BU03530002,IJsselstein,90,0.0,20.0,10.0,5.0,0.0,25.0,20.0,5.0
BU03530003,IJsselstein,110,0.0,5.0,10.0,5.0,15.0,35.0,20.0,10.0
BU03530004,IJsselstein,140,0.0,25.0,20.0,10.0,5.0,35.0,25.0,15.0
BU03530005,IJsselstein,120,0.0,15.0,10.0,5.0,5.0,25.0,40.0,20.0
BU03530006,IJsselstein,65,0.0,10.0,5.0,5.0,0.0,25.0,15.0,5.0
BU03530007,IJsselstein,170,0.0,30.0,30.0,20.0,0.0,35.0,40.0,10.0
BU03530008,IJsselstein,290,0.0,40.0,30.0,25.0,20.0,85.0,60.0,30.0
BU03530009,IJsselstein,60,0.0,10.0,5.0,10.0,5.0,20.0,10.0,5.0
BU03530010,IJsselstein,80,0.0,10.0,5.0,10.0,15.0,20.0,15.0,5.0
BU03530011,IJsselstein,5,,,,,,,,
BU03530012,IJsselstein,145,0.0,15.0,15.0,5.0,20.0,55.0,25.0,10.0
BU03530013,IJsselstein,125,0.0,15.0,25.0,5.0,20.0,25.0,25.0,10.0
BU03530014,IJsselstein,95,0.0,25.0,30.0,5.0,15.0,20.0,0.0,0.0
BU03530015,IJsselstein,140,0.0,25.0,35.0,5.0,15.0,25.0,15.0,20.0
BU03530016,IJsselstein,125,0.0,15.0,45.0,10.0,15.0,25.0,5.0,5.0
BU03530017,IJsselstein,250,0.0,30.0,25.0,20.0,35.0,90.0,40.0,15.0
BU03530018,IJsselstein,110,0.0,15.0,15.0,5.0,10.0,35.0,15.0,20.0
BU03530019,IJsselstein,195,0.0,25.0,20.0,15.0,15.0,40.0,55.0,25.0
BU03530020,IJsselstein,160,0.0,20.0,20.0,10.0,20.0,50.0,30.0,10.0
BU03530021,IJsselstein,80,0.0,10.0,10.0,5.0,5.0,35.0,10.0,5.0
BU03530022,IJsselstein,205,0.0,25.0,25.0,20.0,15.0,65.0,35.0,20.0
BU03530023,IJsselstein,60,0.0,5.0,10.0,5.0,5.0,15.0,10.0,5.0
BU03530024,IJsselstein,95,0.0,15.0,5.0,10.0,10.0,35.0,15.0,5.0
BU03530025,IJsselstein,230,0.0,25.0,30.0,20.0,20.0,70.0,40.0,30.0
BU03530026,IJsselstein,275,5.0,30.0,25.0,30.0,30.0,85.0,40.0,25.0
BU03530027,IJsselstein,60,0.0,5.0,5.0,5.0,5.0,15.0,10.0,10.0
BU03530028,IJsselstein,55,0.0,10.0,5.0,5.0,10.0,15.0,5.0,10.0
BU03530029,IJsselstein,135,30.0,10.0,15.0,5.0,20.0,30.0,10.0,10.0
BU03530030,IJsselstein,25,5.0,5.0,5.0,0.0,0.0,0.0,0.0,0.0
BU18840000,Kaag en Braassem,595,20.0,65.0,125.0,45.0,85.0,130.0,55.0,75.0
BU18840001,Kaag en Braassem,310,5.0,55.0,40.0,15.0,30.0,90.0,35.0,35.0
BU18840002,Kaag en Braassem,310,0.0,45.0,45.0,25.0,20.0,75.0,60.0,35.0
BU18840003,Kaag en Braassem,80,0.0,15.0,20.0,0.0,5.0,10.0,20.0,10.0
BU18840004,Kaag en Braassem,350,80.0,50.0,45.0,20.0,40.0,65.0,20.0,30.0
BU18840101,Kaag en Braassem,85,10.0,25.0,5.0,5.0,5.0,20.0,10.0,5.0
BU18840102,Kaag en Braassem,200,25.0,40.0,25.0,15.0,25.0,35.0,15.0,25.0
BU18840104,Kaag en Braassem,85,10.0,5.0,15.0,5.0,10.0,20.0,10.0,5.0
BU18840105,Kaag en Braassem,95,0.0,15.0,15.0,5.0,15.0,25.0,15.0,5.0
BU18840107,Kaag en Braassem,115,5.0,30.0,20.0,10.0,15.0,20.0,10.0,5.0
BU18840109,Kaag en Braassem,60,20.0,5.0,10.0,0.0,5.0,10.0,10.0,5.0
BU18840200,Kaag en Braassem,185,15.0,25.0,30.0,10.0,20.0,40.0,30.0,10.0
BU18840201,Kaag en Braassem,20,,,,,,,,
BU18840202,Kaag en Braassem,170,5.0,40.0,20.0,10.0,15.0,35.0,25.0,20.0
BU18840203,Kaag en Braassem,140,0.0,30.0,10.0,10.0,10.0,30.0,35.0,20.0
BU18840207,Kaag en Braassem,20,,,,,,,,
BU18840208,Kaag en Braassem,70,10.0,10.0,5.0,5.0,10.0,15.0,10.0,5.0
BU18840209,Kaag en Braassem,50,10.0,10.0,5.0,0.0,10.0,10.0,5.0,5.0
BU18840300,Kaag en Braassem,180,10.0,15.0,25.0,10.0,30.0,50.0,25.0,20.0
BU18840309,Kaag en Braassem,10,,,,,,,,
BU18840400,Kaag en Braassem,255,10.0,55.0,55.0,20.0,20.0,55.0,15.0,20.0
BU18840402,Kaag en Braassem,45,15.0,10.0,5.0,0.0,5.0,5.0,0.0,5.0
BU18840404,Kaag en Braassem,10,,,,,,,,
BU18840405,Kaag en Braassem,125,5.0,25.0,20.0,10.0,5.0,30.0,15.0,10.0
BU18840407,Kaag en Braassem,10,,,,,,,,
BU18840408,Kaag en Braassem,215,5.0,35.0,25.0,15.0,25.0,75.0,25.0,15.0
BU18840409,Kaag en Braassem,5,,,,,,,,
BU01660000,Kampen,960,5.0,100.0,255.0,60.0,65.0,200.0,145.0,125.0
BU01660001,Kampen,260,0.0,65.0,35.0,20.0,15.0,40.0,40.0,45.0
BU01660002,Kampen,10,,,,,,,,
BU01660003,Kampen,170,0.0,30.0,40.0,15.0,5.0,20.0,40.0,20.0
BU01660004,Kampen,195,0.0,30.0,25.0,10.0,15.0,40.0,45.0,35.0
BU01660005,Kampen,200,0.0,45.0,45.0,20.0,5.0,30.0,35.0,25.0
BU01660006,Kampen,625,5.0,175.0,205.0,45.0,55.0,75.0,25.0,30.0
BU01660007,Kampen,140,0.0,20.0,15.0,10.0,15.0,40.0,20.0,15.0
BU01660008,Kampen,425,0.0,95.0,55.0,25.0,15.0,75.0,95.0,60.0
BU01660009,Kampen,135,0.0,30.0,15.0,10.0,20.0,20.0,30.0,15.0
BU01660010,Kampen,250,0.0,30.0,30.0,15.0,35.0,70.0,45.0,25.0
BU01660011,Kampen,10,,,,,,,,
BU01660012,Kampen,15,,,,,,,,
BU01660013,Kampen,100,0.0,20.0,20.0,10.0,5.0,20.0,20.0,10.0
BU01660015,Kampen,300,0.0,40.0,30.0,20.0,45.0,80.0,55.0,30.0
BU01660016,Kampen,30,10.0,0.0,0.0,0.0,5.0,5.0,5.0,5.0
BU01660017,Kampen,35,20.0,5.0,0.0,0.0,0.0,0.0,0.0,5.0
BU01660018,Kampen,125,75.0,10.0,10.0,5.0,5.0,10.0,10.0,10.0
BU01660019,Kampen,25,15.0,5.0,0.0,0.0,0.0,0.0,0.0,0.0
BU01660225,Kampen,0,,,,,,,,
BU01660300,Kampen,335,20.0,45.0,70.0,20.0,45.0,60.0,35.0,45.0
BU01660301,Kampen,235,10.0,40.0,30.0,20.0,20.0,55.0,40.0,30.0
BU01660302,Kampen,230,0.0,60.0,75.0,20.0,20.0,35.0,10.0,5.0
BU01660303,Kampen,40,0.0,10.0,5.0,0.0,10.0,5.0,5.0,5.0
BU01660304,Kampen,145,55.0,25.0,25.0,0.0,20.0,10.0,0.0,5.0
BU01660305,Kampen,95,15.0,15.0,10.0,5.0,15.0,20.0,10.0,10.0
BU01660306,Kampen,35,15.0,0.0,5.0,5.0,5.0,5.0,0.0,0.0
BU01660307,Kampen,155,0.0,25.0,15.0,10.0,15.0,45.0,35.0,10.0
BU01660400,Kampen,50,5.0,10.0,10.0,0.0,0.0,5.0,10.0,5.0
BU01660401,Kampen,50,25.0,5.0,5.0,0.0,5.0,10.0,0.0,0.0
BU01660500,Kampen,70,10.0,20.0,10.0,5.0,5.0,5.0,5.0,10.0
BU01660501,Kampen,10,,,,,,,,
BU01660600,Kampen,95,5.0,25.0,15.0,0.0,20.0,15.0,5.0,10.0
BU01660700,Kampen,170,75.0,25.0,15.0,5.0,5.0,20.0,20.0,10.0
BU01660800,Kampen,85,15.0,15.0,15.0,5.0,10.0,10.0,15.0,5.0
BU01660900,Kampen,50,30.0,5.0,5.0,0.0,5.0,0.0,0.0,5.0
BU06780000,Kapelle,950,25.0,165.0,165.0,60.0,85.0,185.0,170.0,95.0
BU06780009,Kapelle,135,55.0,15.0,10.0,5.0,15.0,25.0,10.0,5.0
BU06780100,Kapelle,400,15.0,65.0,60.0,35.0,40.0,75.0,60.0,50.0
BU06780109,Kapelle,60,15.0,10.0,15.0,5.0,5.0,5.0,0.0,5.0
BU06780200,Kapelle,45,5.0,5.0,0.0,5.0,5.0,10.0,5.0,5.0
BU06780209,Kapelle,15,,,,,,,,
BU05370101,Katwijk,100,5.0,25.0,15.0,5.0,5.0,15.0,15.0,20.0
BU05370102,Katwijk,130,5.0,20.0,15.0,5.0,5.0,25.0,30.0,20.0
BU05370103,Katwijk,200,0.0,45.0,35.0,15.0,10.0,30.0,40.0,25.0
BU05370104,Katwijk,95,0.0,15.0,15.0,10.0,5.0,25.0,15.0,10.0
BU05370105,Katwijk,65,0.0,10.0,10.0,5.0,10.0,10.0,15.0,5.0
BU05370106,Katwijk,135,0.0,35.0,20.0,10.0,10.0,25.0,25.0,10.0
BU05370201,Katwijk,135,0.0,35.0,55.0,5.0,10.0,25.0,5.0,5.0
BU05370202,Katwijk,220,0.0,65.0,70.0,15.0,25.0,30.0,5.0,10.0
BU05370301,Katwijk,340,5.0,45.0,55.0,20.0,35.0,90.0,55.0,40.0
BU05370302,Katwijk,105,0.0,20.0,15.0,5.0,15.0,35.0,15.0,5.0
BU05370303,Katwijk,240,0.0,50.0,50.0,20.0,10.0,50.0,35.0,20.0
BU05370304,Katwijk,90,5.0,15.0,10.0,5.0,5.0,20.0,15.0,10.0
BU05370305,Katwijk,105,0.0,25.0,15.0,10.0,5.0,15.0,25.0,10.0
BU05370306,Katwijk,215,0.0,35.0,30.0,15.0,25.0,60.0,40.0,15.0
BU05370501,Katwijk,20,,,,,,,,
BU05370502,Katwijk,315,0.0,80.0,40.0,15.0,20.0,65.0,45.0,45.0
BU05370503,Katwijk,155,0.0,25.0,35.0,5.0,15.0,25.0,20.0,25.0
BU05370504,Katwijk,245,0.0,20.0,135.0,5.0,20.0,25.0,15.0,25.0
BU05370505,Katwijk,300,5.0,75.0,45.0,20.0,25.0,50.0,45.0,40.0
BU05370506,Katwijk,75,0.0,5.0,10.0,0.0,15.0,5.0,30.0,5.0
BU05370507,Katwijk,205,0.0,40.0,35.0,10.0,15.0,30.0,40.0,30.0
BU05370508,Katwijk,55,0.0,10.0,10.0,5.0,0.0,10.0,15.0,5.0
BU05370509,Katwijk,125,5.0,20.0,15.0,10.0,10.0,30.0,20.0,15.0
BU05370510,Katwijk,125,0.0,15.0,15.0,0.0,15.0,35.0,20.0,20.0
BU05370601,Katwijk,5,,,,,,,,
BU05370602,Katwijk,10,,,,,,,,
BU05370604,Katwijk,35,5.0,0.0,5.0,0.0,5.0,5.0,5.0,5.0
BU05370700,Katwijk,215,0.0,30.0,65.0,5.0,15.0,40.0,30.0,30.0
BU05370701,Katwijk,265,5.0,15.0,55.0,10.0,55.0,80.0,15.0,30.0
BU05370702,Katwijk,130,5.0,25.0,25.0,5.0,15.0,20.0,20.0,10.0
BU05370703,Katwijk,225,5.0,25.0,60.0,15.0,20.0,45.0,35.0,25.0
BU05370704,Katwijk,110,0.0,20.0,20.0,10.0,5.0,20.0,25.0,10.0
BU05370705,Katwijk,90,0.0,10.0,15.0,5.0,10.0,10.0,15.0,15.0
BU05370706,Katwijk,185,0.0,25.0,45.0,10.0,20.0,35.0,25.0,20.0
BU05370707,Katwijk,150,0.0,20.0,35.0,10.0,10.0,30.0,25.0,15.0
BU05370708,Katwijk,125,5.0,15.0,60.0,5.0,10.0,15.0,5.0,5.0
BU05370709,Katwijk,325,35.0,35.0,95.0,15.0,40.0,60.0,25.0,15.0
BU05370800,Katwijk,190,5.0,40.0,35.0,5.0,15.0,35.0,35.0,20.0
BU05370801,Katwijk,135,5.0,20.0,30.0,5.0,15.0,25.0,15.0,20.0
BU05370802,Katwijk,260,5.0,30.0,40.0,30.0,20.0,75.0,45.0,25.0
BU05370808,Katwijk,35,5.0,0.0,5.0,5.0,10.0,5.0,0.0,0.0
BU05370809,Katwijk,55,5.0,10.0,5.0,0.0,10.0,15.0,0.0,0.0
BU09280000,Kerkrade,595,0.0,95.0,180.0,40.0,40.0,95.0,65.0,80.0
BU09280001,Kerkrade,135,0.0,30.0,25.0,0.0,5.0,20.0,25.0,25.0
BU09280002,Kerkrade,270,0.0,45.0,50.0,15.0,10.0,50.0,55.0,50.0
BU09280003,Kerkrade,145,5.0,30.0,30.0,5.0,5.0,20.0,25.0,20.0
BU09280004,Kerkrade,105,0.0,20.0,20.0,10.0,5.0,20.0,10.0,20.0
BU09280009,Kerkrade,110,0.0,25.0,45.0,5.0,10.0,5.0,5.0,10.0
BU09280100,Kerkrade,525,0.0,70.0,155.0,20.0,45.0,85.0,90.0,60.0
BU09280101,Kerkrade,100,0.0,20.0,25.0,5.0,5.0,15.0,10.0,20.0
BU09280102,Kerkrade,100,0.0,10.0,20.0,5.0,5.0,15.0,25.0,20.0
BU09280103,Kerkrade,175,0.0,25.0,40.0,10.0,10.0,45.0,30.0,20.0
BU09280104,Kerkrade,165,0.0,45.0,25.0,5.0,5.0,25.0,30.0,25.0
BU09280105,Kerkrade,220,0.0,40.0,45.0,15.0,5.0,40.0,35.0,45.0
BU09280200,Kerkrade,245,0.0,40.0,70.0,20.0,10.0,35.0,30.0,30.0
BU09280201,Kerkrade,95,0.0,20.0,20.0,5.0,0.0,15.0,20.0,15.0
BU09280202,Kerkrade,70,0.0,10.0,15.0,5.0,0.0,15.0,15.0,10.0
BU09280203,Kerkrade,190,0.0,30.0,30.0,10.0,10.0,40.0,35.0,35.0
BU09280204,Kerkrade,205,0.0,30.0,45.0,10.0,10.0,35.0,45.0,30.0
BU09280205,Kerkrade,155,0.0,25.0,25.0,15.0,10.0,25.0,15.0,30.0
BU15980101,Koggenland,20,,,,,,,,
BU15980102,Koggenland,40,10.0,0.0,5.0,0.0,10.0,10.0,0.0,0.0
BU15980103,Koggenland,30,0.0,15.0,5.0,0.0,0.0,0.0,5.0,5.0
BU15980104,Koggenland,50,0.0,10.0,0.0,5.0,0.0,20.0,10.0,10.0
BU15980105,Koggenland,30,0.0,15.0,5.0,0.0,0.0,0.0,0.0,0.0
BU15980106,Koggenland,60,5.0,15.0,5.0,10.0,5.0,5.0,10.0,5.0
BU15980107,Koggenland,50,0.0,10.0,5.0,0.0,0.0,15.0,15.0,5.0
BU15980108,Koggenland,130,0.0,55.0,25.0,5.0,20.0,15.0,5.0,5.0
BU15980109,Koggenland,165,10.0,35.0,25.0,0.0,20.0,35.0,20.0,20.0
BU15980110,Koggenland,75,0.0,10.0,5.0,5.0,10.0,25.0,10.0,5.0
BU15980111,Koggenland,55,0.0,10.0,5.0,0.0,5.0,15.0,5.0,5.0
BU15980112,Koggenland,5,,,,,,,,
BU15980113,Koggenland,35,10.0,5.0,0.0,0.0,5.0,5.0,5.0,5.0
BU15980201,Koggenland,85,20.0,20.0,5.0,5.0,10.0,15.0,5.0,5.0
BU15980202,Koggenland,110,5.0,40.0,5.0,5.0,10.0,20.0,15.0,10.0
BU15980203,Koggenland,65,25.0,15.0,0.0,5.0,5.0,5.0,5.0,5.0
BU15980301,Koggenland,60,10.0,15.0,0.0,5.0,5.0,15.0,5.0,5.0
BU15980302,Koggenland,90,15.0,30.0,10.0,0.0,5.0,20.0,5.0,5.0
BU15980303,Koggenland,110,5.0,25.0,10.0,5.0,5.0,20.0,25.0,15.0
BU15980401,Koggenland,25,10.0,5.0,0.0,0.0,0.0,0.0,0.0,0.0
BU15980402,Koggenland,30,0.0,10.0,0.0,5.0,0.0,5.0,5.0,5.0
BU15980403,Koggenland,25,10.0,5.0,0.0,5.0,0.0,5.0,0.0,0.0
BU15980501,Koggenland,95,20.0,15.0,10.0,5.0,5.0,15.0,10.0,15.0
BU15980502,Koggenland,60,10.0,10.0,15.0,5.0,5.0,5.0,5.0,5.0
BU15980503,Koggenland,50,5.0,10.0,0.0,5.0,10.0,5.0,10.0,5.0
BU15980504,Koggenland,55,0.0,10.0,5.0,5.0,0.0,10.0,10.0,15.0
BU15980505,Koggenland,45,5.0,10.0,0.0,5.0,5.0,10.0,10.0,10.0
BU15980506,Koggenland,65,5.0,20.0,5.0,0.0,5.0,15.0,5.0,5.0
BU15980507,Koggenland,15,,,,,,,,
BU15980601,Koggenland,20,,,,,,,,
BU15980602,Koggenland,80,20.0,20.0,10.0,5.0,10.0,10.0,5.0,5.0
BU15980603,Koggenland,35,0.0,5.0,5.0,0.0,5.0,5.0,5.0,5.0
BU15980604,Koggenland,65,5.0,15.0,15.0,0.0,5.0,15.0,5.0,5.0
BU15980605,Koggenland,45,0.0,10.0,10.0,0.0,5.0,5.0,10.0,5.0
BU15980606,Koggenland,30,0.0,5.0,0.0,0.0,5.0,10.0,5.0,0.0
BU15980607,Koggenland,15,,,,,,,,
BU15980608,Koggenland,40,0.0,10.0,0.0,0.0,5.0,15.0,5.0,5.0
BU15980609,Koggenland,30,10.0,0.0,5.0,0.0,5.0,5.0,5.0,0.0
BU15980610,Koggenland,15,,,,,,,,
BU15980701,Koggenland,40,15.0,10.0,5.0,0.0,0.0,5.0,5.0,5.0
BU15980702,Koggenland,70,0.0,10.0,10.0,5.0,5.0,15.0,10.0,10.0
BU15980703,Koggenland,45,0.0,15.0,10.0,5.0,0.0,5.0,5.0,5.0
BU15980704,Koggenland,45,0.0,10.0,10.0,0.0,0.0,5.0,5.0,10.0
BU15980705,Koggenland,85,0.0,20.0,5.0,5.0,10.0,15.0,15.0,15.0
BU15980706,Koggenland,60,0.0,10.0,10.0,5.0,5.0,5.0,20.0,5.0
BU15980707,Koggenland,40,0.0,10.0,5.0,0.0,5.0,10.0,5.0,5.0
BU15980708,Koggenland,140,0.0,40.0,40.0,10.0,10.0,25.0,5.0,10.0
BU15980709,Koggenland,0,,,,,,,,
BU15980801,Koggenland,20,,,,,,,,
BU15980802,Koggenland,75,0.0,25.0,10.0,5.0,10.0,10.0,5.0,5.0
BU15980803,Koggenland,95,0.0,15.0,20.0,5.0,10.0,25.0,10.0,10.0
BU15980804,Koggenland,25,0.0,5.0,5.0,0.0,0.0,5.0,5.0,5.0
BU15980805,Koggenland,80,0.0,15.0,15.0,5.0,5.0,15.0,15.0,10.0
BU15980806,Koggenland,40,0.0,5.0,10.0,0.0,5.0,10.0,0.0,5.0
BU15980807,Koggenland,10,,,,,,,,
BU15980808,Koggenland,75,15.0,15.0,5.0,10.0,5.0,15.0,5.0,5.0
BU15980901,Koggenland,15,,,,,,,,
BU15980902,Koggenland,50,0.0,15.0,10.0,5.0,0.0,10.0,5.0,0.0
BU15981001,Koggenland,60,10.0,5.0,15.0,5.0,10.0,10.0,0.0,5.0
BU15981002,Koggenland,25,0.0,5.0,0.0,0.0,5.0,5.0,0.0,0.0
BU05420000,Krimpen aan den IJssel,545,0.0,140.0,130.0,45.0,65.0,105.0,35.0,30.0
BU05420001,Krimpen aan den IJssel,655,0.0,100.0,125.0,85.0,60.0,120.0,110.0,55.0
BU05420002,Krimpen aan den IJssel,525,0.0,90.0,85.0,45.0,50.0,100.0,90.0,60.0
BU05420003,Krimpen aan den IJssel,350,0.0,45.0,80.0,30.0,35.0,90.0,40.0,25.0
BU05420004,Krimpen aan den IJssel,530,0.0,65.0,75.0,55.0,55.0,125.0,100.0,50.0
BU05420005,Krimpen aan den IJssel,225,0.0,20.0,20.0,30.0,35.0,70.0,30.0,20.0
BU19310000,Krimpenerwaard,90,0.0,10.0,10.0,15.0,10.0,25.0,15.0,10.0
BU19310001,Krimpenerwaard,50,5.0,15.0,10.0,5.0,0.0,5.0,5.0,0.0
BU19310002,Krimpenerwaard,135,20.0,25.0,20.0,10.0,15.0,25.0,10.0,10.0
BU19310003,Krimpenerwaard,45,10.0,5.0,5.0,0.0,10.0,5.0,0.0,5.0
BU19310004,Krimpenerwaard,80,0.0,20.0,15.0,10.0,10.0,10.0,10.0,10.0
BU19310005,Krimpenerwaard,50,0.0,5.0,5.0,5.0,10.0,10.0,10.0,5.0
BU19310006,Krimpenerwaard,85,0.0,15.0,20.0,5.0,5.0,15.0,10.0,15.0
BU19310007,Krimpenerwaard,55,0.0,15.0,10.0,5.0,0.0,10.0,10.0,5.0
BU19310008,Krimpenerwaard,45,0.0,10.0,5.0,0.0,5.0,15.0,5.0,5.0
BU19310009,Krimpenerwaard,130,0.0,10.0,40.0,10.0,10.0,25.0,15.0,10.0
BU19310010,Krimpenerwaard,80,0.0,20.0,25.0,5.0,5.0,10.0,10.0,5.0
BU19310011,Krimpenerwaard,25,15.0,0.0,5.0,0.0,0.0,0.0,0.0,5.0
BU19310100,Krimpenerwaard,150,0.0,30.0,25.0,15.0,10.0,35.0,15.0,20.0
BU19310101,Krimpenerwaard,115,0.0,25.0,15.0,5.0,10.0,25.0,15.0,15.0
BU19310102,Krimpenerwaard,80,0.0,20.0,20.0,5.0,5.0,15.0,10.0,5.0
BU19310103,Krimpenerwaard,70,0.0,15.0,15.0,0.0,10.0,15.0,10.0,10.0
BU19310104,Krimpenerwaard,55,0.0,20.0,15.0,5.0,5.0,10.0,0.0,0.0
BU19310105,Krimpenerwaard,95,0.0,15.0,15.0,10.0,10.0,20.0,20.0,10.0
BU19310106,Krimpenerwaard,65,0.0,15.0,20.0,0.0,5.0,5.0,15.0,5.0
BU19310107,Krimpenerwaard,30,0.0,10.0,5.0,0.0,5.0,5.0,0.0,5.0
BU19310108,Krimpenerwaard,90,5.0,15.0,20.0,10.0,20.0,10.0,5.0,5.0
BU19310109,Krimpenerwaard,30,0.0,5.0,5.0,0.0,5.0,5.0,0.0,0.0
BU19310200,Krimpenerwaard,460,10.0,90.0,65.0,60.0,60.0,70.0,50.0,50.0
BU19310208,Krimpenerwaard,220,20.0,65.0,30.0,15.0,25.0,35.0,15.0,10.0
BU19310209,Krimpenerwaard,40,10.0,10.0,5.0,0.0,5.0,5.0,0.0,5.0
BU19310300,Krimpenerwaard,340,10.0,85.0,65.0,25.0,25.0,70.0,35.0,20.0
BU19310400,Krimpenerwaard,175,5.0,30.0,50.0,10.0,20.0,25.0,20.0,15.0
BU19310401,Krimpenerwaard,15,,,,,,,,
BU19310402,Krimpenerwaard,250,0.0,55.0,25.0,20.0,25.0,60.0,45.0,25.0
BU19310403,Krimpenerwaard,95,15.0,15.0,10.0,5.0,20.0,20.0,5.0,5.0
BU19310404,Krimpenerwaard,35,10.0,5.0,0.0,0.0,10.0,5.0,5.0,0.0
BU19310409,Krimpenerwaard,45,5.0,5.0,0.0,5.0,5.0,15.0,0.0,5.0
BU19310500,Krimpenerwaard,220,5.0,60.0,40.0,10.0,25.0,50.0,20.0,15.0
BU19310501,Krimpenerwaard,40,5.0,5.0,5.0,5.0,5.0,15.0,0.0,0.0
BU19310502,Krimpenerwaard,45,0.0,10.0,10.0,0.0,5.0,10.0,0.0,5.0
BU19310503,Krimpenerwaard,25,0.0,0.0,0.0,0.0,5.0,5.0,5.0,0.0
BU19310504,Krimpenerwaard,15,,,,,,,,
BU19310600,Krimpenerwaard,165,5.0,45.0,15.0,10.0,15.0,40.0,20.0,20.0
BU19310700,Krimpenerwaard,185,20.0,25.0,20.0,15.0,15.0,50.0,25.0,15.0
BU19310701,Krimpenerwaard,50,15.0,10.0,5.0,0.0,5.0,10.0,5.0,0.0
BU19310800,Krimpenerwaard,205,5.0,30.0,55.0,5.0,30.0,35.0,35.0,20.0
BU19310801,Krimpenerwaard,65,15.0,15.0,10.0,0.0,5.0,10.0,5.0,0.0
BU19310802,Krimpenerwaard,20,,,,,,,,
BU19310803,Krimpenerwaard,20,,,,,,,,
BU19310804,Krimpenerwaard,10,,,,,,,,
BU19310805,Krimpenerwaard,50,0.0,0.0,5.0,0.0,10.0,15.0,10.0,10.0
BU19310806,Krimpenerwaard,45,0.0,10.0,0.0,5.0,5.0,10.0,5.0,10.0
BU19310807,Krimpenerwaard,100,0.0,30.0,10.0,5.0,5.0,15.0,15.0,10.0
BU19310808,Krimpenerwaard,35,15.0,5.0,5.0,0.0,0.0,10.0,5.0,0.0
BU19310809,Krimpenerwaard,25,10.0,0.0,5.0,0.0,5.0,5.0,0.0,0.0
BU19310810,Krimpenerwaard,55,0.0,5.0,5.0,5.0,5.0,15.0,10.0,5.0
BU19311000,Krimpenerwaard,435,5.0,90.0,80.0,20.0,50.0,90.0,55.0,40.0
BU19311001,Krimpenerwaard,40,10.0,5.0,0.0,0.0,10.0,10.0,5.0,0.0
BU19311002,Krimpenerwaard,85,20.0,15.0,10.0,5.0,10.0,20.0,0.0,5.0
BU19311003,Krimpenerwaard,40,10.0,10.0,5.0,0.0,5.0,5.0,5.0,5.0
BU19311004,Krimpenerwaard,5,,,,,,,,
BU19311005,Krimpenerwaard,90,15.0,20.0,10.0,5.0,10.0,20.0,5.0,0.0
BU19311006,Krimpenerwaard,25,5.0,5.0,0.0,0.0,5.0,5.0,5.0,5.0
BU19311007,Krimpenerwaard,25,5.0,10.0,5.0,0.0,0.0,0.0,0.0,0.0
BU19311008,Krimpenerwaard,10,,,,,,,,
BU19311100,Krimpenerwaard,80,25.0,15.0,5.0,5.0,10.0,15.0,5.0,5.0
BU19311101,Krimpenerwaard,25,10.0,0.0,5.0,0.0,5.0,5.0,5.0,0.0
BU19311200,Krimpenerwaard,655,5.0,95.0,145.0,30.0,75.0,140.0,80.0,85.0
BU19311201,Krimpenerwaard,165,0.0,45.0,30.0,10.0,10.0,30.0,35.0,10.0
BU19311202,Krimpenerwaard,310,0.0,65.0,35.0,20.0,30.0,75.0,50.0,35.0
BU19311203,Krimpenerwaard,95,0.0,20.0,15.0,5.0,15.0,20.0,5.0,10.0
BU19311204,Krimpenerwaard,380,0.0,75.0,55.0,25.0,50.0,90.0,55.0,30.0
BU19311205,Krimpenerwaard,55,10.0,10.0,0.0,5.0,10.0,10.0,5.0,5.0
BU16590000,Laarbeek,465,5.0,115.0,55.0,25.0,35.0,105.0,65.0,55.0
BU16590001,Laarbeek,340,5.0,60.0,65.0,10.0,15.0,65.0,75.0,40.0
BU16590002,Laarbeek,95,0.0,30.0,35.0,5.0,0.0,15.0,0.0,5.0
BU16590003,Laarbeek,150,5.0,60.0,45.0,5.0,10.0,20.0,0.0,10.0
BU16590009,Laarbeek,220,55.0,40.0,30.0,10.0,20.0,35.0,10.0,15.0
BU16590100,Laarbeek,600,5.0,100.0,100.0,30.0,50.0,155.0,90.0,65.0
BU16590101,Laarbeek,20,,,,,,,,
BU16590102,Laarbeek,10,,,,,,,,
BU16590108,Laarbeek,50,15.0,10.0,0.0,5.0,5.0,10.0,5.0,5.0
BU16590109,Laarbeek,65,15.0,10.0,10.0,0.0,5.0,10.0,10.0,10.0
BU16590200,Laarbeek,370,5.0,70.0,65.0,15.0,15.0,90.0,65.0,50.0
BU16590201,Laarbeek,50,0.0,20.0,15.0,5.0,5.0,5.0,5.0,0.0
BU16590209,Laarbeek,150,30.0,15.0,25.0,5.0,25.0,25.0,10.0,10.0
BU16590300,Laarbeek,105,5.0,25.0,15.0,5.0,10.0,20.0,20.0,10.0
BU16590309,Laarbeek,175,40.0,45.0,25.0,5.0,5.0,20.0,15.0,15.0
BU19820101,Land van Cuijk,45,0.0,5.0,5.0,0.0,5.0,10.0,10.0,5.0
BU19820103,Land van Cuijk,45,0.0,5.0,10.0,0.0,5.0,10.0,10.0,5.0
BU19820105,Land van Cuijk,45,10.0,5.0,10.0,0.0,0.0,10.0,10.0,0.0
BU19820107,Land van Cuijk,40,15.0,5.0,5.0,0.0,0.0,5.0,5.0,5.0
BU19820109,Land van Cuijk,5,,,,,,,,
BU19820111,Land van Cuijk,20,,,,,,,,
BU19820113,Land van Cuijk,15,,,,,,,,
BU19820201,Land van Cuijk,250,0.0,25.0,75.0,10.0,25.0,45.0,35.0,40.0
BU19820203,Land van Cuijk,55,0.0,20.0,10.0,5.0,5.0,5.0,5.0,5.0
BU19820205,Land van Cuijk,70,0.0,15.0,15.0,0.0,0.0,15.0,15.0,10.0
BU19820207,Land van Cuijk,210,0.0,45.0,25.0,15.0,5.0,50.0,40.0,35.0
BU19820209,Land van Cuijk,90,0.0,15.0,20.0,10.0,0.0,25.0,15.0,10.0
BU19820211,Land van Cuijk,85,0.0,10.0,10.0,5.0,10.0,20.0,25.0,10.0
BU19820213,Land van Cuijk,25,0.0,5.0,15.0,0.0,0.0,5.0,0.0,0.0
BU19820301,Land van Cuijk,90,0.0,15.0,10.0,0.0,5.0,25.0,30.0,10.0
BU19820303,Land van Cuijk,35,5.0,5.0,5.0,0.0,5.0,5.0,5.0,5.0
BU19820305,Land van Cuijk,40,5.0,10.0,5.0,5.0,5.0,10.0,5.0,5.0
BU19820401,Land van Cuijk,70,0.0,15.0,20.0,0.0,5.0,15.0,10.0,5.0
BU19820403,Land van Cuijk,80,25.0,10.0,10.0,0.0,5.0,15.0,5.0,10.0
BU19820501,Land van Cuijk,40,0.0,5.0,10.0,0.0,5.0,10.0,5.0,5.0
BU19820503,Land van Cuijk,15,,,,,,,,
BU19820601,Land van Cuijk,35,5.0,0.0,10.0,0.0,5.0,10.0,5.0,0.0
BU19820603,Land van Cuijk,15,,,,,,,,
BU19820605,Land van Cuijk,55,0.0,25.0,10.0,10.0,5.0,5.0,0.0,0.0
BU19820701,Land van Cuijk,140,0.0,25.0,15.0,10.0,20.0,30.0,25.0,15.0
BU19820703,Land van Cuijk,100,35.0,10.0,20.0,0.0,5.0,15.0,10.0,5.0
BU19820801,Land van Cuijk,490,0.0,40.0,135.0,20.0,50.0,85.0,85.0,75.0
BU19820803,Land van Cuijk,225,0.0,40.0,30.0,15.0,10.0,55.0,50.0,25.0
BU19820805,Land van Cuijk,175,0.0,35.0,35.0,20.0,0.0,30.0,25.0,25.0
BU19820807,Land van Cuijk,550,5.0,60.0,90.0,40.0,50.0,130.0,105.0,65.0
BU19820809,Land van Cuijk,5,,,,,,,,
BU19820811,Land van Cuijk,360,0.0,65.0,130.0,15.0,35.0,65.0,30.0,20.0
BU19820813,Land van Cuijk,10,,,,,,,,
BU19820901,Land van Cuijk,160,35.0,20.0,20.0,5.0,20.0,30.0,15.0,15.0
BU19820903,Land van Cuijk,140,5.0,20.0,20.0,10.0,20.0,25.0,20.0,15.0
BU19821001,Land van Cuijk,235,5.0,35.0,55.0,15.0,20.0,35.0,40.0,25.0
BU19821003,Land van Cuijk,120,0.0,20.0,20.0,5.0,10.0,25.0,20.0,15.0
BU19821005,Land van Cuijk,65,0.0,20.0,5.0,0.0,10.0,10.0,5.0,10.0
BU19821007,Land van Cuijk,55,0.0,5.0,10.0,0.0,5.0,25.0,5.0,0.0
BU19821009,Land van Cuijk,155,0.0,45.0,45.0,5.0,20.0,25.0,10.0,10.0
BU19821011,Land van Cuijk,15,,,,,,,,
BU19821013,Land van Cuijk,5,,,,,,,,
BU19821015,Land van Cuijk,90,15.0,15.0,10.0,5.0,5.0,15.0,20.0,0.0
BU19821017,Land van Cuijk,95,40.0,10.0,10.0,5.0,0.0,10.0,10.0,5.0
BU19821101,Land van Cuijk,55,0.0,5.0,10.0,5.0,5.0,10.0,10.0,5.0
BU19821103,Land van Cuijk,45,10.0,5.0,5.0,5.0,10.0,0.0,0.0,0.0
BU19821201,Land van Cuijk,35,5.0,5.0,5.0,0.0,0.0,10.0,5.0,5.0
BU19821203,Land van Cuijk,40,10.0,5.0,5.0,0.0,5.0,10.0,0.0,5.0
BU19821301,Land van Cuijk,180,10.0,30.0,35.0,10.0,15.0,30.0,40.0,15.0
BU19821303,Land van Cuijk,160,55.0,20.0,25.0,5.0,10.0,20.0,10.0,15.0
BU19821305,Land van Cuijk,20,,,,,,,,
BU19821401,Land van Cuijk,210,10.0,35.0,35.0,10.0,20.0,35.0,35.0,30.0
BU19821403,Land van Cuijk,75,20.0,10.0,10.0,5.0,5.0,15.0,10.0,5.0
BU19821501,Land van Cuijk,90,5.0,25.0,15.0,5.0,5.0,20.0,10.0,10.0
BU19821503,Land van Cuijk,90,25.0,5.0,20.0,0.0,5.0,15.0,5.0,10.0
BU19821601,Land van Cuijk,85,5.0,20.0,15.0,5.0,5.0,10.0,10.0,10.0
BU19821603,Land van Cuijk,55,15.0,15.0,5.0,0.0,5.0,5.0,0.0,10.0
BU19821701,Land van Cuijk,235,15.0,30.0,35.0,10.0,25.0,50.0,40.0,25.0
BU19821703,Land van Cuijk,45,5.0,20.0,5.0,0.0,0.0,5.0,0.0,0.0
BU19821705,Land van Cuijk,160,90.0,15.0,10.0,5.0,10.0,15.0,5.0,10.0
BU19821801,Land van Cuijk,120,5.0,25.0,15.0,5.0,10.0,25.0,15.0,15.0
BU19821803,Land van Cuijk,75,35.0,5.0,5.0,5.0,10.0,10.0,5.0,5.0
BU19821901,Land van Cuijk,140,5.0,20.0,40.0,5.0,10.0,30.0,15.0,20.0
BU19821903,Land van Cuijk,145,25.0,25.0,25.0,5.0,10.0,30.0,20.0,5.0
BU19822001,Land van Cuijk,45,0.0,15.0,10.0,5.0,5.0,5.0,5.0,0.0
BU19822003,Land van Cuijk,95,50.0,0.0,10.0,5.0,5.0,10.0,5.0,5.0
BU19822101,Land van Cuijk,50,0.0,15.0,10.0,5.0,5.0,5.0,10.0,0.0
BU19822103,Land van Cuijk,50,15.0,5.0,10.0,5.0,0.0,10.0,0.0,5.0
BU19822201,Land van Cuijk,270,0.0,15.0,120.0,0.0,25.0,40.0,25.0,40.0
BU19822203,Land van Cuijk,125,0.0,10.0,25.0,5.0,20.0,25.0,30.0,15.0
BU19822205,Land van Cuijk,50,0.0,0.0,5.0,5.0,10.0,20.0,10.0,5.0
BU19822207,Land van Cuijk,160,0.0,20.0,20.0,5.0,10.0,35.0,45.0,25.0
BU19822209,Land van Cuijk,120,0.0,15.0,25.0,10.0,10.0,15.0,35.0,10.0
BU19822211,Land van Cuijk,130,5.0,15.0,20.0,10.0,5.0,20.0,35.0,20.0
BU19822213,Land van Cuijk,90,0.0,5.0,10.0,5.0,5.0,30.0,15.0,15.0
BU19822215,Land van Cuijk,70,0.0,5.0,10.0,5.0,5.0,20.0,15.0,10.0
BU19822217,Land van Cuijk,145,0.0,40.0,50.0,5.0,10.0,20.0,5.0,10.0
BU19822219,Land van Cuijk,15,,,,,,,,
BU19822221,Land van Cuijk,15,,,,,,,,
BU19822301,Land van Cuijk,285,10.0,40.0,40.0,10.0,25.0,55.0,65.0,40.0
BU19822303,Land van Cuijk,195,70.0,25.0,25.0,5.0,20.0,25.0,10.0,15.0
BU19822401,Land van Cuijk,150,10.0,10.0,20.0,5.0,15.0,40.0,35.0,15.0
BU19822403,Land van Cuijk,75,25.0,5.0,10.0,5.0,5.0,10.0,5.0,5.0
BU19822501,Land van Cuijk,100,5.0,10.0,20.0,5.0,15.0,20.0,15.0,10.0
BU19822503,Land van Cuijk,165,85.0,15.0,10.0,5.0,10.0,15.0,10.0,10.0
BU19822601,Land van Cuijk,60,0.0,10.0,20.0,5.0,5.0,10.0,10.0,5.0
BU19822603,Land van Cuijk,60,30.0,5.0,5.0,0.0,5.0,5.0,5.0,5.0
BU19822701,Land van Cuijk,60,5.0,15.0,5.0,0.0,0.0,10.0,10.0,5.0
BU19822703,Land van Cuijk,40,15.0,5.0,5.0,0.0,0.0,0.0,10.0,5.0
BU19822801,Land van Cuijk,50,10.0,5.0,10.0,0.0,5.0,10.0,5.0,5.0
BU19822803,Land van Cuijk,20,,,,,,,,
BU19822901,Land van Cuijk,35,5.0,5.0,5.0,0.0,0.0,5.0,10.0,5.0
BU19822903,Land van Cuijk,60,25.0,10.0,5.0,0.0,10.0,10.0,5.0,0.0
BU19823001,Land van Cuijk,310,5.0,35.0,70.0,10.0,40.0,55.0,65.0,30.0
BU19823003,Land van Cuijk,185,70.0,15.0,25.0,5.0,10.0,25.0,20.0,15.0
BU19823101,Land van Cuijk,220,5.0,30.0,40.0,10.0,20.0,50.0,40.0,30.0
BU19823103,Land van Cuijk,50,15.0,5.0,10.0,0.0,5.0,10.0,0.0,5.0
BU19823201,Land van Cuijk,60,0.0,15.0,5.0,0.0,5.0,15.0,10.0,5.0
BU19823203,Land van Cuijk,20,,,,,,,,
BU19823301,Land van Cuijk,70,5.0,10.0,10.0,5.0,5.0,10.0,15.0,10.0
BU19823303,Land van Cuijk,30,10.0,5.0,5.0,5.0,5.0,0.0,5.0,0.0
BU08820001,Landgraaf,135,0.0,20.0,20.0,10.0,15.0,35.0,20.0,10.0
BU08820002,Landgraaf,125,0.0,20.0,20.0,10.0,5.0,20.0,25.0,20.0
BU08820003,Landgraaf,70,0.0,5.0,10.0,0.0,5.0,15.0,20.0,10.0
BU08820004,Landgraaf,100,0.0,10.0,15.0,0.0,10.0,20.0,25.0,20.0
BU08820005,Landgraaf,35,0.0,5.0,5.0,5.0,0.0,10.0,5.0,5.0
BU08820006,Landgraaf,20,,,,,,,,
BU08820007,Landgraaf,60,0.0,10.0,15.0,0.0,0.0,10.0,15.0,10.0
BU08820008,Landgraaf,310,0.0,50.0,100.0,25.0,20.0,50.0,35.0,30.0
BU08820009,Landgraaf,60,0.0,5.0,10.0,5.0,0.0,15.0,10.0,10.0
BU08820010,Landgraaf,90,0.0,10.0,15.0,5.0,5.0,20.0,20.0,20.0
BU08820011,Landgraaf,80,0.0,25.0,5.0,5.0,5.0,15.0,15.0,10.0
BU08820012,Landgraaf,60,0.0,5.0,10.0,0.0,10.0,20.0,10.0,5.0
BU08820020,Landgraaf,25,0.0,0.0,5.0,0.0,5.0,0.0,5.0,10.0
BU08820101,Landgraaf,170,0.0,30.0,25.0,10.0,10.0,40.0,30.0,25.0
BU08820102,Landgraaf,285,0.0,55.0,55.0,10.0,15.0,45.0,65.0,45.0
BU08820103,Landgraaf,70,0.0,10.0,10.0,5.0,5.0,20.0,20.0,10.0
BU08820104,Landgraaf,60,0.0,5.0,30.0,5.0,5.0,10.0,5.0,5.0
BU08820105,Landgraaf,50,0.0,0.0,10.0,5.0,10.0,15.0,5.0,5.0
BU08820120,Landgraaf,10,,,,,,,,
BU08820201,Landgraaf,210,5.0,55.0,65.0,5.0,10.0,30.0,20.0,20.0
BU08820202,Landgraaf,125,0.0,20.0,20.0,5.0,15.0,25.0,25.0,15.0
BU08820203,Landgraaf,50,0.0,5.0,5.0,5.0,5.0,15.0,10.0,10.0
BU08820204,Landgraaf,205,0.0,45.0,40.0,10.0,5.0,30.0,45.0,30.0
BU08820205,Landgraaf,195,5.0,20.0,50.0,10.0,5.0,25.0,40.0,35.0
BU08820206,Landgraaf,85,5.0,15.0,25.0,0.0,0.0,15.0,10.0,15.0
BU08820207,Landgraaf,60,0.0,10.0,10.0,0.0,5.0,15.0,15.0,10.0
BU08820220,Landgraaf,0,,,,,,,,
BU04150101,Landsmeer,70,5.0,15.0,10.0,5.0,15.0,10.0,5.0,10.0
BU04150201,Landsmeer,205,15.0,25.0,30.0,10.0,25.0,60.0,25.0,20.0
BU04150301,Landsmeer,340,0.0,50.0,40.0,35.0,25.0,90.0,50.0,45.0
BU04150302,Landsmeer,0,,,,,,,,
BU04150303,Landsmeer,175,0.0,20.0,20.0,20.0,20.0,45.0,30.0,25.0
BU04150304,Landsmeer,240,0.0,30.0,35.0,25.0,30.0,55.0,40.0,25.0
BU04150305,Landsmeer,270,0.0,40.0,25.0,30.0,20.0,65.0,40.0,45.0
BU04150306,Landsmeer,150,15.0,15.0,15.0,10.0,15.0,50.0,15.0,15.0
BU04150307,Landsmeer,5,,,,,,,,
BU04150308,Landsmeer,500,0.0,55.0,105.0,35.0,60.0,100.0,85.0,50.0
BU16211111,Lansingerland,370,0.0,50.0,80.0,15.0,30.0,95.0,65.0,35.0
BU16211121,Lansingerland,45,0.0,5.0,5.0,5.0,10.0,10.0,5.0,5.0
BU16211211,Lansingerland,215,0.0,25.0,25.0,10.0,35.0,75.0,30.0,15.0
BU16211221,Lansingerland,460,5.0,45.0,55.0,35.0,65.0,140.0,70.0,45.0
BU16211231,Lansingerland,160,0.0,15.0,10.0,15.0,10.0,45.0,40.0,20.0
BU16211311,Lansingerland,150,0.0,20.0,15.0,15.0,15.0,40.0,30.0,15.0
BU16211321,Lansingerland,310,0.0,25.0,45.0,25.0,40.0,90.0,70.0,20.0
BU16211331,Lansingerland,130,0.0,15.0,20.0,10.0,10.0,35.0,30.0,5.0
BU16211411,Lansingerland,60,0.0,5.0,5.0,0.0,5.0,25.0,10.0,5.0
BU16211514,Lansingerland,140,10.0,10.0,20.0,10.0,20.0,40.0,15.0,20.0
BU16211522,Lansingerland,70,25.0,10.0,10.0,0.0,15.0,10.0,5.0,0.0
BU16211531,Lansingerland,40,0.0,5.0,10.0,5.0,5.0,10.0,5.0,0.0
BU16211543,Lansingerland,425,0.0,85.0,125.0,25.0,70.0,75.0,15.0,25.0
BU16211552,Lansingerland,40,5.0,0.0,15.0,5.0,5.0,5.0,0.0,5.0
BU16212111,Lansingerland,265,0.0,25.0,110.0,10.0,25.0,40.0,25.0,30.0
BU16212121,Lansingerland,150,0.0,10.0,20.0,10.0,20.0,40.0,40.0,10.0
BU16212131,Lansingerland,220,10.0,35.0,25.0,20.0,15.0,45.0,40.0,25.0
BU16212144,Lansingerland,5,,,,,,,,
BU16212211,Lansingerland,70,0.0,10.0,5.0,10.0,5.0,20.0,10.0,10.0
BU16212221,Lansingerland,160,5.0,30.0,20.0,10.0,15.0,35.0,30.0,15.0
BU16212231,Lansingerland,125,0.0,20.0,20.0,10.0,10.0,40.0,15.0,15.0
BU16212241,Lansingerland,90,0.0,10.0,10.0,5.0,5.0,20.0,20.0,15.0
BU16212254,Lansingerland,0,,,,,,,,
BU16212311,Lansingerland,190,5.0,20.0,25.0,20.0,20.0,40.0,30.0,25.0
BU16212321,Lansingerland,190,5.0,25.0,20.0,20.0,15.0,45.0,45.0,20.0
BU16212331,Lansingerland,270,0.0,20.0,45.0,20.0,40.0,75.0,40.0,25.0
BU16212412,Lansingerland,450,95.0,80.0,75.0,20.0,50.0,80.0,25.0,20.0
BU16212511,Lansingerland,65,0.0,15.0,5.0,5.0,5.0,20.0,20.0,5.0
BU16212521,Lansingerland,155,0.0,10.0,10.0,10.0,20.0,55.0,35.0,15.0
BU16212531,Lansingerland,115,5.0,10.0,10.0,10.0,10.0,45.0,25.0,10.0
BU16212541,Lansingerland,130,0.0,20.0,15.0,10.0,20.0,35.0,25.0,10.0
BU16212611,Lansingerland,225,5.0,20.0,25.0,15.0,25.0,75.0,40.0,25.0
BU16212621,Lansingerland,35,0.0,5.0,5.0,0.0,0.0,15.0,0.0,5.0
BU16212633,Lansingerland,70,0.0,5.0,20.0,0.0,10.0,15.0,10.0,10.0
BU16212644,Lansingerland,0,,,,,,,,
BU16212711,Lansingerland,85,0.0,5.0,5.0,0.0,10.0,35.0,15.0,5.0
BU16212721,Lansingerland,185,0.0,10.0,10.0,15.0,20.0,85.0,35.0,10.0
BU16212731,Lansingerland,205,5.0,15.0,15.0,15.0,30.0,80.0,30.0,10.0
BU16212741,Lansingerland,150,0.0,5.0,25.0,10.0,10.0,45.0,35.0,15.0
BU16212814,Lansingerland,195,5.0,25.0,30.0,15.0,35.0,50.0,25.0,10.0
BU16212823,Lansingerland,70,0.0,5.0,10.0,15.0,10.0,10.0,10.0,0.0
BU16212833,Lansingerland,105,0.0,15.0,30.0,10.0,15.0,20.0,5.0,10.0
BU16212843,Lansingerland,230,0.0,35.0,70.0,30.0,30.0,45.0,10.0,10.0
BU16212851,Lansingerland,115,0.0,10.0,10.0,10.0,15.0,35.0,25.0,10.0
BU16212864,Lansingerland,10,,,,,,,,
BU16213111,Lansingerland,145,10.0,15.0,15.0,10.0,15.0,45.0,15.0,15.0
BU16213121,Lansingerland,135,5.0,20.0,20.0,10.0,20.0,25.0,20.0,15.0
BU16213133,Lansingerland,265,0.0,60.0,70.0,15.0,35.0,55.0,15.0,15.0
BU16213141,Lansingerland,250,5.0,20.0,55.0,10.0,25.0,65.0,55.0,15.0
BU16213162,Lansingerland,20,,,,,,,,
BU16213211,Lansingerland,105,0.0,5.0,5.0,5.0,20.0,50.0,10.0,10.0
BU16213221,Lansingerland,115,5.0,10.0,20.0,10.0,10.0,25.0,20.0,15.0
BU16213231,Lansingerland,175,5.0,20.0,25.0,15.0,15.0,50.0,35.0,15.0
BU16213242,Lansingerland,10,,,,,,,,
BU16213251,Lansingerland,105,0.0,15.0,15.0,5.0,5.0,30.0,15.0,15.0
BU16213261,Lansingerland,110,5.0,10.0,10.0,15.0,10.0,35.0,10.0,15.0
BU16213312,Lansingerland,320,125.0,35.0,35.0,10.0,40.0,45.0,20.0,10.0
BU16213323,Lansingerland,105,15.0,5.0,30.0,10.0,15.0,25.0,0.0,5.0
BU16213334,Lansingerland,25,0.0,0.0,10.0,0.0,0.0,5.0,5.0,5.0
BU16213344,Lansingerland,50,10.0,15.0,5.0,5.0,0.0,10.0,5.0,5.0
BU16213353,Lansingerland,155,0.0,35.0,65.0,10.0,10.0,30.0,5.0,5.0
BU04170320,Laren,810,5.0,45.0,200.0,40.0,135.0,205.0,100.0,80.0
BU04170321,Laren,10,,,,,,,,
BU04170322,Laren,200,0.0,15.0,25.0,10.0,35.0,70.0,25.0,15.0
BU04170323,Laren,270,0.0,20.0,15.0,10.0,90.0,90.0,30.0,15.0
BU04170324,Laren,55,0.0,5.0,5.0,5.0,15.0,20.0,5.0,0.0
BU04170325,Laren,105,0.0,10.0,5.0,0.0,25.0,40.0,15.0,5.0
BU04170326,Laren,65,0.0,5.0,5.0,5.0,15.0,20.0,15.0,5.0
BU04170327,Laren,160,0.0,5.0,10.0,0.0,45.0,55.0,25.0,15.0
BU04170328,Laren,790,5.0,75.0,90.0,60.0,95.0,260.0,140.0,60.0
BU04170329,Laren,200,0.0,10.0,10.0,10.0,55.0,70.0,35.0,15.0
BU00801001,Leeuwarden,470,0.0,20.0,200.0,15.0,25.0,60.0,25.0,130.0
BU00801002,Leeuwarden,195,0.0,5.0,125.0,10.0,5.0,15.0,10.0,25.0
BU00801003,Leeuwarden,155,0.0,5.0,40.0,10.0,15.0,40.0,20.0,30.0
BU00801004,Leeuwarden,235,0.0,20.0,55.0,15.0,15.0,55.0,25.0,55.0
BU00801005,Leeuwarden,165,0.0,15.0,40.0,15.0,5.0,35.0,15.0,35.0
BU00801006,Leeuwarden,130,0.0,5.0,35.0,10.0,5.0,30.0,5.0,35.0
BU00801007,Leeuwarden,160,0.0,5.0,35.0,20.0,15.0,40.0,20.0,25.0
BU00801008,Leeuwarden,190,0.0,10.0,40.0,20.0,40.0,50.0,15.0,15.0
BU00801101,Leeuwarden,110,0.0,5.0,10.0,10.0,15.0,40.0,20.0,15.0
BU00801102,Leeuwarden,165,0.0,15.0,20.0,20.0,5.0,40.0,40.0,30.0
BU00801103,Leeuwarden,175,0.0,35.0,20.0,20.0,0.0,35.0,40.0,25.0
BU00801104,Leeuwarden,45,0.0,15.0,10.0,5.0,0.0,5.0,5.0,5.0
BU00801105,Leeuwarden,105,0.0,15.0,40.0,10.0,5.0,15.0,10.0,10.0
BU00801106,Leeuwarden,110,0.0,10.0,15.0,5.0,5.0,25.0,15.0,30.0
BU00801107,Leeuwarden,125,20.0,5.0,35.0,10.0,15.0,10.0,25.0,10.0
BU00801108,Leeuwarden,135,0.0,10.0,10.0,15.0,5.0,40.0,30.0,25.0
BU00801109,Leeuwarden,85,0.0,5.0,10.0,5.0,5.0,5.0,55.0,5.0
BU00802001,Leeuwarden,115,0.0,20.0,15.0,10.0,5.0,25.0,20.0,20.0
BU00802002,Leeuwarden,110,0.0,20.0,20.0,10.0,0.0,20.0,15.0,25.0
BU00802003,Leeuwarden,140,0.0,20.0,25.0,10.0,0.0,30.0,30.0,25.0
BU00802004,Leeuwarden,115,0.0,15.0,20.0,10.0,5.0,25.0,25.0,10.0
BU00802005,Leeuwarden,75,0.0,5.0,20.0,5.0,5.0,10.0,20.0,15.0
BU00802006,Leeuwarden,95,0.0,10.0,20.0,10.0,5.0,15.0,20.0,20.0
BU00802007,Leeuwarden,100,0.0,25.0,20.0,10.0,0.0,15.0,15.0,10.0
BU00802008,Leeuwarden,260,0.0,20.0,35.0,20.0,10.0,65.0,65.0,40.0
BU00802009,Leeuwarden,170,0.0,25.0,35.0,15.0,0.0,40.0,25.0,30.0
BU00803001,Leeuwarden,135,0.0,10.0,10.0,10.0,15.0,45.0,20.0,25.0
BU00803002,Leeuwarden,165,0.0,0.0,10.0,5.0,20.0,55.0,45.0,25.0
BU00803003,Leeuwarden,60,0.0,5.0,5.0,0.0,5.0,5.0,15.0,15.0
BU00803004,Leeuwarden,150,0.0,15.0,25.0,10.0,15.0,45.0,25.0,20.0
BU00803005,Leeuwarden,175,0.0,15.0,25.0,15.0,10.0,40.0,35.0,35.0
BU00803006,Leeuwarden,95,0.0,15.0,25.0,10.0,5.0,15.0,10.0,15.0
BU00803007,Leeuwarden,50,0.0,5.0,10.0,5.0,5.0,10.0,5.0,10.0
BU00803101,Leeuwarden,235,0.0,25.0,25.0,15.0,10.0,50.0,55.0,50.0
BU00803102,Leeuwarden,15,,,,,,,,
BU00803201,Leeuwarden,555,0.0,40.0,50.0,40.0,35.0,170.0,150.0,65.0
BU00803202,Leeuwarden,85,0.0,5.0,5.0,5.0,10.0,25.0,15.0,15.0
BU00803203,Leeuwarden,70,0.0,0.0,5.0,15.0,0.0,25.0,15.0,10.0
BU00804001,Leeuwarden,190,0.0,20.0,35.0,15.0,5.0,50.0,35.0,30.0
BU00804002,Leeuwarden,110,0.0,15.0,15.0,5.0,5.0,20.0,30.0,15.0
BU00804003,Leeuwarden,130,0.0,15.0,10.0,10.0,10.0,35.0,30.0,20.0
BU00804004,Leeuwarden,155,0.0,10.0,20.0,15.0,5.0,40.0,35.0,30.0
BU00804101,Leeuwarden,245,0.0,35.0,40.0,20.0,5.0,55.0,55.0,30.0
BU00804102,Leeuwarden,75,0.0,10.0,30.0,5.0,5.0,10.0,5.0,5.0
BU00804103,Leeuwarden,120,0.0,20.0,50.0,5.0,5.0,25.0,10.0,10.0
BU00804104,Leeuwarden,95,0.0,20.0,35.0,10.0,5.0,20.0,10.0,5.0
BU00804105,Leeuwarden,170,0.0,15.0,35.0,15.0,20.0,60.0,15.0,5.0
BU00804106,Leeuwarden,35,0.0,15.0,10.0,5.0,0.0,5.0,0.0,0.0
BU00804107,Leeuwarden,0,,,,,,,,
BU00804108,Leeuwarden,10,,,,,,,,
BU00804109,Leeuwarden,10,,,,,,,,
BU00804110,Leeuwarden,0,,,,,,,,
BU00805001,Leeuwarden,75,0.0,10.0,15.0,10.0,0.0,10.0,15.0,15.0
BU00805002,Leeuwarden,140,0.0,25.0,30.0,10.0,0.0,20.0,25.0,25.0
BU00805003,Leeuwarden,20,,,,,,,,
BU00805101,Leeuwarden,295,0.0,30.0,30.0,30.0,10.0,70.0,75.0,40.0
BU00805102,Leeuwarden,255,0.0,35.0,40.0,15.0,15.0,60.0,55.0,35.0
BU00805103,Leeuwarden,205,0.0,20.0,20.0,30.0,20.0,65.0,30.0,25.0
BU00805104,Leeuwarden,5,,,,,,,,
BU00805105,Leeuwarden,25,0.0,5.0,5.0,5.0,0.0,5.0,0.0,5.0
BU00806001,Leeuwarden,305,5.0,45.0,70.0,25.0,5.0,50.0,60.0,45.0
BU00806002,Leeuwarden,55,0.0,5.0,5.0,5.0,5.0,15.0,15.0,5.0
BU00806003,Leeuwarden,30,0.0,5.0,5.0,0.0,0.0,10.0,5.0,0.0
BU00806101,Leeuwarden,125,0.0,15.0,25.0,20.0,5.0,25.0,20.0,15.0
BU00806102,Leeuwarden,65,0.0,5.0,15.0,10.0,0.0,15.0,10.0,10.0
BU00806201,Leeuwarden,45,0.0,5.0,10.0,0.0,5.0,5.0,15.0,5.0
BU00806202,Leeuwarden,30,0.0,0.0,5.0,0.0,0.0,5.0,5.0,5.0
BU00806203,Leeuwarden,10,,,,,,,,
BU00806204,Leeuwarden,110,0.0,10.0,10.0,15.0,15.0,30.0,15.0,10.0
BU00806205,Leeuwarden,25,0.0,5.0,5.0,0.0,0.0,5.0,5.0,0.0
BU00806206,Leeuwarden,30,5.0,0.0,5.0,0.0,5.0,10.0,0.0,0.0
BU00806207,Leeuwarden,45,5.0,5.0,10.0,0.0,0.0,10.0,5.0,10.0
BU00806208,Leeuwarden,20,,,,,,,,
BU00806209,Leeuwarden,80,0.0,15.0,10.0,5.0,5.0,10.0,15.0,15.0
BU00806210,Leeuwarden,15,,,,,,,,
BU00806301,Leeuwarden,625,5.0,95.0,120.0,45.0,45.0,135.0,110.0,65.0
BU00806302,Leeuwarden,105,25.0,15.0,20.0,5.0,10.0,15.0,10.0,5.0
BU00806303,Leeuwarden,5,,,,,,,,
BU00806304,Leeuwarden,15,,,,,,,,
BU00806305,Leeuwarden,30,5.0,5.0,5.0,5.0,0.0,5.0,5.0,5.0
BU00806306,Leeuwarden,5,,,,,,,,
BU00806307,Leeuwarden,40,0.0,10.0,10.0,0.0,5.0,5.0,5.0,5.0
BU00807001,Leeuwarden,225,0.0,30.0,40.0,25.0,0.0,50.0,55.0,25.0
BU00807002,Leeuwarden,115,0.0,10.0,20.0,15.0,0.0,30.0,25.0,10.0
BU00807003,Leeuwarden,95,0.0,5.0,15.0,10.0,10.0,20.0,25.0,10.0
BU00807004,Leeuwarden,580,0.0,125.0,250.0,40.0,40.0,85.0,20.0,30.0
BU00807101,Leeuwarden,290,0.0,15.0,45.0,15.0,25.0,95.0,60.0,35.0
BU00807201,Leeuwarden,20,,,,,,,,
BU00807202,Leeuwarden,25,0.0,0.0,0.0,0.0,5.0,10.0,10.0,0.0
BU00807203,Leeuwarden,580,5.0,55.0,65.0,45.0,55.0,190.0,115.0,60.0
BU00807301,Leeuwarden,150,0.0,10.0,15.0,15.0,10.0,35.0,50.0,15.0
BU00807302,Leeuwarden,60,0.0,5.0,5.0,5.0,5.0,20.0,15.0,5.0
BU00807303,Leeuwarden,10,,,,,,,,
BU00807304,Leeuwarden,0,,,,,,,,
BU00807305,Leeuwarden,40,0.0,10.0,5.0,5.0,5.0,10.0,5.0,5.0
BU00807401,Leeuwarden,0,,,,,,,,
BU00807402,Leeuwarden,5,,,,,,,,
BU00807403,Leeuwarden,5,,,,,,,,
BU00807404,Leeuwarden,0,,,,,,,,
BU00807405,Leeuwarden,5,,,,,,,,
BU00808001,Leeuwarden,110,0.0,15.0,20.0,5.0,5.0,30.0,15.0,15.0
BU00808002,Leeuwarden,5,,,,,,,,
BU00808003,Leeuwarden,25,10.0,5.0,5.0,0.0,0.0,5.0,5.0,0.0
BU00808004,Leeuwarden,180,5.0,25.0,35.0,10.0,5.0,35.0,40.0,25.0
BU00808005,Leeuwarden,30,20.0,0.0,0.0,0.0,0.0,0.0,0.0,5.0
BU00808006,Leeuwarden,10,,,,,,,,
BU00808007,Leeuwarden,110,0.0,20.0,25.0,10.0,5.0,25.0,15.0,10.0
BU00808008,Leeuwarden,30,15.0,5.0,0.0,0.0,0.0,5.0,0.0,5.0
BU00808101,Leeuwarden,40,5.0,5.0,5.0,0.0,0.0,5.0,10.0,10.0
BU00808102,Leeuwarden,30,15.0,5.0,0.0,0.0,0.0,5.0,5.0,5.0
BU00808103,Leeuwarden,130,5.0,10.0,15.0,10.0,10.0,30.0,35.0,15.0
BU00808104,Leeuwarden,15,,,,,,,,
BU00808105,Leeuwarden,65,5.0,5.0,5.0,5.0,0.0,15.0,15.0,15.0
BU00808106,Leeuwarden,25,10.0,0.0,5.0,0.0,0.0,0.0,5.0,5.0
BU00808107,Leeuwarden,35,10.0,5.0,0.0,5.0,5.0,10.0,5.0,0.0
BU00808108,Leeuwarden,30,5.0,5.0,5.0,0.0,5.0,5.0,5.0,5.0
BU00808109,Leeuwarden,35,5.0,5.0,5.0,5.0,0.0,10.0,5.0,5.0
BU00808110,Leeuwarden,25,10.0,5.0,0.0,5.0,0.0,0.0,5.0,5.0
BU00808111,Leeuwarden,30,0.0,5.0,5.0,0.0,5.0,5.0,0.0,0.0
BU00808112,Leeuwarden,15,,,,,,,,
BU00808113,Leeuwarden,20,,,,,,,,
BU00808114,Leeuwarden,5,,,,,,,,
BU00808115,Leeuwarden,35,5.0,5.0,5.0,0.0,0.0,5.0,5.0,5.0
BU00808116,Leeuwarden,35,5.0,10.0,5.0,0.0,0.0,10.0,5.0,0.0
BU00808117,Leeuwarden,15,,,,,,,,
BU00808201,Leeuwarden,100,5.0,10.0,15.0,5.0,10.0,30.0,15.0,10.0
BU00808202,Leeuwarden,25,15.0,0.0,0.0,0.0,0.0,5.0,0.0,0.0
BU00808203,Leeuwarden,5,,,,,,,,
BU00808204,Leeuwarden,15,,,,,,,,
BU00808205,Leeuwarden,20,,,,,,,,
BU00808206,Leeuwarden,775,0.0,105.0,155.0,50.0,60.0,205.0,110.0,80.0
BU00808207,Leeuwarden,55,20.0,5.0,5.0,0.0,0.0,15.0,5.0,5.0
BU00808208,Leeuwarden,155,5.0,40.0,25.0,10.0,10.0,35.0,15.0,15.0
BU00808209,Leeuwarden,20,,,,,,,,
BU05460000,Leiden,615,0.0,20.0,190.0,40.0,40.0,145.0,70.0,115.0
BU05460001,Leiden,280,0.0,15.0,50.0,20.0,15.0,90.0,40.0,50.0
BU05460002,Leiden,205,0.0,10.0,50.0,10.0,15.0,55.0,30.0,40.0
BU05460003,Leiden,405,0.0,25.0,70.0,30.0,35.0,115.0,70.0,55.0
BU05460100,Leiden,235,0.0,5.0,115.0,10.0,10.0,40.0,35.0,20.0
BU05460101,Leiden,445,0.0,30.0,155.0,25.0,20.0,95.0,60.0,65.0
BU05460102,Leiden,285,0.0,10.0,100.0,20.0,10.0,45.0,50.0,45.0
BU05460103,Leiden,325,0.0,25.0,30.0,25.0,15.0,105.0,80.0,45.0
BU05460104,Leiden,190,0.0,10.0,75.0,15.0,10.0,40.0,20.0,20.0
BU05460105,Leiden,300,0.0,25.0,35.0,40.0,20.0,90.0,45.0,40.0
BU05460106,Leiden,80,0.0,10.0,15.0,10.0,0.0,15.0,20.0,10.0
BU05460107,Leiden,230,0.0,15.0,15.0,20.0,10.0,65.0,80.0,30.0
BU05460108,Leiden,70,0.0,0.0,25.0,5.0,5.0,10.0,15.0,10.0
BU05460109,Leiden,355,0.0,75.0,35.0,30.0,30.0,90.0,50.0,50.0
BU05460200,Leiden,440,0.0,25.0,60.0,55.0,45.0,130.0,75.0,50.0
BU05460300,Leiden,470,0.0,45.0,40.0,60.0,25.0,150.0,95.0,55.0
BU05460301,Leiden,595,0.0,130.0,60.0,70.0,10.0,140.0,115.0,70.0
BU05460302,Leiden,575,5.0,155.0,85.0,45.0,10.0,100.0,105.0,75.0
BU05460400,Leiden,210,0.0,25.0,20.0,30.0,15.0,45.0,50.0,20.0
BU05460401,Leiden,295,0.0,25.0,30.0,25.0,25.0,85.0,70.0,30.0
BU05460402,Leiden,160,0.0,10.0,10.0,10.0,10.0,50.0,45.0,20.0
BU05460403,Leiden,275,0.0,5.0,20.0,20.0,20.0,100.0,95.0,20.0
BU05460404,Leiden,330,0.0,15.0,25.0,30.0,25.0,100.0,95.0,40.0
BU05460405,Leiden,455,0.0,45.0,40.0,35.0,25.0,150.0,110.0,55.0
BU05460406,Leiden,510,0.0,40.0,85.0,55.0,15.0,150.0,100.0,65.0
BU05460407,Leiden,5,,,,,,,,
BU05460408,Leiden,385,0.0,50.0,50.0,35.0,35.0,125.0,60.0,30.0
BU05460409,Leiden,110,0.0,5.0,10.0,10.0,10.0,40.0,25.0,10.0
BU05460500,Leiden,380,0.0,10.0,20.0,20.0,30.0,125.0,95.0,80.0
BU05460501,Leiden,200,0.0,25.0,25.0,30.0,15.0,55.0,30.0,25.0
BU05460502,Leiden,465,0.0,80.0,110.0,30.0,25.0,85.0,70.0,65.0
BU05460503,Leiden,250,0.0,45.0,35.0,20.0,5.0,45.0,70.0,30.0
BU05460504,Leiden,285,0.0,55.0,30.0,40.0,5.0,55.0,75.0,20.0
BU05460505,Leiden,75,5.0,15.0,5.0,10.0,5.0,20.0,10.0,5.0
BU05460506,Leiden,335,0.0,50.0,35.0,35.0,30.0,70.0,75.0,35.0
BU05460507,Leiden,160,0.0,20.0,10.0,15.0,10.0,45.0,50.0,10.0
BU05460600,Leiden,195,0.0,25.0,25.0,25.0,5.0,45.0,50.0,25.0
BU05460601,Leiden,430,0.0,70.0,35.0,30.0,15.0,95.0,120.0,60.0
BU05460602,Leiden,380,0.0,65.0,55.0,35.0,10.0,75.0,105.0,30.0
BU05460700,Leiden,340,0.0,25.0,50.0,45.0,15.0,100.0,65.0,35.0
BU05460701,Leiden,215,0.0,15.0,30.0,15.0,10.0,50.0,75.0,15.0
BU05460702,Leiden,170,0.0,0.0,5.0,10.0,15.0,70.0,60.0,10.0
BU05460703,Leiden,145,0.0,5.0,10.0,5.0,15.0,50.0,45.0,15.0
BU05460704,Leiden,130,0.0,15.0,5.0,10.0,10.0,75.0,10.0,5.0
BU05460800,Leiden,385,0.0,80.0,65.0,35.0,5.0,90.0,85.0,30.0
BU05460801,Leiden,220,0.0,15.0,10.0,20.0,25.0,80.0,55.0,15.0
BU05460802,Leiden,210,0.0,20.0,20.0,10.0,10.0,65.0,50.0,30.0
BU05460803,Leiden,130,0.0,10.0,40.0,10.0,5.0,15.0,35.0,20.0
BU05460804,Leiden,75,0.0,5.0,5.0,10.0,5.0,25.0,20.0,5.0
BU05460805,Leiden,280,0.0,30.0,15.0,25.0,15.0,75.0,85.0,40.0
BU05460900,Leiden,195,0.0,35.0,30.0,15.0,10.0,50.0,35.0,25.0
BU05460901,Leiden,215,0.0,70.0,30.0,10.0,15.0,35.0,35.0,20.0
BU05460902,Leiden,150,0.0,25.0,30.0,10.0,0.0,20.0,50.0,10.0
BU05460903,Leiden,355,0.0,100.0,45.0,35.0,20.0,60.0,65.0,30.0
BU05470000,Leiderdorp,275,0.0,25.0,35.0,15.0,30.0,80.0,65.0,20.0
BU05470001,Leiderdorp,400,0.0,45.0,45.0,45.0,20.0,95.0,95.0,50.0
BU05470002,Leiderdorp,100,0.0,5.0,5.0,5.0,5.0,30.0,20.0,20.0
BU05470003,Leiderdorp,175,0.0,25.0,25.0,15.0,10.0,45.0,40.0,20.0
BU05470004,Leiderdorp,345,0.0,50.0,95.0,30.0,35.0,70.0,40.0,25.0
BU05470005,Leiderdorp,75,0.0,20.0,5.0,5.0,0.0,20.0,10.0,10.0
BU05470006,Leiderdorp,150,0.0,10.0,65.0,5.0,10.0,15.0,25.0,15.0
BU05470007,Leiderdorp,135,0.0,10.0,0.0,20.0,10.0,40.0,35.0,20.0
BU05470008,Leiderdorp,205,0.0,35.0,10.0,25.0,10.0,60.0,50.0,20.0
BU05470009,Leiderdorp,160,0.0,5.0,35.0,5.0,15.0,10.0,85.0,5.0
BU05470100,Leiderdorp,190,0.0,45.0,20.0,10.0,10.0,50.0,35.0,20.0
BU05470101,Leiderdorp,80,0.0,15.0,10.0,5.0,10.0,25.0,15.0,10.0
BU05470109,Leiderdorp,265,10.0,45.0,40.0,10.0,35.0,70.0,25.0,25.0
BU05470200,Leiderdorp,135,0.0,20.0,15.0,15.0,5.0,25.0,45.0,15.0
BU05470201,Leiderdorp,240,0.0,35.0,15.0,25.0,15.0,65.0,50.0,35.0
BU05470202,Leiderdorp,270,5.0,30.0,25.0,30.0,25.0,90.0,45.0,25.0
BU19160100,Leidschendam-Voorburg,175,0.0,15.0,25.0,10.0,20.0,50.0,35.0,15.0
BU19160101,Leidschendam-Voorburg,115,0.0,15.0,10.0,10.0,5.0,35.0,25.0,10.0
BU19160102,Leidschendam-Voorburg,135,0.0,10.0,10.0,15.0,20.0,55.0,20.0,5.0
BU19160103,Leidschendam-Voorburg,170,0.0,0.0,145.0,5.0,0.0,5.0,0.0,15.0
BU19160104,Leidschendam-Voorburg,40,0.0,10.0,10.0,0.0,5.0,5.0,5.0,5.0
BU19160200,Leidschendam-Voorburg,330,5.0,75.0,55.0,45.0,5.0,60.0,60.0,25.0
BU19160201,Leidschendam-Voorburg,80,0.0,10.0,5.0,5.0,5.0,25.0,15.0,10.0
BU19160300,Leidschendam-Voorburg,245,0.0,35.0,30.0,20.0,15.0,70.0,55.0,25.0
BU19160301,Leidschendam-Voorburg,245,5.0,25.0,20.0,25.0,30.0,70.0,45.0,20.0
BU19160302,Leidschendam-Voorburg,125,0.0,15.0,10.0,10.0,5.0,35.0,25.0,15.0
BU19160400,Leidschendam-Voorburg,190,10.0,45.0,35.0,15.0,10.0,35.0,30.0,10.0
BU19160401,Leidschendam-Voorburg,235,60.0,40.0,25.0,10.0,15.0,35.0,25.0,25.0
BU19160500,Leidschendam-Voorburg,270,0.0,25.0,65.0,10.0,15.0,45.0,60.0,45.0
BU19160501,Leidschendam-Voorburg,65,0.0,5.0,5.0,5.0,5.0,25.0,15.0,5.0
BU19160502,Leidschendam-Voorburg,220,0.0,40.0,40.0,15.0,10.0,45.0,35.0,30.0
BU19160503,Leidschendam-Voorburg,105,0.0,25.0,10.0,10.0,0.0,30.0,15.0,15.0
BU19160504,Leidschendam-Voorburg,220,0.0,20.0,20.0,25.0,20.0,55.0,40.0,35.0
BU19160600,Leidschendam-Voorburg,110,0.0,25.0,20.0,10.0,5.0,20.0,15.0,20.0
BU19160601,Leidschendam-Voorburg,40,0.0,5.0,5.0,5.0,0.0,10.0,10.0,10.0
BU19160602,Leidschendam-Voorburg,95,0.0,20.0,10.0,15.0,0.0,15.0,25.0,10.0
BU19160700,Leidschendam-Voorburg,130,0.0,5.0,10.0,5.0,10.0,50.0,40.0,10.0
BU19160701,Leidschendam-Voorburg,220,0.0,20.0,15.0,10.0,15.0,80.0,45.0,30.0
BU19160702,Leidschendam-Voorburg,225,0.0,15.0,25.0,20.0,25.0,75.0,40.0,20.0
BU19160703,Leidschendam-Voorburg,85,0.0,5.0,15.0,10.0,10.0,30.0,5.0,10.0
BU19160704,Leidschendam-Voorburg,105,0.0,0.0,5.0,10.0,25.0,40.0,20.0,5.0
BU19160800,Leidschendam-Voorburg,90,0.0,20.0,10.0,5.0,5.0,25.0,15.0,10.0
BU19160801,Leidschendam-Voorburg,80,0.0,5.0,5.0,5.0,15.0,35.0,10.0,10.0
BU19160802,Leidschendam-Voorburg,75,0.0,15.0,15.0,5.0,5.0,15.0,15.0,5.0
BU19160803,Leidschendam-Voorburg,100,0.0,5.0,10.0,5.0,15.0,30.0,20.0,15.0
BU19160804,Leidschendam-Voorburg,210,0.0,25.0,25.0,20.0,15.0,50.0,50.0,30.0
BU19160900,Leidschendam-Voorburg,190,0.0,15.0,20.0,20.0,10.0,45.0,55.0,20.0
BU19160901,Leidschendam-Voorburg,365,0.0,45.0,80.0,25.0,30.0,65.0,70.0,45.0
BU19160902,Leidschendam-Voorburg,250,0.0,25.0,25.0,20.0,10.0,90.0,50.0,25.0
BU19161000,Leidschendam-Voorburg,155,0.0,30.0,25.0,20.0,10.0,45.0,15.0,10.0
BU19161001,Leidschendam-Voorburg,400,0.0,85.0,45.0,35.0,15.0,85.0,80.0,50.0
BU19161002,Leidschendam-Voorburg,160,0.0,15.0,30.0,10.0,5.0,50.0,30.0,20.0
BU19161100,Leidschendam-Voorburg,425,5.0,70.0,50.0,30.0,20.0,120.0,85.0,50.0
BU19161101,Leidschendam-Voorburg,465,5.0,85.0,50.0,40.0,15.0,135.0,70.0,65.0
BU19161200,Leidschendam-Voorburg,445,0.0,20.0,45.0,25.0,55.0,155.0,100.0,50.0
BU19161201,Leidschendam-Voorburg,70,0.0,5.0,5.0,5.0,15.0,25.0,10.0,5.0
BU19161202,Leidschendam-Voorburg,220,0.0,15.0,20.0,10.0,15.0,85.0,45.0,20.0
BU19161300,Leidschendam-Voorburg,605,0.0,40.0,50.0,50.0,80.0,225.0,120.0,40.0
BU19161301,Leidschendam-Voorburg,645,0.0,45.0,135.0,45.0,70.0,185.0,90.0,75.0
BU09950110,Lelystad,0,,,,,,,,
BU09950111,Lelystad,205,0.0,50.0,40.0,20.0,5.0,35.0,35.0,20.0
BU09950112,Lelystad,60,0.0,20.0,5.0,5.0,0.0,15.0,10.0,5.0
BU09950113,Lelystad,45,0.0,15.0,10.0,5.0,5.0,5.0,5.0,5.0
BU09950114,Lelystad,5,,,,,,,,
BU09950115,Lelystad,75,5.0,10.0,10.0,5.0,10.0,15.0,15.0,10.0
BU09950117,Lelystad,0,,,,,,,,
BU09950118,Lelystad,40,0.0,5.0,20.0,0.0,5.0,5.0,0.0,0.0
BU09950119,Lelystad,40,0.0,0.0,5.0,0.0,5.0,20.0,5.0,0.0
BU09950161,Lelystad,40,0.0,20.0,0.0,5.0,0.0,5.0,5.0,5.0
BU09950162,Lelystad,35,0.0,0.0,5.0,0.0,5.0,5.0,10.0,5.0
BU09950166,Lelystad,130,0.0,5.0,55.0,0.0,5.0,5.0,45.0,20.0
BU09950172,Lelystad,0,,,,,,,,
BU09950174,Lelystad,5,,,,,,,,
BU09950220,Lelystad,80,0.0,20.0,15.0,5.0,5.0,15.0,15.0,10.0
BU09950221,Lelystad,220,0.0,60.0,30.0,20.0,0.0,40.0,45.0,25.0
BU09950222,Lelystad,110,0.0,35.0,15.0,10.0,0.0,15.0,20.0,10.0
BU09950223,Lelystad,85,0.0,10.0,10.0,10.0,5.0,25.0,10.0,10.0
BU09950224,Lelystad,140,0.0,10.0,20.0,20.0,10.0,25.0,35.0,20.0
BU09950225,Lelystad,130,0.0,35.0,15.0,10.0,0.0,25.0,25.0,15.0
BU09950226,Lelystad,40,0.0,0.0,5.0,5.0,5.0,10.0,5.0,10.0
BU09950227,Lelystad,105,0.0,10.0,10.0,10.0,10.0,50.0,10.0,10.0
BU09950228,Lelystad,50,0.0,0.0,10.0,5.0,5.0,10.0,25.0,5.0
BU09950310,Lelystad,35,0.0,5.0,10.0,5.0,0.0,5.0,10.0,0.0
BU09950311,Lelystad,145,0.0,50.0,20.0,10.0,0.0,20.0,30.0,10.0
BU09950312,Lelystad,155,0.0,40.0,25.0,20.0,5.0,25.0,30.0,15.0
BU09950313,Lelystad,135,0.0,40.0,20.0,5.0,5.0,25.0,25.0,15.0
BU09950314,Lelystad,30,0.0,5.0,5.0,0.0,0.0,10.0,5.0,0.0
BU09950315,Lelystad,135,0.0,20.0,30.0,10.0,5.0,20.0,35.0,20.0
BU09950316,Lelystad,245,0.0,35.0,35.0,30.0,15.0,65.0,50.0,20.0
BU09950317,Lelystad,0,,,,,,,,
BU09950420,Lelystad,60,0.0,15.0,10.0,5.0,0.0,5.0,20.0,5.0
BU09950421,Lelystad,55,0.0,20.0,10.0,5.0,0.0,5.0,10.0,5.0
BU09950422,Lelystad,90,0.0,25.0,15.0,10.0,0.0,20.0,15.0,10.0
BU09950423,Lelystad,75,0.0,15.0,10.0,5.0,0.0,15.0,15.0,15.0
BU09950424,Lelystad,75,0.0,20.0,15.0,5.0,0.0,10.0,15.0,5.0
BU09950425,Lelystad,205,0.0,30.0,25.0,15.0,5.0,40.0,50.0,35.0
BU09950428,Lelystad,65,0.0,0.0,20.0,0.0,0.0,10.0,15.0,10.0
BU09950431,Lelystad,290,0.0,30.0,35.0,25.0,25.0,90.0,55.0,30.0
BU09950432,Lelystad,115,0.0,5.0,15.0,10.0,10.0,30.0,35.0,10.0
BU09950433,Lelystad,170,0.0,20.0,20.0,15.0,25.0,60.0,25.0,10.0
BU09950434,Lelystad,85,0.0,10.0,5.0,5.0,10.0,25.0,20.0,10.0
BU09950521,Lelystad,45,0.0,15.0,10.0,0.0,0.0,5.0,5.0,5.0
BU09950522,Lelystad,100,0.0,20.0,15.0,10.0,5.0,25.0,20.0,10.0
BU09950523,Lelystad,75,0.0,25.0,15.0,5.0,0.0,10.0,10.0,5.0
BU09950524,Lelystad,125,0.0,10.0,10.0,15.0,5.0,40.0,25.0,20.0
BU09950525,Lelystad,90,0.0,20.0,25.0,5.0,0.0,15.0,10.0,10.0
BU09950526,Lelystad,95,0.0,30.0,20.0,10.0,5.0,10.0,15.0,10.0
BU09950527,Lelystad,20,,,,,,,,
BU09950528,Lelystad,65,0.0,0.0,20.0,0.0,5.0,5.0,20.0,15.0
BU09950611,Lelystad,105,0.0,20.0,15.0,10.0,0.0,25.0,25.0,10.0
BU09950612,Lelystad,145,5.0,25.0,20.0,10.0,5.0,30.0,25.0,25.0
BU09950613,Lelystad,45,0.0,5.0,5.0,5.0,10.0,15.0,5.0,5.0
BU09950614,Lelystad,0,,,,,,,,
BU09950615,Lelystad,60,0.0,5.0,5.0,0.0,10.0,30.0,5.0,5.0
BU09950631,Lelystad,120,0.0,15.0,25.0,15.0,10.0,30.0,15.0,10.0
BU09950632,Lelystad,125,0.0,40.0,15.0,10.0,5.0,20.0,20.0,10.0
BU09950633,Lelystad,200,0.0,40.0,35.0,20.0,10.0,50.0,30.0,15.0
BU09950634,Lelystad,90,0.0,25.0,10.0,5.0,5.0,20.0,15.0,10.0
BU09950635,Lelystad,0,,,,,,,,
BU09950637,Lelystad,90,0.0,15.0,10.0,10.0,5.0,20.0,10.0,15.0
BU09950638,Lelystad,20,,,,,,,,
BU09950651,Lelystad,105,0.0,0.0,100.0,0.0,0.0,0.0,0.0,0.0
BU09950652,Lelystad,85,0.0,5.0,15.0,15.0,10.0,30.0,5.0,10.0
BU09950671,Lelystad,0,,,,,,,,
BU09950672,Lelystad,185,0.0,10.0,20.0,20.0,25.0,65.0,25.0,15.0
BU09950711,Lelystad,155,0.0,30.0,15.0,15.0,10.0,40.0,35.0,20.0
BU09950712,Lelystad,90,0.0,15.0,10.0,10.0,5.0,20.0,20.0,10.0
BU09950713,Lelystad,180,0.0,15.0,20.0,15.0,15.0,50.0,35.0,20.0
BU09950731,Lelystad,10,,,,,,,,
BU09950732,Lelystad,5,,,,,,,,
BU09950733,Lelystad,5,,,,,,,,
BU09950734,Lelystad,25,0.0,0.0,0.0,0.0,0.0,5.0,10.0,0.0
BU09950741,Lelystad,85,0.0,30.0,15.0,5.0,5.0,15.0,20.0,5.0
BU09950742,Lelystad,120,0.0,35.0,20.0,5.0,5.0,20.0,30.0,10.0
BU09950743,Lelystad,115,0.0,30.0,15.0,10.0,0.0,20.0,25.0,10.0
BU09950744,Lelystad,125,0.0,30.0,25.0,15.0,0.0,30.0,15.0,15.0
BU09950747,Lelystad,10,,,,,,,,
BU09950748,Lelystad,20,,,,,,,,
BU09950766,Lelystad,40,0.0,0.0,5.0,5.0,0.0,5.0,20.0,5.0
BU09950822,Lelystad,150,5.0,5.0,25.0,15.0,35.0,40.0,20.0,10.0
BU09950836,Lelystad,0,,,,,,,,
BU09950851,Lelystad,160,0.0,25.0,25.0,20.0,5.0,55.0,15.0,15.0
BU09950852,Lelystad,200,0.0,45.0,35.0,15.0,5.0,35.0,40.0,20.0
BU09950853,Lelystad,40,0.0,5.0,5.0,5.0,0.0,10.0,10.0,5.0
BU09950871,Lelystad,0,,,,,,,,
BU09950872,Lelystad,5,,,,,,,,
BU09950881,Lelystad,245,0.0,60.0,110.0,20.0,15.0,25.0,5.0,10.0
BU09950882,Lelystad,295,0.0,80.0,95.0,20.0,20.0,45.0,20.0,20.0
BU09950961,Lelystad,55,0.0,0.0,25.0,0.0,5.0,5.0,5.0,10.0
BU09950962,Lelystad,180,0.0,15.0,90.0,10.0,10.0,15.0,10.0,30.0
BU09950963,Lelystad,15,,,,,,,,
BU09950964,Lelystad,130,0.0,10.0,35.0,10.0,15.0,30.0,20.0,15.0
BU09950965,Lelystad,10,,,,,,,,
BU09951017,Lelystad,0,,,,,,,,
BU09951018,Lelystad,5,,,,,,,,
BU09951019,Lelystad,40,30.0,5.0,0.0,0.0,0.0,0.0,5.0,0.0
BU09951029,Lelystad,20,,,,,,,,
BU09951031,Lelystad,30,15.0,0.0,5.0,0.0,5.0,5.0,5.0,0.0
BU09951037,Lelystad,0,,,,,,,,
BU09951039,Lelystad,40,25.0,5.0,0.0,0.0,0.0,0.0,0.0,0.0
BU09951041,Lelystad,10,,,,,,,,
BU09951047,Lelystad,0,,,,,,,,
BU09951049,Lelystad,10,,,,,,,,
BU09951058,Lelystad,70,0.0,5.0,10.0,15.0,5.0,15.0,10.0,5.0
BU09951059,Lelystad,30,15.0,0.0,0.0,0.0,0.0,0.0,5.0,5.0
BU09951067,Lelystad,0,,,,,,,,
BU09951068,Lelystad,15,,,,,,,,
BU09951069,Lelystad,45,35.0,5.0,5.0,0.0,0.0,5.0,0.0,0.0
BU09951070,Lelystad,0,,,,,,,,
BU09951071,Lelystad,0,,,,,,,,
BU09951073,Lelystad,10,,,,,,,,
BU09951074,Lelystad,20,,,,,,,,
BU09951075,Lelystad,0,,,,,,,,
BU09951076,Lelystad,0,,,,,,,,
BU09951078,Lelystad,5,,,,,,,,
BU09951081,Lelystad,150,0.0,30.0,75.0,0.0,10.0,20.0,5.0,10.0
BU09951082,Lelystad,15,,,,,,,,
BU09951083,Lelystad,10,,,,,,,,
BU09951084,Lelystad,75,0.0,25.0,25.0,5.0,10.0,10.0,0.0,0.0
BU09951085,Lelystad,135,0.0,25.0,55.0,10.0,15.0,20.0,5.0,5.0
BU09951087,Lelystad,5,,,,,,,,
BU09951088,Lelystad,125,0.0,15.0,30.0,20.0,10.0,25.0,15.0,5.0
BU09951097,Lelystad,0,,,,,,,,
BU09951098,Lelystad,5,,,,,,,,
BU09951111,Lelystad,120,0.0,20.0,20.0,15.0,5.0,25.0,25.0,5.0
BU09951112,Lelystad,145,0.0,30.0,15.0,20.0,10.0,35.0,20.0,15.0
BU09951113,Lelystad,5,,,,,,,,
BU09951121,Lelystad,5,,,,,,,,
BU09951122,Lelystad,5,,,,,,,,
BU09951131,Lelystad,20,,,,,,,,
BU09951132,Lelystad,25,0.0,0.0,20.0,0.0,0.0,0.0,0.0,0.0
BU09951133,Lelystad,0,,,,,,,,
BU09951134,Lelystad,0,,,,,,,,
BU09951149,Lelystad,0,,,,,,,,
BU09951161,Lelystad,0,,,,,,,,
BU16400000,Leudal,535,10.0,70.0,120.0,25.0,55.0,90.0,100.0,60.0
BU16400001,Leudal,200,60.0,30.0,35.0,10.0,15.0,25.0,20.0,10.0
BU16400100,Leudal,45,0.0,15.0,5.0,0.0,5.0,10.0,5.0,10.0
BU16400101,Leudal,45,15.0,5.0,5.0,0.0,5.0,10.0,5.0,5.0
BU16400200,Leudal,295,10.0,50.0,60.0,15.0,25.0,55.0,45.0,35.0
BU16400201,Leudal,180,40.0,40.0,30.0,5.0,20.0,10.0,15.0,15.0
BU16400300,Leudal,225,0.0,40.0,50.0,15.0,15.0,40.0,35.0,30.0
BU16400301,Leudal,155,55.0,25.0,15.0,5.0,10.0,20.0,15.0,10.0
BU16400400,Leudal,45,0.0,10.0,5.0,0.0,5.0,15.0,10.0,5.0
BU16400401,Leudal,30,0.0,5.0,5.0,0.0,5.0,10.0,0.0,0.0
BU16400500,Leudal,315,5.0,35.0,70.0,15.0,25.0,60.0,70.0,35.0
BU16400501,Leudal,115,5.0,25.0,40.0,5.0,10.0,15.0,10.0,10.0
BU16400600,Leudal,100,0.0,20.0,15.0,5.0,5.0,20.0,15.0,15.0
BU16400601,Leudal,25,10.0,0.0,5.0,0.0,0.0,5.0,0.0,5.0
BU16400700,Leudal,355,10.0,40.0,55.0,20.0,35.0,80.0,70.0,50.0
BU16400701,Leudal,50,5.0,15.0,10.0,0.0,0.0,5.0,5.0,10.0
BU16400800,Leudal,220,10.0,25.0,55.0,10.0,20.0,45.0,30.0,20.0
BU16400801,Leudal,95,30.0,15.0,10.0,0.0,10.0,10.0,10.0,10.0
BU16400900,Leudal,70,0.0,10.0,10.0,5.0,5.0,10.0,15.0,10.0
BU16400901,Leudal,155,40.0,30.0,40.0,5.0,5.0,15.0,15.0,5.0
BU16401000,Leudal,140,5.0,20.0,25.0,10.0,5.0,30.0,35.0,15.0
BU16401001,Leudal,50,20.0,5.0,5.0,5.0,5.0,5.0,5.0,5.0
BU16401100,Leudal,110,5.0,15.0,15.0,5.0,5.0,30.0,15.0,15.0
BU16401101,Leudal,70,35.0,5.0,10.0,5.0,5.0,5.0,10.0,5.0
BU16401200,Leudal,30,0.0,0.0,5.0,0.0,5.0,5.0,5.0,5.0
BU16401201,Leudal,50,25.0,5.0,10.0,0.0,0.0,5.0,5.0,5.0
BU16401300,Leudal,65,5.0,10.0,5.0,5.0,0.0,15.0,15.0,10.0
BU16401301,Leudal,70,25.0,5.0,10.0,0.0,5.0,5.0,10.0,10.0
BU16401400,Leudal,105,5.0,15.0,20.0,5.0,10.0,25.0,15.0,10.0
BU16401401,Leudal,25,10.0,0.0,5.0,0.0,0.0,5.0,0.0,0.0
BU16401500,Leudal,140,0.0,25.0,20.0,10.0,5.0,35.0,30.0,15.0
BU16401501,Leudal,120,5.0,30.0,40.0,15.0,5.0,15.0,5.0,5.0
BU03270000,Leusden,180,0.0,15.0,75.0,0.0,20.0,30.0,25.0,15.0
BU03270001,Leusden,45,0.0,5.0,10.0,0.0,0.0,10.0,15.0,5.0
BU03270002,Leusden,60,0.0,5.0,10.0,5.0,5.0,20.0,15.0,5.0
BU03270003,Leusden,105,0.0,5.0,10.0,15.0,10.0,35.0,20.0,10.0
BU03270004,Leusden,65,0.0,5.0,10.0,5.0,0.0,15.0,25.0,5.0
BU03270005,Leusden,70,0.0,5.0,5.0,5.0,10.0,20.0,15.0,10.0
BU03270006,Leusden,55,0.0,5.0,0.0,5.0,5.0,20.0,15.0,5.0
BU03270007,Leusden,80,0.0,10.0,5.0,10.0,5.0,25.0,20.0,10.0
BU03270008,Leusden,135,0.0,10.0,20.0,15.0,10.0,40.0,35.0,15.0
BU03270009,Leusden,135,30.0,15.0,10.0,5.0,15.0,35.0,20.0,10.0
BU03270100,Leusden,215,0.0,15.0,45.0,5.0,30.0,45.0,40.0,30.0
BU03270101,Leusden,75,0.0,15.0,0.0,10.0,5.0,20.0,15.0,5.0
BU03270102,Leusden,95,0.0,5.0,5.0,5.0,10.0,25.0,30.0,15.0
BU03270103,Leusden,195,0.0,10.0,15.0,10.0,15.0,65.0,50.0,25.0
BU03270104,Leusden,60,0.0,5.0,0.0,5.0,0.0,15.0,25.0,5.0
BU03270105,Leusden,135,0.0,10.0,15.0,10.0,10.0,45.0,25.0,20.0
BU03270106,Leusden,110,0.0,10.0,15.0,10.0,5.0,30.0,25.0,15.0
BU03270107,Leusden,60,0.0,5.0,5.0,5.0,5.0,20.0,20.0,0.0
BU03270108,Leusden,235,0.0,20.0,25.0,15.0,15.0,60.0,70.0,30.0
BU03270109,Leusden,425,5.0,40.0,95.0,55.0,45.0,95.0,60.0,35.0
BU03270200,Leusden,250,5.0,25.0,30.0,20.0,25.0,70.0,60.0,20.0
BU03270201,Leusden,300,0.0,20.0,30.0,25.0,40.0,105.0,60.0,20.0
BU03270209,Leusden,230,15.0,15.0,40.0,25.0,20.0,55.0,30.0,25.0
BU03270300,Leusden,255,5.0,50.0,55.0,20.0,15.0,50.0,40.0,30.0
BU03270309,Leusden,180,25.0,25.0,25.0,5.0,20.0,45.0,20.0,15.0
BU03270400,Leusden,80,15.0,15.0,10.0,5.0,10.0,20.0,10.0,5.0
BU03270500,Leusden,180,0.0,15.0,25.0,15.0,15.0,60.0,35.0,15.0
BU03270501,Leusden,180,0.0,15.0,20.0,15.0,25.0,50.0,40.0,15.0
BU17050000,Lingewaard,205,0.0,10.0,65.0,5.0,20.0,30.0,45.0,25.0
BU17050001,Lingewaard,185,0.0,15.0,30.0,5.0,15.0,50.0,50.0,15.0
BU17050002,Lingewaard,80,0.0,5.0,5.0,0.0,10.0,30.0,20.0,10.0
BU17050003,Lingewaard,155,0.0,25.0,15.0,10.0,15.0,45.0,30.0,15.0
BU17050004,Lingewaard,80,0.0,15.0,10.0,5.0,5.0,20.0,15.0,5.0
BU17050005,Lingewaard,140,5.0,20.0,20.0,10.0,5.0,20.0,35.0,25.0
BU17050006,Lingewaard,50,0.0,5.0,0.0,5.0,5.0,10.0,15.0,5.0
BU17050007,Lingewaard,125,0.0,5.0,20.0,10.0,20.0,35.0,30.0,10.0
BU17050008,Lingewaard,85,0.0,15.0,30.0,5.0,10.0,15.0,0.0,5.0
BU17050009,Lingewaard,45,15.0,5.0,10.0,0.0,0.0,10.0,5.0,5.0
BU17050010,Lingewaard,60,10.0,10.0,15.0,5.0,10.0,10.0,5.0,5.0
BU17050011,Lingewaard,45,20.0,5.0,0.0,0.0,5.0,10.0,0.0,0.0
BU17050012,Lingewaard,70,0.0,15.0,20.0,15.0,5.0,15.0,0.0,0.0
BU17050100,Lingewaard,80,0.0,10.0,10.0,5.0,10.0,15.0,15.0,15.0
BU17050101,Lingewaard,80,5.0,10.0,15.0,5.0,10.0,20.0,10.0,5.0
BU17050102,Lingewaard,105,0.0,10.0,30.0,5.0,15.0,10.0,20.0,15.0
BU17050103,Lingewaard,40,0.0,0.0,0.0,5.0,5.0,5.0,15.0,5.0
BU17050104,Lingewaard,70,0.0,20.0,5.0,5.0,5.0,15.0,15.0,10.0
BU17050105,Lingewaard,295,45.0,45.0,40.0,5.0,45.0,55.0,35.0,30.0
BU17050106,Lingewaard,125,5.0,40.0,40.0,5.0,15.0,20.0,5.0,0.0
BU17050200,Lingewaard,195,0.0,25.0,65.0,10.0,15.0,20.0,25.0,35.0
BU17050201,Lingewaard,90,0.0,20.0,10.0,5.0,5.0,25.0,10.0,10.0
BU17050202,Lingewaard,130,0.0,25.0,25.0,5.0,10.0,30.0,15.0,20.0
BU17050203,Lingewaard,170,0.0,25.0,30.0,15.0,10.0,35.0,40.0,20.0
BU17050204,Lingewaard,80,0.0,10.0,10.0,5.0,10.0,20.0,15.0,10.0
BU17050205,Lingewaard,120,0.0,10.0,10.0,5.0,10.0,35.0,30.0,15.0
BU17050206,Lingewaard,95,0.0,25.0,5.0,5.0,5.0,15.0,25.0,15.0
BU17050207,Lingewaard,70,0.0,10.0,5.0,0.0,5.0,25.0,10.0,10.0
BU17050208,Lingewaard,315,5.0,25.0,35.0,20.0,25.0,95.0,85.0,25.0
BU17050209,Lingewaard,135,0.0,25.0,15.0,5.0,5.0,20.0,45.0,15.0
BU17050210,Lingewaard,135,0.0,15.0,25.0,5.0,15.0,40.0,20.0,15.0
BU17050211,Lingewaard,135,0.0,10.0,15.0,5.0,20.0,45.0,25.0,15.0
BU17050212,Lingewaard,255,55.0,55.0,30.0,5.0,25.0,40.0,35.0,15.0
BU17050213,Lingewaard,190,0.0,40.0,75.0,10.0,20.0,30.0,5.0,5.0
BU17050300,Lingewaard,0,,,,,,,,
BU17050400,Lingewaard,170,0.0,45.0,20.0,10.0,15.0,30.0,30.0,15.0
BU17050401,Lingewaard,140,30.0,25.0,20.0,5.0,15.0,20.0,20.0,10.0
BU17050500,Lingewaard,165,5.0,30.0,20.0,15.0,15.0,25.0,30.0,25.0
BU17050501,Lingewaard,135,20.0,25.0,20.0,10.0,10.0,30.0,10.0,10.0
BU17050600,Lingewaard,150,0.0,35.0,25.0,5.0,15.0,20.0,20.0,25.0
BU17050601,Lingewaard,50,10.0,10.0,5.0,0.0,5.0,10.0,10.0,0.0
BU17050700,Lingewaard,35,5.0,0.0,5.0,0.0,5.0,5.0,10.0,5.0
BU05530101,Lisse,200,0.0,60.0,60.0,10.0,10.0,40.0,0.0,15.0
BU05530102,Lisse,120,5.0,15.0,15.0,10.0,10.0,40.0,15.0,15.0
BU05530103,Lisse,110,0.0,10.0,20.0,5.0,15.0,30.0,15.0,20.0
BU05530104,Lisse,185,0.0,20.0,25.0,10.0,10.0,40.0,55.0,20.0
BU05530105,Lisse,125,0.0,15.0,15.0,10.0,10.0,40.0,25.0,10.0
BU05530201,Lisse,170,5.0,15.0,15.0,5.0,30.0,55.0,25.0,20.0
BU05530202,Lisse,215,0.0,30.0,90.0,5.0,10.0,40.0,20.0,20.0
BU05530203,Lisse,330,0.0,30.0,105.0,15.0,40.0,55.0,50.0,35.0
BU05530204,Lisse,100,0.0,5.0,5.0,5.0,25.0,45.0,10.0,5.0
BU05530205,Lisse,195,0.0,20.0,40.0,20.0,30.0,50.0,20.0,15.0
BU05530301,Lisse,185,0.0,35.0,50.0,15.0,20.0,35.0,10.0,15.0
BU05530302,Lisse,95,0.0,10.0,15.0,10.0,10.0,25.0,15.0,15.0
BU05530303,Lisse,125,0.0,15.0,20.0,5.0,5.0,35.0,25.0,15.0
BU05530304,Lisse,125,0.0,15.0,15.0,5.0,10.0,30.0,30.0,20.0
BU05530305,Lisse,10,,,,,,,,
BU05530306,Lisse,105,0.0,10.0,10.0,5.0,10.0,35.0,20.0,10.0
BU05530307,Lisse,105,0.0,15.0,20.0,5.0,15.0,30.0,15.0,10.0
BU05530401,Lisse,20,,,,,,,,
BU05530402,Lisse,100,5.0,20.0,20.0,5.0,10.0,20.0,10.0,10.0
BU05530403,Lisse,15,,,,,,,,
BU05530404,Lisse,30,0.0,5.0,0.0,0.0,0.0,10.0,5.0,5.0
BU05530405,Lisse,210,35.0,15.0,40.0,5.0,35.0,40.0,15.0,25.0
BU02620000,Lochem,190,0.0,10.0,80.0,5.0,15.0,20.0,30.0,30.0
BU02620001,Lochem,245,5.0,35.0,40.0,20.0,15.0,60.0,45.0,25.0
BU02620002,Lochem,105,0.0,10.0,10.0,5.0,10.0,25.0,25.0,15.0
BU02620003,Lochem,355,0.0,25.0,45.0,20.0,50.0,105.0,70.0,40.0
BU02620004,Lochem,165,0.0,5.0,20.0,15.0,15.0,45.0,40.0,25.0
BU02620005,Lochem,220,0.0,50.0,60.0,15.0,20.0,45.0,30.0,5.0
BU02620006,Lochem,150,0.0,10.0,10.0,15.0,15.0,50.0,30.0,15.0
BU02620100,Lochem,15,,,,,,,,
BU02620106,Lochem,70,10.0,0.0,15.0,0.0,5.0,15.0,10.0,10.0
BU02620107,Lochem,60,20.0,5.0,5.0,0.0,5.0,15.0,5.0,5.0
BU02620108,Lochem,70,20.0,0.0,5.0,5.0,5.0,15.0,10.0,5.0
BU02620109,Lochem,115,35.0,10.0,5.0,0.0,15.0,30.0,10.0,10.0
BU02620200,Lochem,210,5.0,25.0,50.0,10.0,25.0,50.0,30.0,25.0
BU02620201,Lochem,20,,,,,,,,
BU02620205,Lochem,95,25.0,5.0,20.0,5.0,15.0,15.0,10.0,0.0
BU02620206,Lochem,150,50.0,15.0,20.0,5.0,30.0,15.0,5.0,10.0
BU02620207,Lochem,210,65.0,20.0,15.0,10.0,15.0,40.0,20.0,20.0
BU02620208,Lochem,45,20.0,5.0,5.0,0.0,5.0,5.0,0.0,5.0
BU02620209,Lochem,10,,,,,,,,
BU02620300,Lochem,80,0.0,15.0,20.0,0.0,5.0,15.0,15.0,10.0
BU02620307,Lochem,45,5.0,0.0,10.0,0.0,10.0,15.0,5.0,5.0
BU02620308,Lochem,75,25.0,5.0,10.0,0.0,5.0,10.0,10.0,5.0
BU02620309,Lochem,65,20.0,5.0,5.0,0.0,5.0,10.0,5.0,10.0
BU02620400,Lochem,450,5.0,25.0,75.0,20.0,45.0,135.0,100.0,45.0
BU02620401,Lochem,320,5.0,20.0,55.0,15.0,35.0,70.0,85.0,35.0
BU02620402,Lochem,240,0.0,10.0,30.0,15.0,40.0,70.0,50.0,25.0
BU02620406,Lochem,100,5.0,10.0,15.0,5.0,10.0,25.0,25.0,5.0
BU02620407,Lochem,110,15.0,5.0,10.0,5.0,15.0,30.0,25.0,5.0
BU02620408,Lochem,110,15.0,10.0,15.0,0.0,10.0,30.0,20.0,15.0
BU02620409,Lochem,210,20.0,20.0,30.0,5.0,20.0,60.0,35.0,15.0
BU02620500,Lochem,115,5.0,15.0,20.0,5.0,5.0,25.0,20.0,15.0
BU02620501,Lochem,65,5.0,10.0,15.0,5.0,5.0,15.0,10.0,5.0
BU02620506,Lochem,55,10.0,0.0,5.0,5.0,10.0,10.0,10.0,5.0
BU02620507,Lochem,50,10.0,5.0,0.0,5.0,5.0,10.0,10.0,10.0
BU02620508,Lochem,220,45.0,30.0,20.0,10.0,20.0,50.0,30.0,15.0
BU02620509,Lochem,70,20.0,5.0,10.0,5.0,5.0,10.0,5.0,5.0
BU08091001,Loon op Zand,150,0.0,35.0,20.0,10.0,10.0,25.0,25.0,20.0
BU08091005,Loon op Zand,50,0.0,10.0,10.0,0.0,0.0,10.0,10.0,5.0
BU08091006,Loon op Zand,65,0.0,10.0,10.0,0.0,5.0,20.0,10.0,10.0
BU08091010,Loon op Zand,55,0.0,15.0,10.0,5.0,5.0,5.0,5.0,15.0
BU08091011,Loon op Zand,50,0.0,5.0,5.0,5.0,0.0,5.0,20.0,5.0
BU08091015,Loon op Zand,30,0.0,15.0,5.0,0.0,0.0,5.0,5.0,5.0
BU08091020,Loon op Zand,150,0.0,15.0,65.0,5.0,10.0,15.0,10.0,25.0
BU08091021,Loon op Zand,55,0.0,10.0,15.0,5.0,0.0,5.0,5.0,10.0
BU08091025,Loon op Zand,60,0.0,25.0,10.0,0.0,0.0,10.0,5.0,10.0
BU08091030,Loon op Zand,80,0.0,20.0,20.0,5.0,0.0,20.0,15.0,5.0
BU08091031,Loon op Zand,75,0.0,15.0,10.0,5.0,5.0,15.0,15.0,5.0
BU08091035,Loon op Zand,200,0.0,55.0,90.0,5.0,10.0,25.0,10.0,10.0
BU08091040,Loon op Zand,120,10.0,25.0,25.0,10.0,15.0,20.0,10.0,10.0
BU08091041,Loon op Zand,120,15.0,20.0,25.0,5.0,10.0,20.0,10.0,10.0
BU08092045,Loon op Zand,125,0.0,15.0,20.0,10.0,15.0,30.0,15.0,20.0
BU08092048,Loon op Zand,45,0.0,10.0,10.0,5.0,0.0,10.0,0.0,5.0
BU08092049,Loon op Zand,70,0.0,10.0,10.0,5.0,10.0,25.0,0.0,5.0
BU08092052,Loon op Zand,110,5.0,30.0,25.0,10.0,0.0,15.0,15.0,15.0
BU08092055,Loon op Zand,140,0.0,40.0,25.0,10.0,5.0,25.0,15.0,15.0
BU08092058,Loon op Zand,75,0.0,5.0,10.0,5.0,15.0,25.0,5.0,5.0
BU08092061,Loon op Zand,85,0.0,15.0,15.0,5.0,10.0,20.0,10.0,5.0
BU08092063,Loon op Zand,70,10.0,10.0,15.0,5.0,10.0,5.0,5.0,10.0
BU08092066,Loon op Zand,20,,,,,,,,
BU08093070,Loon op Zand,335,0.0,55.0,70.0,25.0,35.0,70.0,50.0,30.0
BU08093071,Loon op Zand,80,0.0,10.0,20.0,0.0,10.0,15.0,20.0,5.0
BU08093080,Loon op Zand,125,0.0,20.0,20.0,10.0,10.0,25.0,30.0,15.0
BU08093081,Loon op Zand,120,0.0,10.0,10.0,5.0,15.0,35.0,25.0,15.0
BU08093085,Loon op Zand,40,0.0,5.0,25.0,0.0,0.0,5.0,0.0,0.0
BU08093090,Loon op Zand,40,5.0,5.0,10.0,0.0,5.0,5.0,5.0,0.0
BU08093091,Loon op Zand,65,10.0,5.0,10.0,5.0,10.0,15.0,5.0,5.0
BU08093092,Loon op Zand,5,,,,,,,,
BU08094095,Loon op Zand,120,25.0,25.0,20.0,5.0,10.0,25.0,10.0,10.0
BU03310000,Lopik,515,15.0,125.0,80.0,40.0,30.0,95.0,80.0,45.0
BU03310001,Lopik,130,20.0,30.0,20.0,10.0,10.0,20.0,10.0,10.0
BU03310002,Lopik,100,15.0,20.0,15.0,5.0,0.0,30.0,10.0,5.0
BU03310003,Lopik,80,15.0,25.0,5.0,5.0,0.0,15.0,10.0,0.0
BU03310004,Lopik,35,0.0,10.0,5.0,0.0,0.0,10.0,0.0,0.0
BU03310005,Lopik,55,15.0,15.0,5.0,5.0,5.0,5.0,5.0,0.0
BU03310006,Lopik,110,15.0,30.0,15.0,5.0,15.0,15.0,10.0,10.0
BU03310007,Lopik,60,15.0,15.0,5.0,0.0,0.0,10.0,10.0,0.0
BU03310008,Lopik,90,20.0,20.0,5.0,5.0,10.0,20.0,0.0,5.0
BU03310009,Lopik,165,5.0,50.0,45.0,15.0,15.0,25.0,5.0,5.0
BU03310010,Lopik,245,15.0,60.0,25.0,15.0,25.0,50.0,35.0,20.0
BU03310019,Lopik,260,60.0,45.0,35.0,10.0,25.0,50.0,15.0,15.0
BU03310020,Lopik,70,10.0,10.0,10.0,0.0,5.0,15.0,10.0,5.0
BU03310029,Lopik,135,30.0,30.0,10.0,5.0,10.0,30.0,10.0,5.0
BU01680001,Losser,505,5.0,55.0,100.0,35.0,40.0,115.0,85.0,70.0
BU01680002,Losser,135,0.0,30.0,60.0,5.0,5.0,15.0,5.0,10.0
BU01680003,Losser,455,5.0,40.0,125.0,15.0,45.0,70.0,100.0,60.0
BU01680009,Losser,120,45.0,10.0,20.0,0.0,10.0,15.0,20.0,5.0
BU01680101,Losser,20,,,,,,,,
BU01680102,Losser,5,,,,,,,,
BU01680109,Losser,30,5.0,5.0,5.0,0.0,0.0,5.0,5.0,0.0
BU01680201,Losser,255,5.0,50.0,70.0,15.0,10.0,35.0,50.0,25.0
BU01680209,Losser,90,25.0,10.0,15.0,0.0,5.0,15.0,10.0,5.0
BU01680301,Losser,315,10.0,50.0,75.0,15.0,30.0,65.0,35.0,30.0
BU01680309,Losser,265,85.0,30.0,45.0,10.0,30.0,35.0,15.0,15.0
BU01680401,Losser,25,0.0,5.0,5.0,0.0,0.0,5.0,5.0,5.0
BU01680409,Losser,125,60.0,5.0,15.0,5.0,10.0,15.0,10.0,10.0
BU02630000,Maasdriel,865,20.0,220.0,165.0,75.0,75.0,150.0,90.0,75.0
BU02630001,Maasdriel,150,5.0,40.0,30.0,10.0,15.0,20.0,15.0,20.0
BU02630002,Maasdriel,50,10.0,10.0,10.0,0.0,5.0,10.0,0.0,5.0
BU02630003,Maasdriel,75,5.0,20.0,10.0,5.0,5.0,10.0,10.0,10.0
BU02630006,Maasdriel,75,15.0,20.0,15.0,5.0,5.0,10.0,5.0,0.0
BU02630007,Maasdriel,190,25.0,50.0,40.0,15.0,20.0,30.0,5.0,15.0
BU02630008,Maasdriel,170,35.0,30.0,45.0,5.0,10.0,30.0,5.0,10.0
BU02630009,Maasdriel,70,15.0,15.0,15.0,5.0,5.0,5.0,5.0,5.0
BU02630010,Maasdriel,30,10.0,5.0,5.0,0.0,0.0,0.0,5.0,0.0
BU02630100,Maasdriel,395,15.0,85.0,85.0,15.0,40.0,65.0,45.0,45.0
BU02630101,Maasdriel,80,0.0,25.0,10.0,0.0,10.0,10.0,15.0,5.0
BU02630102,Maasdriel,60,5.0,10.0,10.0,0.0,5.0,10.0,10.0,5.0
BU02630108,Maasdriel,35,10.0,5.0,5.0,0.0,5.0,10.0,0.0,5.0
BU02630109,Maasdriel,180,25.0,35.0,30.0,10.0,20.0,35.0,5.0,15.0
BU02630200,Maasdriel,545,5.0,110.0,100.0,40.0,50.0,125.0,70.0,45.0
BU02630208,Maasdriel,105,15.0,20.0,15.0,5.0,10.0,20.0,10.0,10.0
BU02630209,Maasdriel,175,25.0,30.0,50.0,10.0,15.0,15.0,15.0,10.0
BU02630300,Maasdriel,145,0.0,50.0,15.0,5.0,5.0,35.0,10.0,20.0
BU02630301,Maasdriel,60,0.0,15.0,15.0,0.0,5.0,20.0,5.0,0.0
BU02630309,Maasdriel,35,5.0,10.0,5.0,0.0,0.0,5.0,5.0,5.0
BU02630400,Maasdriel,290,5.0,55.0,30.0,20.0,20.0,85.0,40.0,35.0
BU02630401,Maasdriel,105,5.0,15.0,15.0,5.0,5.0,35.0,10.0,15.0
BU02630408,Maasdriel,155,30.0,30.0,30.0,10.0,5.0,25.0,15.0,10.0
BU02630409,Maasdriel,25,10.0,5.0,0.0,0.0,0.0,0.0,0.0,5.0
BU16410000,Maasgouw,795,5.0,80.0,135.0,220.0,70.0,105.0,110.0,75.0
BU16410001,Maasgouw,150,10.0,25.0,20.0,10.0,25.0,25.0,20.0,15.0
BU16410009,Maasgouw,15,,,,,,,,
BU16410100,Maasgouw,405,10.0,65.0,70.0,30.0,35.0,75.0,60.0,60.0
BU16410109,Maasgouw,10,,,,,,,,
BU16410200,Maasgouw,150,5.0,25.0,25.0,10.0,10.0,30.0,25.0,15.0
BU16410201,Maasgouw,40,5.0,5.0,10.0,0.0,0.0,10.0,5.0,5.0
BU16410300,Maasgouw,25,5.0,5.0,5.0,0.0,0.0,0.0,5.0,0.0
BU16410301,Maasgouw,90,0.0,10.0,15.0,5.0,10.0,20.0,15.0,15.0
BU16410400,Maasgouw,270,5.0,25.0,60.0,10.0,15.0,55.0,40.0,55.0
BU16410409,Maasgouw,20,,,,,,,,
BU16410500,Maasgouw,375,5.0,30.0,55.0,25.0,30.0,95.0,90.0,45.0
BU16410501,Maasgouw,70,0.0,15.0,15.0,0.0,5.0,10.0,15.0,10.0
BU16410509,Maasgouw,45,5.0,5.0,10.0,0.0,5.0,5.0,5.0,10.0
BU16410600,Maasgouw,215,0.0,25.0,45.0,15.0,15.0,40.0,45.0,30.0
BU16410700,Maasgouw,205,5.0,40.0,30.0,25.0,15.0,40.0,30.0,20.0
BU19910101,Maashorst,600,0.0,60.0,245.0,30.0,40.0,90.0,55.0,80.0
BU19910102,Maashorst,190,0.0,35.0,40.0,5.0,15.0,35.0,35.0,25.0
BU19910103,Maashorst,140,5.0,15.0,30.0,10.0,20.0,25.0,25.0,20.0
BU19910104,Maashorst,20,,,,,,,,
BU19910105,Maashorst,330,0.0,70.0,50.0,20.0,25.0,60.0,70.0,35.0
BU19910106,Maashorst,220,0.0,45.0,20.0,10.0,0.0,45.0,65.0,30.0
BU19910107,Maashorst,145,0.0,25.0,20.0,0.0,15.0,35.0,25.0,20.0
BU19910108,Maashorst,50,0.0,0.0,5.0,0.0,20.0,10.0,5.0,5.0
BU19910109,Maashorst,195,0.0,15.0,30.0,10.0,30.0,60.0,45.0,10.0
BU19910110,Maashorst,325,0.0,65.0,45.0,20.0,20.0,80.0,60.0,35.0
BU19910111,Maashorst,230,0.0,30.0,35.0,15.0,25.0,60.0,35.0,35.0
BU19910112,Maashorst,35,0.0,0.0,5.0,0.0,5.0,5.0,5.0,10.0
BU19910113,Maashorst,415,0.0,45.0,40.0,20.0,65.0,125.0,80.0,35.0
BU19910114,Maashorst,125,0.0,30.0,40.0,10.0,10.0,20.0,0.0,5.0
BU19910115,Maashorst,800,5.0,145.0,215.0,60.0,70.0,190.0,65.0,50.0
BU19910116,Maashorst,505,0.0,50.0,55.0,35.0,60.0,160.0,90.0,50.0
BU19910117,Maashorst,90,5.0,10.0,15.0,5.0,15.0,20.0,15.0,5.0
BU19910196,Maashorst,35,10.0,5.0,5.0,0.0,5.0,0.0,0.0,10.0
BU19910197,Maashorst,75,25.0,15.0,5.0,0.0,10.0,5.0,5.0,5.0
BU19910198,Maashorst,155,45.0,20.0,25.0,5.0,15.0,15.0,15.0,10.0
BU19910199,Maashorst,140,15.0,20.0,25.0,10.0,15.0,25.0,25.0,10.0
BU19910201,Maashorst,225,0.0,40.0,65.0,5.0,25.0,25.0,30.0,35.0
BU19910298,Maashorst,0,,,,,,,,
BU19910299,Maashorst,250,35.0,50.0,45.0,15.0,30.0,40.0,20.0,20.0
BU19910301,Maashorst,160,5.0,45.0,25.0,10.0,10.0,25.0,20.0,25.0
BU19910399,Maashorst,170,60.0,30.0,25.0,5.0,20.0,10.0,15.0,5.0
BU19910401,Maashorst,780,40.0,170.0,145.0,35.0,100.0,130.0,95.0,70.0
BU19910402,Maashorst,140,25.0,10.0,30.0,5.0,20.0,25.0,10.0,15.0
BU19910403,Maashorst,90,20.0,20.0,10.0,0.0,10.0,15.0,5.0,5.0
BU19910404,Maashorst,20,,,,,,,,
BU19910501,Maashorst,200,15.0,35.0,20.0,10.0,20.0,40.0,50.0,15.0
BU19910502,Maashorst,60,15.0,5.0,15.0,5.0,0.0,10.0,5.0,5.0
BU19910601,Maashorst,460,20.0,90.0,80.0,20.0,60.0,85.0,65.0,45.0
BU19910602,Maashorst,105,10.0,30.0,30.0,5.0,10.0,10.0,5.0,5.0
BU19910603,Maashorst,70,5.0,15.0,10.0,5.0,5.0,15.0,5.0,10.0
BU19910604,Maashorst,75,20.0,15.0,5.0,5.0,5.0,5.0,10.0,5.0
BU19910605,Maashorst,40,5.0,5.0,5.0,5.0,5.0,5.0,10.0,5.0
BU19910606,Maashorst,60,25.0,5.0,10.0,5.0,5.0,5.0,5.0,0.0
BU19910607,Maashorst,35,15.0,5.0,5.0,0.0,0.0,0.0,5.0,5.0
BU05560101,Maassluis,285,5.0,65.0,40.0,25.0,20.0,55.0,45.0,25.0
BU05560201,Maassluis,360,0.0,45.0,90.0,35.0,25.0,70.0,50.0,45.0
BU05560202,Maassluis,40,0.0,5.0,5.0,0.0,0.0,10.0,15.0,5.0
BU05560203,Maassluis,155,0.0,35.0,25.0,10.0,15.0,30.0,25.0,10.0
BU05560301,Maassluis,330,15.0,70.0,50.0,15.0,30.0,60.0,55.0,30.0
BU05560302,Maassluis,160,10.0,40.0,15.0,10.0,10.0,35.0,30.0,15.0
BU05560303,Maassluis,145,0.0,25.0,45.0,5.0,5.0,15.0,20.0,25.0
BU05560401,Maassluis,275,5.0,60.0,70.0,15.0,25.0,55.0,35.0,15.0
BU05560402,Maassluis,135,5.0,30.0,10.0,15.0,10.0,25.0,30.0,10.0
BU05560403,Maassluis,215,5.0,30.0,70.0,15.0,15.0,25.0,35.0,25.0
BU05560404,Maassluis,145,0.0,20.0,25.0,15.0,20.0,45.0,15.0,5.0
BU05560405,Maassluis,90,0.0,15.0,30.0,10.0,10.0,15.0,0.0,5.0
BU05560501,Maassluis,290,10.0,60.0,35.0,20.0,20.0,65.0,35.0,45.0
BU05560502,Maassluis,225,5.0,40.0,30.0,20.0,15.0,50.0,40.0,20.0
BU05560601,Maassluis,205,10.0,40.0,30.0,20.0,10.0,40.0,25.0,25.0
BU05560602,Maassluis,180,5.0,50.0,15.0,15.0,15.0,35.0,25.0,15.0
BU05560701,Maassluis,30,5.0,5.0,5.0,0.0,5.0,0.0,5.0,5.0
BU05560702,Maassluis,45,0.0,5.0,15.0,10.0,5.0,10.0,0.0,0.0
BU05560801,Maassluis,110,0.0,10.0,20.0,10.0,20.0,30.0,15.0,5.0
BU09350000,Maastricht,865,0.0,25.0,530.0,25.0,50.0,95.0,40.0,95.0
BU09350001,Maastricht,400,0.0,25.0,115.0,5.0,50.0,85.0,60.0,60.0
BU09350002,Maastricht,305,0.0,5.0,60.0,15.0,15.0,100.0,60.0,50.0
BU09350003,Maastricht,580,0.0,30.0,110.0,50.0,55.0,145.0,100.0,95.0
BU09350004,Maastricht,350,0.0,10.0,80.0,35.0,55.0,75.0,50.0,45.0
BU09350005,Maastricht,175,0.0,10.0,20.0,20.0,5.0,55.0,35.0,35.0
BU09350006,Maastricht,1150,0.0,45.0,290.0,70.0,155.0,350.0,130.0,110.0
BU09350100,Maastricht,550,0.0,20.0,55.0,25.0,65.0,180.0,135.0,70.0
BU09350101,Maastricht,190,0.0,15.0,15.0,10.0,20.0,55.0,40.0,25.0
BU09350102,Maastricht,230,0.0,10.0,25.0,15.0,30.0,65.0,55.0,30.0
BU09350103,Maastricht,125,0.0,10.0,10.0,5.0,15.0,45.0,25.0,15.0
BU09350104,Maastricht,155,5.0,15.0,15.0,10.0,10.0,40.0,35.0,30.0
BU09350105,Maastricht,80,0.0,5.0,10.0,5.0,5.0,25.0,10.0,15.0
BU09350200,Maastricht,525,0.0,35.0,90.0,40.0,15.0,125.0,140.0,80.0
BU09350201,Maastricht,430,0.0,30.0,70.0,30.0,15.0,115.0,90.0,70.0
BU09350202,Maastricht,170,0.0,15.0,20.0,10.0,5.0,40.0,45.0,35.0
BU09350203,Maastricht,135,0.0,20.0,20.0,10.0,5.0,40.0,30.0,15.0
BU09350204,Maastricht,105,0.0,10.0,15.0,15.0,0.0,30.0,15.0,20.0
BU09350205,Maastricht,180,0.0,25.0,45.0,20.0,5.0,30.0,30.0,30.0
BU09350206,Maastricht,165,5.0,20.0,30.0,10.0,10.0,35.0,30.0,25.0
BU09350207,Maastricht,270,0.0,55.0,45.0,30.0,5.0,50.0,50.0,35.0
BU09350208,Maastricht,175,0.0,30.0,20.0,15.0,10.0,45.0,30.0,25.0
BU09350209,Maastricht,325,0.0,45.0,45.0,25.0,15.0,60.0,80.0,55.0
BU09350300,Maastricht,150,0.0,15.0,20.0,10.0,5.0,35.0,35.0,30.0
BU09350301,Maastricht,55,0.0,15.0,30.0,0.0,0.0,5.0,0.0,5.0
BU09350302,Maastricht,70,0.0,5.0,0.0,5.0,5.0,25.0,15.0,5.0
BU09350303,Maastricht,60,0.0,20.0,15.0,5.0,5.0,10.0,0.0,5.0
BU09350304,Maastricht,10,,,,,,,,
BU09350400,Maastricht,340,0.0,25.0,50.0,25.0,15.0,95.0,90.0,45.0
BU09350401,Maastricht,240,0.0,25.0,40.0,25.0,15.0,65.0,45.0,20.0
BU09350402,Maastricht,475,0.0,45.0,105.0,40.0,20.0,90.0,95.0,80.0
BU09350403,Maastricht,220,0.0,30.0,45.0,20.0,15.0,50.0,25.0,30.0
BU09350404,Maastricht,130,0.0,20.0,35.0,15.0,0.0,25.0,20.0,15.0
BU09350405,Maastricht,730,5.0,35.0,115.0,40.0,55.0,195.0,205.0,85.0
BU09350406,Maastricht,620,0.0,60.0,80.0,35.0,50.0,165.0,150.0,85.0
BU09350500,Maastricht,285,0.0,80.0,100.0,25.0,30.0,45.0,5.0,5.0
BU09350501,Maastricht,140,5.0,20.0,20.0,5.0,5.0,35.0,20.0,25.0
BU09350502,Maastricht,95,0.0,15.0,15.0,10.0,5.0,25.0,15.0,10.0
BU09350503,Maastricht,30,0.0,0.0,0.0,0.0,0.0,10.0,10.0,0.0
BU09350600,Maastricht,530,0.0,55.0,105.0,45.0,50.0,135.0,105.0,30.0
BU09350601,Maastricht,320,0.0,20.0,45.0,25.0,25.0,80.0,80.0,40.0
BU09350602,Maastricht,605,0.0,75.0,125.0,35.0,25.0,125.0,120.0,100.0
BU09350603,Maastricht,435,0.0,50.0,110.0,35.0,15.0,65.0,95.0,65.0
BU09350604,Maastricht,120,5.0,5.0,15.0,5.0,15.0,45.0,30.0,10.0
BU04200101,Medemblik,395,10.0,90.0,100.0,15.0,30.0,70.0,35.0,45.0
BU04200102,Medemblik,125,5.0,55.0,15.0,10.0,10.0,15.0,10.0,10.0
BU04200103,Medemblik,60,0.0,15.0,5.0,0.0,5.0,10.0,10.0,10.0
BU04200104,Medemblik,135,0.0,75.0,15.0,5.0,5.0,15.0,10.0,10.0
BU04200105,Medemblik,180,5.0,90.0,15.0,5.0,10.0,25.0,15.0,10.0
BU04200106,Medemblik,130,0.0,45.0,10.0,5.0,15.0,30.0,10.0,15.0
BU04200107,Medemblik,170,0.0,50.0,50.0,5.0,15.0,20.0,15.0,10.0
BU04200108,Medemblik,5,,,,,,,,
BU04200109,Medemblik,5,,,,,,,,
BU04200110,Medemblik,25,15.0,0.0,5.0,0.0,0.0,5.0,0.0,0.0
BU04200201,Medemblik,175,10.0,40.0,25.0,10.0,10.0,40.0,25.0,15.0
BU04200202,Medemblik,55,15.0,10.0,5.0,0.0,5.0,5.0,5.0,5.0
BU04200301,Medemblik,145,5.0,25.0,20.0,15.0,10.0,40.0,20.0,15.0
BU04200302,Medemblik,35,5.0,5.0,10.0,0.0,0.0,5.0,5.0,5.0
BU04200401,Medemblik,40,5.0,10.0,5.0,5.0,0.0,5.0,0.0,5.0
BU04200501,Medemblik,230,10.0,55.0,35.0,20.0,10.0,45.0,35.0,25.0
BU04200502,Medemblik,25,5.0,5.0,5.0,0.0,0.0,5.0,5.0,0.0
BU04200601,Medemblik,70,5.0,15.0,10.0,5.0,5.0,20.0,5.0,5.0
BU04200602,Medemblik,55,15.0,10.0,5.0,5.0,5.0,10.0,0.0,5.0
BU04200701,Medemblik,45,0.0,10.0,5.0,0.0,5.0,15.0,5.0,5.0
BU04200702,Medemblik,100,20.0,20.0,15.0,5.0,5.0,15.0,10.0,5.0
BU04200801,Medemblik,170,0.0,30.0,25.0,10.0,20.0,35.0,30.0,20.0
BU04200802,Medemblik,165,0.0,25.0,25.0,10.0,15.0,40.0,30.0,20.0
BU04200803,Medemblik,115,5.0,15.0,10.0,5.0,15.0,30.0,25.0,15.0
BU04200804,Medemblik,60,0.0,10.0,5.0,5.0,10.0,10.0,15.0,0.0
BU04200805,Medemblik,0,,,,,,,,
BU04200806,Medemblik,55,5.0,15.0,5.0,5.0,5.0,10.0,5.0,5.0
BU04200807,Medemblik,65,0.0,15.0,10.0,5.0,15.0,15.0,5.0,0.0
BU04200808,Medemblik,5,,,,,,,,
BU04200809,Medemblik,130,30.0,20.0,15.0,5.0,15.0,30.0,10.0,5.0
BU04200901,Medemblik,55,5.0,10.0,5.0,0.0,5.0,10.0,5.0,10.0
BU04200902,Medemblik,35,15.0,5.0,5.0,0.0,0.0,5.0,0.0,5.0
BU04201001,Medemblik,190,15.0,45.0,30.0,15.0,10.0,35.0,25.0,15.0
BU04201002,Medemblik,40,0.0,10.0,20.0,0.0,0.0,5.0,0.0,0.0
BU04201003,Medemblik,60,15.0,10.0,10.0,5.0,10.0,5.0,0.0,5.0
BU04201101,Medemblik,210,0.0,45.0,15.0,15.0,15.0,40.0,50.0,30.0
BU04201102,Medemblik,55,10.0,15.0,5.0,5.0,5.0,10.0,0.0,5.0
BU04201201,Medemblik,110,5.0,20.0,15.0,5.0,5.0,25.0,15.0,15.0
BU04201202,Medemblik,40,15.0,5.0,5.0,0.0,5.0,5.0,5.0,0.0
BU04201301,Medemblik,105,15.0,30.0,10.0,5.0,5.0,20.0,10.0,10.0
BU04201401,Medemblik,105,10.0,30.0,15.0,5.0,10.0,20.0,10.0,5.0
BU04201402,Medemblik,210,5.0,50.0,75.0,10.0,15.0,35.0,5.0,10.0
BU04201403,Medemblik,100,20.0,15.0,25.0,5.0,15.0,5.0,10.0,10.0
BU04201501,Medemblik,270,5.0,90.0,35.0,15.0,20.0,40.0,40.0,30.0
BU04201502,Medemblik,290,10.0,70.0,40.0,15.0,30.0,45.0,50.0,30.0
BU04201503,Medemblik,165,0.0,50.0,15.0,10.0,15.0,45.0,15.0,15.0
BU04201504,Medemblik,0,,,,,,,,
BU04201505,Medemblik,80,45.0,10.0,5.0,0.0,5.0,5.0,5.0,5.0
BU04201506,Medemblik,185,5.0,60.0,25.0,5.0,15.0,35.0,15.0,20.0
BU04201507,Medemblik,60,5.0,10.0,10.0,0.0,5.0,15.0,5.0,5.0
BU04201508,Medemblik,20,,,,,,,,
BU04201601,Medemblik,175,5.0,30.0,20.0,10.0,20.0,35.0,40.0,15.0
BU04201602,Medemblik,75,10.0,15.0,10.0,5.0,5.0,10.0,10.0,5.0
BU04201603,Medemblik,145,10.0,40.0,20.0,5.0,15.0,35.0,10.0,15.0
BU04201604,Medemblik,145,5.0,35.0,20.0,5.0,10.0,30.0,25.0,10.0
BU04201605,Medemblik,160,5.0,45.0,25.0,5.0,15.0,30.0,25.0,10.0
BU04201606,Medemblik,10,,,,,,,,
BU04201607,Medemblik,5,,,,,,,,
BU04201608,Medemblik,100,5.0,40.0,25.0,10.0,5.0,10.0,0.0,5.0
BU04201609,Medemblik,0,,,,,,,,
BU04201610,Medemblik,135,80.0,10.0,10.0,5.0,15.0,10.0,5.0,5.0
BU09380000,Meerssen,610,5.0,60.0,125.0,30.0,40.0,140.0,125.0,85.0
BU09380001,Meerssen,175,5.0,30.0,30.0,10.0,5.0,40.0,35.0,25.0
BU09380002,Meerssen,75,0.0,20.0,20.0,0.0,5.0,15.0,5.0,5.0
BU09380003,Meerssen,30,10.0,5.0,5.0,0.0,5.0,5.0,0.0,0.0
BU09380009,Meerssen,15,,,,,,,,
BU09380100,Meerssen,285,15.0,25.0,40.0,20.0,25.0,65.0,55.0,35.0
BU09380109,Meerssen,45,10.0,5.0,10.0,0.0,5.0,10.0,5.0,5.0
BU09380200,Meerssen,505,10.0,40.0,55.0,35.0,50.0,140.0,115.0,60.0
BU09380201,Meerssen,65,0.0,5.0,5.0,0.0,15.0,15.0,15.0,5.0
BU09380202,Meerssen,20,,,,,,,,
BU09380203,Meerssen,95,5.0,5.0,10.0,5.0,5.0,30.0,15.0,20.0
BU09380204,Meerssen,105,0.0,15.0,25.0,5.0,10.0,15.0,20.0,20.0
BU09380205,Meerssen,45,5.0,5.0,5.0,5.0,0.0,10.0,15.0,5.0
BU09380206,Meerssen,50,0.0,10.0,5.0,0.0,0.0,10.0,10.0,5.0
BU19480101,Meierijstad,60,5.0,10.0,5.0,0.0,5.0,15.0,10.0,10.0
BU19480102,Meierijstad,85,0.0,20.0,10.0,5.0,5.0,15.0,20.0,10.0
BU19480103,Meierijstad,50,20.0,5.0,5.0,0.0,5.0,5.0,0.0,0.0
BU19480104,Meierijstad,65,20.0,10.0,5.0,5.0,10.0,10.0,0.0,5.0
BU19480105,Meierijstad,35,10.0,5.0,0.0,0.0,5.0,5.0,5.0,5.0
BU19480106,Meierijstad,70,20.0,10.0,15.0,0.0,5.0,10.0,5.0,5.0
BU19480107,Meierijstad,80,25.0,15.0,10.0,5.0,15.0,5.0,5.0,5.0
BU19480108,Meierijstad,95,35.0,10.0,5.0,5.0,15.0,10.0,5.0,10.0
BU19480109,Meierijstad,90,0.0,10.0,10.0,5.0,10.0,20.0,20.0,15.0
BU19480110,Meierijstad,95,0.0,15.0,20.0,5.0,10.0,15.0,20.0,10.0
BU19480111,Meierijstad,135,0.0,45.0,30.0,5.0,20.0,15.0,10.0,15.0
BU19480112,Meierijstad,80,5.0,25.0,10.0,0.0,10.0,10.0,10.0,10.0
BU19480113,Meierijstad,110,5.0,25.0,10.0,5.0,15.0,25.0,15.0,10.0
BU19480201,Meierijstad,185,0.0,75.0,30.0,5.0,5.0,30.0,20.0,20.0
BU19480202,Meierijstad,155,0.0,50.0,15.0,10.0,15.0,30.0,20.0,15.0
BU19480203,Meierijstad,75,15.0,10.0,10.0,0.0,15.0,10.0,5.0,10.0
BU19480204,Meierijstad,100,10.0,20.0,15.0,0.0,15.0,20.0,5.0,15.0
BU19480205,Meierijstad,240,25.0,75.0,30.0,5.0,15.0,40.0,35.0,25.0
BU19480206,Meierijstad,70,10.0,25.0,5.0,5.0,5.0,10.0,5.0,5.0
BU19480207,Meierijstad,95,15.0,15.0,15.0,5.0,15.0,20.0,5.0,10.0
BU19480208,Meierijstad,25,10.0,5.0,0.0,0.0,0.0,5.0,5.0,0.0
BU19480209,Meierijstad,40,5.0,10.0,10.0,0.0,10.0,5.0,0.0,0.0
BU19480210,Meierijstad,180,0.0,55.0,15.0,5.0,10.0,40.0,35.0,20.0
BU19480211,Meierijstad,70,0.0,20.0,20.0,5.0,0.0,5.0,10.0,15.0
BU19480212,Meierijstad,155,0.0,25.0,25.0,10.0,15.0,30.0,30.0,20.0
BU19480213,Meierijstad,30,0.0,5.0,5.0,0.0,5.0,5.0,5.0,5.0
BU19480214,Meierijstad,180,0.0,40.0,75.0,5.0,20.0,30.0,0.0,0.0
BU19480215,Meierijstad,90,0.0,35.0,20.0,5.0,5.0,15.0,5.0,0.0
BU19480216,Meierijstad,115,0.0,35.0,10.0,5.0,5.0,30.0,20.0,10.0
BU19480217,Meierijstad,180,0.0,70.0,25.0,5.0,5.0,25.0,35.0,15.0
BU19480218,Meierijstad,110,0.0,25.0,15.0,0.0,15.0,20.0,25.0,10.0
BU19480219,Meierijstad,195,0.0,45.0,20.0,10.0,20.0,45.0,30.0,20.0
BU19480220,Meierijstad,110,0.0,40.0,30.0,5.0,5.0,10.0,10.0,10.0
BU19480221,Meierijstad,110,5.0,30.0,15.0,5.0,5.0,10.0,20.0,25.0
BU19480222,Meierijstad,35,0.0,10.0,5.0,0.0,5.0,5.0,5.0,5.0
BU19480223,Meierijstad,60,0.0,15.0,5.0,0.0,5.0,15.0,10.0,10.0
BU19480224,Meierijstad,95,0.0,20.0,40.0,5.0,10.0,5.0,5.0,10.0
BU19480225,Meierijstad,115,0.0,15.0,50.0,5.0,10.0,20.0,10.0,10.0
BU19480226,Meierijstad,110,0.0,15.0,30.0,5.0,15.0,20.0,10.0,15.0
BU19480227,Meierijstad,125,0.0,30.0,20.0,0.0,10.0,15.0,35.0,15.0
BU19480228,Meierijstad,90,0.0,10.0,15.0,5.0,20.0,25.0,15.0,0.0
BU19480229,Meierijstad,160,0.0,50.0,15.0,5.0,15.0,30.0,25.0,15.0
BU19480301,Meierijstad,55,0.0,10.0,5.0,0.0,5.0,10.0,15.0,5.0
BU19480302,Meierijstad,85,0.0,20.0,15.0,5.0,5.0,15.0,15.0,10.0
BU19480303,Meierijstad,175,45.0,30.0,25.0,5.0,25.0,25.0,15.0,10.0
BU19480304,Meierijstad,150,50.0,30.0,15.0,5.0,10.0,20.0,10.0,10.0
BU19480305,Meierijstad,80,25.0,15.0,10.0,0.0,5.0,10.0,5.0,5.0
BU19480306,Meierijstad,100,30.0,15.0,10.0,5.0,10.0,15.0,5.0,15.0
BU19480307,Meierijstad,70,20.0,10.0,10.0,0.0,5.0,5.0,10.0,15.0
BU19480308,Meierijstad,70,25.0,10.0,10.0,0.0,5.0,10.0,5.0,5.0
BU19480309,Meierijstad,205,55.0,30.0,30.0,5.0,25.0,30.0,15.0,15.0
BU19480310,Meierijstad,100,5.0,15.0,10.0,5.0,10.0,20.0,20.0,15.0
BU19480311,Meierijstad,195,5.0,30.0,25.0,15.0,15.0,50.0,35.0,20.0
BU19480312,Meierijstad,180,0.0,30.0,30.0,10.0,35.0,45.0,15.0,10.0
BU19480313,Meierijstad,70,0.0,10.0,10.0,0.0,5.0,15.0,15.0,10.0
BU19480314,Meierijstad,200,0.0,35.0,30.0,5.0,25.0,40.0,40.0,30.0
BU19480315,Meierijstad,245,5.0,75.0,50.0,15.0,15.0,35.0,20.0,30.0
BU19480316,Meierijstad,75,5.0,20.0,5.0,0.0,5.0,10.0,15.0,10.0
BU19480317,Meierijstad,235,0.0,35.0,70.0,5.0,10.0,40.0,45.0,30.0
BU19480318,Meierijstad,235,5.0,40.0,45.0,5.0,25.0,70.0,35.0,15.0
BU19480401,Meierijstad,165,0.0,30.0,20.0,15.0,15.0,40.0,40.0,10.0
BU19480402,Meierijstad,180,0.0,20.0,25.0,15.0,15.0,50.0,40.0,15.0
BU19480403,Meierijstad,260,0.0,60.0,75.0,15.0,15.0,50.0,20.0,25.0
BU19480404,Meierijstad,135,0.0,25.0,35.0,5.0,5.0,35.0,15.0,10.0
BU19480405,Meierijstad,60,15.0,10.0,10.0,0.0,5.0,10.0,5.0,5.0
BU19480406,Meierijstad,75,15.0,15.0,10.0,0.0,10.0,5.0,10.0,5.0
BU19480407,Meierijstad,55,10.0,15.0,10.0,0.0,10.0,5.0,0.0,5.0
BU19480408,Meierijstad,35,15.0,5.0,5.0,0.0,0.0,0.0,0.0,5.0
BU19480409,Meierijstad,100,25.0,10.0,15.0,0.0,15.0,10.0,10.0,10.0
BU19480410,Meierijstad,70,15.0,10.0,10.0,5.0,5.0,5.0,10.0,10.0
BU19480411,Meierijstad,130,40.0,20.0,20.0,5.0,15.0,15.0,10.0,10.0
BU19480412,Meierijstad,130,0.0,15.0,20.0,10.0,10.0,25.0,30.0,20.0
BU19480413,Meierijstad,95,0.0,10.0,15.0,5.0,10.0,25.0,20.0,10.0
BU19480414,Meierijstad,90,0.0,25.0,10.0,10.0,5.0,15.0,20.0,10.0
BU19480415,Meierijstad,100,0.0,10.0,5.0,5.0,30.0,30.0,10.0,10.0
BU19480416,Meierijstad,110,0.0,15.0,45.0,20.0,5.0,20.0,0.0,5.0
BU19480417,Meierijstad,210,0.0,40.0,75.0,20.0,25.0,40.0,5.0,5.0
BU19480418,Meierijstad,130,5.0,45.0,15.0,5.0,15.0,25.0,15.0,10.0
BU19480419,Meierijstad,95,5.0,10.0,15.0,10.0,5.0,25.0,15.0,10.0
BU19480420,Meierijstad,65,0.0,20.0,5.0,5.0,0.0,10.0,15.0,5.0
BU19480421,Meierijstad,70,0.0,5.0,10.0,5.0,10.0,25.0,10.0,10.0
BU19480422,Meierijstad,130,0.0,20.0,20.0,5.0,20.0,35.0,20.0,10.0
BU19480423,Meierijstad,185,0.0,25.0,25.0,15.0,25.0,45.0,35.0,15.0
BU19480424,Meierijstad,125,0.0,30.0,15.0,10.0,0.0,25.0,20.0,20.0
BU19480425,Meierijstad,75,0.0,15.0,15.0,10.0,0.0,10.0,15.0,10.0
BU19480426,Meierijstad,115,0.0,20.0,15.0,10.0,15.0,25.0,15.0,15.0
BU19480427,Meierijstad,150,0.0,20.0,25.0,5.0,15.0,40.0,25.0,15.0
BU19480428,Meierijstad,65,0.0,5.0,15.0,5.0,10.0,20.0,10.0,5.0
BU19480429,Meierijstad,435,0.0,35.0,150.0,15.0,45.0,70.0,55.0,55.0
BU19480430,Meierijstad,95,0.0,25.0,15.0,5.0,5.0,10.0,20.0,10.0
BU19480431,Meierijstad,110,0.0,35.0,15.0,5.0,0.0,15.0,20.0,15.0
BU19480432,Meierijstad,70,0.0,10.0,5.0,5.0,10.0,15.0,10.0,10.0
BU19480433,Meierijstad,110,5.0,25.0,15.0,5.0,10.0,25.0,20.0,10.0
BU01190000,Meppel,440,0.0,20.0,190.0,15.0,30.0,60.0,60.0,65.0
BU01190001,Meppel,155,0.0,15.0,35.0,15.0,5.0,45.0,25.0,15.0
BU01190002,Meppel,385,0.0,25.0,55.0,30.0,45.0,115.0,75.0,40.0
BU01190100,Meppel,25,0.0,10.0,5.0,5.0,0.0,5.0,0.0,5.0
BU01190101,Meppel,35,0.0,5.0,15.0,0.0,5.0,5.0,5.0,0.0
BU01190200,Meppel,45,0.0,10.0,10.0,0.0,0.0,10.0,5.0,5.0
BU01190201,Meppel,85,0.0,10.0,15.0,10.0,5.0,10.0,25.0,15.0
BU01190202,Meppel,80,0.0,15.0,10.0,5.0,5.0,20.0,20.0,5.0
BU01190300,Meppel,125,0.0,15.0,15.0,10.0,5.0,25.0,30.0,25.0
BU01190301,Meppel,95,0.0,10.0,20.0,5.0,5.0,15.0,30.0,10.0
BU01190302,Meppel,75,0.0,5.0,10.0,5.0,10.0,15.0,20.0,5.0
BU01190303,Meppel,155,0.0,25.0,15.0,10.0,10.0,35.0,35.0,20.0
BU01190400,Meppel,165,0.0,10.0,20.0,10.0,20.0,55.0,30.0,15.0
BU01190401,Meppel,150,0.0,10.0,20.0,15.0,15.0,40.0,35.0,15.0
BU01190500,Meppel,40,0.0,5.0,5.0,10.0,0.0,5.0,5.0,5.0
BU01190501,Meppel,10,,,,,,,,
BU01190600,Meppel,160,0.0,15.0,25.0,15.0,10.0,45.0,40.0,15.0
BU01190601,Meppel,150,0.0,5.0,10.0,5.0,10.0,55.0,40.0,20.0
BU01190602,Meppel,90,0.0,5.0,5.0,5.0,10.0,30.0,20.0,5.0
BU01190603,Meppel,175,0.0,15.0,15.0,15.0,15.0,45.0,55.0,20.0
BU01190700,Meppel,75,0.0,10.0,15.0,0.0,5.0,25.0,10.0,10.0
BU01190701,Meppel,30,5.0,10.0,0.0,0.0,0.0,5.0,5.0,5.0
BU01190800,Meppel,125,0.0,15.0,30.0,15.0,10.0,35.0,15.0,5.0
BU01190900,Meppel,105,0.0,25.0,25.0,10.0,10.0,25.0,5.0,5.0
BU01190901,Meppel,60,0.0,10.0,25.0,10.0,5.0,10.0,0.0,5.0
BU01191000,Meppel,60,0.0,5.0,25.0,5.0,0.0,10.0,10.0,5.0
BU01191001,Meppel,40,0.0,10.0,10.0,5.0,0.0,5.0,5.0,0.0
BU01191002,Meppel,90,0.0,20.0,30.0,5.0,5.0,10.0,10.0,5.0
BU01191003,Meppel,50,0.0,15.0,15.0,5.0,5.0,5.0,5.0,5.0
BU01191004,Meppel,30,0.0,5.0,15.0,0.0,0.0,10.0,0.0,0.0
BU01191100,Meppel,15,,,,,,,,
BU01191101,Meppel,15,,,,,,,,
BU01191102,Meppel,0,,,,,,,,
BU01191200,Meppel,30,10.0,5.0,5.0,0.0,0.0,5.0,5.0,0.0
BU01191201,Meppel,80,5.0,10.0,15.0,0.0,5.0,25.0,15.0,10.0
BU01191202,Meppel,55,0.0,10.0,10.0,5.0,0.0,10.0,15.0,5.0
BU01191203,Meppel,65,0.0,5.0,10.0,5.0,5.0,15.0,10.0,15.0
BU01191204,Meppel,35,0.0,10.0,15.0,0.0,5.0,5.0,0.0,0.0
BU01191205,Meppel,10,,,,,,,,
BU01191206,Meppel,50,10.0,5.0,5.0,0.0,0.0,10.0,5.0,5.0
BU01191207,Meppel,30,10.0,5.0,0.0,0.0,5.0,0.0,0.0,5.0
BU01191208,Meppel,30,10.0,5.0,5.0,0.0,5.0,5.0,0.0,0.0
BU01191209,Meppel,45,20.0,5.0,10.0,0.0,0.0,5.0,0.0,0.0
BU01191300,Meppel,75,5.0,10.0,25.0,5.0,5.0,15.0,5.0,5.0
BU01191301,Meppel,25,10.0,0.0,5.0,0.0,5.0,0.0,0.0,0.0
BU01191302,Meppel,25,5.0,0.0,5.0,0.0,5.0,5.0,0.0,5.0
BU06870003,Middelburg,470,0.0,35.0,115.0,15.0,40.0,100.0,100.0,65.0
BU06870004,Middelburg,250,0.0,30.0,70.0,10.0,20.0,40.0,45.0,40.0
BU06870005,Middelburg,395,0.0,20.0,160.0,15.0,15.0,55.0,70.0,65.0
BU06870006,Middelburg,315,0.0,25.0,65.0,15.0,40.0,65.0,70.0,40.0
BU06870007,Middelburg,55,0.0,5.0,10.0,5.0,5.0,15.0,10.0,0.0
BU06871008,Middelburg,160,0.0,20.0,25.0,5.0,5.0,35.0,40.0,30.0
BU06871009,Middelburg,105,0.0,15.0,5.0,5.0,20.0,30.0,20.0,10.0
BU06871010,Middelburg,10,,,,,,,,
BU06871102,Middelburg,55,0.0,0.0,5.0,0.0,10.0,10.0,10.0,15.0
BU06871111,Middelburg,110,0.0,15.0,15.0,10.0,10.0,15.0,40.0,5.0
BU06871112,Middelburg,95,0.0,15.0,10.0,5.0,15.0,25.0,25.0,10.0
BU06871213,Middelburg,170,5.0,15.0,20.0,5.0,5.0,35.0,50.0,35.0
BU06871301,Middelburg,65,5.0,5.0,5.0,5.0,5.0,20.0,15.0,5.0
BU06871314,Middelburg,5,,,,,,,,
BU06871415,Middelburg,80,5.0,15.0,5.0,5.0,10.0,15.0,15.0,10.0
BU06871416,Middelburg,0,,,,,,,,
BU06871417,Middelburg,15,,,,,,,,
BU06871518,Middelburg,55,0.0,10.0,15.0,5.0,5.0,20.0,5.0,0.0
BU06871619,Middelburg,45,0.0,0.0,0.0,0.0,10.0,20.0,10.0,5.0
BU06871620,Middelburg,120,0.0,5.0,10.0,5.0,15.0,35.0,30.0,15.0
BU06871721,Middelburg,5,,,,,,,,
BU06871768,Middelburg,0,,,,,,,,
BU06871781,Middelburg,0,,,,,,,,
BU06871822,Middelburg,5,,,,,,,,
BU06871823,Middelburg,5,,,,,,,,
BU06871824,Middelburg,0,,,,,,,,
BU06871925,Middelburg,10,,,,,,,,
BU06871926,Middelburg,5,,,,,,,,
BU06872027,Middelburg,45,0.0,10.0,5.0,0.0,10.0,10.0,10.0,5.0
BU06872028,Middelburg,145,0.0,25.0,20.0,15.0,5.0,35.0,30.0,20.0
BU06872031,Middelburg,180,0.0,30.0,15.0,10.0,5.0,40.0,50.0,30.0
BU06872032,Middelburg,50,0.0,0.0,5.0,5.0,5.0,20.0,10.0,5.0
BU06872084,Middelburg,85,0.0,5.0,15.0,5.0,5.0,20.0,25.0,10.0
BU06872933,Middelburg,0,,,,,,,,
BU06872934,Middelburg,0,,,,,,,,
BU06872935,Middelburg,10,,,,,,,,
BU06872936,Middelburg,25,0.0,5.0,5.0,0.0,0.0,5.0,10.0,0.0
BU06873037,Middelburg,75,0.0,15.0,15.0,5.0,5.0,10.0,15.0,10.0
BU06873038,Middelburg,80,0.0,10.0,15.0,5.0,5.0,10.0,20.0,15.0
BU06873039,Middelburg,90,0.0,5.0,5.0,5.0,10.0,30.0,20.0,10.0
BU06873040,Middelburg,45,0.0,5.0,5.0,0.0,5.0,10.0,10.0,5.0
BU06873041,Middelburg,105,0.0,15.0,15.0,5.0,5.0,15.0,35.0,15.0
BU06873082,Middelburg,70,0.0,5.0,10.0,0.0,15.0,15.0,10.0,10.0
BU06873083,Middelburg,5,,,,,,,,
BU06873143,Middelburg,5,,,,,,,,
BU06873144,Middelburg,140,0.0,35.0,20.0,15.0,0.0,30.0,25.0,15.0
BU06873145,Middelburg,140,0.0,10.0,25.0,10.0,5.0,30.0,40.0,15.0
BU06873171,Middelburg,105,0.0,5.0,10.0,5.0,5.0,25.0,40.0,15.0
BU06873247,Middelburg,230,5.0,70.0,80.0,20.0,10.0,30.0,5.0,5.0
BU06873248,Middelburg,60,0.0,25.0,20.0,0.0,5.0,10.0,0.0,0.0
BU06873946,Middelburg,160,0.0,20.0,30.0,10.0,5.0,40.0,35.0,25.0
BU06873950,Middelburg,170,0.0,10.0,15.0,10.0,25.0,40.0,40.0,30.0
BU06873970,Middelburg,25,0.0,0.0,25.0,0.0,0.0,0.0,0.0,0.0
BU06874051,Middelburg,90,0.0,20.0,20.0,0.0,5.0,15.0,25.0,5.0
BU06874952,Middelburg,5,,,,,,,,
BU06874953,Middelburg,15,,,,,,,,
BU06874954,Middelburg,10,,,,,,,,
BU06874955,Middelburg,10,,,,,,,,
BU06874956,Middelburg,10,,,,,,,,
BU06874957,Middelburg,10,,,,,,,,
BU06875058,Middelburg,120,5.0,35.0,25.0,5.0,5.0,20.0,10.0,20.0
BU06875059,Middelburg,55,5.0,15.0,5.0,0.0,0.0,15.0,10.0,0.0
BU06875060,Middelburg,55,0.0,10.0,10.0,0.0,10.0,5.0,10.0,10.0
BU06875061,Middelburg,55,0.0,15.0,5.0,5.0,10.0,10.0,10.0,5.0
BU06875062,Middelburg,40,5.0,10.0,5.0,5.0,5.0,5.0,5.0,5.0
BU06875063,Middelburg,35,5.0,5.0,0.0,5.0,10.0,0.0,5.0,5.0
BU06875069,Middelburg,15,,,,,,,,
BU06875085,Middelburg,20,,,,,,,,
BU06875164,Middelburg,10,,,,,,,,
BU06875265,Middelburg,20,,,,,,,,
BU06875367,Middelburg,0,,,,,,,,
BU06875966,Middelburg,55,20.0,5.0,5.0,5.0,0.0,5.0,5.0,5.0
BU18420000,Midden-Delfland,395,10.0,60.0,55.0,30.0,40.0,80.0,75.0,50.0
BU18420001,Midden-Delfland,895,20.0,135.0,130.0,55.0,90.0,240.0,150.0,80.0
BU18420002,Midden-Delfland,35,10.0,5.0,5.0,0.0,5.0,5.0,5.0,5.0
BU18420004,Midden-Delfland,45,15.0,5.0,5.0,0.0,5.0,5.0,0.0,5.0
BU18420005,Midden-Delfland,110,35.0,20.0,10.0,5.0,5.0,20.0,5.0,10.0
BU18420007,Midden-Delfland,10,,,,,,,,
BU18420009,Midden-Delfland,120,35.0,15.0,10.0,5.0,20.0,20.0,5.0,5.0
BU18420100,Midden-Delfland,480,10.0,60.0,55.0,40.0,60.0,140.0,70.0,40.0
BU18420101,Midden-Delfland,40,0.0,5.0,5.0,0.0,5.0,10.0,5.0,5.0
BU18420103,Midden-Delfland,255,55.0,30.0,40.0,15.0,35.0,45.0,15.0,15.0
BU18420106,Midden-Delfland,140,0.0,15.0,15.0,5.0,20.0,45.0,25.0,10.0
BU18420108,Midden-Delfland,15,,,,,,,,
BU18420109,Midden-Delfland,45,20.0,0.0,0.0,0.0,10.0,5.0,5.0,0.0
BU17310000,Midden-Drenthe,800,25.0,110.0,175.0,40.0,60.0,155.0,135.0,100.0
BU17310001,Midden-Drenthe,20,,,,,,,,
BU17310002,Midden-Drenthe,35,5.0,5.0,0.0,5.0,5.0,5.0,5.0,5.0
BU17310003,Midden-Drenthe,20,,,,,,,,
BU17310009,Midden-Drenthe,350,70.0,45.0,70.0,15.0,20.0,70.0,40.0,15.0
BU17310100,Midden-Drenthe,90,15.0,20.0,15.0,5.0,5.0,10.0,20.0,5.0
BU17310101,Midden-Drenthe,15,,,,,,,,
BU17310109,Midden-Drenthe,55,25.0,5.0,10.0,0.0,0.0,5.0,0.0,0.0
BU17310200,Midden-Drenthe,85,5.0,15.0,15.0,0.0,5.0,15.0,15.0,15.0
BU17310201,Midden-Drenthe,20,,,,,,,,
BU17310209,Midden-Drenthe,100,25.0,15.0,20.0,5.0,5.0,15.0,5.0,10.0
BU17310300,Midden-Drenthe,105,25.0,10.0,10.0,5.0,5.0,20.0,15.0,10.0
BU17310309,Midden-Drenthe,80,25.0,5.0,10.0,5.0,5.0,15.0,5.0,5.0
BU17310400,Midden-Drenthe,30,5.0,5.0,5.0,0.0,5.0,5.0,5.0,0.0
BU17310409,Midden-Drenthe,45,5.0,5.0,10.0,0.0,5.0,5.0,5.0,5.0
BU17310500,Midden-Drenthe,20,,,,,,,,
BU17310509,Midden-Drenthe,60,25.0,10.0,5.0,0.0,0.0,5.0,10.0,0.0
BU17310600,Midden-Drenthe,260,15.0,35.0,55.0,10.0,10.0,45.0,55.0,30.0
BU17310601,Midden-Drenthe,40,5.0,10.0,10.0,0.0,0.0,5.0,5.0,5.0
BU17310602,Midden-Drenthe,50,5.0,10.0,15.0,0.0,5.0,5.0,5.0,0.0
BU17310609,Midden-Drenthe,55,25.0,5.0,10.0,0.0,5.0,5.0,0.0,5.0
BU17310700,Midden-Drenthe,165,5.0,25.0,20.0,5.0,5.0,40.0,35.0,25.0
BU17310701,Midden-Drenthe,30,5.0,5.0,10.0,0.0,0.0,5.0,5.0,0.0
BU17310702,Midden-Drenthe,30,10.0,5.0,5.0,0.0,0.0,5.0,0.0,0.0
BU17310709,Midden-Drenthe,45,20.0,10.0,0.0,0.0,0.0,10.0,0.0,5.0
BU17310800,Midden-Drenthe,80,10.0,15.0,15.0,5.0,5.0,10.0,10.0,10.0
BU17310801,Midden-Drenthe,105,25.0,25.0,25.0,5.0,5.0,5.0,5.0,10.0
BU17310802,Midden-Drenthe,35,5.0,5.0,10.0,5.0,5.0,5.0,0.0,0.0
BU17310809,Midden-Drenthe,50,5.0,5.0,10.0,0.0,5.0,10.0,10.0,5.0
BU17310900,Midden-Drenthe,420,5.0,45.0,90.0,20.0,40.0,100.0,75.0,45.0
BU17310901,Midden-Drenthe,15,,,,,,,,
BU17310909,Midden-Drenthe,50,15.0,5.0,10.0,0.0,5.0,10.0,5.0,5.0
BU17311000,Midden-Drenthe,65,5.0,10.0,10.0,0.0,5.0,15.0,15.0,5.0
BU17311001,Midden-Drenthe,20,,,,,,,,
BU17311009,Midden-Drenthe,10,,,,,,,,
BU17311100,Midden-Drenthe,45,5.0,10.0,5.0,0.0,0.0,10.0,10.0,5.0
BU17311109,Midden-Drenthe,55,25.0,5.0,10.0,5.0,0.0,5.0,0.0,5.0
BU17311200,Midden-Drenthe,85,5.0,15.0,15.0,0.0,5.0,10.0,15.0,15.0
BU17311209,Midden-Drenthe,25,10.0,5.0,5.0,0.0,0.0,5.0,5.0,0.0
BU17311309,Midden-Drenthe,25,15.0,0.0,0.0,0.0,0.0,5.0,5.0,0.0
BU17311400,Midden-Drenthe,55,5.0,10.0,10.0,0.0,0.0,15.0,5.0,0.0
BU17311409,Midden-Drenthe,55,25.0,0.0,5.0,0.0,0.0,10.0,5.0,5.0
BU17311500,Midden-Drenthe,35,5.0,5.0,10.0,0.0,0.0,5.0,5.0,10.0
BU17311509,Midden-Drenthe,35,15.0,5.0,5.0,0.0,0.0,0.0,5.0,5.0
BU17311600,Midden-Drenthe,20,,,,,,,,
BU17311601,Midden-Drenthe,20,,,,,,,,
BU17311602,Midden-Drenthe,30,15.0,0.0,5.0,0.0,0.0,5.0,0.0,0.0
BU17311609,Midden-Drenthe,60,25.0,10.0,10.0,0.0,5.0,5.0,5.0,5.0
BU19520101,Midden-Groningen,225,0.0,35.0,55.0,10.0,10.0,45.0,40.0,30.0
BU19520102,Midden-Groningen,95,0.0,15.0,10.0,5.0,5.0,25.0,15.0,20.0
BU19520103,Midden-Groningen,15,,,,,,,,
BU19520104,Midden-Groningen,55,0.0,5.0,10.0,5.0,5.0,15.0,5.0,5.0
BU19520105,Midden-Groningen,105,0.0,15.0,45.0,5.0,5.0,10.0,20.0,10.0
BU19520106,Midden-Groningen,60,0.0,10.0,15.0,0.0,5.0,10.0,5.0,10.0
BU19520107,Midden-Groningen,130,0.0,45.0,45.0,10.0,5.0,10.0,5.0,15.0
BU19520201,Midden-Groningen,90,0.0,15.0,15.0,5.0,0.0,10.0,35.0,10.0
BU19520202,Midden-Groningen,45,0.0,10.0,15.0,5.0,0.0,5.0,5.0,10.0
BU19520203,Midden-Groningen,55,0.0,10.0,15.0,5.0,5.0,5.0,10.0,5.0
BU19520204,Midden-Groningen,15,,,,,,,,
BU19520205,Midden-Groningen,90,5.0,15.0,10.0,5.0,0.0,20.0,20.0,10.0
BU19520206,Midden-Groningen,100,0.0,15.0,10.0,5.0,5.0,25.0,25.0,15.0
BU19520207,Midden-Groningen,65,0.0,10.0,10.0,0.0,0.0,10.0,20.0,10.0
BU19520208,Midden-Groningen,65,0.0,10.0,15.0,5.0,0.0,10.0,20.0,5.0
BU19520209,Midden-Groningen,0,,,,,,,,
BU19520210,Midden-Groningen,0,,,,,,,,
BU19520301,Midden-Groningen,110,0.0,0.0,70.0,0.0,5.0,10.0,15.0,10.0
BU19520302,Midden-Groningen,70,0.0,10.0,15.0,5.0,5.0,10.0,15.0,5.0
BU19520303,Midden-Groningen,35,0.0,5.0,0.0,0.0,5.0,15.0,10.0,5.0
BU19520304,Midden-Groningen,100,0.0,10.0,15.0,10.0,10.0,15.0,25.0,15.0
BU19520305,Midden-Groningen,15,,,,,,,,
BU19520306,Midden-Groningen,25,5.0,5.0,5.0,0.0,5.0,5.0,0.0,5.0
BU19520401,Midden-Groningen,125,0.0,20.0,25.0,5.0,10.0,20.0,20.0,25.0
BU19520402,Midden-Groningen,90,0.0,15.0,15.0,10.0,5.0,20.0,20.0,5.0
BU19520403,Midden-Groningen,75,0.0,10.0,15.0,5.0,5.0,20.0,10.0,10.0
BU19520404,Midden-Groningen,25,0.0,5.0,5.0,0.0,0.0,0.0,10.0,5.0
BU19520405,Midden-Groningen,105,0.0,15.0,15.0,10.0,10.0,20.0,20.0,15.0
BU19520406,Midden-Groningen,30,0.0,0.0,5.0,5.0,5.0,10.0,5.0,5.0
BU19520407,Midden-Groningen,35,5.0,5.0,10.0,0.0,5.0,0.0,5.0,5.0
BU19520408,Midden-Groningen,70,5.0,20.0,15.0,5.0,10.0,5.0,5.0,5.0
BU19520409,Midden-Groningen,80,10.0,15.0,20.0,0.0,5.0,15.0,10.0,5.0
BU19520501,Midden-Groningen,100,15.0,15.0,15.0,5.0,5.0,25.0,10.0,10.0
BU19520502,Midden-Groningen,20,,,,,,,,
BU19520601,Midden-Groningen,55,5.0,5.0,10.0,5.0,5.0,10.0,10.0,5.0
BU19520602,Midden-Groningen,155,0.0,10.0,15.0,10.0,45.0,50.0,15.0,10.0
BU19520603,Midden-Groningen,55,0.0,10.0,15.0,0.0,5.0,15.0,5.0,5.0
BU19520604,Midden-Groningen,0,,,,,,,,
BU19520701,Midden-Groningen,60,0.0,15.0,10.0,10.0,0.0,10.0,5.0,10.0
BU19520702,Midden-Groningen,55,0.0,10.0,20.0,0.0,5.0,10.0,5.0,5.0
BU19520801,Midden-Groningen,15,,,,,,,,
BU19520802,Midden-Groningen,45,0.0,5.0,5.0,0.0,0.0,10.0,10.0,5.0
BU19520803,Midden-Groningen,90,10.0,15.0,10.0,5.0,5.0,20.0,15.0,5.0
BU19520804,Midden-Groningen,20,,,,,,,,
BU19520805,Midden-Groningen,0,,,,,,,,
BU19520901,Midden-Groningen,300,5.0,40.0,40.0,20.0,25.0,70.0,70.0,30.0
BU19520902,Midden-Groningen,0,,,,,,,,
BU19520903,Midden-Groningen,0,,,,,,,,
BU19520904,Midden-Groningen,45,10.0,5.0,10.0,0.0,5.0,5.0,5.0,5.0
BU19520905,Midden-Groningen,45,10.0,10.0,5.0,0.0,0.0,0.0,5.0,5.0
BU19520906,Midden-Groningen,0,,,,,,,,
BU19520907,Midden-Groningen,15,,,,,,,,
BU19521001,Midden-Groningen,140,5.0,30.0,25.0,10.0,5.0,25.0,25.0,15.0
BU19521002,Midden-Groningen,70,0.0,20.0,20.0,5.0,0.0,15.0,0.0,0.0
BU19521003,Midden-Groningen,0,,,,,,,,
BU19521004,Midden-Groningen,5,,,,,,,,
BU19521101,Midden-Groningen,70,0.0,20.0,10.0,5.0,10.0,10.0,10.0,5.0
BU19521102,Midden-Groningen,10,,,,,,,,
BU19521103,Midden-Groningen,5,,,,,,,,
BU19521201,Midden-Groningen,210,15.0,30.0,40.0,10.0,10.0,40.0,40.0,25.0
BU19521202,Midden-Groningen,35,5.0,5.0,0.0,0.0,5.0,10.0,5.0,5.0
BU19521203,Midden-Groningen,5,,,,,,,,
BU19521301,Midden-Groningen,180,20.0,40.0,20.0,20.0,20.0,30.0,15.0,15.0
BU19521302,Midden-Groningen,10,,,,,,,,
BU19521303,Midden-Groningen,10,,,,,,,,
BU19521401,Midden-Groningen,75,15.0,10.0,10.0,5.0,5.0,5.0,20.0,5.0
BU19521402,Midden-Groningen,5,,,,,,,,
BU19521501,Midden-Groningen,275,10.0,55.0,50.0,20.0,20.0,35.0,50.0,35.0
BU19521502,Midden-Groningen,55,25.0,10.0,5.0,0.0,5.0,5.0,5.0,5.0
BU19521503,Midden-Groningen,5,,,,,,,,
BU19521601,Midden-Groningen,20,,,,,,,,
BU19521602,Midden-Groningen,85,25.0,10.0,10.0,0.0,0.0,10.0,10.0,20.0
BU19521603,Midden-Groningen,15,,,,,,,,
BU19521604,Midden-Groningen,30,5.0,5.0,0.0,0.0,0.0,5.0,10.0,0.0
BU19521701,Midden-Groningen,45,15.0,5.0,5.0,0.0,0.0,10.0,5.0,0.0
BU19521702,Midden-Groningen,40,5.0,5.0,10.0,0.0,5.0,10.0,5.0,5.0
BU19521801,Midden-Groningen,150,10.0,30.0,25.0,15.0,5.0,25.0,20.0,20.0
BU19521802,Midden-Groningen,140,5.0,30.0,35.0,5.0,5.0,15.0,20.0,25.0
BU19521803,Midden-Groningen,10,,,,,,,,
BU19521804,Midden-Groningen,0,,,,,,,,
BU19521805,Midden-Groningen,25,5.0,5.0,0.0,0.0,0.0,0.0,0.0,5.0
BU19521806,Midden-Groningen,10,,,,,,,,
BU19521901,Midden-Groningen,150,20.0,25.0,25.0,10.0,5.0,30.0,25.0,15.0
BU19521902,Midden-Groningen,50,25.0,5.0,0.0,0.0,0.0,5.0,5.0,0.0
BU19522001,Midden-Groningen,320,30.0,55.0,55.0,25.0,30.0,50.0,40.0,30.0
BU19522002,Midden-Groningen,125,0.0,30.0,45.0,15.0,10.0,10.0,10.0,5.0
BU19522003,Midden-Groningen,10,,,,,,,,
BU19522004,Midden-Groningen,5,,,,,,,,
BU19522005,Midden-Groningen,10,,,,,,,,
BU19522101,Midden-Groningen,125,15.0,15.0,25.0,10.0,5.0,15.0,30.0,10.0
BU19522102,Midden-Groningen,45,15.0,10.0,5.0,0.0,0.0,10.0,5.0,5.0
BU17090000,Moerdijk,460,0.0,55.0,130.0,30.0,50.0,90.0,55.0,50.0
BU17090001,Moerdijk,180,0.0,35.0,20.0,15.0,5.0,40.0,40.0,25.0
BU17090002,Moerdijk,285,0.0,55.0,40.0,20.0,10.0,70.0,45.0,40.0
BU17090003,Moerdijk,120,0.0,10.0,20.0,10.0,10.0,40.0,20.0,10.0
BU17090004,Moerdijk,245,0.0,35.0,35.0,20.0,25.0,60.0,40.0,25.0
BU17090005,Moerdijk,115,0.0,30.0,45.0,10.0,10.0,10.0,10.0,0.0
BU17090006,Moerdijk,185,0.0,45.0,70.0,10.0,20.0,20.0,5.0,10.0
BU17090008,Moerdijk,80,10.0,20.0,15.0,5.0,10.0,10.0,0.0,15.0
BU17090009,Moerdijk,15,,,,,,,,
BU17090100,Moerdijk,140,5.0,20.0,35.0,15.0,10.0,25.0,25.0,15.0
BU17090109,Moerdijk,85,20.0,10.0,20.0,5.0,10.0,15.0,5.0,0.0
BU17090200,Moerdijk,75,10.0,20.0,10.0,5.0,5.0,10.0,10.0,10.0
BU17090209,Moerdijk,75,25.0,10.0,5.0,5.0,10.0,15.0,5.0,5.0
BU17090300,Moerdijk,490,5.0,70.0,115.0,45.0,45.0,90.0,65.0,55.0
BU17090301,Moerdijk,30,0.0,5.0,10.0,0.0,0.0,10.0,5.0,0.0
BU17090302,Moerdijk,10,,,,,,,,
BU17090303,Moerdijk,425,0.0,95.0,110.0,90.0,60.0,60.0,5.0,0.0
BU17090309,Moerdijk,40,20.0,10.0,5.0,5.0,0.0,5.0,5.0,0.0
BU17090400,Moerdijk,120,5.0,30.0,30.0,5.0,0.0,20.0,15.0,10.0
BU17090401,Moerdijk,5,,,,,,,,
BU17090409,Moerdijk,35,10.0,5.0,10.0,0.0,5.0,5.0,0.0,0.0
BU17090500,Moerdijk,150,5.0,30.0,40.0,5.0,15.0,25.0,15.0,10.0
BU17090509,Moerdijk,15,,,,,,,,
BU17090600,Moerdijk,210,5.0,35.0,40.0,15.0,15.0,45.0,30.0,30.0
BU17090601,Moerdijk,30,0.0,5.0,5.0,0.0,5.0,15.0,5.0,5.0
BU17090609,Moerdijk,30,10.0,0.0,10.0,5.0,0.0,0.0,0.0,5.0
BU17090700,Moerdijk,420,5.0,85.0,65.0,30.0,30.0,90.0,60.0,55.0
BU17090701,Moerdijk,30,5.0,5.0,5.0,0.0,5.0,0.0,5.0,5.0
BU17090702,Moerdijk,25,5.0,5.0,5.0,0.0,5.0,5.0,0.0,0.0
BU17090703,Moerdijk,15,,,,,,,,
BU17090709,Moerdijk,95,25.0,15.0,15.0,5.0,5.0,20.0,5.0,5.0
BU17090800,Moerdijk,65,5.0,10.0,15.0,5.0,5.0,10.0,10.0,5.0
BU17090809,Moerdijk,150,25.0,45.0,25.0,10.0,15.0,20.0,5.0,10.0
BU17090900,Moerdijk,150,0.0,10.0,30.0,10.0,20.0,50.0,20.0,10.0
BU17090901,Moerdijk,70,0.0,10.0,15.0,5.0,5.0,20.0,10.0,5.0
BU17090902,Moerdijk,60,0.0,5.0,10.0,5.0,10.0,20.0,10.0,5.0
BU17090909,Moerdijk,100,25.0,5.0,25.0,5.0,10.0,20.0,10.0,5.0
BU17091000,Moerdijk,40,0.0,10.0,5.0,5.0,0.0,10.0,10.0,0.0
BU17091009,Moerdijk,55,5.0,5.0,10.0,0.0,5.0,10.0,10.0,5.0
BU19780101,Molenlanden,15,,,,,,,,
BU19780102,Molenlanden,0,,,,,,,,
BU19780103,Molenlanden,0,,,,,,,,
BU19780104,Molenlanden,285,0.0,45.0,50.0,20.0,25.0,50.0,60.0,40.0
BU19780105,Molenlanden,60,0.0,20.0,20.0,5.0,5.0,5.0,0.0,5.0
BU19780106,Molenlanden,5,,,,,,,,
BU19780107,Molenlanden,95,5.0,20.0,20.0,5.0,10.0,20.0,15.0,0.0
BU19780108,Molenlanden,40,5.0,5.0,0.0,0.0,5.0,15.0,5.0,5.0
BU19780201,Molenlanden,0,,,,,,,,
BU19780202,Molenlanden,5,,,,,,,,
BU19780203,Molenlanden,195,0.0,50.0,25.0,5.0,10.0,45.0,40.0,15.0
BU19780204,Molenlanden,60,0.0,15.0,15.0,5.0,5.0,10.0,5.0,0.0
BU19780205,Molenlanden,90,10.0,20.0,5.0,5.0,20.0,20.0,10.0,5.0
BU19780206,Molenlanden,20,,,,,,,,
BU19780301,Molenlanden,25,10.0,5.0,0.0,0.0,0.0,5.0,0.0,0.0
BU19780302,Molenlanden,75,0.0,10.0,10.0,5.0,5.0,25.0,10.0,5.0
BU19780303,Molenlanden,20,,,,,,,,
BU19780304,Molenlanden,25,10.0,5.0,5.0,0.0,0.0,5.0,0.0,0.0
BU19780305,Molenlanden,10,,,,,,,,
BU19780307,Molenlanden,15,,,,,,,,
BU19780308,Molenlanden,15,,,,,,,,
BU19780309,Molenlanden,10,,,,,,,,
BU19780401,Molenlanden,80,5.0,10.0,5.0,5.0,20.0,15.0,5.0,10.0
BU19780402,Molenlanden,300,5.0,55.0,45.0,20.0,40.0,55.0,50.0,35.0
BU19780403,Molenlanden,60,0.0,10.0,10.0,5.0,15.0,15.0,5.0,0.0
BU19780404,Molenlanden,50,0.0,5.0,5.0,0.0,10.0,15.0,5.0,5.0
BU19780405,Molenlanden,45,5.0,5.0,10.0,5.0,10.0,10.0,5.0,0.0
BU19780406,Molenlanden,45,5.0,10.0,5.0,0.0,5.0,5.0,10.0,5.0
BU19780407,Molenlanden,40,0.0,5.0,15.0,5.0,5.0,5.0,0.0,0.0
BU19780408,Molenlanden,65,25.0,5.0,5.0,0.0,10.0,10.0,5.0,5.0
BU19780409,Molenlanden,15,,,,,,,,
BU19780410,Molenlanden,15,,,,,,,,
BU19780501,Molenlanden,65,10.0,15.0,10.0,5.0,5.0,10.0,5.0,0.0
BU19780502,Molenlanden,70,0.0,10.0,15.0,5.0,5.0,15.0,5.0,5.0
BU19780503,Molenlanden,0,,,,,,,,
BU19780504,Molenlanden,15,,,,,,,,
BU19780601,Molenlanden,0,,,,,,,,
BU19780602,Molenlanden,160,0.0,45.0,45.0,20.0,20.0,15.0,10.0,5.0
BU19780603,Molenlanden,30,0.0,5.0,5.0,0.0,5.0,0.0,5.0,5.0
BU19780604,Molenlanden,365,5.0,80.0,70.0,15.0,45.0,65.0,45.0,40.0
BU19780605,Molenlanden,0,,,,,,,,
BU19780607,Molenlanden,35,10.0,5.0,5.0,0.0,5.0,5.0,0.0,0.0
BU19780608,Molenlanden,5,,,,,,,,
BU19780609,Molenlanden,45,20.0,10.0,5.0,0.0,0.0,5.0,0.0,0.0
BU19780610,Molenlanden,15,,,,,,,,
BU19780701,Molenlanden,0,,,,,,,,
BU19780702,Molenlanden,120,0.0,25.0,20.0,5.0,10.0,25.0,15.0,10.0
BU19780703,Molenlanden,5,,,,,,,,
BU19780704,Molenlanden,10,,,,,,,,
BU19780705,Molenlanden,45,15.0,10.0,5.0,0.0,5.0,5.0,5.0,0.0
BU19780706,Molenlanden,30,5.0,5.0,10.0,0.0,5.0,5.0,0.0,0.0
BU19780801,Molenlanden,20,,,,,,,,
BU19780802,Molenlanden,165,0.0,35.0,20.0,5.0,15.0,40.0,30.0,10.0
BU19780803,Molenlanden,25,5.0,0.0,5.0,5.0,5.0,5.0,0.0,0.0
BU19780804,Molenlanden,20,,,,,,,,
BU19780901,Molenlanden,0,,,,,,,,
BU19780902,Molenlanden,10,,,,,,,,
BU19780903,Molenlanden,80,0.0,20.0,5.0,5.0,5.0,20.0,10.0,10.0
BU19780904,Molenlanden,5,,,,,,,,
BU19781001,Molenlanden,10,,,,,,,,
BU19781002,Molenlanden,70,10.0,20.0,5.0,5.0,15.0,5.0,5.0,0.0
BU19781003,Molenlanden,75,0.0,15.0,5.0,10.0,5.0,20.0,15.0,5.0
BU19781004,Molenlanden,15,,,,,,,,
BU19781101,Molenlanden,95,0.0,20.0,15.0,5.0,10.0,15.0,10.0,10.0
BU19781102,Molenlanden,25,5.0,5.0,0.0,0.0,5.0,5.0,0.0,0.0
BU19781103,Molenlanden,0,,,,,,,,
BU19781104,Molenlanden,20,,,,,,,,
BU19781105,Molenlanden,25,15.0,5.0,0.0,0.0,0.0,0.0,0.0,0.0
BU19781106,Molenlanden,40,5.0,15.0,0.0,0.0,5.0,15.0,0.0,0.0
BU19781201,Molenlanden,360,0.0,80.0,50.0,40.0,40.0,70.0,45.0,35.0
BU19781202,Molenlanden,215,0.0,50.0,35.0,25.0,15.0,30.0,35.0,20.0
BU19781203,Molenlanden,15,,,,,,,,
BU19781204,Molenlanden,55,20.0,10.0,5.0,5.0,5.0,10.0,5.0,0.0
BU19781205,Molenlanden,20,,,,,,,,
BU19781206,Molenlanden,20,,,,,,,,
BU19781207,Molenlanden,45,5.0,10.0,5.0,5.0,10.0,5.0,0.0,0.0
BU19781301,Molenlanden,125,0.0,15.0,25.0,5.0,20.0,30.0,15.0,15.0
BU19781302,Molenlanden,0,,,,,,,,
BU19781401,Molenlanden,0,,,,,,,,
BU19781402,Molenlanden,50,15.0,5.0,10.0,5.0,5.0,10.0,0.0,5.0
BU19781403,Molenlanden,15,,,,,,,,
BU19781405,Molenlanden,15,,,,,,,,
BU19781406,Molenlanden,85,5.0,20.0,15.0,5.0,5.0,15.0,10.0,15.0
BU19781407,Molenlanden,40,10.0,10.0,5.0,0.0,5.0,10.0,0.0,0.0
BU19781408,Molenlanden,50,5.0,5.0,10.0,0.0,5.0,15.0,5.0,0.0
BU19781409,Molenlanden,15,,,,,,,,
BU19781501,Molenlanden,5,,,,,,,,
BU19781502,Molenlanden,20,,,,,,,,
BU19781503,Molenlanden,10,,,,,,,,
BU19781504,Molenlanden,10,,,,,,,,
BU19781505,Molenlanden,15,,,,,,,,
BU19781506,Molenlanden,10,,,,,,,,
BU19781507,Molenlanden,15,,,,,,,,
BU19781508,Molenlanden,35,5.0,10.0,10.0,5.0,0.0,5.0,0.0,5.0
BU19781509,Molenlanden,0,,,,,,,,
BU19781510,Molenlanden,30,5.0,10.0,5.0,5.0,5.0,5.0,0.0,0.0
BU19781601,Molenlanden,60,10.0,15.0,5.0,5.0,10.0,15.0,5.0,0.0
BU19781602,Molenlanden,60,5.0,20.0,5.0,0.0,10.0,15.0,10.0,0.0
BU19781603,Molenlanden,170,5.0,40.0,25.0,20.0,20.0,30.0,25.0,5.0
BU19781604,Molenlanden,5,,,,,,,,
BU19781605,Molenlanden,25,10.0,0.0,5.0,0.0,5.0,0.0,0.0,0.0
BU19781701,Molenlanden,120,0.0,20.0,5.0,10.0,10.0,25.0,30.0,15.0
BU19781702,Molenlanden,10,,,,,,,,
BU19781703,Molenlanden,25,0.0,0.0,10.0,5.0,5.0,0.0,0.0,0.0
BU19781704,Molenlanden,15,,,,,,,,
BU19781705,Molenlanden,40,5.0,10.0,5.0,0.0,5.0,15.0,5.0,0.0
BU19781801,Molenlanden,115,25.0,30.0,10.0,5.0,5.0,20.0,15.0,10.0
BU19781802,Molenlanden,50,25.0,5.0,5.0,0.0,5.0,5.0,5.0,0.0
BU19781803,Molenlanden,160,0.0,30.0,25.0,10.0,15.0,30.0,25.0,20.0
BU19781901,Molenlanden,20,,,,,,,,
BU19782001,Molenlanden,0,,,,,,,,
BU19782002,Molenlanden,55,0.0,15.0,5.0,0.0,5.0,10.0,10.0,5.0
BU19782003,Molenlanden,25,10.0,5.0,5.0,0.0,5.0,5.0,0.0,0.0
BU19782004,Molenlanden,25,5.0,5.0,0.0,0.0,0.0,5.0,5.0,0.0
BU19550000,Montferland,455,5.0,75.0,95.0,20.0,35.0,80.0,75.0,70.0
BU19550001,Montferland,415,5.0,95.0,95.0,30.0,35.0,80.0,40.0,35.0
BU19550002,Montferland,265,0.0,45.0,45.0,20.0,40.0,45.0,35.0,30.0
BU19550003,Montferland,50,5.0,10.0,10.0,0.0,0.0,10.0,10.0,5.0
BU19550004,Montferland,75,0.0,15.0,10.0,0.0,10.0,15.0,10.0,10.0
BU19550005,Montferland,60,0.0,10.0,10.0,5.0,0.0,25.0,5.0,5.0
BU19550006,Montferland,45,5.0,5.0,10.0,0.0,5.0,15.0,5.0,0.0
BU19550007,Montferland,45,5.0,5.0,10.0,0.0,5.0,5.0,5.0,5.0
BU19550008,Montferland,150,35.0,20.0,25.0,5.0,10.0,25.0,20.0,15.0
BU19550009,Montferland,70,30.0,5.0,10.0,5.0,10.0,5.0,5.0,5.0
BU19550010,Montferland,60,10.0,15.0,10.0,5.0,5.0,10.0,5.0,5.0
BU19550100,Montferland,125,5.0,25.0,25.0,5.0,15.0,20.0,20.0,15.0
BU19550101,Montferland,80,0.0,10.0,10.0,0.0,10.0,15.0,15.0,10.0
BU19550102,Montferland,55,0.0,5.0,15.0,0.0,10.0,15.0,5.0,5.0
BU19550106,Montferland,60,20.0,10.0,5.0,0.0,5.0,10.0,5.0,10.0
BU19550107,Montferland,75,20.0,10.0,10.0,5.0,5.0,10.0,0.0,10.0
BU19550108,Montferland,155,15.0,25.0,25.0,5.0,20.0,25.0,20.0,15.0
BU19550109,Montferland,5,,,,,,,,
BU19550200,Montferland,510,5.0,90.0,115.0,20.0,40.0,100.0,55.0,80.0
BU19550201,Montferland,480,0.0,80.0,65.0,35.0,40.0,105.0,105.0,50.0
BU19550202,Montferland,75,5.0,15.0,20.0,5.0,5.0,10.0,10.0,10.0
BU19550203,Montferland,65,0.0,10.0,5.0,0.0,10.0,15.0,10.0,10.0
BU19550205,Montferland,30,5.0,5.0,5.0,0.0,5.0,5.0,5.0,5.0
BU19550206,Montferland,75,10.0,15.0,10.0,5.0,5.0,5.0,10.0,15.0
BU19550207,Montferland,225,15.0,45.0,40.0,10.0,25.0,45.0,25.0,20.0
BU19550208,Montferland,170,30.0,25.0,35.0,5.0,10.0,35.0,10.0,20.0
BU19550209,Montferland,105,25.0,15.0,20.0,10.0,10.0,10.0,10.0,10.0
BU03350000,Montfoort,785,5.0,160.0,165.0,60.0,80.0,155.0,90.0,70.0
BU03350001,Montfoort,205,5.0,35.0,35.0,15.0,15.0,55.0,30.0,15.0
BU03350100,Montfoort,350,0.0,35.0,55.0,25.0,40.0,100.0,60.0,40.0
BU03350101,Montfoort,25,5.0,5.0,10.0,5.0,5.0,0.0,0.0,0.0
BU03350102,Montfoort,25,10.0,5.0,0.0,0.0,5.0,0.0,0.0,0.0
BU03350103,Montfoort,125,15.0,15.0,20.0,5.0,25.0,30.0,5.0,5.0
BU03350108,Montfoort,60,20.0,5.0,5.0,0.0,15.0,10.0,5.0,5.0
BU03350109,Montfoort,105,20.0,20.0,20.0,5.0,15.0,15.0,5.0,5.0
BU03350200,Montfoort,80,15.0,25.0,10.0,0.0,10.0,15.0,5.0,5.0
BU03350201,Montfoort,40,15.0,5.0,5.0,0.0,0.0,10.0,0.0,5.0
BU03350202,Montfoort,40,0.0,10.0,10.0,0.0,5.0,10.0,0.0,5.0
BU03350209,Montfoort,5,,,,,,,,
BU09440000,Mook en Middelaar,475,5.0,50.0,55.0,25.0,50.0,120.0,115.0,50.0
BU09440001,Mook en Middelaar,305,5.0,45.0,40.0,20.0,25.0,75.0,70.0,30.0
BU09440009,Mook en Middelaar,65,5.0,5.0,10.0,0.0,10.0,20.0,10.0,10.0
BU09440100,Mook en Middelaar,95,0.0,5.0,30.0,5.0,20.0,20.0,15.0,10.0
BU09440101,Mook en Middelaar,120,5.0,25.0,15.0,5.0,15.0,15.0,20.0,20.0
BU17400000,Neder-Betuwe,450,30.0,105.0,70.0,35.0,30.0,80.0,70.0,30.0
BU17400001,Neder-Betuwe,625,70.0,145.0,115.0,30.0,70.0,115.0,55.0,30.0
BU17400006,Neder-Betuwe,55,5.0,15.0,10.0,5.0,5.0,10.0,5.0,5.0
BU17400007,Neder-Betuwe,240,20.0,55.0,50.0,10.0,30.0,35.0,25.0,10.0
BU17400008,Neder-Betuwe,165,55.0,30.0,25.0,5.0,15.0,20.0,10.0,0.0
BU17400009,Neder-Betuwe,35,10.0,5.0,5.0,5.0,10.0,5.0,0.0,0.0
BU17400100,Neder-Betuwe,415,15.0,80.0,75.0,30.0,35.0,80.0,70.0,30.0
BU17400101,Neder-Betuwe,70,5.0,5.0,15.0,5.0,10.0,10.0,5.0,5.0
BU17400102,Neder-Betuwe,80,5.0,20.0,15.0,5.0,5.0,15.0,5.0,15.0
BU17400103,Neder-Betuwe,20,,,,,,,,
BU17400106,Neder-Betuwe,20,,,,,,,,
BU17400107,Neder-Betuwe,105,30.0,10.0,15.0,0.0,10.0,20.0,10.0,5.0
BU17400108,Neder-Betuwe,50,10.0,10.0,10.0,0.0,0.0,10.0,5.0,0.0
BU17400109,Neder-Betuwe,235,25.0,45.0,55.0,10.0,20.0,55.0,10.0,10.0
BU17400200,Neder-Betuwe,325,15.0,70.0,70.0,20.0,25.0,55.0,30.0,35.0
BU17400201,Neder-Betuwe,25,5.0,10.0,0.0,0.0,5.0,5.0,0.0,0.0
BU17400208,Neder-Betuwe,85,30.0,15.0,10.0,5.0,5.0,5.0,10.0,5.0
BU17400209,Neder-Betuwe,205,40.0,50.0,30.0,10.0,20.0,30.0,10.0,10.0
BU09460101,Nederweert,835,10.0,165.0,200.0,35.0,75.0,145.0,115.0,95.0
BU09460102,Nederweert,90,30.0,10.0,15.0,5.0,5.0,15.0,10.0,5.0
BU09460103,Nederweert,95,30.0,15.0,10.0,5.0,10.0,10.0,5.0,10.0
BU09460104,Nederweert,85,15.0,10.0,15.0,5.0,10.0,15.0,10.0,5.0
BU09460201,Nederweert,215,15.0,35.0,40.0,15.0,20.0,40.0,25.0,30.0
BU09460202,Nederweert,90,30.0,20.0,15.0,5.0,0.0,15.0,5.0,0.0
BU09460301,Nederweert,280,20.0,55.0,55.0,10.0,20.0,55.0,35.0,35.0
BU09460302,Nederweert,70,10.0,15.0,10.0,5.0,5.0,10.0,10.0,5.0
BU09460303,Nederweert,140,40.0,20.0,20.0,5.0,15.0,20.0,5.0,10.0
BU09460304,Nederweert,85,25.0,10.0,15.0,5.0,10.0,10.0,5.0,10.0
BU09460305,Nederweert,60,25.0,10.0,5.0,0.0,0.0,10.0,5.0,5.0
BU09460401,Nederweert,150,10.0,35.0,30.0,10.0,5.0,20.0,25.0,20.0
BU09460402,Nederweert,50,20.0,5.0,5.0,0.0,5.0,5.0,5.0,0.0
BU09460501,Nederweert,100,10.0,20.0,5.0,10.0,5.0,20.0,20.0,5.0
BU09460502,Nederweert,60,20.0,10.0,10.0,0.0,0.0,10.0,5.0,5.0
BU03560101,Nieuwegein,270,0.0,45.0,65.0,20.0,15.0,45.0,45.0,30.0
BU03560102,Nieuwegein,210,0.0,30.0,45.0,25.0,10.0,35.0,40.0,25.0
BU03560103,Nieuwegein,225,0.0,35.0,25.0,20.0,10.0,50.0,60.0,25.0
BU03560201,Nieuwegein,195,0.0,30.0,25.0,20.0,15.0,55.0,35.0,20.0
BU03560202,Nieuwegein,200,0.0,30.0,30.0,25.0,10.0,60.0,25.0,25.0
BU03560301,Nieuwegein,120,0.0,25.0,15.0,20.0,0.0,25.0,25.0,10.0
BU03560302,Nieuwegein,140,0.0,25.0,20.0,20.0,5.0,20.0,30.0,20.0
BU03560303,Nieuwegein,360,0.0,40.0,50.0,50.0,30.0,110.0,45.0,40.0
BU03560401,Nieuwegein,240,0.0,35.0,50.0,25.0,10.0,50.0,45.0,25.0
BU03560402,Nieuwegein,140,0.0,15.0,15.0,15.0,5.0,40.0,25.0,15.0
BU03560403,Nieuwegein,235,0.0,35.0,30.0,15.0,20.0,65.0,40.0,30.0
BU03560501,Nieuwegein,250,0.0,35.0,30.0,25.0,5.0,80.0,55.0,20.0
BU03560502,Nieuwegein,150,0.0,20.0,15.0,15.0,10.0,25.0,55.0,10.0
BU03560503,Nieuwegein,195,0.0,25.0,45.0,15.0,20.0,45.0,35.0,15.0
BU03560600,Nieuwegein,55,0.0,5.0,5.0,5.0,5.0,15.0,10.0,5.0
BU03560700,Nieuwegein,195,0.0,10.0,25.0,25.0,15.0,60.0,40.0,15.0
BU03560801,Nieuwegein,195,0.0,20.0,20.0,20.0,20.0,55.0,40.0,15.0
BU03560802,Nieuwegein,195,0.0,15.0,30.0,20.0,20.0,50.0,35.0,20.0
BU03560803,Nieuwegein,230,0.0,20.0,45.0,20.0,20.0,60.0,45.0,25.0
BU03560804,Nieuwegein,20,,,,,,,,
BU03561001,Nieuwegein,160,0.0,25.0,20.0,10.0,5.0,40.0,40.0,15.0
BU03561002,Nieuwegein,250,0.0,35.0,40.0,20.0,10.0,45.0,70.0,35.0
BU03561003,Nieuwegein,170,0.0,25.0,25.0,15.0,5.0,45.0,35.0,20.0
BU03561101,Nieuwegein,195,0.0,30.0,35.0,10.0,10.0,45.0,40.0,25.0
BU03561102,Nieuwegein,70,0.0,10.0,15.0,10.0,0.0,20.0,10.0,10.0
BU03561200,Nieuwegein,120,0.0,15.0,5.0,15.0,10.0,30.0,25.0,20.0
BU03561301,Nieuwegein,265,0.0,45.0,45.0,35.0,15.0,50.0,40.0,35.0
BU03561302,Nieuwegein,115,0.0,10.0,15.0,15.0,10.0,35.0,20.0,5.0
BU03561400,Nieuwegein,160,0.0,20.0,20.0,25.0,10.0,35.0,35.0,15.0
BU03561500,Nieuwegein,15,,,,,,,,
BU03561600,Nieuwegein,245,5.0,45.0,30.0,25.0,20.0,50.0,45.0,30.0
BU03561800,Nieuwegein,65,5.0,10.0,30.0,10.0,0.0,5.0,0.0,0.0
BU03562001,Nieuwegein,400,0.0,85.0,125.0,50.0,45.0,80.0,10.0,10.0
BU03562002,Nieuwegein,20,,,,,,,,
BU03562100,Nieuwegein,250,0.0,50.0,55.0,25.0,30.0,40.0,30.0,15.0
BU03562200,Nieuwegein,355,0.0,60.0,145.0,20.0,30.0,60.0,15.0,20.0
BU03562300,Nieuwegein,5,,,,,,,,
BU03562400,Nieuwegein,405,0.0,30.0,155.0,30.0,20.0,70.0,55.0,45.0
BU03562500,Nieuwegein,390,0.0,30.0,35.0,60.0,25.0,105.0,55.0,80.0
BU05690000,Nieuwkoop,345,5.0,40.0,65.0,15.0,70.0,85.0,25.0,35.0
BU05690001,Nieuwkoop,150,5.0,30.0,25.0,10.0,20.0,30.0,10.0,20.0
BU05690002,Nieuwkoop,205,5.0,60.0,55.0,15.0,20.0,25.0,15.0,15.0
BU05690003,Nieuwkoop,625,5.0,145.0,75.0,45.0,40.0,145.0,95.0,70.0
BU05690004,Nieuwkoop,30,5.0,5.0,5.0,0.0,5.0,5.0,0.0,0.0
BU05690005,Nieuwkoop,85,0.0,15.0,10.0,5.0,5.0,20.0,20.0,5.0
BU05690006,Nieuwkoop,135,5.0,45.0,20.0,10.0,10.0,25.0,10.0,15.0
BU05690008,Nieuwkoop,80,15.0,10.0,5.0,5.0,10.0,20.0,10.0,5.0
BU05690009,Nieuwkoop,25,10.0,5.0,5.0,5.0,0.0,0.0,0.0,5.0
BU05690100,Nieuwkoop,160,10.0,20.0,30.0,10.0,15.0,35.0,15.0,25.0
BU05690101,Nieuwkoop,145,5.0,40.0,10.0,10.0,5.0,35.0,25.0,10.0
BU05690104,Nieuwkoop,75,25.0,15.0,10.0,0.0,10.0,10.0,5.0,5.0
BU05690108,Nieuwkoop,120,10.0,30.0,15.0,10.0,10.0,25.0,10.0,10.0
BU05690109,Nieuwkoop,100,50.0,10.0,15.0,0.0,5.0,10.0,0.0,0.0
BU05690200,Nieuwkoop,255,20.0,60.0,35.0,20.0,15.0,55.0,30.0,25.0
BU05690201,Nieuwkoop,5,,,,,,,,
BU05690202,Nieuwkoop,65,5.0,20.0,5.0,5.0,5.0,10.0,15.0,5.0
BU05690203,Nieuwkoop,30,5.0,5.0,5.0,0.0,0.0,10.0,5.0,0.0
BU05690208,Nieuwkoop,0,,,,,,,,
BU05690209,Nieuwkoop,100,30.0,15.0,0.0,5.0,10.0,25.0,10.0,5.0
BU05690300,Nieuwkoop,245,30.0,40.0,65.0,10.0,30.0,35.0,10.0,20.0
BU05690301,Nieuwkoop,145,5.0,20.0,20.0,10.0,30.0,30.0,10.0,20.0
BU05690302,Nieuwkoop,280,45.0,60.0,55.0,15.0,20.0,55.0,10.0,20.0
BU05690303,Nieuwkoop,115,20.0,25.0,15.0,5.0,15.0,20.0,5.0,10.0
BU05690305,Nieuwkoop,380,10.0,80.0,60.0,20.0,20.0,80.0,65.0,45.0
BU05690306,Nieuwkoop,125,0.0,30.0,15.0,10.0,10.0,30.0,15.0,15.0
BU05690309,Nieuwkoop,15,,,,,,,,
BU02670101,Nijkerk,695,5.0,155.0,245.0,45.0,55.0,115.0,30.0,50.0
BU02670102,Nijkerk,155,0.0,15.0,15.0,10.0,20.0,35.0,35.0,20.0
BU02670103,Nijkerk,260,0.0,25.0,20.0,20.0,40.0,70.0,50.0,30.0
BU02670104,Nijkerk,190,0.0,35.0,25.0,15.0,15.0,45.0,25.0,30.0
BU02670105,Nijkerk,160,0.0,20.0,35.0,15.0,10.0,30.0,30.0,20.0
BU02670106,Nijkerk,285,0.0,20.0,125.0,10.0,20.0,40.0,25.0,45.0
BU02670107,Nijkerk,220,5.0,45.0,30.0,15.0,15.0,50.0,40.0,25.0
BU02670108,Nijkerk,250,0.0,25.0,35.0,15.0,45.0,55.0,50.0,25.0
BU02670109,Nijkerk,160,0.0,25.0,25.0,15.0,20.0,35.0,35.0,15.0
BU02670110,Nijkerk,55,0.0,10.0,10.0,5.0,10.0,10.0,5.0,10.0
BU02670111,Nijkerk,165,0.0,30.0,30.0,10.0,10.0,30.0,30.0,25.0
BU02670112,Nijkerk,125,0.0,15.0,20.0,5.0,15.0,30.0,25.0,10.0
BU02670113,Nijkerk,150,0.0,25.0,15.0,15.0,10.0,40.0,30.0,15.0
BU02670114,Nijkerk,110,0.0,20.0,15.0,10.0,10.0,30.0,15.0,10.0
BU02670115,Nijkerk,255,0.0,30.0,35.0,20.0,25.0,55.0,55.0,30.0
BU02670116,Nijkerk,60,0.0,15.0,25.0,5.0,5.0,10.0,0.0,0.0
BU02670117,Nijkerk,125,0.0,20.0,15.0,5.0,10.0,40.0,25.0,10.0
BU02670118,Nijkerk,160,0.0,20.0,15.0,10.0,15.0,55.0,25.0,20.0
BU02670201,Nijkerk,80,25.0,10.0,10.0,0.0,15.0,10.0,0.0,10.0
BU02670202,Nijkerk,115,25.0,25.0,20.0,0.0,10.0,15.0,10.0,10.0
BU02670203,Nijkerk,135,40.0,10.0,20.0,5.0,10.0,30.0,10.0,0.0
BU02670204,Nijkerk,65,5.0,10.0,10.0,5.0,5.0,15.0,10.0,5.0
BU02670300,Nijkerk,255,15.0,55.0,55.0,10.0,20.0,50.0,25.0,30.0
BU02670301,Nijkerk,190,10.0,45.0,45.0,5.0,20.0,30.0,15.0,20.0
BU02670302,Nijkerk,120,10.0,20.0,15.0,10.0,10.0,30.0,5.0,15.0
BU02670401,Nijkerk,65,15.0,10.0,10.0,5.0,10.0,10.0,10.0,5.0
BU02670402,Nijkerk,60,30.0,5.0,5.0,5.0,10.0,5.0,0.0,0.0
BU02670500,Nijkerk,180,0.0,35.0,25.0,10.0,10.0,45.0,30.0,20.0
BU02670501,Nijkerk,225,0.0,40.0,40.0,25.0,15.0,55.0,20.0,25.0
BU02670502,Nijkerk,235,0.0,25.0,50.0,15.0,30.0,55.0,30.0,30.0
BU02670503,Nijkerk,230,0.0,25.0,45.0,10.0,35.0,45.0,45.0,20.0
BU02670504,Nijkerk,320,10.0,35.0,65.0,20.0,40.0,85.0,35.0,30.0
BU02670505,Nijkerk,165,0.0,20.0,25.0,20.0,25.0,50.0,10.0,15.0
BU02680100,Nijmegen,435,0.0,35.0,90.0,35.0,20.0,90.0,85.0,80.0
BU02680101,Nijmegen,2310,5.0,95.0,745.0,150.0,160.0,505.0,360.0,295.0
BU02680202,Nijmegen,740,0.0,30.0,80.0,60.0,35.0,205.0,210.0,120.0
BU02680203,Nijmegen,1015,0.0,35.0,105.0,55.0,110.0,295.0,300.0,115.0
BU02680204,Nijmegen,900,0.0,55.0,100.0,60.0,55.0,225.0,280.0,130.0
BU02680205,Nijmegen,720,0.0,25.0,50.0,45.0,80.0,230.0,230.0,65.0
BU02680206,Nijmegen,850,0.0,50.0,80.0,50.0,35.0,230.0,250.0,160.0
BU02680207,Nijmegen,215,0.0,5.0,10.0,10.0,30.0,70.0,70.0,10.0
BU02680208,Nijmegen,230,0.0,10.0,25.0,15.0,15.0,60.0,85.0,20.0
BU02680209,Nijmegen,50,0.0,5.0,0.0,5.0,0.0,15.0,15.0,5.0
BU02680320,Nijmegen,1070,5.0,105.0,120.0,110.0,45.0,240.0,280.0,165.0
BU02680321,Nijmegen,580,0.0,70.0,80.0,45.0,15.0,130.0,155.0,80.0
BU02680422,Nijmegen,325,0.0,25.0,40.0,20.0,30.0,90.0,90.0,35.0
BU02680423,Nijmegen,655,0.0,60.0,75.0,40.0,30.0,155.0,205.0,90.0
BU02680424,Nijmegen,575,0.0,95.0,110.0,50.0,20.0,100.0,125.0,75.0
BU02680425,Nijmegen,350,0.0,60.0,100.0,30.0,30.0,50.0,45.0,35.0
BU02680510,Nijmegen,600,0.0,80.0,75.0,60.0,15.0,150.0,150.0,75.0
BU02680511,Nijmegen,620,0.0,35.0,60.0,30.0,40.0,165.0,205.0,80.0
BU02680512,Nijmegen,510,0.0,55.0,85.0,50.0,20.0,150.0,100.0,45.0
BU02680513,Nijmegen,445,5.0,30.0,55.0,20.0,25.0,125.0,115.0,70.0
BU02680517,Nijmegen,370,0.0,15.0,30.0,40.0,20.0,115.0,90.0,55.0
BU02680614,Nijmegen,395,0.0,30.0,35.0,25.0,25.0,105.0,115.0,60.0
BU02680615,Nijmegen,430,0.0,40.0,55.0,35.0,15.0,90.0,130.0,65.0
BU02680616,Nijmegen,595,5.0,110.0,95.0,45.0,20.0,110.0,145.0,65.0
BU02680618,Nijmegen,385,0.0,20.0,40.0,20.0,25.0,85.0,145.0,50.0
BU02680731,Nijmegen,240,0.0,45.0,30.0,20.0,5.0,45.0,65.0,30.0
BU02680732,Nijmegen,405,0.0,95.0,105.0,30.0,10.0,70.0,45.0,50.0
BU02680733,Nijmegen,255,0.0,55.0,50.0,15.0,0.0,35.0,75.0,20.0
BU02680734,Nijmegen,165,0.0,30.0,25.0,10.0,5.0,30.0,45.0,20.0
BU02680735,Nijmegen,155,0.0,35.0,20.0,15.0,5.0,35.0,40.0,10.0
BU02680736,Nijmegen,160,0.0,30.0,25.0,20.0,0.0,20.0,45.0,20.0
BU02680737,Nijmegen,310,0.0,35.0,35.0,20.0,15.0,70.0,105.0,30.0
BU02680738,Nijmegen,0,,,,,,,,
BU02680739,Nijmegen,45,0.0,5.0,20.0,0.0,0.0,0.0,5.0,10.0
BU02680840,Nijmegen,400,0.0,90.0,65.0,30.0,20.0,55.0,95.0,50.0
BU02680841,Nijmegen,465,0.0,75.0,75.0,40.0,25.0,90.0,100.0,65.0
BU02680842,Nijmegen,325,0.0,70.0,45.0,25.0,15.0,60.0,55.0,50.0
BU02680843,Nijmegen,465,0.0,45.0,70.0,75.0,40.0,175.0,50.0,15.0
BU02680847,Nijmegen,280,0.0,50.0,140.0,20.0,25.0,35.0,5.0,5.0
BU02680848,Nijmegen,20,,,,,,,,
BU02680849,Nijmegen,80,5.0,10.0,20.0,20.0,15.0,10.0,0.0,0.0
BU02680950,Nijmegen,680,0.0,45.0,75.0,50.0,50.0,190.0,215.0,50.0
BU02680960,Nijmegen,370,5.0,40.0,50.0,35.0,25.0,70.0,120.0,25.0
BU02680970,Nijmegen,1380,5.0,95.0,130.0,90.0,105.0,360.0,440.0,155.0
BU19300101,Nissewaard,285,0.0,15.0,135.0,15.0,20.0,25.0,30.0,45.0
BU19300102,Nissewaard,30,0.0,10.0,5.0,5.0,0.0,5.0,5.0,0.0
BU19300103,Nissewaard,90,0.0,10.0,10.0,5.0,10.0,25.0,20.0,5.0
BU19300104,Nissewaard,50,0.0,15.0,15.0,0.0,5.0,10.0,5.0,5.0
BU19300105,Nissewaard,110,0.0,20.0,15.0,5.0,10.0,15.0,20.0,15.0
BU19300106,Nissewaard,125,0.0,10.0,40.0,15.0,5.0,15.0,25.0,15.0
BU19300201,Nissewaard,125,5.0,30.0,35.0,5.0,5.0,15.0,20.0,15.0
BU19300202,Nissewaard,130,5.0,35.0,20.0,5.0,5.0,15.0,35.0,20.0
BU19300301,Nissewaard,120,5.0,40.0,15.0,10.0,0.0,20.0,20.0,15.0
BU19300302,Nissewaard,175,0.0,45.0,40.0,15.0,5.0,25.0,35.0,20.0
BU19300401,Nissewaard,80,0.0,10.0,5.0,5.0,5.0,20.0,20.0,10.0
BU19300501,Nissewaard,60,0.0,15.0,5.0,5.0,0.0,10.0,20.0,5.0
BU19300502,Nissewaard,70,0.0,15.0,10.0,5.0,0.0,15.0,15.0,15.0
BU19300503,Nissewaard,55,0.0,15.0,10.0,5.0,5.0,5.0,10.0,5.0
BU19300504,Nissewaard,10,,,,,,,,
BU19300601,Nissewaard,40,0.0,10.0,10.0,5.0,0.0,5.0,5.0,5.0
BU19300602,Nissewaard,50,0.0,15.0,10.0,5.0,0.0,5.0,10.0,0.0
BU19300603,Nissewaard,20,,,,,,,,
BU19300701,Nissewaard,60,0.0,10.0,10.0,5.0,0.0,10.0,15.0,10.0
BU19300702,Nissewaard,20,,,,,,,,
BU19300703,Nissewaard,120,0.0,30.0,20.0,5.0,5.0,20.0,30.0,10.0
BU19300801,Nissewaard,50,0.0,10.0,15.0,5.0,0.0,5.0,10.0,5.0
BU19300802,Nissewaard,50,0.0,10.0,10.0,5.0,0.0,10.0,5.0,5.0
BU19300803,Nissewaard,75,0.0,20.0,5.0,5.0,5.0,15.0,20.0,10.0
BU19300804,Nissewaard,25,0.0,5.0,5.0,5.0,0.0,5.0,5.0,0.0
BU19300805,Nissewaard,55,0.0,5.0,10.0,5.0,5.0,15.0,5.0,10.0
BU19300901,Nissewaard,40,0.0,10.0,10.0,5.0,5.0,5.0,15.0,0.0
BU19300902,Nissewaard,55,0.0,5.0,15.0,5.0,5.0,15.0,10.0,5.0
BU19300903,Nissewaard,105,0.0,20.0,10.0,5.0,5.0,35.0,20.0,10.0
BU19300904,Nissewaard,60,0.0,10.0,5.0,0.0,0.0,20.0,15.0,5.0
BU19300905,Nissewaard,45,0.0,5.0,5.0,5.0,5.0,10.0,10.0,0.0
BU19301001,Nissewaard,110,0.0,10.0,10.0,10.0,10.0,25.0,25.0,20.0
BU19301002,Nissewaard,30,0.0,5.0,15.0,5.0,5.0,5.0,0.0,0.0
BU19301003,Nissewaard,25,0.0,5.0,5.0,5.0,0.0,10.0,5.0,0.0
BU19301004,Nissewaard,95,0.0,10.0,10.0,15.0,5.0,20.0,20.0,10.0
BU19301101,Nissewaard,220,0.0,55.0,35.0,15.0,5.0,35.0,45.0,25.0
BU19301102,Nissewaard,95,0.0,10.0,15.0,5.0,5.0,25.0,20.0,10.0
BU19301201,Nissewaard,140,0.0,40.0,15.0,10.0,0.0,25.0,30.0,20.0
BU19301202,Nissewaard,70,0.0,10.0,10.0,10.0,0.0,10.0,15.0,10.0
BU19301203,Nissewaard,80,0.0,15.0,20.0,5.0,0.0,15.0,15.0,5.0
BU19301204,Nissewaard,135,0.0,20.0,35.0,10.0,5.0,10.0,35.0,15.0
BU19301205,Nissewaard,145,0.0,45.0,20.0,10.0,0.0,25.0,30.0,15.0
BU19301206,Nissewaard,125,0.0,35.0,20.0,10.0,5.0,25.0,20.0,15.0
BU19301301,Nissewaard,195,0.0,55.0,25.0,20.0,5.0,40.0,30.0,20.0
BU19301401,Nissewaard,30,0.0,5.0,5.0,0.0,0.0,10.0,5.0,5.0
BU19301402,Nissewaard,55,0.0,15.0,5.0,5.0,5.0,5.0,5.0,10.0
BU19301403,Nissewaard,45,0.0,5.0,10.0,0.0,0.0,10.0,10.0,10.0
BU19301404,Nissewaard,50,0.0,10.0,5.0,5.0,0.0,15.0,10.0,5.0
BU19301405,Nissewaard,55,0.0,15.0,10.0,5.0,0.0,10.0,5.0,5.0
BU19301406,Nissewaard,35,0.0,10.0,5.0,5.0,0.0,5.0,5.0,5.0
BU19301407,Nissewaard,95,0.0,25.0,25.0,5.0,0.0,10.0,20.0,10.0
BU19301408,Nissewaard,60,0.0,10.0,10.0,10.0,0.0,5.0,10.0,5.0
BU19301409,Nissewaard,110,5.0,30.0,20.0,10.0,0.0,15.0,25.0,10.0
BU19301410,Nissewaard,70,0.0,20.0,5.0,5.0,0.0,15.0,10.0,10.0
BU19301411,Nissewaard,10,,,,,,,,
BU19301501,Nissewaard,215,0.0,25.0,30.0,15.0,15.0,55.0,50.0,25.0
BU19301502,Nissewaard,50,0.0,15.0,5.0,5.0,0.0,5.0,15.0,5.0
BU19301503,Nissewaard,205,0.0,35.0,20.0,15.0,25.0,55.0,40.0,20.0
BU19301504,Nissewaard,330,0.0,45.0,55.0,25.0,35.0,90.0,50.0,35.0
BU19301505,Nissewaard,45,0.0,0.0,15.0,0.0,0.0,10.0,15.0,5.0
BU19301506,Nissewaard,0,,,,,,,,
BU19301601,Nissewaard,505,0.0,95.0,135.0,65.0,55.0,110.0,20.0,20.0
BU19301701,Nissewaard,5,,,,,,,,
BU19301702,Nissewaard,0,,,,,,,,
BU19301703,Nissewaard,5,,,,,,,,
BU19301704,Nissewaard,5,,,,,,,,
BU19301705,Nissewaard,0,,,,,,,,
BU19301706,Nissewaard,5,,,,,,,,
BU19301707,Nissewaard,5,,,,,,,,
BU19301708,Nissewaard,5,,,,,,,,
BU19302501,Nissewaard,80,0.0,10.0,15.0,5.0,5.0,15.0,20.0,10.0
BU19302502,Nissewaard,55,0.0,10.0,5.0,5.0,10.0,10.0,10.0,5.0
BU19302503,Nissewaard,55,0.0,10.0,5.0,5.0,5.0,10.0,5.0,10.0
BU19302504,Nissewaard,35,5.0,5.0,5.0,0.0,5.0,5.0,0.0,5.0
BU19302701,Nissewaard,50,0.0,5.0,10.0,0.0,5.0,20.0,5.0,5.0
BU19302702,Nissewaard,80,0.0,10.0,10.0,5.0,5.0,25.0,15.0,5.0
BU19302703,Nissewaard,40,10.0,5.0,5.0,0.0,0.0,10.0,5.0,5.0
BU19302901,Nissewaard,85,0.0,20.0,10.0,0.0,5.0,20.0,15.0,10.0
BU19302902,Nissewaard,65,25.0,5.0,5.0,5.0,5.0,10.0,5.0,5.0
BU19303101,Nissewaard,255,0.0,40.0,60.0,15.0,30.0,40.0,35.0,30.0
BU19303102,Nissewaard,105,0.0,25.0,15.0,0.0,10.0,20.0,10.0,20.0
BU19303103,Nissewaard,90,0.0,15.0,10.0,5.0,5.0,15.0,20.0,15.0
BU19303104,Nissewaard,100,0.0,25.0,35.0,5.0,5.0,10.0,5.0,10.0
BU19303105,Nissewaard,55,15.0,10.0,5.0,5.0,10.0,5.0,5.0,5.0
BU19303301,Nissewaard,35,0.0,5.0,5.0,0.0,0.0,10.0,10.0,5.0
BU19303302,Nissewaard,55,15.0,5.0,5.0,0.0,5.0,10.0,10.0,5.0
BU19305001,Nissewaard,175,5.0,25.0,35.0,10.0,15.0,40.0,35.0,20.0
BU19305002,Nissewaard,5,,,,,,,,
BU19305003,Nissewaard,5,,,,,,,,
BU19700000,Noardeast-Fryslân,320,0.0,15.0,135.0,10.0,30.0,45.0,30.0,55.0
BU19700001,Noardeast-Fryslân,120,0.0,20.0,10.0,5.0,10.0,25.0,20.0,20.0
BU19700002,Noardeast-Fryslân,75,0.0,10.0,10.0,5.0,5.0,15.0,20.0,10.0
BU19700003,Noardeast-Fryslân,120,0.0,20.0,20.0,10.0,5.0,15.0,30.0,20.0
BU19700004,Noardeast-Fryslân,90,0.0,25.0,30.0,5.0,10.0,15.0,5.0,5.0
BU19700005,Noardeast-Fryslân,80,5.0,10.0,10.0,0.0,5.0,10.0,30.0,10.0
BU19700006,Noardeast-Fryslân,50,0.0,10.0,10.0,0.0,5.0,5.0,10.0,5.0
BU19700007,Noardeast-Fryslân,80,0.0,10.0,25.0,5.0,10.0,15.0,10.0,5.0
BU19700008,Noardeast-Fryslân,80,0.0,20.0,10.0,5.0,5.0,15.0,25.0,5.0
BU19700009,Noardeast-Fryslân,55,0.0,0.0,5.0,5.0,5.0,10.0,20.0,10.0
BU19700010,Noardeast-Fryslân,120,0.0,20.0,15.0,5.0,15.0,30.0,25.0,10.0
BU19700011,Noardeast-Fryslân,125,0.0,35.0,45.0,5.0,5.0,10.0,15.0,5.0
BU19700100,Noardeast-Fryslân,80,5.0,20.0,15.0,10.0,0.0,5.0,15.0,5.0
BU19700101,Noardeast-Fryslân,10,,,,,,,,
BU19700102,Noardeast-Fryslân,35,5.0,5.0,10.0,0.0,0.0,10.0,0.0,5.0
BU19700103,Noardeast-Fryslân,10,,,,,,,,
BU19700104,Noardeast-Fryslân,25,10.0,5.0,0.0,0.0,0.0,0.0,0.0,5.0
BU19700105,Noardeast-Fryslân,10,,,,,,,,
BU19700107,Noardeast-Fryslân,5,,,,,,,,
BU19700108,Noardeast-Fryslân,5,,,,,,,,
BU19700109,Noardeast-Fryslân,15,,,,,,,,
BU19700200,Noardeast-Fryslân,50,5.0,10.0,10.0,5.0,0.0,10.0,5.0,5.0
BU19700201,Noardeast-Fryslân,55,10.0,10.0,5.0,5.0,0.0,10.0,10.0,5.0
BU19700202,Noardeast-Fryslân,5,,,,,,,,
BU19700208,Noardeast-Fryslân,55,20.0,15.0,5.0,5.0,0.0,5.0,5.0,0.0
BU19700209,Noardeast-Fryslân,20,,,,,,,,
BU19700300,Noardeast-Fryslân,60,10.0,10.0,15.0,0.0,0.0,5.0,10.0,5.0
BU19700301,Noardeast-Fryslân,30,5.0,15.0,5.0,0.0,0.0,0.0,0.0,5.0
BU19700302,Noardeast-Fryslân,15,,,,,,,,
BU19700303,Noardeast-Fryslân,25,0.0,0.0,10.0,5.0,0.0,0.0,0.0,5.0
BU19700307,Noardeast-Fryslân,45,15.0,5.0,0.0,0.0,5.0,5.0,5.0,5.0
BU19700308,Noardeast-Fryslân,10,,,,,,,,
BU19700309,Noardeast-Fryslân,15,,,,,,,,
BU19700400,Noardeast-Fryslân,85,5.0,15.0,15.0,5.0,10.0,10.0,10.0,15.0
BU19700401,Noardeast-Fryslân,30,10.0,5.0,5.0,5.0,0.0,0.0,5.0,0.0
BU19700408,Noardeast-Fryslân,30,15.0,5.0,0.0,0.0,0.0,0.0,5.0,0.0
BU19700409,Noardeast-Fryslân,5,,,,,,,,
BU19700500,Noardeast-Fryslân,85,5.0,20.0,15.0,5.0,5.0,5.0,20.0,10.0
BU19700501,Noardeast-Fryslân,25,0.0,0.0,5.0,0.0,0.0,5.0,5.0,5.0
BU19700502,Noardeast-Fryslân,30,5.0,10.0,5.0,0.0,0.0,5.0,5.0,5.0
BU19700503,Noardeast-Fryslân,20,,,,,,,,
BU19700506,Noardeast-Fryslân,45,20.0,10.0,0.0,0.0,0.0,5.0,5.0,0.0
BU19700507,Noardeast-Fryslân,5,,,,,,,,
BU19700508,Noardeast-Fryslân,15,,,,,,,,
BU19700509,Noardeast-Fryslân,5,,,,,,,,
BU19700600,Noardeast-Fryslân,105,5.0,30.0,15.0,5.0,0.0,20.0,25.0,10.0
BU19700601,Noardeast-Fryslân,5,,,,,,,,
BU19700602,Noardeast-Fryslân,25,5.0,0.0,0.0,5.0,0.0,5.0,0.0,5.0
BU19700603,Noardeast-Fryslân,15,,,,,,,,
BU19700604,Noardeast-Fryslân,30,10.0,0.0,5.0,0.0,5.0,5.0,0.0,5.0
BU19700605,Noardeast-Fryslân,25,5.0,5.0,0.0,0.0,0.0,5.0,5.0,5.0
BU19700608,Noardeast-Fryslân,60,20.0,5.0,10.0,5.0,0.0,5.0,5.0,5.0
BU19700609,Noardeast-Fryslân,5,,,,,,,,
BU19700700,Noardeast-Fryslân,25,0.0,5.0,5.0,0.0,0.0,5.0,0.0,5.0
BU19700701,Noardeast-Fryslân,10,,,,,,,,
BU19700702,Noardeast-Fryslân,10,,,,,,,,
BU19700703,Noardeast-Fryslân,15,,,,,,,,
BU19700708,Noardeast-Fryslân,10,,,,,,,,
BU19700709,Noardeast-Fryslân,20,,,,,,,,
BU19700800,Noardeast-Fryslân,125,5.0,35.0,25.0,10.0,10.0,15.0,25.0,10.0
BU19700801,Noardeast-Fryslân,115,5.0,30.0,25.0,5.0,5.0,20.0,10.0,20.0
BU19700802,Noardeast-Fryslân,45,5.0,5.0,5.0,0.0,0.0,10.0,10.0,10.0
BU19700803,Noardeast-Fryslân,20,,,,,,,,
BU19700807,Noardeast-Fryslân,50,15.0,10.0,5.0,0.0,0.0,5.0,5.0,5.0
BU19700808,Noardeast-Fryslân,45,10.0,10.0,10.0,5.0,0.0,5.0,0.0,0.0
BU19700809,Noardeast-Fryslân,50,25.0,10.0,5.0,5.0,0.0,0.0,5.0,0.0
BU19700900,Noardeast-Fryslân,170,5.0,35.0,25.0,10.0,10.0,25.0,40.0,25.0
BU19700909,Noardeast-Fryslân,80,35.0,15.0,5.0,0.0,5.0,5.0,5.0,5.0
BU19701000,Noardeast-Fryslân,110,0.0,25.0,15.0,10.0,10.0,20.0,15.0,10.0
BU19701001,Noardeast-Fryslân,10,,,,,,,,
BU19701002,Noardeast-Fryslân,5,,,,,,,,
BU19701003,Noardeast-Fryslân,15,,,,,,,,
BU19701004,Noardeast-Fryslân,20,,,,,,,,
BU19701005,Noardeast-Fryslân,10,,,,,,,,
BU19701006,Noardeast-Fryslân,15,,,,,,,,
BU19701008,Noardeast-Fryslân,30,10.0,5.0,5.0,0.0,0.0,5.0,5.0,0.0
BU19701009,Noardeast-Fryslân,20,,,,,,,,
BU19701100,Noardeast-Fryslân,520,5.0,95.0,120.0,15.0,25.0,110.0,80.0,65.0
BU19701109,Noardeast-Fryslân,80,25.0,15.0,15.0,0.0,0.0,10.0,5.0,5.0
BU19701200,Noardeast-Fryslân,55,0.0,10.0,10.0,10.0,5.0,10.0,10.0,10.0
BU19701201,Noardeast-Fryslân,30,5.0,5.0,5.0,10.0,0.0,5.0,5.0,0.0
BU19701202,Noardeast-Fryslân,20,,,,,,,,
BU19701203,Noardeast-Fryslân,35,0.0,10.0,5.0,0.0,5.0,5.0,5.0,5.0
BU19701204,Noardeast-Fryslân,20,,,,,,,,
BU19701206,Noardeast-Fryslân,20,,,,,,,,
BU19701207,Noardeast-Fryslân,35,20.0,0.0,5.0,0.0,0.0,5.0,5.0,0.0
BU19701208,Noardeast-Fryslân,15,,,,,,,,
BU19701209,Noardeast-Fryslân,35,15.0,5.0,5.0,0.0,0.0,5.0,5.0,0.0
BU19701300,Noardeast-Fryslân,80,10.0,20.0,15.0,0.0,0.0,10.0,10.0,10.0
BU19701301,Noardeast-Fryslân,40,5.0,10.0,5.0,0.0,0.0,5.0,10.0,5.0
BU19701302,Noardeast-Fryslân,60,5.0,20.0,10.0,0.0,5.0,5.0,5.0,5.0
BU19701308,Noardeast-Fryslân,40,10.0,5.0,10.0,0.0,0.0,5.0,5.0,5.0
BU19701309,Noardeast-Fryslân,40,15.0,5.0,10.0,0.0,0.0,5.0,5.0,5.0
BU19701400,Noardeast-Fryslân,280,15.0,75.0,60.0,20.0,10.0,40.0,30.0,30.0
BU19701401,Noardeast-Fryslân,40,0.0,15.0,5.0,0.0,0.0,5.0,10.0,5.0
BU19701402,Noardeast-Fryslân,25,5.0,0.0,10.0,0.0,0.0,5.0,5.0,0.0
BU19701409,Noardeast-Fryslân,35,5.0,10.0,5.0,0.0,0.0,5.0,5.0,5.0
BU16950000,Noord-Beveland,200,10.0,40.0,40.0,5.0,10.0,50.0,30.0,15.0
BU16950001,Noord-Beveland,70,0.0,10.0,10.0,5.0,15.0,25.0,5.0,5.0
BU16950009,Noord-Beveland,35,20.0,5.0,0.0,0.0,0.0,0.0,5.0,0.0
BU16950100,Noord-Beveland,185,10.0,35.0,35.0,10.0,10.0,30.0,25.0,25.0
BU16950109,Noord-Beveland,45,20.0,5.0,10.0,0.0,0.0,5.0,5.0,5.0
BU16950200,Noord-Beveland,35,0.0,5.0,5.0,5.0,0.0,5.0,5.0,5.0
BU16950209,Noord-Beveland,50,25.0,5.0,5.0,5.0,5.0,5.0,5.0,5.0
BU16950300,Noord-Beveland,250,10.0,50.0,60.0,10.0,20.0,35.0,35.0,30.0
BU16950301,Noord-Beveland,40,0.0,5.0,10.0,5.0,5.0,10.0,5.0,5.0
BU16950309,Noord-Beveland,95,35.0,10.0,20.0,0.0,5.0,10.0,5.0,10.0
BU16950400,Noord-Beveland,105,5.0,15.0,25.0,5.0,0.0,30.0,15.0,10.0
BU16950409,Noord-Beveland,50,20.0,10.0,10.0,0.0,0.0,5.0,0.0,0.0
BU16950500,Noord-Beveland,40,0.0,10.0,10.0,0.0,0.0,10.0,5.0,5.0
BU16950509,Noord-Beveland,20,,,,,,,,
BU16990000,Noordenveld,640,5.0,75.0,160.0,25.0,55.0,125.0,100.0,95.0
BU16990010,Noordenveld,535,0.0,45.0,50.0,45.0,45.0,150.0,125.0,65.0
BU16990020,Noordenveld,335,0.0,80.0,120.0,15.0,25.0,55.0,25.0,15.0
BU16990030,Noordenveld,130,5.0,10.0,30.0,10.0,5.0,25.0,35.0,10.0
BU16990040,Noordenveld,65,0.0,10.0,20.0,5.0,10.0,10.0,5.0,5.0
BU16990050,Noordenveld,20,,,,,,,,
BU16990060,Noordenveld,20,,,,,,,,
BU16990070,Noordenveld,40,5.0,0.0,5.0,0.0,0.0,15.0,5.0,5.0
BU16990080,Noordenveld,10,,,,,,,,
BU16990090,Noordenveld,30,0.0,5.0,0.0,0.0,5.0,10.0,5.0,5.0
BU16990100,Noordenveld,30,0.0,5.0,5.0,0.0,0.0,5.0,5.0,0.0
BU16990110,Noordenveld,15,,,,,,,,
BU16990120,Noordenveld,35,10.0,0.0,5.0,0.0,0.0,5.0,0.0,5.0
BU16990130,Noordenveld,115,20.0,10.0,15.0,5.0,15.0,20.0,15.0,10.0
BU16990140,Noordenveld,55,5.0,10.0,5.0,0.0,10.0,10.0,5.0,5.0
BU16990300,Noordenveld,365,10.0,40.0,70.0,20.0,40.0,80.0,60.0,45.0
BU16990310,Noordenveld,70,10.0,10.0,5.0,0.0,0.0,10.0,15.0,10.0
BU16990320,Noordenveld,50,10.0,10.0,10.0,0.0,5.0,10.0,5.0,0.0
BU16990330,Noordenveld,15,,,,,,,,
BU16990340,Noordenveld,15,,,,,,,,
BU16990350,Noordenveld,25,5.0,0.0,5.0,0.0,0.0,5.0,5.0,0.0
BU16990360,Noordenveld,90,5.0,15.0,15.0,5.0,0.0,25.0,15.0,10.0
BU16990370,Noordenveld,30,10.0,5.0,0.0,5.0,0.0,5.0,5.0,5.0
BU16990380,Noordenveld,40,10.0,5.0,5.0,0.0,0.0,5.0,10.0,0.0
BU16990390,Noordenveld,80,5.0,10.0,10.0,5.0,5.0,20.0,15.0,10.0
BU16990400,Noordenveld,65,20.0,10.0,10.0,5.0,5.0,5.0,10.0,0.0
BU16990410,Noordenveld,10,,,,,,,,
BU16990420,Noordenveld,10,,,,,,,,
BU16990430,Noordenveld,30,15.0,0.0,5.0,0.0,0.0,5.0,0.0,0.0
BU16990440,Noordenveld,0,,,,,,,,
BU16990450,Noordenveld,50,15.0,5.0,5.0,0.0,0.0,10.0,10.0,5.0
BU16990600,Noordenveld,450,5.0,50.0,75.0,25.0,35.0,115.0,95.0,50.0
BU16990610,Noordenveld,30,0.0,5.0,5.0,0.0,0.0,5.0,5.0,10.0
BU16990620,Noordenveld,25,5.0,5.0,5.0,0.0,0.0,5.0,0.0,0.0
BU16990630,Noordenveld,145,25.0,15.0,15.0,15.0,20.0,30.0,20.0,10.0
BU01710101,Noordoostpolder,140,5.0,20.0,25.0,15.0,10.0,20.0,35.0,15.0
BU01710102,Noordoostpolder,205,5.0,15.0,25.0,5.0,20.0,40.0,70.0,20.0
BU01710103,Noordoostpolder,45,5.0,5.0,5.0,0.0,15.0,10.0,5.0,5.0
BU01710104,Noordoostpolder,265,0.0,30.0,115.0,5.0,25.0,25.0,30.0,35.0
BU01710105,Noordoostpolder,100,0.0,20.0,15.0,5.0,5.0,5.0,40.0,10.0
BU01710106,Noordoostpolder,195,5.0,40.0,25.0,15.0,10.0,25.0,60.0,15.0
BU01710107,Noordoostpolder,115,5.0,20.0,20.0,5.0,5.0,15.0,30.0,15.0
BU01710108,Noordoostpolder,100,5.0,25.0,10.0,10.0,5.0,15.0,15.0,15.0
BU01710109,Noordoostpolder,190,5.0,35.0,25.0,10.0,15.0,40.0,35.0,25.0
BU01710110,Noordoostpolder,195,5.0,40.0,20.0,15.0,20.0,40.0,40.0,15.0
BU01710111,Noordoostpolder,420,10.0,60.0,50.0,35.0,55.0,105.0,75.0,35.0
BU01710112,Noordoostpolder,25,0.0,5.0,0.0,0.0,5.0,10.0,5.0,0.0
BU01710113,Noordoostpolder,195,10.0,30.0,15.0,10.0,35.0,50.0,35.0,15.0
BU01710114,Noordoostpolder,35,5.0,5.0,5.0,5.0,5.0,10.0,10.0,0.0
BU01710115,Noordoostpolder,200,5.0,40.0,55.0,15.0,20.0,50.0,10.0,5.0
BU01710116,Noordoostpolder,290,10.0,60.0,115.0,25.0,30.0,35.0,15.0,5.0
BU01710117,Noordoostpolder,60,0.0,15.0,25.0,5.0,5.0,5.0,0.0,0.0
BU01710118,Noordoostpolder,175,75.0,20.0,25.0,5.0,15.0,20.0,10.0,5.0
BU01710219,Noordoostpolder,75,5.0,15.0,10.0,5.0,5.0,15.0,10.0,5.0
BU01710220,Noordoostpolder,20,,,,,,,,
BU01710221,Noordoostpolder,165,80.0,15.0,15.0,5.0,10.0,20.0,10.0,10.0
BU01710322,Noordoostpolder,75,20.0,10.0,10.0,0.0,5.0,15.0,10.0,10.0
BU01710323,Noordoostpolder,235,135.0,20.0,15.0,5.0,15.0,25.0,15.0,5.0
BU01710424,Noordoostpolder,215,15.0,30.0,40.0,10.0,15.0,35.0,45.0,30.0
BU01710425,Noordoostpolder,85,0.0,25.0,30.0,5.0,5.0,10.0,0.0,5.0
BU01710426,Noordoostpolder,275,110.0,35.0,35.0,10.0,20.0,25.0,25.0,15.0
BU01710527,Noordoostpolder,90,10.0,5.0,15.0,5.0,10.0,25.0,15.0,10.0
BU01710528,Noordoostpolder,15,,,,,,,,
BU01710529,Noordoostpolder,10,,,,,,,,
BU01710530,Noordoostpolder,160,70.0,10.0,20.0,10.0,10.0,25.0,15.0,5.0
BU01710631,Noordoostpolder,195,10.0,40.0,35.0,10.0,10.0,30.0,25.0,25.0
BU01710632,Noordoostpolder,30,0.0,15.0,5.0,0.0,5.0,5.0,0.0,0.0
BU01710633,Noordoostpolder,225,110.0,15.0,30.0,10.0,10.0,20.0,20.0,10.0
BU01710734,Noordoostpolder,90,5.0,15.0,10.0,5.0,5.0,15.0,15.0,10.0
BU01710735,Noordoostpolder,30,0.0,5.0,10.0,5.0,0.0,5.0,0.0,0.0
BU01710736,Noordoostpolder,250,95.0,30.0,20.0,10.0,15.0,40.0,25.0,15.0
BU01710837,Noordoostpolder,180,5.0,35.0,30.0,20.0,15.0,40.0,20.0,20.0
BU01710838,Noordoostpolder,10,,,,,,,,
BU01710839,Noordoostpolder,130,70.0,15.0,5.0,5.0,5.0,15.0,10.0,5.0
BU01710941,Noordoostpolder,95,10.0,20.0,10.0,5.0,10.0,20.0,15.0,5.0
BU01710942,Noordoostpolder,15,,,,,,,,
BU01710943,Noordoostpolder,180,100.0,15.0,15.0,10.0,10.0,20.0,10.0,0.0
BU01711045,Noordoostpolder,120,15.0,20.0,15.0,5.0,15.0,15.0,20.0,15.0
BU01711046,Noordoostpolder,10,,,,,,,,
BU01711047,Noordoostpolder,180,95.0,20.0,15.0,5.0,10.0,15.0,15.0,5.0
BU01711149,Noordoostpolder,80,10.0,15.0,10.0,0.0,5.0,15.0,15.0,10.0
BU01711150,Noordoostpolder,15,,,,,,,,
BU01711151,Noordoostpolder,230,125.0,20.0,15.0,10.0,10.0,15.0,20.0,15.0
BU01711252,Noordoostpolder,5,,,,,,,,
BU05750000,Noordwijk,190,0.0,5.0,25.0,5.0,55.0,60.0,25.0,10.0
BU05750001,Noordwijk,155,0.0,10.0,35.0,10.0,25.0,45.0,25.0,10.0
BU05750002,Noordwijk,310,0.0,25.0,130.0,15.0,25.0,50.0,20.0,40.0
BU05750003,Noordwijk,130,0.0,5.0,20.0,10.0,25.0,40.0,20.0,10.0
BU05750004,Noordwijk,295,5.0,40.0,50.0,10.0,40.0,85.0,35.0,35.0
BU05750005,Noordwijk,130,0.0,25.0,25.0,10.0,10.0,25.0,15.0,15.0
BU05750006,Noordwijk,75,0.0,25.0,10.0,0.0,5.0,20.0,15.0,5.0
BU05750007,Noordwijk,125,0.0,10.0,5.0,10.0,10.0,40.0,30.0,15.0
BU05750100,Noordwijk,130,0.0,5.0,15.0,10.0,10.0,50.0,20.0,15.0
BU05750101,Noordwijk,80,5.0,10.0,10.0,5.0,5.0,15.0,25.0,10.0
BU05750102,Noordwijk,25,0.0,0.0,5.0,5.0,0.0,0.0,5.0,5.0
BU05750103,Noordwijk,60,0.0,5.0,5.0,5.0,5.0,20.0,15.0,10.0
BU05750104,Noordwijk,100,0.0,5.0,10.0,5.0,10.0,35.0,30.0,5.0
BU05750105,Noordwijk,150,0.0,25.0,20.0,15.0,10.0,35.0,30.0,15.0
BU05750106,Noordwijk,120,0.0,25.0,15.0,5.0,5.0,35.0,15.0,20.0
BU05750107,Noordwijk,425,0.0,50.0,80.0,20.0,50.0,105.0,70.0,50.0
BU05750108,Noordwijk,215,0.0,40.0,30.0,15.0,10.0,45.0,45.0,30.0
BU05750109,Noordwijk,50,0.0,5.0,10.0,5.0,5.0,15.0,5.0,5.0
BU05750110,Noordwijk,100,0.0,10.0,20.0,5.0,5.0,30.0,25.0,10.0
BU05750111,Noordwijk,130,0.0,10.0,20.0,10.0,5.0,45.0,20.0,15.0
BU05750112,Noordwijk,100,0.0,5.0,10.0,10.0,20.0,35.0,10.0,10.0
BU05750113,Noordwijk,190,0.0,15.0,25.0,20.0,25.0,55.0,30.0,20.0
BU05750200,Noordwijk,50,0.0,0.0,0.0,0.0,0.0,0.0,45.0,0.0
BU05750201,Noordwijk,255,0.0,25.0,50.0,35.0,35.0,75.0,15.0,20.0
BU05750202,Noordwijk,120,0.0,25.0,35.0,10.0,15.0,30.0,5.0,5.0
BU05750203,Noordwijk,125,25.0,10.0,35.0,5.0,20.0,10.0,10.0,10.0
BU05750204,Noordwijk,190,35.0,10.0,55.0,10.0,20.0,35.0,10.0,10.0
BU05750205,Noordwijk,55,0.0,0.0,0.0,5.0,10.0,30.0,5.0,5.0
BU05750300,Noordwijk,150,5.0,30.0,25.0,10.0,5.0,30.0,25.0,20.0
BU05750301,Noordwijk,45,0.0,0.0,5.0,5.0,5.0,5.0,15.0,5.0
BU05750302,Noordwijk,70,0.0,5.0,10.0,0.0,10.0,25.0,10.0,10.0
BU05750303,Noordwijk,85,0.0,15.0,10.0,10.0,5.0,20.0,15.0,10.0
BU05750304,Noordwijk,290,5.0,65.0,85.0,10.0,15.0,50.0,25.0,35.0
BU05750305,Noordwijk,115,5.0,30.0,20.0,10.0,5.0,20.0,20.0,10.0
BU05750306,Noordwijk,125,5.0,30.0,15.0,10.0,5.0,30.0,20.0,15.0
BU05750307,Noordwijk,125,5.0,25.0,15.0,5.0,5.0,30.0,20.0,15.0
BU05750308,Noordwijk,80,0.0,15.0,10.0,5.0,5.0,25.0,10.0,10.0
BU05750309,Noordwijk,180,10.0,15.0,20.0,5.0,20.0,50.0,35.0,25.0
BU05750310,Noordwijk,220,5.0,50.0,75.0,10.0,30.0,35.0,10.0,5.0
BU05750400,Noordwijk,50,5.0,15.0,20.0,5.0,5.0,5.0,0.0,0.0
BU05750401,Noordwijk,470,110.0,40.0,80.0,15.0,55.0,80.0,55.0,35.0
BU05750402,Noordwijk,50,0.0,5.0,5.0,5.0,5.0,20.0,5.0,5.0
BU05750500,Noordwijk,205,5.0,35.0,35.0,10.0,15.0,55.0,30.0,25.0
BU05750501,Noordwijk,115,25.0,15.0,25.0,5.0,15.0,20.0,5.0,5.0
BU08200000,"Nuenen, Gerwen en Nederwetten",800,5.0,70.0,140.0,40.0,115.0,190.0,150.0,95.0
BU08200001,"Nuenen, Gerwen en Nederwetten",835,5.0,80.0,150.0,60.0,65.0,220.0,170.0,85.0
BU08200002,"Nuenen, Gerwen en Nederwetten",620,0.0,45.0,60.0,35.0,85.0,210.0,135.0,50.0
BU08200003,"Nuenen, Gerwen en Nederwetten",390,5.0,80.0,135.0,20.0,55.0,65.0,15.0,20.0
BU08200008,"Nuenen, Gerwen en Nederwetten",135,10.0,15.0,20.0,10.0,10.0,35.0,20.0,15.0
BU08200009,"Nuenen, Gerwen en Nederwetten",15,,,,,,,,
BU08200100,"Nuenen, Gerwen en Nederwetten",245,10.0,50.0,35.0,10.0,25.0,60.0,35.0,20.0
BU08200109,"Nuenen, Gerwen en Nederwetten",90,20.0,15.0,10.0,10.0,10.0,15.0,5.0,5.0
BU08200200,"Nuenen, Gerwen en Nederwetten",105,5.0,15.0,20.0,10.0,5.0,25.0,20.0,10.0
BU08200209,"Nuenen, Gerwen en Nederwetten",30,5.0,0.0,0.0,5.0,5.0,5.0,5.0,5.0
BU03020000,Nunspeet,745,5.0,110.0,95.0,60.0,90.0,180.0,135.0,65.0
BU03020001,Nunspeet,1250,10.0,235.0,300.0,60.0,120.0,245.0,165.0,115.0
BU03020002,Nunspeet,60,0.0,5.0,15.0,0.0,5.0,10.0,15.0,5.0
BU03020003,Nunspeet,120,10.0,40.0,20.0,10.0,10.0,20.0,10.0,5.0
BU03020005,Nunspeet,100,10.0,20.0,20.0,5.0,10.0,20.0,10.0,10.0
BU03020006,Nunspeet,330,40.0,65.0,75.0,20.0,30.0,55.0,35.0,10.0
BU03020007,Nunspeet,95,25.0,20.0,10.0,5.0,10.0,10.0,5.0,5.0
BU03020008,Nunspeet,25,0.0,0.0,5.0,0.0,5.0,5.0,5.0,5.0
BU03020009,Nunspeet,45,0.0,5.0,5.0,0.0,10.0,10.0,10.0,5.0
BU03020100,Nunspeet,370,20.0,90.0,75.0,25.0,40.0,60.0,45.0,20.0
BU03020101,Nunspeet,85,0.0,10.0,25.0,5.0,10.0,20.0,10.0,5.0
BU03020107,Nunspeet,60,5.0,10.0,10.0,0.0,10.0,15.0,10.0,5.0
BU03020108,Nunspeet,235,50.0,45.0,20.0,10.0,30.0,55.0,15.0,5.0
BU03020109,Nunspeet,25,5.0,5.0,10.0,0.0,0.0,0.0,5.0,0.0
BU05790101,Oegstgeest,60,0.0,5.0,5.0,5.0,5.0,15.0,20.0,5.0
BU05790102,Oegstgeest,800,0.0,20.0,105.0,40.0,100.0,300.0,195.0,50.0
BU05790201,Oegstgeest,220,0.0,10.0,15.0,10.0,25.0,75.0,65.0,20.0
BU05790202,Oegstgeest,100,0.0,5.0,10.0,10.0,10.0,40.0,20.0,5.0
BU05790203,Oegstgeest,240,0.0,35.0,60.0,15.0,10.0,50.0,45.0,30.0
BU05790204,Oegstgeest,145,0.0,10.0,10.0,10.0,10.0,65.0,25.0,15.0
BU05790205,Oegstgeest,130,0.0,10.0,10.0,15.0,15.0,40.0,30.0,5.0
BU05790301,Oegstgeest,90,0.0,5.0,5.0,5.0,10.0,35.0,20.0,10.0
BU05790302,Oegstgeest,280,0.0,15.0,25.0,25.0,20.0,100.0,75.0,20.0
BU05790401,Oegstgeest,60,5.0,15.0,10.0,5.0,5.0,15.0,5.0,0.0
BU05790402,Oegstgeest,165,0.0,10.0,10.0,20.0,15.0,55.0,40.0,15.0
BU05790403,Oegstgeest,270,0.0,20.0,25.0,20.0,25.0,90.0,70.0,25.0
BU05790404,Oegstgeest,115,0.0,10.0,10.0,5.0,15.0,40.0,25.0,10.0
BU05790501,Oegstgeest,345,5.0,35.0,50.0,25.0,45.0,100.0,60.0,30.0
BU05790502,Oegstgeest,45,0.0,10.0,10.0,0.0,0.0,5.0,10.0,5.0
BU08230000,Oirschot,570,10.0,65.0,110.0,25.0,80.0,110.0,95.0,75.0
BU08230001,Oirschot,40,5.0,5.0,5.0,0.0,5.0,15.0,5.0,5.0
BU08230002,Oirschot,335,5.0,55.0,40.0,25.0,35.0,75.0,50.0,45.0
BU08230003,Oirschot,175,0.0,40.0,65.0,5.0,15.0,35.0,5.0,5.0
BU08230004,Oirschot,105,20.0,15.0,10.0,0.0,10.0,25.0,20.0,10.0
BU08230005,Oirschot,60,15.0,5.0,5.0,0.0,5.0,10.0,10.0,10.0
BU08230008,Oirschot,270,15.0,35.0,60.0,15.0,30.0,65.0,30.0,15.0
BU08230009,Oirschot,80,20.0,10.0,15.0,5.0,5.0,10.0,5.0,10.0
BU08230100,Oirschot,90,0.0,15.0,15.0,5.0,10.0,25.0,10.0,5.0
BU08230109,Oirschot,395,80.0,60.0,50.0,20.0,20.0,65.0,60.0,40.0
BU08230200,Oirschot,290,5.0,45.0,55.0,15.0,25.0,65.0,55.0,30.0
BU08230208,Oirschot,65,30.0,5.0,10.0,0.0,5.0,5.0,0.0,5.0
BU08230209,Oirschot,180,35.0,45.0,30.0,10.0,10.0,30.0,15.0,5.0
BU08230300,Oirschot,125,5.0,30.0,15.0,5.0,10.0,25.0,20.0,20.0
BU08230309,Oirschot,170,60.0,30.0,20.0,5.0,10.0,15.0,15.0,15.0
BU08240101,Oisterwijk,80,10.0,5.0,15.0,5.0,15.0,15.0,5.0,5.0
BU08240201,Oisterwijk,340,0.0,50.0,55.0,20.0,15.0,90.0,60.0,40.0
BU08240202,Oisterwijk,175,0.0,30.0,35.0,15.0,5.0,35.0,30.0,25.0
BU08240301,Oisterwijk,80,25.0,10.0,15.0,5.0,10.0,5.0,10.0,10.0
BU08240401,Oisterwijk,120,10.0,15.0,30.0,0.0,5.0,25.0,20.0,15.0
BU08240402,Oisterwijk,25,5.0,0.0,5.0,5.0,5.0,5.0,5.0,0.0
BU08240501,Oisterwijk,50,15.0,5.0,5.0,5.0,0.0,10.0,5.0,0.0
BU08240601,Oisterwijk,45,0.0,5.0,5.0,0.0,10.0,15.0,5.0,0.0
BU08240701,Oisterwijk,760,10.0,135.0,125.0,30.0,80.0,200.0,110.0,65.0
BU08240801,Oisterwijk,95,0.0,10.0,10.0,5.0,10.0,30.0,25.0,10.0
BU08240802,Oisterwijk,35,0.0,10.0,5.0,0.0,0.0,5.0,5.0,5.0
BU08240803,Oisterwijk,130,0.0,35.0,25.0,10.0,5.0,25.0,20.0,15.0
BU08240901,Oisterwijk,105,0.0,0.0,10.0,0.0,40.0,35.0,15.0,5.0
BU08240902,Oisterwijk,260,0.0,20.0,25.0,10.0,45.0,95.0,40.0,25.0
BU08240903,Oisterwijk,180,0.0,10.0,25.0,10.0,25.0,60.0,30.0,20.0
BU08240904,Oisterwijk,155,0.0,5.0,20.0,5.0,30.0,60.0,30.0,10.0
BU08241001,Oisterwijk,35,10.0,0.0,0.0,0.0,5.0,15.0,5.0,0.0
BU08241102,Oisterwijk,70,0.0,5.0,10.0,0.0,10.0,35.0,5.0,5.0
BU08241103,Oisterwijk,125,0.0,5.0,10.0,5.0,40.0,45.0,15.0,5.0
BU08241104,Oisterwijk,265,0.0,50.0,35.0,10.0,15.0,60.0,55.0,35.0
BU08241201,Oisterwijk,350,0.0,60.0,135.0,20.0,55.0,55.0,10.0,15.0
BU08241301,Oisterwijk,125,0.0,10.0,30.0,5.0,10.0,30.0,25.0,15.0
BU08241302,Oisterwijk,400,0.0,30.0,140.0,15.0,80.0,70.0,35.0,35.0
BU08241402,Oisterwijk,135,55.0,5.0,15.0,0.0,10.0,20.0,10.0,10.0
BU08241501,Oisterwijk,25,5.0,0.0,5.0,0.0,5.0,10.0,0.0,0.0
BU08241601,Oisterwijk,10,,,,,,,,
BU08241701,Oisterwijk,10,,,,,,,,
BU08241801,Oisterwijk,145,0.0,15.0,20.0,15.0,10.0,55.0,15.0,15.0
BU08241901,Oisterwijk,75,0.0,5.0,0.0,0.0,0.0,5.0,50.0,10.0
BU08242001,Oisterwijk,95,5.0,10.0,10.0,0.0,15.0,25.0,20.0,10.0
BU08242002,Oisterwijk,475,15.0,60.0,65.0,20.0,50.0,125.0,85.0,50.0
BU08242003,Oisterwijk,65,0.0,10.0,5.0,0.0,0.0,20.0,20.0,5.0
BU08242004,Oisterwijk,115,40.0,15.0,15.0,5.0,0.0,20.0,5.0,10.0
BU08242005,Oisterwijk,95,20.0,15.0,15.0,5.0,5.0,25.0,5.0,10.0
BU18950000,Oldambt,640,0.0,55.0,235.0,30.0,55.0,100.0,75.0,85.0
BU18950001,Oldambt,130,0.0,25.0,30.0,5.0,5.0,20.0,20.0,20.0
BU18950002,Oldambt,145,0.0,20.0,15.0,10.0,10.0,20.0,35.0,25.0
BU18950003,Oldambt,130,0.0,15.0,20.0,10.0,5.0,25.0,30.0,25.0
BU18950004,Oldambt,5,,,,,,,,
BU18950005,Oldambt,75,0.0,15.0,10.0,5.0,5.0,15.0,15.0,10.0
BU18950006,Oldambt,80,0.0,10.0,15.0,5.0,10.0,15.0,15.0,10.0
BU18950007,Oldambt,60,0.0,10.0,10.0,0.0,10.0,5.0,15.0,5.0
BU18950008,Oldambt,370,5.0,80.0,125.0,45.0,30.0,50.0,20.0,20.0
BU18950009,Oldambt,80,10.0,5.0,15.0,0.0,5.0,10.0,15.0,15.0
BU18950100,Oldambt,70,5.0,10.0,20.0,0.0,0.0,10.0,10.0,10.0
BU18950101,Oldambt,40,0.0,10.0,10.0,0.0,0.0,5.0,10.0,5.0
BU18950102,Oldambt,10,,,,,,,,
BU18950103,Oldambt,10,,,,,,,,
BU18950104,Oldambt,120,25.0,10.0,15.0,5.0,10.0,20.0,20.0,10.0
BU18950200,Oldambt,20,,,,,,,,
BU18950209,Oldambt,30,15.0,5.0,0.0,0.0,0.0,5.0,0.0,0.0
BU18950300,Oldambt,55,5.0,10.0,10.0,5.0,5.0,15.0,5.0,5.0
BU18950301,Oldambt,30,0.0,15.0,5.0,0.0,0.0,5.0,5.0,5.0
BU18950302,Oldambt,15,,,,,,,,
BU18950309,Oldambt,100,35.0,10.0,20.0,5.0,5.0,5.0,10.0,10.0
BU18950400,Oldambt,15,,,,,,,,
BU18950500,Oldambt,40,0.0,5.0,10.0,5.0,0.0,5.0,5.0,5.0
BU18950501,Oldambt,50,0.0,5.0,15.0,0.0,0.0,10.0,5.0,10.0
BU18950502,Oldambt,25,0.0,5.0,5.0,0.0,0.0,5.0,5.0,5.0
BU18950600,Oldambt,170,10.0,15.0,40.0,15.0,15.0,30.0,25.0,20.0
BU18950601,Oldambt,80,10.0,10.0,10.0,5.0,5.0,20.0,15.0,10.0
BU18950602,Oldambt,95,5.0,15.0,20.0,5.0,0.0,15.0,15.0,15.0
BU18950603,Oldambt,100,0.0,30.0,30.0,5.0,5.0,10.0,10.0,10.0
BU18950604,Oldambt,35,0.0,5.0,10.0,5.0,0.0,5.0,5.0,10.0
BU18950605,Oldambt,10,,,,,,,,
BU18950700,Oldambt,110,15.0,15.0,20.0,10.0,5.0,10.0,20.0,15.0
BU18950708,Oldambt,20,,,,,,,,
BU18950709,Oldambt,5,,,,,,,,
BU18950800,Oldambt,20,,,,,,,,
BU18950801,Oldambt,10,,,,,,,,
BU18950802,Oldambt,10,,,,,,,,
BU18950803,Oldambt,10,,,,,,,,
BU18950809,Oldambt,25,10.0,0.0,5.0,0.0,0.0,0.0,0.0,0.0
BU18950900,Oldambt,160,10.0,25.0,35.0,15.0,15.0,20.0,20.0,20.0
BU18950901,Oldambt,80,5.0,15.0,15.0,5.0,0.0,20.0,10.0,5.0
BU18950902,Oldambt,25,0.0,5.0,5.0,0.0,0.0,5.0,0.0,5.0
BU18950903,Oldambt,10,,,,,,,,
BU18950904,Oldambt,25,0.0,5.0,5.0,0.0,0.0,5.0,5.0,0.0
BU18950905,Oldambt,20,,,,,,,,
BU18950907,Oldambt,30,0.0,10.0,10.0,0.0,0.0,5.0,5.0,0.0
BU18950909,Oldambt,45,15.0,5.0,5.0,5.0,5.0,5.0,5.0,5.0
BU18951000,Oldambt,105,15.0,15.0,20.0,5.0,5.0,15.0,20.0,10.0
BU18951001,Oldambt,10,,,,,,,,
BU18951009,Oldambt,35,15.0,0.0,5.0,0.0,5.0,0.0,5.0,0.0
BU02690000,Oldebroek,290,5.0,85.0,50.0,15.0,20.0,35.0,45.0,40.0
BU02690001,Oldebroek,55,10.0,10.0,5.0,0.0,5.0,10.0,10.0,10.0
BU02690002,Oldebroek,160,20.0,50.0,35.0,10.0,5.0,20.0,5.0,15.0
BU02690004,Oldebroek,50,0.0,25.0,5.0,0.0,0.0,10.0,0.0,5.0
BU02690005,Oldebroek,205,30.0,55.0,25.0,5.0,25.0,35.0,15.0,10.0
BU02690006,Oldebroek,15,,,,,,,,
BU02690007,Oldebroek,10,,,,,,,,
BU02690008,Oldebroek,90,10.0,30.0,15.0,5.0,10.0,10.0,10.0,5.0
BU02690009,Oldebroek,5,,,,,,,,
BU02690100,Oldebroek,405,5.0,105.0,90.0,15.0,15.0,55.0,70.0,45.0
BU02690101,Oldebroek,285,5.0,85.0,40.0,15.0,10.0,45.0,45.0,40.0
BU02690102,Oldebroek,145,5.0,45.0,20.0,5.0,10.0,25.0,20.0,10.0
BU02690103,Oldebroek,140,0.0,25.0,20.0,5.0,25.0,30.0,25.0,10.0
BU02690104,Oldebroek,305,0.0,65.0,60.0,25.0,25.0,55.0,45.0,30.0
BU02690105,Oldebroek,75,20.0,10.0,10.0,5.0,5.0,15.0,5.0,5.0
BU02690106,Oldebroek,25,5.0,5.0,5.0,0.0,0.0,5.0,5.0,0.0
BU02690107,Oldebroek,20,,,,,,,,
BU02690108,Oldebroek,70,15.0,20.0,15.0,0.0,5.0,10.0,5.0,0.0
BU02690109,Oldebroek,30,0.0,5.0,0.0,0.0,0.0,10.0,0.0,5.0
BU02690110,Oldebroek,0,,,,,,,,
BU02690200,Oldebroek,125,5.0,35.0,15.0,10.0,10.0,25.0,15.0,10.0
BU02690201,Oldebroek,30,5.0,10.0,0.0,0.0,0.0,0.0,0.0,5.0
BU02690203,Oldebroek,35,10.0,5.0,5.0,0.0,0.0,5.0,0.0,0.0
BU02690208,Oldebroek,145,40.0,35.0,10.0,10.0,5.0,25.0,10.0,10.0
BU02690209,Oldebroek,10,,,,,,,,
BU02690210,Oldebroek,25,15.0,5.0,0.0,0.0,0.0,0.0,0.0,0.0
BU01730100,Oldenzaal,425,0.0,15.0,155.0,10.0,45.0,85.0,60.0,50.0
BU01730200,Oldenzaal,305,0.0,20.0,35.0,15.0,50.0,70.0,90.0,30.0
BU01730300,Oldenzaal,285,0.0,30.0,65.0,25.0,25.0,60.0,50.0,35.0
BU01730400,Oldenzaal,130,0.0,5.0,20.0,10.0,25.0,25.0,30.0,20.0
BU01730500,Oldenzaal,215,0.0,10.0,15.0,5.0,75.0,60.0,35.0,20.0
BU01730600,Oldenzaal,250,5.0,40.0,50.0,20.0,10.0,45.0,55.0,30.0
BU01730700,Oldenzaal,55,5.0,5.0,20.0,5.0,5.0,10.0,5.0,0.0
BU01730800,Oldenzaal,555,0.0,140.0,195.0,65.0,40.0,80.0,15.0,20.0
BU01730900,Oldenzaal,50,0.0,10.0,10.0,10.0,5.0,5.0,0.0,5.0
BU01731000,Oldenzaal,70,10.0,5.0,15.0,0.0,10.0,10.0,15.0,10.0
BU01731100,Oldenzaal,415,5.0,45.0,55.0,30.0,35.0,85.0,105.0,55.0
BU01731200,Oldenzaal,400,0.0,25.0,60.0,30.0,55.0,105.0,85.0,40.0
BU01731300,Oldenzaal,375,0.0,40.0,55.0,20.0,40.0,85.0,75.0,50.0
BU01731400,Oldenzaal,25,0.0,5.0,5.0,0.0,5.0,5.0,0.0,0.0
BU17730111,Olst-Wijhe,120,0.0,25.0,25.0,5.0,5.0,20.0,15.0,20.0
BU17730112,Olst-Wijhe,150,0.0,25.0,30.0,5.0,5.0,25.0,30.0,20.0
BU17730113,Olst-Wijhe,110,5.0,10.0,20.0,10.0,10.0,25.0,25.0,10.0
BU17730114,Olst-Wijhe,100,5.0,10.0,20.0,5.0,10.0,20.0,25.0,15.0
BU17730115,Olst-Wijhe,20,,,,,,,,
BU17730216,Olst-Wijhe,210,0.0,20.0,50.0,10.0,10.0,35.0,45.0,35.0
BU17730217,Olst-Wijhe,180,5.0,35.0,40.0,10.0,10.0,20.0,40.0,20.0
BU17730218,Olst-Wijhe,135,5.0,20.0,10.0,10.0,15.0,40.0,20.0,15.0
BU17730219,Olst-Wijhe,20,,,,,,,,
BU17730320,Olst-Wijhe,80,5.0,15.0,20.0,5.0,5.0,10.0,15.0,10.0
BU17730321,Olst-Wijhe,115,25.0,10.0,30.0,5.0,10.0,20.0,10.0,10.0
BU17730422,Olst-Wijhe,75,5.0,15.0,10.0,5.0,0.0,15.0,20.0,10.0
BU17730423,Olst-Wijhe,35,10.0,0.0,0.0,0.0,5.0,5.0,10.0,0.0
BU17730524,Olst-Wijhe,20,,,,,,,,
BU17730525,Olst-Wijhe,115,50.0,5.0,10.0,5.0,5.0,20.0,15.0,10.0
BU17730626,Olst-Wijhe,135,20.0,15.0,20.0,5.0,10.0,30.0,15.0,15.0
BU17730727,Olst-Wijhe,60,5.0,15.0,10.0,5.0,0.0,10.0,10.0,10.0
BU17730728,Olst-Wijhe,55,15.0,5.0,10.0,0.0,5.0,10.0,10.0,0.0
BU17730829,Olst-Wijhe,70,20.0,5.0,5.0,5.0,5.0,15.0,10.0,10.0
BU17730930,Olst-Wijhe,150,65.0,10.0,15.0,5.0,10.0,20.0,15.0,10.0
BU17731031,Olst-Wijhe,15,,,,,,,,
BU17731132,Olst-Wijhe,55,25.0,5.0,5.0,0.0,0.0,10.0,5.0,5.0
BU17731233,Olst-Wijhe,75,15.0,15.0,5.0,10.0,5.0,10.0,15.0,5.0
BU01750101,Ommen,185,0.0,15.0,80.0,0.0,25.0,25.0,10.0,30.0
BU01750102,Ommen,0,,,,,,,,
BU01750103,Ommen,150,0.0,15.0,25.0,5.0,10.0,25.0,55.0,10.0
BU01750104,Ommen,15,,,,,,,,
BU01750105,Ommen,80,0.0,20.0,25.0,5.0,5.0,10.0,5.0,5.0
BU01750106,Ommen,15,,,,,,,,
BU01750107,Ommen,20,,,,,,,,
BU01750108,Ommen,45,5.0,5.0,10.0,0.0,5.0,10.0,5.0,0.0
BU01750109,Ommen,105,25.0,25.0,20.0,5.0,5.0,15.0,10.0,5.0
BU01750110,Ommen,25,10.0,0.0,5.0,0.0,0.0,0.0,5.0,0.0
BU01750111,Ommen,40,15.0,10.0,5.0,0.0,0.0,5.0,5.0,0.0
BU01750112,Ommen,5,,,,,,,,
BU01750113,Ommen,75,0.0,5.0,15.0,5.0,5.0,20.0,20.0,5.0
BU01750114,Ommen,60,0.0,5.0,10.0,0.0,5.0,25.0,10.0,5.0
BU01750115,Ommen,70,0.0,5.0,10.0,5.0,5.0,15.0,20.0,5.0
BU01750116,Ommen,75,0.0,10.0,10.0,5.0,5.0,20.0,15.0,10.0
BU01750117,Ommen,70,0.0,10.0,10.0,5.0,5.0,10.0,15.0,10.0
BU01750118,Ommen,60,0.0,10.0,5.0,0.0,5.0,10.0,20.0,10.0
BU01750119,Ommen,70,0.0,5.0,5.0,5.0,10.0,25.0,20.0,5.0
BU01750120,Ommen,25,0.0,10.0,10.0,0.0,0.0,0.0,0.0,0.0
BU01750121,Ommen,55,0.0,5.0,5.0,0.0,10.0,10.0,10.0,10.0
BU01750122,Ommen,80,0.0,25.0,30.0,5.0,0.0,10.0,5.0,5.0
BU01750123,Ommen,10,,,,,,,,
BU01750124,Ommen,20,,,,,,,,
BU01750125,Ommen,45,0.0,0.0,5.0,5.0,5.0,15.0,10.0,5.0
BU01750126,Ommen,20,,,,,,,,
BU01750201,Ommen,45,15.0,5.0,5.0,0.0,0.0,10.0,5.0,5.0
BU01750202,Ommen,25,10.0,5.0,5.0,0.0,0.0,0.0,0.0,5.0
BU01750301,Ommen,40,15.0,0.0,10.0,5.0,0.0,5.0,5.0,0.0
BU01750401,Ommen,30,5.0,5.0,5.0,5.0,0.0,5.0,5.0,0.0
BU01750402,Ommen,20,,,,,,,,
BU01750403,Ommen,75,20.0,10.0,10.0,0.0,5.0,10.0,5.0,5.0
BU01750501,Ommen,60,25.0,5.0,5.0,5.0,5.0,5.0,10.0,5.0
BU01750601,Ommen,45,10.0,5.0,10.0,0.0,0.0,10.0,5.0,5.0
BU01750701,Ommen,90,5.0,15.0,20.0,5.0,5.0,10.0,15.0,15.0
BU01750702,Ommen,75,30.0,5.0,10.0,5.0,5.0,15.0,5.0,5.0
BU01750703,Ommen,10,,,,,,,,
BU01750801,Ommen,40,15.0,0.0,10.0,0.0,5.0,5.0,5.0,0.0
BU01750802,Ommen,65,20.0,10.0,10.0,0.0,0.0,10.0,5.0,5.0
BU01750901,Ommen,35,5.0,5.0,5.0,0.0,5.0,5.0,5.0,5.0
BU01750902,Ommen,30,10.0,5.0,5.0,0.0,0.0,5.0,0.0,0.0
BU01751001,Ommen,70,20.0,10.0,10.0,5.0,5.0,10.0,5.0,5.0
BU01751002,Ommen,35,15.0,5.0,5.0,0.0,0.0,5.0,5.0,0.0
BU01751101,Ommen,10,,,,,,,,
BU01751102,Ommen,75,40.0,15.0,10.0,0.0,0.0,10.0,5.0,5.0
BU01751103,Ommen,25,10.0,0.0,5.0,0.0,0.0,5.0,5.0,0.0
BU15860101,Oost Gelre,65,0.0,5.0,10.0,5.0,5.0,15.0,10.0,10.0
BU15860102,Oost Gelre,155,0.0,20.0,20.0,5.0,35.0,40.0,15.0,10.0
BU15860103,Oost Gelre,25,0.0,0.0,0.0,0.0,5.0,5.0,10.0,5.0
BU15860104,Oost Gelre,110,0.0,15.0,15.0,10.0,5.0,25.0,20.0,15.0
BU15860105,Oost Gelre,205,0.0,20.0,75.0,10.0,20.0,25.0,35.0,20.0
BU15860106,Oost Gelre,155,0.0,25.0,30.0,5.0,15.0,35.0,25.0,25.0
BU15860107,Oost Gelre,80,0.0,10.0,5.0,0.0,5.0,15.0,20.0,15.0
BU15860108,Oost Gelre,95,0.0,10.0,15.0,5.0,10.0,15.0,30.0,10.0
BU15860109,Oost Gelre,120,0.0,20.0,10.0,5.0,20.0,25.0,20.0,15.0
BU15860110,Oost Gelre,65,0.0,5.0,5.0,5.0,5.0,25.0,15.0,5.0
BU15860111,Oost Gelre,65,0.0,10.0,5.0,0.0,15.0,10.0,15.0,5.0
BU15860112,Oost Gelre,65,0.0,15.0,15.0,5.0,10.0,15.0,0.0,5.0
BU15860113,Oost Gelre,95,0.0,35.0,25.0,10.0,10.0,10.0,0.0,10.0
BU15860114,Oost Gelre,65,0.0,25.0,20.0,5.0,5.0,5.0,0.0,5.0
BU15860115,Oost Gelre,75,0.0,25.0,25.0,5.0,5.0,10.0,5.0,0.0
BU15860116,Oost Gelre,75,20.0,10.0,10.0,0.0,15.0,15.0,5.0,5.0
BU15860201,Oost Gelre,65,0.0,20.0,10.0,0.0,5.0,5.0,20.0,10.0
BU15860202,Oost Gelre,115,40.0,15.0,15.0,0.0,5.0,15.0,15.0,10.0
BU15860301,Oost Gelre,120,5.0,20.0,20.0,10.0,15.0,20.0,25.0,15.0
BU15860302,Oost Gelre,160,60.0,20.0,15.0,5.0,15.0,15.0,15.0,10.0
BU15860401,Oost Gelre,70,0.0,10.0,10.0,0.0,5.0,10.0,15.0,10.0
BU15860402,Oost Gelre,115,45.0,10.0,15.0,0.0,10.0,20.0,10.0,10.0
BU15860501,Oost Gelre,50,0.0,10.0,10.0,0.0,5.0,10.0,5.0,10.0
BU15860502,Oost Gelre,130,55.0,20.0,20.0,5.0,10.0,5.0,10.0,5.0
BU15860601,Oost Gelre,180,0.0,10.0,55.0,10.0,25.0,30.0,30.0,25.0
BU15860602,Oost Gelre,20,,,,,,,,
BU15860603,Oost Gelre,110,0.0,15.0,25.0,5.0,5.0,25.0,20.0,20.0
BU15860604,Oost Gelre,60,0.0,5.0,10.0,5.0,10.0,5.0,10.0,10.0
BU15860605,Oost Gelre,115,0.0,15.0,15.0,5.0,5.0,20.0,40.0,10.0
BU15860606,Oost Gelre,65,0.0,5.0,5.0,5.0,5.0,30.0,5.0,5.0
BU15860607,Oost Gelre,60,0.0,5.0,5.0,5.0,10.0,20.0,10.0,5.0
BU15860608,Oost Gelre,20,,,,,,,,
BU15860609,Oost Gelre,60,0.0,15.0,15.0,5.0,5.0,10.0,5.0,5.0
BU15860610,Oost Gelre,25,0.0,5.0,5.0,0.0,0.0,5.0,5.0,5.0
BU15860611,Oost Gelre,25,0.0,5.0,5.0,0.0,0.0,10.0,5.0,0.0
BU15860612,Oost Gelre,30,0.0,10.0,10.0,0.0,5.0,5.0,0.0,0.0
BU15860613,Oost Gelre,60,0.0,15.0,25.0,5.0,10.0,5.0,0.0,5.0
BU15860614,Oost Gelre,10,,,,,,,,
BU15860615,Oost Gelre,185,85.0,15.0,30.0,5.0,10.0,15.0,10.0,15.0
BU15860701,Oost Gelre,35,0.0,5.0,5.0,0.0,5.0,5.0,5.0,5.0
BU15860702,Oost Gelre,60,35.0,5.0,5.0,0.0,0.0,5.0,5.0,5.0
BU08260000,Oosterhout,965,0.0,105.0,315.0,50.0,90.0,185.0,110.0,110.0
BU08260100,Oosterhout,145,0.0,40.0,40.0,10.0,5.0,15.0,15.0,15.0
BU08260101,Oosterhout,340,0.0,80.0,75.0,30.0,10.0,50.0,60.0,40.0
BU08260102,Oosterhout,195,0.0,15.0,20.0,10.0,20.0,65.0,45.0,20.0
BU08260200,Oosterhout,265,0.0,40.0,45.0,20.0,25.0,60.0,45.0,30.0
BU08260201,Oosterhout,80,0.0,10.0,5.0,5.0,5.0,35.0,15.0,5.0
BU08260300,Oosterhout,170,0.0,30.0,35.0,15.0,10.0,20.0,30.0,30.0
BU08260301,Oosterhout,150,0.0,25.0,20.0,10.0,5.0,35.0,25.0,20.0
BU08260400,Oosterhout,85,5.0,10.0,5.0,5.0,10.0,20.0,20.0,10.0
BU08260401,Oosterhout,95,0.0,10.0,10.0,5.0,5.0,30.0,30.0,5.0
BU08260500,Oosterhout,260,0.0,25.0,70.0,35.0,30.0,60.0,20.0,20.0
BU08260501,Oosterhout,115,0.0,30.0,15.0,15.0,0.0,20.0,25.0,10.0
BU08260502,Oosterhout,140,0.0,30.0,20.0,15.0,5.0,25.0,30.0,15.0
BU08260503,Oosterhout,140,0.0,15.0,15.0,10.0,10.0,35.0,35.0,15.0
BU08260504,Oosterhout,115,0.0,5.0,5.0,5.0,25.0,45.0,20.0,10.0
BU08260505,Oosterhout,60,0.0,5.0,10.0,10.0,5.0,15.0,15.0,5.0
BU08260600,Oosterhout,185,0.0,20.0,20.0,10.0,20.0,55.0,40.0,20.0
BU08260601,Oosterhout,75,0.0,25.0,10.0,5.0,5.0,15.0,10.0,10.0
BU08260602,Oosterhout,135,0.0,25.0,30.0,5.0,5.0,25.0,25.0,15.0
BU08260603,Oosterhout,100,0.0,25.0,10.0,10.0,5.0,20.0,15.0,15.0
BU08260604,Oosterhout,150,0.0,35.0,20.0,10.0,10.0,30.0,25.0,15.0
BU08260605,Oosterhout,200,0.0,20.0,25.0,10.0,20.0,65.0,40.0,25.0
BU08260606,Oosterhout,90,0.0,15.0,10.0,10.0,5.0,25.0,20.0,10.0
BU08260607,Oosterhout,175,0.0,20.0,20.0,15.0,20.0,50.0,30.0,20.0
BU08260700,Oosterhout,140,0.0,10.0,15.0,10.0,25.0,50.0,20.0,15.0
BU08260701,Oosterhout,405,0.0,65.0,80.0,25.0,45.0,85.0,75.0,35.0
BU08260702,Oosterhout,225,0.0,15.0,20.0,20.0,45.0,65.0,40.0,15.0
BU08260703,Oosterhout,155,0.0,20.0,10.0,15.0,15.0,40.0,35.0,20.0
BU08260800,Oosterhout,140,0.0,35.0,55.0,5.0,15.0,15.0,0.0,10.0
BU08260801,Oosterhout,125,0.0,35.0,40.0,10.0,10.0,25.0,0.0,5.0
BU08260900,Oosterhout,125,0.0,35.0,60.0,5.0,0.0,15.0,5.0,0.0
BU08260901,Oosterhout,130,0.0,35.0,45.0,20.0,10.0,15.0,0.0,0.0
BU08260902,Oosterhout,80,0.0,20.0,20.0,10.0,15.0,10.0,0.0,0.0
BU08261000,Oosterhout,5,,,,,,,,
BU08261001,Oosterhout,45,0.0,5.0,10.0,0.0,5.0,10.0,5.0,5.0
BU08261100,Oosterhout,205,10.0,30.0,30.0,10.0,25.0,40.0,30.0,20.0
BU08261109,Oosterhout,60,15.0,5.0,15.0,5.0,5.0,10.0,5.0,5.0
BU08261200,Oosterhout,180,25.0,15.0,25.0,10.0,10.0,45.0,30.0,15.0
BU08261208,Oosterhout,50,20.0,0.0,5.0,0.0,0.0,5.0,10.0,5.0
BU08261209,Oosterhout,30,20.0,0.0,0.0,0.0,0.0,5.0,5.0,0.0
BU08261300,Oosterhout,315,5.0,30.0,35.0,15.0,20.0,100.0,65.0,45.0
BU08261307,Oosterhout,55,10.0,5.0,5.0,0.0,5.0,15.0,10.0,5.0
BU08261308,Oosterhout,35,0.0,10.0,15.0,0.0,0.0,5.0,5.0,0.0
BU08261309,Oosterhout,25,5.0,0.0,5.0,0.0,5.0,5.0,0.0,0.0
BU00850101,Ooststellingwerf,30,0.0,0.0,5.0,0.0,0.0,5.0,5.0,5.0
BU00850102,Ooststellingwerf,25,0.0,0.0,0.0,0.0,5.0,5.0,5.0,0.0
BU00850103,Ooststellingwerf,20,,,,,,,,
BU00850104,Ooststellingwerf,40,0.0,15.0,5.0,0.0,0.0,5.0,5.0,5.0
BU00850105,Ooststellingwerf,15,,,,,,,,
BU00850106,Ooststellingwerf,35,0.0,5.0,0.0,0.0,5.0,10.0,5.0,5.0
BU00850107,Ooststellingwerf,25,0.0,5.0,10.0,0.0,0.0,5.0,5.0,5.0
BU00850108,Ooststellingwerf,25,0.0,5.0,5.0,0.0,5.0,5.0,5.0,5.0
BU00850109,Ooststellingwerf,115,5.0,20.0,35.0,5.0,10.0,15.0,10.0,10.0
BU00850110,Ooststellingwerf,35,0.0,5.0,5.0,0.0,0.0,10.0,5.0,10.0
BU00850111,Ooststellingwerf,180,30.0,15.0,35.0,10.0,20.0,35.0,15.0,20.0
BU00850201,Ooststellingwerf,50,5.0,5.0,10.0,5.0,5.0,5.0,5.0,5.0
BU00850202,Ooststellingwerf,70,5.0,10.0,10.0,5.0,5.0,10.0,10.0,10.0
BU00850203,Ooststellingwerf,140,35.0,15.0,15.0,5.0,5.0,35.0,20.0,10.0
BU00850301,Ooststellingwerf,50,5.0,5.0,15.0,0.0,5.0,10.0,5.0,5.0
BU00850302,Ooststellingwerf,75,30.0,10.0,5.0,0.0,10.0,10.0,5.0,5.0
BU00850401,Ooststellingwerf,15,,,,,,,,
BU00850402,Ooststellingwerf,50,20.0,0.0,5.0,5.0,0.0,5.0,10.0,5.0
BU00850501,Ooststellingwerf,25,5.0,5.0,5.0,0.0,0.0,5.0,5.0,5.0
BU00850502,Ooststellingwerf,85,35.0,10.0,10.0,5.0,5.0,10.0,5.0,5.0
BU00850601,Ooststellingwerf,25,0.0,10.0,5.0,0.0,0.0,0.0,5.0,5.0
BU00850602,Ooststellingwerf,20,,,,,,,,
BU00850603,Ooststellingwerf,80,5.0,20.0,15.0,0.0,5.0,15.0,15.0,10.0
BU00850604,Ooststellingwerf,45,0.0,10.0,10.0,0.0,5.0,10.0,5.0,5.0
BU00850605,Ooststellingwerf,5,,,,,,,,
BU00850606,Ooststellingwerf,20,,,,,,,,
BU00850607,Ooststellingwerf,25,0.0,10.0,10.0,5.0,0.0,0.0,0.0,0.0
BU00850608,Ooststellingwerf,125,30.0,25.0,20.0,5.0,5.0,20.0,10.0,10.0
BU00850701,Ooststellingwerf,15,,,,,,,,
BU00850702,Ooststellingwerf,15,,,,,,,,
BU00850801,Ooststellingwerf,65,0.0,15.0,5.0,0.0,5.0,10.0,15.0,10.0
BU00850802,Ooststellingwerf,85,25.0,5.0,10.0,0.0,5.0,15.0,15.0,5.0
BU00850901,Ooststellingwerf,20,,,,,,,,
BU00850902,Ooststellingwerf,45,15.0,5.0,5.0,0.0,5.0,10.0,5.0,5.0
BU00851001,Ooststellingwerf,110,10.0,15.0,20.0,5.0,10.0,15.0,25.0,10.0
BU00851002,Ooststellingwerf,40,5.0,10.0,5.0,0.0,0.0,5.0,5.0,5.0
BU00851003,Ooststellingwerf,95,25.0,15.0,20.0,5.0,5.0,10.0,5.0,10.0
BU00851101,Ooststellingwerf,70,0.0,10.0,10.0,0.0,0.0,20.0,15.0,10.0
BU00851102,Ooststellingwerf,40,0.0,5.0,5.0,0.0,5.0,15.0,10.0,0.0
BU00851103,Ooststellingwerf,30,0.0,5.0,5.0,5.0,5.0,5.0,5.0,5.0
BU00851104,Ooststellingwerf,20,,,,,,,,
BU00851105,Ooststellingwerf,35,0.0,5.0,5.0,0.0,0.0,5.0,10.0,5.0
BU00851106,Ooststellingwerf,55,0.0,0.0,10.0,0.0,5.0,10.0,15.0,10.0
BU00851107,Ooststellingwerf,50,0.0,5.0,10.0,5.0,0.0,15.0,5.0,5.0
BU00851108,Ooststellingwerf,15,,,,,,,,
BU00851109,Ooststellingwerf,20,,,,,,,,
BU00851110,Ooststellingwerf,110,0.0,20.0,35.0,5.0,5.0,20.0,15.0,10.0
BU00851111,Ooststellingwerf,25,0.0,5.0,0.0,0.0,0.0,10.0,0.0,5.0
BU00851112,Ooststellingwerf,50,0.0,5.0,10.0,10.0,0.0,5.0,15.0,10.0
BU00851113,Ooststellingwerf,45,0.0,5.0,20.0,5.0,0.0,5.0,5.0,5.0
BU00851114,Ooststellingwerf,20,,,,,,,,
BU00851115,Ooststellingwerf,40,0.0,5.0,10.0,5.0,0.0,10.0,15.0,5.0
BU00851116,Ooststellingwerf,5,,,,,,,,
BU00851117,Ooststellingwerf,165,0.0,50.0,65.0,5.0,5.0,25.0,10.0,5.0
BU00851118,Ooststellingwerf,125,50.0,10.0,10.0,5.0,5.0,25.0,15.0,5.0
BU00851201,Ooststellingwerf,20,,,,,,,,
BU00851202,Ooststellingwerf,20,,,,,,,,
BU00851301,Ooststellingwerf,60,0.0,10.0,20.0,0.0,0.0,10.0,5.0,5.0
BU00851302,Ooststellingwerf,55,15.0,10.0,10.0,0.0,5.0,10.0,5.0,5.0
BU04310000,Oostzaan,845,5.0,140.0,135.0,75.0,80.0,210.0,110.0,90.0
BU04310001,Oostzaan,70,0.0,10.0,20.0,5.0,5.0,20.0,5.0,5.0
BU04310002,Oostzaan,90,0.0,25.0,10.0,5.0,10.0,20.0,10.0,10.0
BU04310003,Oostzaan,280,15.0,30.0,40.0,20.0,45.0,65.0,35.0,35.0
BU04320000,Opmeer,395,10.0,120.0,80.0,15.0,35.0,60.0,35.0,35.0
BU04320001,Opmeer,460,15.0,110.0,70.0,20.0,55.0,80.0,65.0,45.0
BU04320002,Opmeer,30,5.0,0.0,5.0,0.0,0.0,5.0,5.0,5.0
BU04320003,Opmeer,40,10.0,10.0,5.0,5.0,0.0,5.0,0.0,5.0
BU04320007,Opmeer,30,10.0,10.0,0.0,0.0,5.0,5.0,0.0,0.0
BU04320009,Opmeer,5,,,,,,,,
BU04320100,Opmeer,445,20.0,105.0,70.0,20.0,35.0,85.0,60.0,45.0
BU04320101,Opmeer,80,10.0,20.0,5.0,0.0,5.0,15.0,10.0,10.0
BU04320102,Opmeer,25,10.0,5.0,5.0,0.0,0.0,5.0,5.0,0.0
BU04320103,Opmeer,45,10.0,5.0,5.0,0.0,5.0,5.0,5.0,5.0
BU04320200,Opmeer,155,25.0,45.0,15.0,10.0,5.0,30.0,15.0,10.0
BU00860101,Opsterland,65,0.0,10.0,15.0,5.0,5.0,15.0,10.0,5.0
BU00860102,Opsterland,70,0.0,10.0,10.0,5.0,5.0,10.0,15.0,10.0
BU00860103,Opsterland,105,25.0,15.0,15.0,5.0,5.0,20.0,10.0,5.0
BU00860201,Opsterland,80,0.0,5.0,30.0,0.0,5.0,20.0,10.0,10.0
BU00860202,Opsterland,70,0.0,0.0,10.0,0.0,10.0,25.0,20.0,5.0
BU00860203,Opsterland,90,0.0,5.0,10.0,5.0,10.0,20.0,30.0,10.0
BU00860204,Opsterland,5,,,,,,,,
BU00860205,Opsterland,25,0.0,5.0,0.0,5.0,0.0,10.0,5.0,5.0
BU00860206,Opsterland,45,0.0,5.0,0.0,0.0,0.0,15.0,10.0,5.0
BU00860207,Opsterland,55,0.0,0.0,0.0,0.0,5.0,25.0,15.0,5.0
BU00860208,Opsterland,25,5.0,0.0,5.0,0.0,0.0,0.0,5.0,0.0
BU00860209,Opsterland,45,5.0,10.0,5.0,0.0,10.0,5.0,5.0,5.0
BU00860401,Opsterland,75,5.0,20.0,10.0,5.0,0.0,20.0,15.0,10.0
BU00860402,Opsterland,25,10.0,5.0,5.0,0.0,0.0,5.0,5.0,0.0
BU00860501,Opsterland,215,0.0,25.0,70.0,10.0,10.0,35.0,30.0,40.0
BU00860502,Opsterland,230,5.0,50.0,80.0,10.0,15.0,40.0,10.0,15.0
BU00860503,Opsterland,100,0.0,15.0,10.0,5.0,0.0,20.0,35.0,10.0
BU00860504,Opsterland,45,0.0,5.0,5.0,5.0,5.0,10.0,10.0,5.0
BU00860505,Opsterland,90,0.0,10.0,10.0,5.0,15.0,25.0,15.0,5.0
BU00860506,Opsterland,90,0.0,15.0,20.0,0.0,5.0,15.0,20.0,15.0
BU00860507,Opsterland,35,0.0,5.0,5.0,5.0,0.0,10.0,5.0,5.0
BU00860508,Opsterland,60,20.0,5.0,10.0,0.0,0.0,15.0,5.0,0.0
BU00860601,Opsterland,50,5.0,5.0,10.0,0.0,0.0,10.0,5.0,10.0
BU00860602,Opsterland,50,5.0,5.0,5.0,0.0,0.0,15.0,10.0,0.0
BU00860701,Opsterland,20,,,,,,,,
BU00860702,Opsterland,30,5.0,5.0,5.0,0.0,0.0,10.0,5.0,0.0
BU00860801,Opsterland,90,5.0,15.0,15.0,10.0,5.0,20.0,10.0,15.0
BU00860802,Opsterland,55,15.0,5.0,5.0,5.0,5.0,10.0,5.0,5.0
BU00860901,Opsterland,90,5.0,20.0,20.0,0.0,5.0,20.0,15.0,10.0
BU00860902,Opsterland,80,25.0,15.0,10.0,5.0,0.0,15.0,10.0,5.0
BU00861001,Opsterland,20,,,,,,,,
BU00861002,Opsterland,20,,,,,,,,
BU00861101,Opsterland,135,10.0,25.0,20.0,5.0,15.0,25.0,20.0,15.0
BU00861102,Opsterland,90,25.0,15.0,10.0,5.0,0.0,15.0,15.0,5.0
BU00861301,Opsterland,45,0.0,15.0,5.0,5.0,5.0,5.0,5.0,5.0
BU00861302,Opsterland,85,35.0,10.0,10.0,5.0,5.0,10.0,5.0,5.0
BU00861401,Opsterland,60,5.0,10.0,5.0,0.0,0.0,20.0,10.0,5.0
BU00861402,Opsterland,70,20.0,15.0,10.0,5.0,5.0,10.0,5.0,5.0
BU00861501,Opsterland,115,10.0,20.0,15.0,10.0,5.0,15.0,30.0,10.0
BU00861502,Opsterland,85,20.0,15.0,10.0,5.0,5.0,15.0,10.0,5.0
BU00861601,Opsterland,65,0.0,5.0,30.0,0.0,5.0,10.0,10.0,5.0
BU00861602,Opsterland,100,0.0,15.0,15.0,5.0,5.0,20.0,25.0,15.0
BU00861603,Opsterland,40,0.0,15.0,15.0,0.0,5.0,5.0,0.0,0.0
BU00861604,Opsterland,30,0.0,10.0,5.0,0.0,0.0,5.0,5.0,5.0
BU00861605,Opsterland,90,0.0,20.0,5.0,10.0,10.0,25.0,10.0,10.0
BU00861606,Opsterland,45,0.0,10.0,15.0,10.0,0.0,5.0,0.0,0.0
BU00861607,Opsterland,170,45.0,35.0,25.0,5.0,10.0,25.0,15.0,10.0
BU00861701,Opsterland,70,5.0,15.0,15.0,0.0,0.0,10.0,10.0,10.0
BU00861702,Opsterland,50,5.0,15.0,5.0,0.0,5.0,10.0,5.0,10.0
BU00861703,Opsterland,160,45.0,25.0,35.0,5.0,5.0,20.0,15.0,5.0
BU08280000,Oss,270,0.0,55.0,70.0,15.0,25.0,40.0,30.0,35.0
BU08280001,Oss,120,0.0,15.0,50.0,5.0,5.0,25.0,10.0,15.0
BU08280002,Oss,460,0.0,35.0,165.0,25.0,35.0,75.0,70.0,55.0
BU08280100,Oss,190,0.0,45.0,35.0,5.0,10.0,35.0,35.0,20.0
BU08280101,Oss,190,0.0,30.0,40.0,15.0,15.0,35.0,25.0,30.0
BU08280102,Oss,90,0.0,35.0,10.0,5.0,5.0,10.0,10.0,15.0
BU08280103,Oss,85,0.0,20.0,15.0,10.0,5.0,15.0,15.0,5.0
BU08280104,Oss,70,0.0,15.0,15.0,10.0,5.0,15.0,5.0,5.0
BU08280105,Oss,45,0.0,10.0,10.0,10.0,0.0,0.0,5.0,5.0
BU08280106,Oss,125,0.0,15.0,15.0,5.0,20.0,45.0,15.0,10.0
BU08280200,Oss,75,0.0,10.0,10.0,0.0,5.0,35.0,5.0,5.0
BU08280201,Oss,220,0.0,40.0,115.0,10.0,15.0,30.0,5.0,10.0
BU08280202,Oss,390,0.0,135.0,105.0,30.0,30.0,70.0,10.0,15.0
BU08280300,Oss,265,0.0,40.0,35.0,15.0,10.0,60.0,65.0,35.0
BU08280301,Oss,170,0.0,20.0,25.0,5.0,35.0,45.0,25.0,20.0
BU08280302,Oss,45,0.0,10.0,10.0,0.0,0.0,5.0,10.0,5.0
BU08280303,Oss,65,0.0,20.0,20.0,0.0,0.0,10.0,5.0,10.0
BU08280304,Oss,60,0.0,15.0,15.0,0.0,0.0,10.0,5.0,5.0
BU08280305,Oss,45,0.0,10.0,5.0,0.0,0.0,10.0,5.0,10.0
BU08280306,Oss,50,0.0,5.0,5.0,5.0,20.0,10.0,5.0,0.0
BU08280307,Oss,35,0.0,0.0,0.0,5.0,15.0,10.0,5.0,0.0
BU08280400,Oss,60,0.0,15.0,10.0,5.0,5.0,15.0,5.0,5.0
BU08280401,Oss,250,0.0,65.0,45.0,25.0,15.0,35.0,35.0,30.0
BU08280402,Oss,205,0.0,40.0,20.0,10.0,30.0,35.0,35.0,30.0
BU08280403,Oss,155,0.0,20.0,20.0,10.0,20.0,40.0,20.0,20.0
BU08280404,Oss,60,0.0,10.0,10.0,5.0,0.0,15.0,15.0,5.0
BU08280500,Oss,350,0.0,105.0,120.0,25.0,40.0,40.0,10.0,10.0
BU08280501,Oss,0,,,,,,,,
BU08280502,Oss,0,,,,,,,,
BU08280503,Oss,70,0.0,20.0,15.0,5.0,15.0,10.0,0.0,0.0
BU08280600,Oss,115,0.0,30.0,25.0,5.0,0.0,20.0,25.0,10.0
BU08280601,Oss,100,0.0,25.0,15.0,5.0,5.0,30.0,10.0,10.0
BU08280602,Oss,105,0.0,20.0,35.0,5.0,5.0,10.0,15.0,15.0
BU08280603,Oss,160,0.0,50.0,25.0,10.0,5.0,25.0,25.0,20.0
BU08280604,Oss,165,0.0,70.0,15.0,15.0,0.0,15.0,25.0,20.0
BU08280605,Oss,125,0.0,10.0,35.0,5.0,15.0,25.0,15.0,15.0
BU08280606,Oss,90,0.0,15.0,10.0,5.0,10.0,25.0,10.0,15.0
BU08280607,Oss,130,0.0,10.0,15.0,5.0,15.0,55.0,15.0,10.0
BU08280608,Oss,95,5.0,25.0,15.0,10.0,0.0,10.0,15.0,15.0
BU08280700,Oss,230,0.0,55.0,40.0,20.0,20.0,45.0,25.0,30.0
BU08280701,Oss,65,0.0,15.0,10.0,10.0,5.0,15.0,5.0,5.0
BU08280702,Oss,60,0.0,5.0,5.0,5.0,5.0,10.0,25.0,0.0
BU08280703,Oss,50,0.0,5.0,5.0,0.0,10.0,10.0,10.0,10.0
BU08280704,Oss,100,0.0,20.0,15.0,5.0,5.0,15.0,25.0,15.0
BU08280705,Oss,120,0.0,30.0,30.0,10.0,10.0,20.0,15.0,15.0
BU08280706,Oss,105,0.0,30.0,10.0,5.0,5.0,15.0,20.0,15.0
BU08280707,Oss,90,0.0,10.0,15.0,5.0,10.0,20.0,15.0,10.0
BU08280708,Oss,95,0.0,10.0,10.0,5.0,5.0,30.0,20.0,10.0
BU08280709,Oss,125,0.0,20.0,25.0,5.0,10.0,25.0,20.0,20.0
BU08280806,Oss,10,,,,,,,,
BU08280807,Oss,10,,,,,,,,
BU08280808,Oss,20,,,,,,,,
BU08280809,Oss,60,30.0,10.0,5.0,0.0,5.0,5.0,5.0,0.0
BU08280905,Oss,0,,,,,,,,
BU08280906,Oss,20,,,,,,,,
BU08280907,Oss,30,0.0,10.0,5.0,0.0,5.0,5.0,5.0,5.0
BU08280908,Oss,20,,,,,,,,
BU08280909,Oss,70,5.0,15.0,10.0,10.0,15.0,5.0,0.0,5.0
BU08281000,Oss,425,15.0,110.0,70.0,15.0,35.0,75.0,55.0,55.0
BU08281001,Oss,580,5.0,135.0,75.0,45.0,45.0,130.0,85.0,60.0
BU08281007,Oss,70,10.0,15.0,10.0,0.0,10.0,5.0,5.0,5.0
BU08281008,Oss,40,0.0,5.0,0.0,0.0,5.0,10.0,5.0,5.0
BU08281009,Oss,35,5.0,15.0,5.0,0.0,0.0,0.0,0.0,5.0
BU08281100,Oss,100,15.0,20.0,15.0,5.0,5.0,15.0,10.0,10.0
BU08281108,Oss,0,,,,,,,,
BU08281109,Oss,0,,,,,,,,
BU08281200,Oss,70,0.0,20.0,10.0,0.0,5.0,15.0,10.0,5.0
BU08281208,Oss,5,,,,,,,,
BU08281209,Oss,25,15.0,5.0,5.0,0.0,0.0,0.0,0.0,0.0
BU08281300,Oss,200,10.0,35.0,35.0,5.0,20.0,45.0,25.0,25.0
BU08281308,Oss,10,,,,,,,,
BU08281309,Oss,0,,,,,,,,
BU08281400,Oss,280,0.0,40.0,40.0,15.0,20.0,60.0,70.0,40.0
BU08281401,Oss,135,5.0,20.0,25.0,5.0,5.0,40.0,25.0,10.0
BU08281403,Oss,55,10.0,5.0,5.0,5.0,5.0,10.0,10.0,5.0
BU08281404,Oss,65,0.0,10.0,25.0,5.0,5.0,15.0,0.0,0.0
BU08281409,Oss,5,,,,,,,,
BU08281500,Oss,300,10.0,85.0,45.0,15.0,35.0,45.0,35.0,30.0
BU08281508,Oss,65,20.0,5.0,15.0,5.0,5.0,10.0,5.0,5.0
BU08281509,Oss,45,5.0,10.0,10.0,0.0,5.0,10.0,5.0,5.0
BU08281600,Oss,50,5.0,15.0,5.0,0.0,5.0,10.0,5.0,5.0
BU08281601,Oss,40,15.0,5.0,0.0,0.0,5.0,5.0,10.0,5.0
BU08281609,Oss,10,,,,,,,,
BU08281700,Oss,95,10.0,10.0,15.0,5.0,10.0,25.0,10.0,10.0
BU08281701,Oss,50,5.0,5.0,5.0,0.0,5.0,15.0,5.0,5.0
BU08281702,Oss,30,0.0,5.0,5.0,0.0,5.0,10.0,5.0,5.0
BU08281703,Oss,15,,,,,,,,
BU08281709,Oss,10,,,,,,,,
BU08281800,Oss,410,15.0,75.0,70.0,30.0,40.0,85.0,45.0,55.0
BU08281808,Oss,5,,,,,,,,
BU08281809,Oss,35,20.0,5.0,5.0,5.0,0.0,5.0,0.0,0.0
BU08281900,Oss,125,10.0,30.0,20.0,5.0,10.0,25.0,15.0,10.0
BU08281901,Oss,35,5.0,10.0,0.0,0.0,5.0,10.0,0.0,0.0
BU08281908,Oss,20,,,,,,,,
BU08281909,Oss,35,25.0,5.0,0.0,0.0,0.0,0.0,0.0,0.0
BU08282000,Oss,80,0.0,20.0,10.0,5.0,5.0,20.0,10.0,10.0
BU08282009,Oss,85,25.0,15.0,10.0,5.0,5.0,15.0,5.0,0.0
BU08282100,Oss,90,5.0,25.0,10.0,5.0,5.0,15.0,10.0,10.0
BU08282101,Oss,45,5.0,5.0,5.0,0.0,5.0,15.0,5.0,5.0
BU08282102,Oss,35,5.0,5.0,10.0,5.0,0.0,5.0,5.0,5.0
BU08282103,Oss,20,,,,,,,,
BU08282109,Oss,55,40.0,5.0,5.0,0.0,0.0,5.0,0.0,0.0
BU08282200,Oss,565,15.0,165.0,90.0,15.0,65.0,105.0,60.0,55.0
BU08282201,Oss,50,10.0,20.0,5.0,0.0,5.0,10.0,5.0,0.0
BU08282208,Oss,95,10.0,30.0,15.0,5.0,15.0,15.0,5.0,5.0
BU08282209,Oss,30,20.0,5.0,0.0,0.0,0.0,0.0,0.0,0.0
BU15090000,Oude IJsselstreek,345,0.0,55.0,75.0,15.0,45.0,60.0,55.0,45.0
BU15090001,Oude IJsselstreek,300,0.0,65.0,55.0,20.0,25.0,50.0,45.0,40.0
BU15090002,Oude IJsselstreek,210,0.0,45.0,45.0,10.0,20.0,45.0,25.0,15.0
BU15090003,Oude IJsselstreek,120,0.0,20.0,20.0,5.0,20.0,20.0,20.0,15.0
BU15090004,Oude IJsselstreek,65,10.0,5.0,10.0,0.0,5.0,15.0,10.0,10.0
BU15090007,Oude IJsselstreek,80,10.0,15.0,10.0,5.0,5.0,10.0,10.0,15.0
BU15090008,Oude IJsselstreek,105,30.0,15.0,20.0,0.0,10.0,10.0,10.0,5.0
BU15090009,Oude IJsselstreek,145,0.0,40.0,40.0,5.0,15.0,20.0,10.0,5.0
BU15090100,Oude IJsselstreek,275,5.0,35.0,55.0,20.0,25.0,50.0,50.0,40.0
BU15090101,Oude IJsselstreek,65,5.0,5.0,10.0,0.0,10.0,15.0,5.0,10.0
BU15090102,Oude IJsselstreek,55,5.0,10.0,10.0,5.0,5.0,10.0,5.0,5.0
BU15090103,Oude IJsselstreek,15,,,,,,,,
BU15090104,Oude IJsselstreek,40,0.0,5.0,5.0,0.0,10.0,10.0,5.0,0.0
BU15090105,Oude IJsselstreek,60,20.0,5.0,10.0,5.0,5.0,10.0,5.0,5.0
BU15090106,Oude IJsselstreek,30,15.0,0.0,5.0,0.0,0.0,5.0,0.0,5.0
BU15090107,Oude IJsselstreek,35,20.0,5.0,0.0,0.0,5.0,0.0,0.0,0.0
BU15090108,Oude IJsselstreek,70,20.0,5.0,10.0,0.0,10.0,5.0,5.0,10.0
BU15090109,Oude IJsselstreek,90,35.0,10.0,10.0,0.0,10.0,10.0,10.0,5.0
BU15090200,Oude IJsselstreek,460,0.0,80.0,120.0,25.0,40.0,65.0,75.0,60.0
BU15090201,Oude IJsselstreek,45,0.0,10.0,5.0,5.0,10.0,10.0,5.0,0.0
BU15090202,Oude IJsselstreek,410,5.0,65.0,80.0,25.0,35.0,60.0,80.0,60.0
BU15090203,Oude IJsselstreek,15,,,,,,,,
BU15090207,Oude IJsselstreek,35,15.0,5.0,0.0,0.0,5.0,5.0,5.0,5.0
BU15090208,Oude IJsselstreek,95,35.0,10.0,15.0,5.0,5.0,10.0,10.0,5.0
BU15090300,Oude IJsselstreek,605,10.0,90.0,125.0,30.0,75.0,115.0,95.0,65.0
BU15090301,Oude IJsselstreek,50,5.0,10.0,15.0,0.0,0.0,5.0,15.0,5.0
BU15090302,Oude IJsselstreek,20,,,,,,,,
BU15090303,Oude IJsselstreek,10,,,,,,,,
BU15090306,Oude IJsselstreek,100,25.0,15.0,15.0,0.0,5.0,15.0,15.0,15.0
BU15090307,Oude IJsselstreek,185,40.0,35.0,20.0,10.0,25.0,25.0,15.0,20.0
BU15090308,Oude IJsselstreek,130,20.0,20.0,25.0,5.0,15.0,25.0,10.0,10.0
BU15090309,Oude IJsselstreek,160,50.0,25.0,30.0,0.0,10.0,25.0,10.0,5.0
BU04370000,Ouder-Amstel,1180,0.0,85.0,125.0,95.0,145.0,380.0,225.0,130.0
BU04370001,Ouder-Amstel,1265,0.0,95.0,210.0,215.0,90.0,380.0,170.0,100.0
BU04370002,Ouder-Amstel,350,0.0,35.0,115.0,60.0,30.0,75.0,15.0,25.0
BU04370006,Ouder-Amstel,115,30.0,15.0,20.0,5.0,10.0,20.0,10.0,10.0
BU04370007,Ouder-Amstel,95,5.0,0.0,10.0,10.0,25.0,20.0,5.0,20.0
BU04370008,Ouder-Amstel,25,5.0,5.0,0.0,5.0,5.0,10.0,0.0,0.0
BU04370009,Ouder-Amstel,25,5.0,5.0,5.0,0.0,5.0,0.0,0.0,0.0
BU05890101,Oudewater,60,5.0,15.0,5.0,5.0,0.0,15.0,5.0,5.0
BU05890102,Oudewater,60,15.0,10.0,10.0,0.0,10.0,10.0,5.0,5.0
BU05890201,Oudewater,440,0.0,55.0,95.0,25.0,55.0,115.0,45.0,50.0
BU05890202,Oudewater,155,5.0,40.0,15.0,15.0,10.0,45.0,15.0,15.0
BU05890203,Oudewater,110,0.0,25.0,10.0,5.0,5.0,15.0,25.0,20.0
BU05890204,Oudewater,155,0.0,30.0,20.0,10.0,10.0,45.0,25.0,10.0
BU05890205,Oudewater,50,0.0,15.0,5.0,0.0,10.0,15.0,5.0,0.0
BU05890206,Oudewater,5,,,,,,,,
BU05890207,Oudewater,5,,,,,,,,
BU05890208,Oudewater,160,0.0,40.0,60.0,10.0,20.0,20.0,5.0,0.0
BU05890209,Oudewater,5,,,,,,,,
BU05890210,Oudewater,25,10.0,5.0,5.0,0.0,0.0,0.0,0.0,0.0
BU05890211,Oudewater,65,20.0,10.0,10.0,0.0,5.0,10.0,0.0,5.0
BU05890212,Oudewater,60,10.0,15.0,5.0,0.0,10.0,10.0,5.0,5.0
BU05890213,Oudewater,25,5.0,0.0,0.0,0.0,5.0,5.0,0.0,5.0
BU05890301,Oudewater,30,0.0,10.0,10.0,0.0,0.0,5.0,5.0,0.0
BU05890302,Oudewater,65,20.0,20.0,5.0,5.0,5.0,5.0,0.0,5.0
BU05890401,Oudewater,180,35.0,30.0,25.0,5.0,20.0,35.0,10.0,20.0
BU17340101,Overbetuwe,30,10.0,5.0,0.0,0.0,0.0,5.0,0.0,5.0
BU17340102,Overbetuwe,85,15.0,5.0,15.0,5.0,5.0,15.0,15.0,10.0
BU17340103,Overbetuwe,80,20.0,10.0,10.0,0.0,10.0,15.0,10.0,5.0
BU17340104,Overbetuwe,50,10.0,10.0,5.0,0.0,5.0,10.0,5.0,5.0
BU17340201,Overbetuwe,50,0.0,0.0,5.0,0.0,5.0,20.0,15.0,5.0
BU17340202,Overbetuwe,145,0.0,15.0,15.0,10.0,15.0,40.0,25.0,20.0
BU17340203,Overbetuwe,210,5.0,15.0,65.0,5.0,20.0,35.0,40.0,35.0
BU17340204,Overbetuwe,130,0.0,5.0,10.0,5.0,15.0,45.0,35.0,10.0
BU17340205,Overbetuwe,30,0.0,5.0,0.0,5.0,0.0,10.0,10.0,0.0
BU17340206,Overbetuwe,45,0.0,15.0,5.0,0.0,0.0,5.0,10.0,10.0
BU17340207,Overbetuwe,100,0.0,10.0,10.0,10.0,5.0,25.0,20.0,20.0
BU17340301,Overbetuwe,115,0.0,10.0,10.0,5.0,15.0,40.0,20.0,15.0
BU17340302,Overbetuwe,45,0.0,5.0,0.0,0.0,5.0,10.0,15.0,10.0
BU17340303,Overbetuwe,130,0.0,5.0,55.0,5.0,15.0,5.0,20.0,25.0
BU17340304,Overbetuwe,50,0.0,10.0,10.0,5.0,0.0,15.0,5.0,5.0
BU17340305,Overbetuwe,70,0.0,10.0,15.0,5.0,0.0,10.0,10.0,10.0
BU17340306,Overbetuwe,85,0.0,15.0,10.0,5.0,0.0,20.0,20.0,15.0
BU17340401,Overbetuwe,65,0.0,15.0,20.0,5.0,5.0,10.0,0.0,5.0
BU17340402,Overbetuwe,425,0.0,65.0,150.0,30.0,35.0,95.0,30.0,20.0
BU17340501,Overbetuwe,30,0.0,0.0,5.0,0.0,5.0,5.0,15.0,0.0
BU17340502,Overbetuwe,185,0.0,10.0,20.0,20.0,20.0,60.0,45.0,10.0
BU17340503,Overbetuwe,70,0.0,5.0,5.0,5.0,5.0,20.0,20.0,10.0
BU17340504,Overbetuwe,155,0.0,15.0,15.0,10.0,15.0,45.0,35.0,15.0
BU17340505,Overbetuwe,140,0.0,10.0,10.0,10.0,15.0,45.0,45.0,10.0
BU17340601,Overbetuwe,85,0.0,10.0,15.0,0.0,25.0,15.0,15.0,10.0
BU17340602,Overbetuwe,45,0.0,0.0,5.0,5.0,5.0,20.0,10.0,0.0
BU17340603,Overbetuwe,65,0.0,10.0,5.0,0.0,5.0,25.0,10.0,5.0
BU17340701,Overbetuwe,210,0.0,30.0,25.0,10.0,20.0,55.0,45.0,20.0
BU17340702,Overbetuwe,10,,,,,,,,
BU17340703,Overbetuwe,40,5.0,5.0,15.0,5.0,5.0,5.0,10.0,0.0
BU17340704,Overbetuwe,40,10.0,5.0,0.0,5.0,5.0,10.0,5.0,0.0
BU17340705,Overbetuwe,40,0.0,5.0,5.0,5.0,0.0,10.0,10.0,5.0
BU17340706,Overbetuwe,10,,,,,,,,
BU17340801,Overbetuwe,25,10.0,0.0,5.0,0.0,0.0,5.0,0.0,0.0
BU17340802,Overbetuwe,55,0.0,15.0,5.0,5.0,5.0,10.0,5.0,5.0
BU17340803,Overbetuwe,0,,,,,,,,
BU17340804,Overbetuwe,35,5.0,5.0,5.0,5.0,0.0,5.0,5.0,0.0
BU17340901,Overbetuwe,125,15.0,25.0,20.0,5.0,15.0,25.0,10.0,10.0
BU17340902,Overbetuwe,190,0.0,30.0,25.0,20.0,20.0,40.0,35.0,20.0
BU17340903,Overbetuwe,25,0.0,5.0,5.0,0.0,5.0,5.0,0.0,0.0
BU17340904,Overbetuwe,50,20.0,10.0,5.0,0.0,0.0,5.0,5.0,0.0
BU17340905,Overbetuwe,20,,,,,,,,
BU17341001,Overbetuwe,25,10.0,0.0,0.0,0.0,5.0,5.0,5.0,0.0
BU17341002,Overbetuwe,65,0.0,10.0,30.0,5.0,5.0,10.0,0.0,5.0
BU17341003,Overbetuwe,20,,,,,,,,
BU17341004,Overbetuwe,195,0.0,35.0,70.0,25.0,20.0,30.0,5.0,5.0
BU17341005,Overbetuwe,0,,,,,,,,
BU17341006,Overbetuwe,130,0.0,30.0,20.0,10.0,15.0,20.0,15.0,15.0
BU17341101,Overbetuwe,100,0.0,5.0,45.0,0.0,5.0,5.0,20.0,15.0
BU17341102,Overbetuwe,25,0.0,0.0,5.0,0.0,5.0,5.0,10.0,5.0
BU17341103,Overbetuwe,110,0.0,10.0,20.0,10.0,15.0,25.0,20.0,10.0
BU17341104,Overbetuwe,75,0.0,15.0,5.0,5.0,5.0,15.0,20.0,5.0
BU17341105,Overbetuwe,55,0.0,5.0,5.0,5.0,0.0,20.0,15.0,5.0
BU17341106,Overbetuwe,100,0.0,10.0,15.0,5.0,10.0,35.0,15.0,5.0
BU17341107,Overbetuwe,10,,,,,,,,
BU17341201,Overbetuwe,20,,,,,,,,
BU17341202,Overbetuwe,20,,,,,,,,
BU17341301,Overbetuwe,30,5.0,0.0,5.0,0.0,0.0,5.0,5.0,5.0
BU17341302,Overbetuwe,15,,,,,,,,
BU17341401,Overbetuwe,85,5.0,20.0,5.0,5.0,5.0,15.0,20.0,10.0
BU17341402,Overbetuwe,95,35.0,15.0,10.0,0.0,5.0,20.0,5.0,5.0
BU17341403,Overbetuwe,5,,,,,,,,
BU17341404,Overbetuwe,25,20.0,5.0,5.0,0.0,0.0,0.0,0.0,0.0
BU17341405,Overbetuwe,5,,,,,,,,
BU17341501,Overbetuwe,150,0.0,35.0,60.0,10.0,15.0,20.0,5.0,5.0
BU17341502,Overbetuwe,95,0.0,15.0,5.0,10.0,5.0,25.0,20.0,10.0
BU17341503,Overbetuwe,95,0.0,25.0,35.0,10.0,10.0,10.0,0.0,5.0
BU17341504,Overbetuwe,75,0.0,10.0,10.0,5.0,5.0,10.0,20.0,15.0
BU17341505,Overbetuwe,15,,,,,,,,
BU17341506,Overbetuwe,90,0.0,10.0,15.0,5.0,5.0,30.0,15.0,15.0
BU17341507,Overbetuwe,105,0.0,15.0,10.0,10.0,15.0,30.0,15.0,10.0
BU17341601,Overbetuwe,5,,,,,,,,
BU17341602,Overbetuwe,30,10.0,5.0,5.0,0.0,0.0,0.0,0.0,5.0
BU17341603,Overbetuwe,45,10.0,5.0,5.0,5.0,5.0,0.0,10.0,5.0
BU17341701,Overbetuwe,40,0.0,5.0,10.0,0.0,5.0,5.0,10.0,5.0
BU17341702,Overbetuwe,25,0.0,5.0,5.0,0.0,0.0,5.0,5.0,0.0
BU17341703,Overbetuwe,15,,,,,,,,
BU17341704,Overbetuwe,45,0.0,5.0,5.0,0.0,5.0,15.0,10.0,5.0
BU17341705,Overbetuwe,20,,,,,,,,
BU17341706,Overbetuwe,165,5.0,20.0,35.0,10.0,15.0,40.0,20.0,20.0
BU17341801,Overbetuwe,45,10.0,5.0,5.0,5.0,5.0,10.0,5.0,0.0
BU17341802,Overbetuwe,40,0.0,10.0,5.0,0.0,0.0,5.0,5.0,10.0
BU17341803,Overbetuwe,0,,,,,,,,
BU17341804,Overbetuwe,105,0.0,10.0,5.0,10.0,5.0,35.0,25.0,15.0
BU17341805,Overbetuwe,60,0.0,5.0,10.0,5.0,5.0,10.0,20.0,5.0
BU17341806,Overbetuwe,75,5.0,15.0,15.0,5.0,10.0,15.0,5.0,5.0
BU17341807,Overbetuwe,80,0.0,15.0,10.0,10.0,5.0,15.0,15.0,10.0
BU17341808,Overbetuwe,45,0.0,10.0,5.0,5.0,5.0,15.0,5.0,5.0
BU05900101,Papendrecht,55,0.0,15.0,10.0,5.0,5.0,15.0,5.0,5.0
BU05900102,Papendrecht,235,0.0,40.0,45.0,20.0,25.0,40.0,40.0,25.0
BU05900103,Papendrecht,150,0.0,30.0,20.0,10.0,10.0,35.0,35.0,15.0
BU05900104,Papendrecht,35,0.0,0.0,5.0,0.0,10.0,5.0,5.0,5.0
BU05900105,Papendrecht,90,0.0,15.0,10.0,10.0,5.0,15.0,20.0,15.0
BU05900106,Papendrecht,130,0.0,15.0,20.0,15.0,30.0,30.0,15.0,10.0
BU05900107,Papendrecht,205,0.0,15.0,85.0,10.0,25.0,25.0,25.0,25.0
BU05900201,Papendrecht,200,0.0,15.0,30.0,25.0,20.0,35.0,55.0,15.0
BU05900202,Papendrecht,100,0.0,20.0,10.0,10.0,5.0,30.0,15.0,10.0
BU05900203,Papendrecht,0,,,,,,,,
BU05900204,Papendrecht,0,,,,,,,,
BU05900301,Papendrecht,180,0.0,35.0,30.0,15.0,10.0,45.0,25.0,25.0
BU05900302,Papendrecht,130,0.0,30.0,20.0,15.0,5.0,25.0,25.0,10.0
BU05900303,Papendrecht,60,0.0,5.0,15.0,5.0,10.0,15.0,5.0,10.0
BU05900304,Papendrecht,30,0.0,5.0,5.0,5.0,0.0,5.0,5.0,5.0
BU05900401,Papendrecht,145,0.0,30.0,25.0,10.0,10.0,35.0,25.0,15.0
BU05900402,Papendrecht,70,0.0,15.0,10.0,0.0,10.0,10.0,15.0,10.0
BU05900501,Papendrecht,170,0.0,20.0,20.0,10.0,25.0,40.0,20.0,30.0
BU05900502,Papendrecht,135,0.0,20.0,25.0,15.0,10.0,25.0,25.0,15.0
BU05900503,Papendrecht,170,0.0,20.0,20.0,20.0,25.0,40.0,25.0,20.0
BU05900504,Papendrecht,25,0.0,0.0,5.0,5.0,5.0,5.0,10.0,0.0
BU05900601,Papendrecht,105,0.0,20.0,20.0,10.0,5.0,30.0,15.0,5.0
BU05900602,Papendrecht,200,0.0,45.0,55.0,25.0,25.0,40.0,5.0,5.0
BU05900701,Papendrecht,5,,,,,,,,
BU05900702,Papendrecht,205,0.0,20.0,30.0,20.0,35.0,60.0,25.0,15.0
BU05900703,Papendrecht,160,0.0,25.0,20.0,10.0,15.0,50.0,25.0,15.0
BU05900704,Papendrecht,70,0.0,10.0,10.0,10.0,10.0,20.0,10.0,5.0
BU05900705,Papendrecht,40,0.0,10.0,5.0,0.0,5.0,10.0,5.0,5.0
BU05900801,Papendrecht,5,,,,,,,,
BU05900802,Papendrecht,0,,,,,,,,
BU05900901,Papendrecht,55,0.0,5.0,20.0,10.0,10.0,15.0,0.0,0.0
BU05900902,Papendrecht,10,,,,,,,,
BU05900903,Papendrecht,0,,,,,,,,
BU05900904,Papendrecht,0,,,,,,,,
BU18940000,Peel en Maas,135,15.0,25.0,30.0,5.0,10.0,20.0,10.0,20.0
BU18940001,Peel en Maas,130,25.0,20.0,15.0,5.0,10.0,20.0,25.0,10.0
BU18940002,Peel en Maas,40,20.0,5.0,5.0,0.0,0.0,0.0,0.0,5.0
BU18940003,Peel en Maas,45,15.0,0.0,5.0,5.0,5.0,5.0,0.0,5.0
BU18940100,Peel en Maas,270,25.0,50.0,60.0,15.0,20.0,30.0,45.0,25.0
BU18940101,Peel en Maas,835,10.0,115.0,220.0,40.0,70.0,150.0,145.0,80.0
BU18940102,Peel en Maas,430,10.0,45.0,75.0,15.0,55.0,90.0,80.0,60.0
BU18940104,Peel en Maas,50,10.0,5.0,10.0,0.0,5.0,5.0,10.0,10.0
BU18940105,Peel en Maas,135,30.0,20.0,10.0,10.0,10.0,25.0,15.0,15.0
BU18940106,Peel en Maas,70,30.0,10.0,15.0,0.0,5.0,10.0,5.0,5.0
BU18940107,Peel en Maas,45,25.0,5.0,5.0,0.0,5.0,0.0,5.0,0.0
BU18940108,Peel en Maas,125,35.0,10.0,25.0,5.0,10.0,20.0,10.0,10.0
BU18940109,Peel en Maas,25,10.0,5.0,5.0,0.0,0.0,0.0,0.0,5.0
BU18940200,Peel en Maas,330,10.0,45.0,65.0,15.0,35.0,70.0,50.0,30.0
BU18940203,Peel en Maas,75,15.0,10.0,15.0,5.0,5.0,10.0,15.0,5.0
BU18940204,Peel en Maas,45,20.0,5.0,10.0,0.0,5.0,5.0,5.0,0.0
BU18940208,Peel en Maas,50,25.0,5.0,10.0,0.0,5.0,5.0,0.0,0.0
BU18940209,Peel en Maas,15,,,,,,,,
BU18940300,Peel en Maas,380,5.0,60.0,65.0,25.0,30.0,80.0,75.0,45.0
BU18940308,Peel en Maas,80,25.0,10.0,10.0,0.0,5.0,10.0,5.0,10.0
BU18940309,Peel en Maas,270,60.0,30.0,55.0,20.0,25.0,40.0,25.0,15.0
BU18940400,Peel en Maas,450,20.0,55.0,110.0,25.0,45.0,60.0,70.0,60.0
BU18940402,Peel en Maas,20,,,,,,,,
BU18940403,Peel en Maas,75,5.0,10.0,15.0,0.0,5.0,20.0,10.0,5.0
BU18940408,Peel en Maas,70,20.0,5.0,15.0,5.0,5.0,10.0,5.0,5.0
BU18940409,Peel en Maas,55,20.0,5.0,5.0,0.0,5.0,5.0,5.0,5.0
BU18940500,Peel en Maas,535,25.0,115.0,105.0,25.0,55.0,80.0,65.0,65.0
BU18940502,Peel en Maas,55,20.0,10.0,10.0,0.0,0.0,5.0,5.0,5.0
BU18940506,Peel en Maas,50,10.0,10.0,5.0,5.0,0.0,10.0,5.0,5.0
BU18940507,Peel en Maas,30,10.0,5.0,5.0,5.0,0.0,5.0,5.0,0.0
BU18940508,Peel en Maas,60,20.0,10.0,5.0,5.0,5.0,5.0,5.0,5.0
BU18940509,Peel en Maas,35,15.0,5.0,5.0,0.0,0.0,5.0,5.0,0.0
BU07650000,Pekela,485,10.0,80.0,140.0,30.0,20.0,70.0,65.0,75.0
BU07650009,Pekela,20,,,,,,,,
BU07650100,Pekela,295,30.0,55.0,65.0,20.0,20.0,35.0,45.0,30.0
BU07650101,Pekela,65,10.0,20.0,5.0,10.0,0.0,10.0,5.0,5.0
BU07650109,Pekela,45,5.0,10.0,15.0,0.0,5.0,5.0,5.0,0.0
BU19260101,Pijnacker-Nootdorp,500,15.0,75.0,110.0,25.0,35.0,95.0,90.0,55.0
BU19260102,Pijnacker-Nootdorp,280,0.0,45.0,35.0,15.0,10.0,75.0,70.0,30.0
BU19260103,Pijnacker-Nootdorp,210,0.0,25.0,20.0,15.0,10.0,60.0,60.0,20.0
BU19260104,Pijnacker-Nootdorp,290,5.0,35.0,25.0,25.0,25.0,85.0,70.0,25.0
BU19260105,Pijnacker-Nootdorp,315,0.0,25.0,45.0,35.0,25.0,90.0,70.0,25.0
BU19260106,Pijnacker-Nootdorp,170,5.0,25.0,30.0,15.0,5.0,35.0,50.0,5.0
BU19260107,Pijnacker-Nootdorp,290,5.0,30.0,20.0,30.0,35.0,95.0,60.0,20.0
BU19260108,Pijnacker-Nootdorp,205,0.0,30.0,20.0,30.0,10.0,55.0,45.0,15.0
BU19260109,Pijnacker-Nootdorp,50,0.0,10.0,5.0,5.0,0.0,5.0,20.0,0.0
BU19260111,Pijnacker-Nootdorp,205,50.0,35.0,15.0,15.0,20.0,45.0,15.0,10.0
BU19260112,Pijnacker-Nootdorp,210,55.0,25.0,20.0,10.0,30.0,40.0,10.0,15.0
BU19260113,Pijnacker-Nootdorp,80,20.0,5.0,10.0,5.0,10.0,10.0,15.0,10.0
BU19260114,Pijnacker-Nootdorp,340,5.0,85.0,95.0,25.0,20.0,60.0,25.0,25.0
BU19260221,Pijnacker-Nootdorp,305,0.0,30.0,80.0,15.0,20.0,50.0,65.0,45.0
BU19260222,Pijnacker-Nootdorp,245,5.0,40.0,25.0,25.0,30.0,70.0,40.0,15.0
BU19260223,Pijnacker-Nootdorp,400,5.0,50.0,45.0,25.0,35.0,115.0,80.0,40.0
BU19260224,Pijnacker-Nootdorp,230,0.0,15.0,25.0,15.0,35.0,75.0,35.0,30.0
BU19260225,Pijnacker-Nootdorp,335,5.0,55.0,35.0,40.0,20.0,110.0,50.0,25.0
BU19260226,Pijnacker-Nootdorp,225,5.0,15.0,25.0,20.0,20.0,80.0,40.0,20.0
BU19260227,Pijnacker-Nootdorp,185,5.0,20.0,15.0,20.0,10.0,65.0,35.0,15.0
BU19260231,Pijnacker-Nootdorp,130,45.0,15.0,10.0,5.0,10.0,20.0,10.0,15.0
BU19260232,Pijnacker-Nootdorp,340,0.0,65.0,90.0,30.0,35.0,65.0,30.0,20.0
BU19260341,Pijnacker-Nootdorp,205,5.0,35.0,25.0,15.0,15.0,60.0,30.0,15.0
BU19260342,Pijnacker-Nootdorp,140,0.0,15.0,10.0,10.0,5.0,50.0,35.0,10.0
BU19260343,Pijnacker-Nootdorp,255,0.0,30.0,40.0,20.0,15.0,90.0,40.0,20.0
BU19260344,Pijnacker-Nootdorp,255,0.0,35.0,35.0,15.0,25.0,70.0,45.0,20.0
BU19260351,Pijnacker-Nootdorp,95,0.0,20.0,30.0,15.0,10.0,20.0,0.0,0.0
BU19260352,Pijnacker-Nootdorp,85,25.0,10.0,5.0,0.0,15.0,15.0,10.0,5.0
BU19260353,Pijnacker-Nootdorp,65,20.0,5.0,5.0,0.0,5.0,15.0,5.0,5.0
BU04390101,Purmerend,745,0.0,75.0,295.0,35.0,65.0,95.0,70.0,110.0
BU04390102,Purmerend,90,0.0,5.0,10.0,10.0,10.0,25.0,25.0,5.0
BU04390103,Purmerend,215,0.0,35.0,25.0,15.0,10.0,60.0,40.0,30.0
BU04390201,Purmerend,510,0.0,100.0,80.0,40.0,15.0,85.0,120.0,60.0
BU04390202,Purmerend,230,0.0,40.0,95.0,20.0,5.0,25.0,25.0,20.0
BU04390203,Purmerend,75,0.0,10.0,25.0,5.0,5.0,10.0,10.0,10.0
BU04390204,Purmerend,480,0.0,75.0,80.0,30.0,25.0,105.0,100.0,60.0
BU04390205,Purmerend,95,0.0,10.0,15.0,15.0,5.0,20.0,20.0,10.0
BU04390301,Purmerend,135,0.0,25.0,15.0,20.0,5.0,30.0,25.0,15.0
BU04390302,Purmerend,360,0.0,55.0,50.0,45.0,10.0,70.0,75.0,45.0
BU04390303,Purmerend,20,,,,,,,,
BU04390401,Purmerend,365,0.0,60.0,45.0,40.0,15.0,105.0,55.0,45.0
BU04390402,Purmerend,625,0.0,90.0,85.0,55.0,35.0,145.0,145.0,70.0
BU04390501,Purmerend,325,0.0,60.0,65.0,45.0,5.0,50.0,55.0,40.0
BU04390502,Purmerend,175,0.0,45.0,30.0,15.0,5.0,30.0,35.0,25.0
BU04390503,Purmerend,220,0.0,40.0,35.0,20.0,15.0,55.0,35.0,25.0
BU04390504,Purmerend,320,0.0,70.0,40.0,35.0,10.0,60.0,60.0,45.0
BU04390505,Purmerend,610,0.0,160.0,230.0,35.0,45.0,90.0,20.0,25.0
BU04390506,Purmerend,30,0.0,0.0,5.0,0.0,5.0,10.0,5.0,5.0
BU04390601,Purmerend,465,0.0,55.0,70.0,45.0,35.0,135.0,75.0,55.0
BU04390602,Purmerend,610,0.0,110.0,100.0,60.0,45.0,135.0,100.0,60.0
BU04390603,Purmerend,25,0.0,0.0,0.0,0.0,5.0,10.0,5.0,5.0
BU04390701,Purmerend,50,0.0,20.0,10.0,0.0,0.0,10.0,5.0,5.0
BU04390702,Purmerend,325,0.0,55.0,50.0,40.0,15.0,65.0,65.0,40.0
BU04390703,Purmerend,415,0.0,55.0,50.0,30.0,40.0,115.0,80.0,45.0
BU04390704,Purmerend,570,0.0,70.0,100.0,50.0,65.0,105.0,120.0,55.0
BU04390705,Purmerend,475,0.0,45.0,65.0,50.0,55.0,125.0,70.0,65.0
BU04390801,Purmerend,690,65.0,130.0,105.0,40.0,55.0,135.0,90.0,65.0
BU04390802,Purmerend,160,45.0,20.0,20.0,10.0,10.0,25.0,10.0,15.0
BU04390803,Purmerend,180,40.0,30.0,15.0,10.0,20.0,35.0,15.0,15.0
BU04390804,Purmerend,620,45.0,85.0,75.0,45.0,85.0,160.0,85.0,45.0
BU02730000,Putten,310,0.0,30.0,135.0,5.0,30.0,40.0,40.0,30.0
BU02730001,Putten,580,15.0,115.0,80.0,35.0,75.0,135.0,65.0,60.0
BU02730002,Putten,300,5.0,35.0,40.0,20.0,60.0,75.0,50.0,20.0
BU02730003,Putten,230,5.0,60.0,25.0,20.0,15.0,45.0,40.0,20.0
BU02730004,Putten,475,10.0,105.0,75.0,25.0,50.0,110.0,65.0,40.0
BU02730005,Putten,80,35.0,10.0,10.0,0.0,10.0,5.0,5.0,5.0
BU02730006,Putten,485,95.0,105.0,85.0,20.0,55.0,70.0,30.0,25.0
BU02730007,Putten,110,25.0,10.0,20.0,5.0,15.0,20.0,5.0,10.0
BU02730008,Putten,385,55.0,80.0,55.0,20.0,55.0,70.0,30.0,15.0
BU02730009,Putten,100,40.0,15.0,20.0,0.0,5.0,15.0,5.0,5.0
BU02730100,Putten,60,5.0,15.0,10.0,5.0,5.0,10.0,5.0,5.0
BU02730108,Putten,320,20.0,55.0,70.0,20.0,35.0,75.0,20.0,25.0
BU02730109,Putten,20,,,,,,,,
BU01770101,Raalte,200,0.0,10.0,100.0,5.0,20.0,15.0,15.0,35.0
BU01770102,Raalte,115,0.0,10.0,15.0,5.0,10.0,20.0,40.0,15.0
BU01770103,Raalte,40,0.0,5.0,5.0,0.0,10.0,15.0,10.0,0.0
BU01770104,Raalte,85,0.0,10.0,15.0,0.0,10.0,15.0,20.0,10.0
BU01770105,Raalte,85,0.0,10.0,15.0,10.0,5.0,15.0,20.0,10.0
BU01770106,Raalte,105,0.0,20.0,15.0,5.0,10.0,25.0,25.0,10.0
BU01770107,Raalte,100,0.0,20.0,20.0,5.0,5.0,20.0,15.0,15.0
BU01770108,Raalte,95,0.0,10.0,20.0,5.0,5.0,20.0,15.0,15.0
BU01770109,Raalte,10,,,,,,,,
BU01770110,Raalte,85,0.0,20.0,15.0,5.0,15.0,15.0,5.0,5.0
BU01770111,Raalte,140,0.0,10.0,20.0,5.0,10.0,35.0,30.0,20.0
BU01770112,Raalte,125,0.0,10.0,15.0,5.0,15.0,20.0,40.0,15.0
BU01770113,Raalte,175,0.0,15.0,15.0,10.0,15.0,55.0,55.0,15.0
BU01770114,Raalte,35,0.0,5.0,5.0,5.0,0.0,10.0,5.0,5.0
BU01770115,Raalte,25,0.0,0.0,0.0,0.0,5.0,10.0,5.0,5.0
BU01770116,Raalte,180,5.0,40.0,65.0,10.0,15.0,30.0,10.0,10.0
BU01770117,Raalte,90,0.0,25.0,30.0,5.0,10.0,10.0,0.0,0.0
BU01770119,Raalte,290,115.0,35.0,30.0,5.0,10.0,35.0,30.0,25.0
BU01770201,Raalte,135,5.0,25.0,25.0,5.0,15.0,20.0,30.0,10.0
BU01770209,Raalte,175,80.0,10.0,15.0,0.0,10.0,20.0,20.0,10.0
BU01770301,Raalte,75,0.0,15.0,15.0,5.0,5.0,10.0,10.0,10.0
BU01770309,Raalte,125,60.0,10.0,20.0,5.0,5.0,15.0,10.0,5.0
BU01770401,Raalte,70,0.0,15.0,15.0,5.0,5.0,10.0,10.0,10.0
BU01770409,Raalte,70,30.0,10.0,10.0,0.0,0.0,10.0,10.0,5.0
BU01770501,Raalte,215,5.0,35.0,40.0,10.0,20.0,40.0,40.0,30.0
BU01770509,Raalte,245,115.0,20.0,20.0,10.0,5.0,35.0,25.0,10.0
BU01770601,Raalte,60,0.0,5.0,10.0,5.0,5.0,10.0,15.0,10.0
BU01770609,Raalte,95,45.0,10.0,5.0,0.0,5.0,10.0,10.0,10.0
BU01770701,Raalte,165,0.0,10.0,50.0,5.0,15.0,35.0,30.0,20.0
BU01770702,Raalte,110,0.0,15.0,10.0,10.0,10.0,30.0,25.0,10.0
BU01770703,Raalte,95,0.0,10.0,10.0,10.0,5.0,35.0,15.0,10.0
BU01770704,Raalte,75,0.0,15.0,10.0,5.0,10.0,25.0,10.0,10.0
BU01770705,Raalte,100,0.0,20.0,30.0,5.0,15.0,10.0,5.0,5.0
BU01770709,Raalte,240,55.0,30.0,20.0,20.0,20.0,50.0,25.0,20.0
BU01770801,Raalte,35,0.0,5.0,5.0,5.0,0.0,5.0,10.0,5.0
BU01770809,Raalte,30,10.0,5.0,5.0,0.0,5.0,5.0,5.0,0.0
BU01770901,Raalte,50,0.0,5.0,10.0,5.0,5.0,10.0,15.0,5.0
BU01770909,Raalte,50,20.0,5.0,5.0,0.0,5.0,10.0,5.0,5.0
BU07030000,Reimerswaal,395,35.0,75.0,100.0,30.0,25.0,55.0,30.0,45.0
BU07030001,Reimerswaal,190,30.0,35.0,30.0,10.0,30.0,20.0,20.0,10.0
BU07030002,Reimerswaal,200,30.0,30.0,30.0,10.0,35.0,35.0,10.0,20.0
BU07030006,Reimerswaal,155,15.0,35.0,40.0,5.0,30.0,30.0,0.0,0.0
BU07030009,Reimerswaal,50,15.0,5.0,10.0,5.0,5.0,5.0,5.0,0.0
BU07030100,Reimerswaal,155,10.0,40.0,30.0,10.0,5.0,30.0,25.0,15.0
BU07030101,Reimerswaal,155,15.0,40.0,20.0,15.0,20.0,30.0,10.0,5.0
BU07030102,Reimerswaal,65,0.0,10.0,10.0,5.0,5.0,20.0,5.0,5.0
BU07030106,Reimerswaal,70,5.0,20.0,10.0,5.0,30.0,5.0,0.0,0.0
BU07030109,Reimerswaal,120,35.0,15.0,30.0,5.0,20.0,10.0,5.0,5.0
BU07030200,Reimerswaal,145,0.0,45.0,35.0,10.0,5.0,20.0,15.0,15.0
BU07030201,Reimerswaal,65,5.0,25.0,15.0,10.0,0.0,10.0,5.0,5.0
BU07030202,Reimerswaal,100,5.0,25.0,20.0,5.0,10.0,15.0,15.0,5.0
BU07030206,Reimerswaal,30,0.0,10.0,10.0,0.0,0.0,5.0,0.0,0.0
BU07030209,Reimerswaal,40,15.0,10.0,5.0,0.0,5.0,5.0,0.0,0.0
BU07030300,Reimerswaal,120,10.0,35.0,20.0,5.0,10.0,15.0,10.0,10.0
BU07030309,Reimerswaal,80,30.0,15.0,5.0,0.0,10.0,5.0,0.0,5.0
BU07030400,Reimerswaal,140,5.0,35.0,25.0,10.0,5.0,20.0,30.0,10.0
BU07030401,Reimerswaal,25,0.0,10.0,5.0,0.0,0.0,0.0,5.0,0.0
BU07030402,Reimerswaal,5,,,,,,,,
BU07030403,Reimerswaal,50,0.0,10.0,5.0,0.0,0.0,10.0,10.0,5.0
BU07030406,Reimerswaal,35,0.0,5.0,20.0,5.0,5.0,5.0,0.0,0.0
BU07030409,Reimerswaal,85,35.0,10.0,10.0,5.0,5.0,5.0,10.0,5.0
BU07030500,Reimerswaal,60,0.0,10.0,10.0,5.0,5.0,15.0,10.0,15.0
BU07030501,Reimerswaal,90,0.0,10.0,20.0,10.0,5.0,15.0,15.0,10.0
BU07030509,Reimerswaal,25,10.0,0.0,0.0,0.0,0.0,5.0,5.0,0.0
BU07030600,Reimerswaal,70,5.0,20.0,10.0,10.0,5.0,15.0,5.0,0.0
BU07030609,Reimerswaal,10,,,,,,,,
BU02740101,Renkum,5,,,,,,,,
BU02740102,Renkum,5,,,,,,,,
BU02740103,Renkum,220,0.0,30.0,30.0,10.0,20.0,55.0,50.0,30.0
BU02740104,Renkum,230,0.0,25.0,55.0,10.0,15.0,40.0,60.0,25.0
BU02740105,Renkum,130,0.0,20.0,20.0,10.0,10.0,30.0,25.0,15.0
BU02740106,Renkum,105,0.0,10.0,10.0,5.0,10.0,40.0,15.0,10.0
BU02740201,Renkum,5,,,,,,,,
BU02740202,Renkum,115,0.0,20.0,15.0,10.0,10.0,30.0,20.0,15.0
BU02740203,Renkum,25,0.0,0.0,0.0,0.0,0.0,5.0,10.0,5.0
BU02740204,Renkum,65,0.0,20.0,15.0,5.0,0.0,15.0,5.0,5.0
BU02740205,Renkum,120,0.0,20.0,10.0,10.0,10.0,40.0,25.0,15.0
BU02740206,Renkum,10,,,,,,,,
BU02740207,Renkum,15,,,,,,,,
BU02740301,Renkum,5,,,,,,,,
BU02740302,Renkum,60,0.0,0.0,10.0,5.0,5.0,20.0,10.0,5.0
BU02740303,Renkum,70,0.0,10.0,5.0,5.0,5.0,25.0,15.0,5.0
BU02740304,Renkum,115,0.0,5.0,10.0,5.0,10.0,35.0,25.0,20.0
BU02740305,Renkum,75,0.0,5.0,10.0,5.0,10.0,30.0,10.0,10.0
BU02740306,Renkum,15,,,,,,,,
BU02740401,Renkum,0,,,,,,,,
BU02740402,Renkum,20,,,,,,,,
BU02740403,Renkum,10,,,,,,,,
BU02740501,Renkum,5,,,,,,,,
BU02740502,Renkum,0,,,,,,,,
BU02740503,Renkum,30,0.0,0.0,0.0,0.0,0.0,10.0,15.0,5.0
BU02740504,Renkum,75,0.0,5.0,10.0,5.0,10.0,25.0,20.0,5.0
BU02740601,Renkum,5,,,,,,,,
BU02740602,Renkum,5,,,,,,,,
BU02740603,Renkum,80,0.0,5.0,10.0,5.0,5.0,15.0,25.0,10.0
BU02740604,Renkum,35,0.0,5.0,5.0,5.0,0.0,5.0,10.0,5.0
BU02740701,Renkum,10,,,,,,,,
BU02740702,Renkum,15,,,,,,,,
BU02740703,Renkum,100,0.0,5.0,10.0,5.0,15.0,40.0,15.0,5.0
BU02740801,Renkum,180,0.0,25.0,10.0,15.0,15.0,45.0,40.0,30.0
BU02740802,Renkum,195,0.0,15.0,25.0,10.0,10.0,60.0,45.0,25.0
BU02740803,Renkum,125,0.0,15.0,20.0,15.0,10.0,30.0,20.0,15.0
BU02740901,Renkum,0,,,,,,,,
BU02740902,Renkum,90,0.0,5.0,5.0,10.0,5.0,40.0,15.0,10.0
BU02741001,Renkum,20,,,,,,,,
BU02741002,Renkum,45,0.0,0.0,5.0,0.0,15.0,15.0,10.0,0.0
BU02741003,Renkum,5,,,,,,,,
BU02741004,Renkum,60,0.0,5.0,5.0,5.0,15.0,20.0,5.0,5.0
BU02741005,Renkum,10,,,,,,,,
BU02741101,Renkum,10,,,,,,,,
BU02741102,Renkum,460,0.0,25.0,80.0,20.0,60.0,125.0,85.0,60.0
BU02741103,Renkum,315,0.0,20.0,55.0,15.0,45.0,95.0,55.0,30.0
BU02741104,Renkum,195,0.0,10.0,15.0,15.0,25.0,60.0,55.0,20.0
BU02741105,Renkum,45,0.0,5.0,5.0,5.0,5.0,10.0,10.0,5.0
BU02741201,Renkum,45,0.0,0.0,5.0,0.0,5.0,15.0,10.0,5.0
BU02741202,Renkum,200,0.0,10.0,10.0,15.0,35.0,70.0,50.0,15.0
BU02741203,Renkum,135,0.0,5.0,5.0,10.0,25.0,50.0,25.0,15.0
BU02741204,Renkum,230,0.0,10.0,10.0,10.0,35.0,65.0,65.0,35.0
BU02741205,Renkum,30,0.0,0.0,5.0,0.0,10.0,10.0,5.0,5.0
BU02741206,Renkum,215,0.0,10.0,15.0,10.0,15.0,80.0,55.0,25.0
BU03390000,Renswoude,410,10.0,100.0,75.0,20.0,50.0,75.0,50.0,40.0
BU03390009,Renswoude,470,90.0,85.0,70.0,25.0,70.0,65.0,45.0,30.0
BU16670000,Reusel-De Mierden,780,20.0,195.0,160.0,30.0,55.0,120.0,100.0,95.0
BU16670001,Reusel-De Mierden,100,20.0,25.0,20.0,0.0,10.0,10.0,10.0,5.0
BU16670002,Reusel-De Mierden,70,15.0,15.0,15.0,0.0,5.0,15.0,0.0,5.0
BU16670008,Reusel-De Mierden,95,20.0,15.0,5.0,10.0,10.0,15.0,10.0,5.0
BU16670009,Reusel-De Mierden,75,50.0,10.0,5.0,0.0,5.0,0.0,0.0,0.0
BU16670100,Reusel-De Mierden,150,10.0,35.0,25.0,10.0,10.0,20.0,20.0,15.0
BU16670109,Reusel-De Mierden,115,45.0,20.0,15.0,5.0,5.0,10.0,10.0,15.0
BU16670200,Reusel-De Mierden,180,5.0,25.0,25.0,15.0,10.0,45.0,30.0,25.0
BU16670209,Reusel-De Mierden,120,35.0,20.0,15.0,5.0,10.0,10.0,10.0,15.0
BU16670300,Reusel-De Mierden,75,5.0,25.0,10.0,5.0,0.0,10.0,10.0,10.0
BU16670309,Reusel-De Mierden,45,20.0,10.0,0.0,0.0,5.0,5.0,0.0,5.0
BU02750000,Rheden,250,0.0,35.0,45.0,20.0,10.0,70.0,50.0,20.0
BU02750001,Rheden,605,5.0,75.0,160.0,35.0,30.0,110.0,130.0,70.0
BU02750002,Rheden,310,0.0,25.0,40.0,30.0,20.0,70.0,75.0,50.0
BU02750003,Rheden,115,0.0,30.0,25.0,5.0,10.0,15.0,15.0,10.0
BU02750004,Rheden,140,0.0,15.0,10.0,5.0,10.0,45.0,45.0,10.0
BU02750005,Rheden,85,5.0,15.0,10.0,5.0,5.0,30.0,10.0,10.0
BU02750007,Rheden,30,5.0,0.0,5.0,0.0,5.0,10.0,5.0,5.0
BU02750008,Rheden,50,10.0,10.0,15.0,5.0,5.0,5.0,0.0,5.0
BU02750009,Rheden,15,,,,,,,,
BU02750010,Rheden,0,,,,,,,,
BU02750011,Rheden,0,,,,,,,,
BU02750100,Rheden,665,5.0,120.0,95.0,35.0,40.0,130.0,160.0,85.0
BU02750101,Rheden,15,,,,,,,,
BU02750102,Rheden,65,5.0,5.0,10.0,0.0,15.0,20.0,5.0,5.0
BU02750103,Rheden,175,0.0,10.0,25.0,20.0,15.0,50.0,40.0,15.0
BU02750106,Rheden,5,,,,,,,,
BU02750107,Rheden,5,,,,,,,,
BU02750108,Rheden,30,5.0,0.0,0.0,5.0,5.0,10.0,5.0,5.0
BU02750200,Rheden,1260,5.0,75.0,185.0,60.0,150.0,340.0,315.0,140.0
BU02750201,Rheden,700,0.0,125.0,105.0,45.0,40.0,140.0,155.0,95.0
BU02750202,Rheden,290,0.0,65.0,30.0,15.0,15.0,55.0,70.0,30.0
BU02750208,Rheden,10,,,,,,,,
BU02750209,Rheden,100,0.0,15.0,40.0,5.0,5.0,25.0,5.0,5.0
BU03400001,Rhenen,215,0.0,20.0,85.0,10.0,15.0,25.0,25.0,30.0
BU03400101,Rhenen,75,0.0,5.0,5.0,5.0,10.0,30.0,15.0,5.0
BU03400102,Rhenen,45,0.0,5.0,5.0,5.0,5.0,20.0,5.0,0.0
BU03400103,Rhenen,80,0.0,5.0,15.0,5.0,10.0,25.0,5.0,10.0
BU03400104,Rhenen,70,0.0,5.0,10.0,5.0,5.0,20.0,15.0,5.0
BU03400105,Rhenen,135,5.0,20.0,10.0,5.0,15.0,40.0,30.0,10.0
BU03400201,Rhenen,125,0.0,20.0,15.0,5.0,5.0,30.0,45.0,10.0
BU03400202,Rhenen,50,0.0,10.0,5.0,5.0,5.0,15.0,10.0,5.0
BU03400203,Rhenen,45,0.0,5.0,5.0,5.0,0.0,15.0,10.0,5.0
BU03400301,Rhenen,205,0.0,50.0,25.0,10.0,5.0,55.0,35.0,15.0
BU03400302,Rhenen,115,0.0,15.0,15.0,0.0,15.0,45.0,15.0,10.0
BU03400303,Rhenen,50,0.0,5.0,5.0,0.0,10.0,15.0,5.0,0.0
BU03400401,Rhenen,35,0.0,0.0,5.0,5.0,0.0,10.0,5.0,5.0
BU03400501,Rhenen,105,15.0,15.0,15.0,5.0,20.0,20.0,10.0,5.0
BU03400502,Rhenen,85,5.0,10.0,15.0,5.0,20.0,25.0,5.0,5.0
BU03400503,Rhenen,10,,,,,,,,
BU03400504,Rhenen,5,,,,,,,,
BU03400601,Rhenen,180,65.0,25.0,15.0,5.0,25.0,25.0,10.0,5.0
BU03400701,Rhenen,130,0.0,35.0,25.0,10.0,15.0,25.0,15.0,5.0
BU03400702,Rhenen,20,,,,,,,,
BU03400703,Rhenen,45,0.0,5.0,10.0,0.0,5.0,5.0,10.0,5.0
BU03400801,Rhenen,50,0.0,5.0,5.0,5.0,15.0,15.0,0.0,5.0
BU03400901,Rhenen,170,0.0,55.0,60.0,5.0,25.0,20.0,5.0,0.0
BU03401001,Rhenen,15,,,,,,,,
BU03401101,Rhenen,10,,,,,,,,
BU03401201,Rhenen,5,,,,,,,,
BU03401301,Rhenen,100,0.0,35.0,20.0,5.0,10.0,25.0,5.0,5.0
BU03401302,Rhenen,255,5.0,70.0,50.0,20.0,30.0,40.0,20.0,20.0
BU03401303,Rhenen,100,0.0,10.0,15.0,10.0,10.0,15.0,20.0,15.0
BU03401304,Rhenen,105,0.0,20.0,20.0,5.0,10.0,30.0,10.0,5.0
BU05970100,Ridderkerk,595,0.0,75.0,175.0,30.0,45.0,100.0,90.0,80.0
BU05970200,Ridderkerk,280,0.0,45.0,30.0,25.0,25.0,60.0,60.0,35.0
BU05970300,Ridderkerk,455,5.0,95.0,70.0,40.0,35.0,90.0,70.0,45.0
BU05970400,Ridderkerk,540,0.0,70.0,80.0,45.0,60.0,125.0,90.0,70.0
BU05970500,Ridderkerk,235,0.0,25.0,20.0,15.0,45.0,65.0,40.0,30.0
BU05970600,Ridderkerk,825,5.0,140.0,125.0,80.0,90.0,165.0,125.0,95.0
BU05970700,Ridderkerk,650,5.0,135.0,115.0,70.0,45.0,135.0,90.0,60.0
BU05970800,Ridderkerk,505,35.0,60.0,70.0,30.0,120.0,95.0,50.0,35.0
BU05970900,Ridderkerk,100,5.0,15.0,20.0,5.0,15.0,25.0,10.0,5.0
BU05971000,Ridderkerk,805,0.0,185.0,245.0,130.0,65.0,140.0,20.0,20.0
BU05971100,Ridderkerk,60,0.0,5.0,40.0,10.0,0.0,5.0,0.0,0.0
BU05971200,Ridderkerk,155,0.0,30.0,60.0,20.0,20.0,25.0,0.0,0.0
BU17420000,Rijssen-Holten,240,0.0,20.0,100.0,10.0,15.0,40.0,25.0,25.0
BU17420001,Rijssen-Holten,185,0.0,40.0,20.0,5.0,50.0,30.0,25.0,10.0
BU17420002,Rijssen-Holten,140,0.0,15.0,30.0,5.0,20.0,25.0,30.0,10.0
BU17420003,Rijssen-Holten,220,0.0,45.0,55.0,5.0,20.0,45.0,35.0,15.0
BU17420100,Rijssen-Holten,210,0.0,35.0,35.0,10.0,40.0,45.0,20.0,20.0
BU17420101,Rijssen-Holten,275,5.0,75.0,40.0,10.0,10.0,45.0,60.0,30.0
BU17420102,Rijssen-Holten,185,5.0,50.0,20.0,5.0,20.0,35.0,35.0,20.0
BU17420104,Rijssen-Holten,25,0.0,5.0,5.0,0.0,5.0,0.0,5.0,0.0
BU17420105,Rijssen-Holten,405,0.0,70.0,70.0,15.0,55.0,95.0,60.0,40.0
BU17420106,Rijssen-Holten,95,10.0,20.0,20.0,5.0,10.0,20.0,10.0,5.0
BU17420207,Rijssen-Holten,35,15.0,0.0,5.0,0.0,5.0,5.0,0.0,0.0
BU17420208,Rijssen-Holten,60,15.0,5.0,10.0,0.0,10.0,10.0,5.0,5.0
BU17420209,Rijssen-Holten,45,0.0,5.0,10.0,0.0,10.0,10.0,5.0,0.0
BU17420300,Rijssen-Holten,315,0.0,35.0,65.0,15.0,30.0,75.0,55.0,40.0
BU17420301,Rijssen-Holten,120,0.0,15.0,10.0,5.0,15.0,25.0,30.0,15.0
BU17420302,Rijssen-Holten,50,0.0,5.0,10.0,5.0,5.0,15.0,5.0,5.0
BU17420303,Rijssen-Holten,40,0.0,0.0,10.0,0.0,10.0,10.0,5.0,5.0
BU17420304,Rijssen-Holten,25,0.0,5.0,5.0,0.0,5.0,10.0,0.0,0.0
BU17420305,Rijssen-Holten,45,0.0,0.0,10.0,5.0,5.0,15.0,10.0,5.0
BU17420308,Rijssen-Holten,35,0.0,0.0,0.0,0.0,5.0,15.0,5.0,5.0
BU17420309,Rijssen-Holten,45,0.0,5.0,5.0,5.0,5.0,15.0,5.0,5.0
BU17420401,Rijssen-Holten,25,0.0,5.0,10.0,0.0,0.0,5.0,0.0,5.0
BU17420402,Rijssen-Holten,75,0.0,25.0,40.0,0.0,5.0,5.0,0.0,0.0
BU17420500,Rijssen-Holten,65,25.0,5.0,5.0,0.0,5.0,15.0,5.0,5.0
BU17420501,Rijssen-Holten,50,20.0,0.0,10.0,0.0,5.0,10.0,5.0,0.0
BU17420502,Rijssen-Holten,80,30.0,5.0,15.0,0.0,5.0,5.0,10.0,5.0
BU17420503,Rijssen-Holten,85,35.0,5.0,10.0,5.0,5.0,15.0,5.0,5.0
BU17420504,Rijssen-Holten,30,10.0,5.0,5.0,0.0,5.0,5.0,5.0,5.0
BU17420505,Rijssen-Holten,60,10.0,5.0,15.0,0.0,5.0,5.0,5.0,10.0
BU17420506,Rijssen-Holten,10,,,,,,,,
BU17420507,Rijssen-Holten,0,,,,,,,,
BU17420508,Rijssen-Holten,25,0.0,5.0,0.0,0.0,0.0,0.0,10.0,5.0
BU17420509,Rijssen-Holten,80,35.0,10.0,10.0,0.0,5.0,15.0,5.0,5.0
BU17420701,Rijssen-Holten,610,0.0,195.0,165.0,55.0,85.0,70.0,20.0,25.0
BU17420801,Rijssen-Holten,30,0.0,5.0,5.0,5.0,5.0,10.0,0.0,0.0
BU06030111,Rijswijk,315,5.0,55.0,25.0,35.0,15.0,85.0,60.0,40.0
BU06030112,Rijswijk,455,0.0,25.0,40.0,30.0,60.0,175.0,85.0,30.0
BU06030221,Rijswijk,500,10.0,80.0,120.0,20.0,25.0,115.0,55.0,75.0
BU06030222,Rijswijk,350,5.0,55.0,30.0,20.0,20.0,115.0,80.0,30.0
BU06030223,Rijswijk,70,0.0,10.0,10.0,5.0,10.0,15.0,20.0,5.0
BU06030224,Rijswijk,440,5.0,85.0,65.0,30.0,20.0,100.0,80.0,55.0
BU06030225,Rijswijk,40,0.0,10.0,5.0,5.0,0.0,10.0,5.0,5.0
BU06030391,Rijswijk,240,0.0,20.0,20.0,40.0,30.0,95.0,25.0,10.0
BU06030392,Rijswijk,105,0.0,5.0,10.0,10.0,15.0,40.0,15.0,10.0
BU06030431,Rijswijk,30,0.0,0.0,5.0,0.0,0.0,5.0,10.0,5.0
BU06030432,Rijswijk,115,0.0,15.0,5.0,15.0,5.0,40.0,20.0,10.0
BU06030434,Rijswijk,290,5.0,55.0,35.0,25.0,10.0,65.0,70.0,35.0
BU06030581,Rijswijk,1095,5.0,150.0,185.0,115.0,100.0,315.0,135.0,85.0
BU06030633,Rijswijk,175,5.0,25.0,35.0,15.0,10.0,35.0,30.0,20.0
BU06030641,Rijswijk,5,,,,,,,,
BU06030642,Rijswijk,200,0.0,35.0,20.0,20.0,5.0,40.0,50.0,30.0
BU06030643,Rijswijk,280,5.0,50.0,105.0,20.0,10.0,30.0,30.0,30.0
BU06030771,Rijswijk,290,0.0,50.0,40.0,35.0,5.0,60.0,65.0,40.0
BU06030772,Rijswijk,0,,,,,,,,
BU06030851,Rijswijk,20,,,,,,,,
BU06030852,Rijswijk,360,5.0,50.0,35.0,30.0,30.0,95.0,75.0,45.0
BU06030853,Rijswijk,75,0.0,15.0,10.0,5.0,5.0,25.0,10.0,5.0
BU06030854,Rijswijk,325,5.0,65.0,35.0,25.0,15.0,90.0,60.0,30.0
BU06030961,Rijswijk,455,5.0,90.0,65.0,45.0,20.0,85.0,105.0,40.0
BU06030962,Rijswijk,80,0.0,5.0,0.0,20.0,5.0,30.0,15.0,10.0
BU06030963,Rijswijk,60,5.0,15.0,10.0,5.0,5.0,10.0,5.0,5.0
BU06031064,Rijswijk,420,5.0,50.0,35.0,45.0,25.0,120.0,100.0,40.0
BU06031082,Rijswijk,10,,,,,,,,
BU06031083,Rijswijk,85,0.0,15.0,5.0,5.0,10.0,35.0,15.0,5.0
BU06031084,Rijswijk,140,0.0,30.0,30.0,10.0,15.0,30.0,20.0,10.0
BU06031193,Rijswijk,25,0.0,0.0,10.0,5.0,0.0,5.0,0.0,0.0
BU06031194,Rijswijk,205,0.0,20.0,30.0,20.0,15.0,70.0,30.0,15.0
BU16690101,Roerdalen,285,25.0,55.0,60.0,20.0,15.0,50.0,25.0,40.0
BU16690109,Roerdalen,55,25.0,5.0,10.0,0.0,5.0,0.0,5.0,5.0
BU16690201,Roerdalen,200,0.0,25.0,30.0,5.0,15.0,50.0,45.0,25.0
BU16690202,Roerdalen,20,,,,,,,,
BU16690203,Roerdalen,15,,,,,,,,
BU16690204,Roerdalen,5,,,,,,,,
BU16690209,Roerdalen,60,20.0,10.0,5.0,0.0,5.0,10.0,10.0,0.0
BU16690301,Roerdalen,315,15.0,35.0,55.0,20.0,20.0,60.0,65.0,45.0
BU16690309,Roerdalen,5,,,,,,,,
BU16690401,Roerdalen,290,10.0,45.0,60.0,20.0,15.0,45.0,60.0,30.0
BU16690402,Roerdalen,15,,,,,,,,
BU16690403,Roerdalen,20,,,,,,,,
BU16690404,Roerdalen,25,0.0,5.0,5.0,5.0,0.0,5.0,5.0,5.0
BU16690409,Roerdalen,45,15.0,5.0,5.0,0.0,0.0,5.0,5.0,10.0
BU16690501,Roerdalen,330,10.0,45.0,60.0,15.0,25.0,55.0,65.0,50.0
BU16690502,Roerdalen,20,,,,,,,,
BU16690503,Roerdalen,15,,,,,,,,
BU16690509,Roerdalen,45,15.0,0.0,10.0,0.0,0.0,5.0,0.0,5.0
BU16690601,Roerdalen,175,10.0,25.0,50.0,10.0,10.0,25.0,25.0,20.0
BU16690602,Roerdalen,20,,,,,,,,
BU16690603,Roerdalen,20,,,,,,,,
BU16690604,Roerdalen,0,,,,,,,,
BU16690605,Roerdalen,5,,,,,,,,
BU16690609,Roerdalen,30,10.0,0.0,5.0,0.0,5.0,5.0,0.0,0.0
BU09570000,Roermond,1200,5.0,60.0,440.0,60.0,90.0,260.0,145.0,140.0
BU09570001,Roermond,220,0.0,15.0,35.0,15.0,45.0,55.0,35.0,20.0
BU09570002,Roermond,225,0.0,15.0,25.0,20.0,40.0,60.0,45.0,15.0
BU09570003,Roermond,260,0.0,15.0,20.0,15.0,35.0,85.0,65.0,25.0
BU09570004,Roermond,230,0.0,20.0,165.0,10.0,20.0,10.0,5.0,0.0
BU09570100,Roermond,325,0.0,50.0,70.0,15.0,15.0,45.0,105.0,30.0
BU09570101,Roermond,170,0.0,20.0,30.0,5.0,10.0,35.0,45.0,20.0
BU09570200,Roermond,225,0.0,25.0,30.0,15.0,15.0,60.0,55.0,30.0
BU09570201,Roermond,125,0.0,20.0,35.0,15.0,0.0,20.0,25.0,15.0
BU09570202,Roermond,190,0.0,50.0,45.0,30.0,15.0,25.0,20.0,10.0
BU09570203,Roermond,70,0.0,5.0,10.0,5.0,5.0,10.0,20.0,10.0
BU09570204,Roermond,35,0.0,10.0,10.0,5.0,0.0,5.0,5.0,5.0
BU09570300,Roermond,350,0.0,40.0,70.0,15.0,20.0,70.0,75.0,60.0
BU09570301,Roermond,115,0.0,15.0,15.0,5.0,15.0,25.0,20.0,15.0
BU09570302,Roermond,130,0.0,30.0,30.0,10.0,5.0,20.0,20.0,15.0
BU09570303,Roermond,245,0.0,25.0,45.0,20.0,25.0,75.0,45.0,15.0
BU09570304,Roermond,70,0.0,0.0,60.0,0.0,0.0,5.0,0.0,0.0
BU09570400,Roermond,80,0.0,20.0,15.0,10.0,0.0,10.0,15.0,10.0
BU09570401,Roermond,50,0.0,10.0,10.0,0.0,0.0,5.0,15.0,5.0
BU09570402,Roermond,165,0.0,30.0,30.0,15.0,5.0,25.0,45.0,20.0
BU09570403,Roermond,110,0.0,30.0,25.0,15.0,0.0,15.0,10.0,10.0
BU09570501,Roermond,180,0.0,30.0,40.0,10.0,10.0,35.0,25.0,25.0
BU09570600,Roermond,65,5.0,10.0,10.0,5.0,5.0,10.0,5.0,10.0
BU09570601,Roermond,105,5.0,20.0,20.0,5.0,5.0,20.0,15.0,15.0
BU09570700,Roermond,40,0.0,5.0,10.0,0.0,10.0,10.0,10.0,0.0
BU09570701,Roermond,305,0.0,35.0,45.0,15.0,35.0,65.0,70.0,35.0
BU09570702,Roermond,370,5.0,35.0,70.0,25.0,35.0,110.0,65.0,30.0
BU09570703,Roermond,205,0.0,15.0,20.0,15.0,15.0,70.0,50.0,20.0
BU09570800,Roermond,200,5.0,25.0,50.0,10.0,15.0,30.0,45.0,20.0
BU09570801,Roermond,135,0.0,20.0,15.0,10.0,5.0,25.0,30.0,25.0
BU09570802,Roermond,85,5.0,25.0,15.0,10.0,5.0,20.0,5.0,10.0
BU09570804,Roermond,30,5.0,5.0,5.0,0.0,5.0,5.0,5.0,5.0
BU09570805,Roermond,245,0.0,55.0,40.0,20.0,15.0,45.0,40.0,30.0
BU09570806,Roermond,90,5.0,10.0,10.0,0.0,10.0,25.0,20.0,10.0
BU09570809,Roermond,105,25.0,10.0,20.0,0.0,10.0,10.0,10.0,15.0
BU09570900,Roermond,40,0.0,5.0,15.0,5.0,5.0,5.0,5.0,5.0
BU07360101,De Ronde Venen,390,0.0,40.0,115.0,15.0,60.0,65.0,55.0,45.0
BU07360102,De Ronde Venen,365,0.0,50.0,40.0,35.0,20.0,110.0,70.0,30.0
BU07360103,De Ronde Venen,265,0.0,30.0,35.0,20.0,25.0,75.0,55.0,25.0
BU07360104,De Ronde Venen,320,5.0,65.0,45.0,25.0,10.0,70.0,65.0,40.0
BU07360105,De Ronde Venen,220,5.0,30.0,30.0,20.0,10.0,70.0,35.0,20.0
BU07360106,De Ronde Venen,10,,,,,,,,
BU07360107,De Ronde Venen,620,0.0,130.0,215.0,45.0,55.0,110.0,25.0,40.0
BU07360108,De Ronde Venen,195,55.0,30.0,30.0,10.0,10.0,30.0,15.0,15.0
BU07360201,De Ronde Venen,65,0.0,15.0,5.0,0.0,10.0,20.0,5.0,10.0
BU07360202,De Ronde Venen,115,20.0,15.0,15.0,5.0,10.0,30.0,15.0,5.0
BU07360301,De Ronde Venen,160,5.0,25.0,25.0,10.0,20.0,40.0,15.0,20.0
BU07360401,De Ronde Venen,465,10.0,60.0,85.0,25.0,60.0,105.0,75.0,50.0
BU07360402,De Ronde Venen,565,0.0,85.0,85.0,40.0,45.0,170.0,75.0,65.0
BU07360403,De Ronde Venen,460,5.0,65.0,65.0,30.0,80.0,130.0,45.0,45.0
BU07360404,De Ronde Venen,100,20.0,25.0,10.0,0.0,15.0,20.0,5.0,5.0
BU07360501,De Ronde Venen,45,5.0,15.0,5.0,5.0,0.0,10.0,0.0,5.0
BU07360502,De Ronde Venen,135,35.0,30.0,20.0,10.0,10.0,25.0,5.0,10.0
BU07360601,De Ronde Venen,330,5.0,70.0,55.0,20.0,40.0,65.0,40.0,35.0
BU07360602,De Ronde Venen,420,0.0,70.0,50.0,35.0,30.0,125.0,70.0,40.0
BU07360603,De Ronde Venen,185,35.0,25.0,25.0,10.0,30.0,40.0,10.0,10.0
BU07360701,De Ronde Venen,625,0.0,45.0,95.0,55.0,60.0,195.0,105.0,75.0
BU07360702,De Ronde Venen,665,0.0,45.0,50.0,45.0,95.0,230.0,130.0,60.0
BU07360703,De Ronde Venen,220,45.0,20.0,30.0,5.0,25.0,45.0,25.0,20.0
BU07360801,De Ronde Venen,170,0.0,25.0,20.0,10.0,10.0,60.0,30.0,15.0
BU07360802,De Ronde Venen,135,25.0,15.0,25.0,5.0,15.0,30.0,10.0,5.0
BU16740000,Roosendaal,585,0.0,80.0,175.0,30.0,35.0,105.0,65.0,90.0
BU16740001,Roosendaal,315,0.0,25.0,130.0,25.0,30.0,50.0,20.0,35.0
BU16740002,Roosendaal,155,0.0,15.0,30.0,10.0,30.0,45.0,15.0,15.0
BU16740003,Roosendaal,110,0.0,10.0,25.0,5.0,20.0,25.0,20.0,5.0
BU16740100,Roosendaal,160,0.0,25.0,30.0,15.0,10.0,35.0,30.0,20.0
BU16740101,Roosendaal,165,0.0,20.0,35.0,10.0,15.0,30.0,35.0,15.0
BU16740102,Roosendaal,140,0.0,25.0,20.0,10.0,5.0,30.0,30.0,20.0
BU16740200,Roosendaal,165,0.0,40.0,25.0,10.0,10.0,25.0,30.0,20.0
BU16740201,Roosendaal,170,0.0,30.0,30.0,15.0,20.0,30.0,25.0,20.0
BU16740202,Roosendaal,260,0.0,55.0,55.0,35.0,5.0,35.0,55.0,15.0
BU16740209,Roosendaal,85,5.0,20.0,25.0,10.0,10.0,5.0,5.0,5.0
BU16740300,Roosendaal,210,0.0,20.0,45.0,10.0,15.0,45.0,40.0,35.0
BU16740301,Roosendaal,45,0.0,15.0,10.0,0.0,0.0,10.0,5.0,5.0
BU16740302,Roosendaal,145,0.0,35.0,35.0,15.0,0.0,15.0,30.0,15.0
BU16740303,Roosendaal,145,0.0,35.0,30.0,10.0,0.0,25.0,30.0,15.0
BU16740309,Roosendaal,150,20.0,5.0,70.0,5.0,10.0,10.0,15.0,15.0
BU16740400,Roosendaal,85,0.0,15.0,20.0,5.0,5.0,15.0,20.0,10.0
BU16740401,Roosendaal,120,0.0,15.0,15.0,10.0,10.0,20.0,35.0,10.0
BU16740402,Roosendaal,90,0.0,15.0,15.0,5.0,5.0,20.0,20.0,5.0
BU16740403,Roosendaal,125,0.0,20.0,15.0,10.0,10.0,30.0,30.0,15.0
BU16740404,Roosendaal,175,0.0,35.0,20.0,15.0,10.0,35.0,35.0,20.0
BU16740405,Roosendaal,95,0.0,10.0,10.0,10.0,10.0,25.0,25.0,10.0
BU16740409,Roosendaal,35,10.0,5.0,5.0,0.0,0.0,5.0,5.0,5.0
BU16740500,Roosendaal,85,0.0,10.0,15.0,5.0,5.0,15.0,20.0,15.0
BU16740501,Roosendaal,105,0.0,25.0,15.0,10.0,5.0,20.0,25.0,10.0
BU16740502,Roosendaal,180,0.0,30.0,40.0,10.0,10.0,25.0,45.0,15.0
BU16740509,Roosendaal,30,5.0,0.0,5.0,0.0,5.0,5.0,5.0,10.0
BU16740600,Roosendaal,330,0.0,35.0,35.0,25.0,35.0,85.0,65.0,45.0
BU16740601,Roosendaal,230,0.0,30.0,30.0,20.0,20.0,45.0,50.0,35.0
BU16740602,Roosendaal,215,5.0,25.0,35.0,15.0,10.0,50.0,45.0,30.0
BU16740603,Roosendaal,130,0.0,5.0,10.0,5.0,35.0,40.0,25.0,10.0
BU16740609,Roosendaal,20,,,,,,,,
BU16740700,Roosendaal,150,0.0,20.0,15.0,10.0,10.0,20.0,60.0,15.0
BU16740701,Roosendaal,190,0.0,45.0,30.0,5.0,10.0,40.0,30.0,30.0
BU16740702,Roosendaal,270,0.0,25.0,45.0,15.0,20.0,75.0,60.0,25.0
BU16740703,Roosendaal,225,0.0,25.0,35.0,10.0,30.0,65.0,35.0,25.0
BU16740705,Roosendaal,180,0.0,20.0,20.0,10.0,30.0,45.0,35.0,20.0
BU16740706,Roosendaal,0,,,,,,,,
BU16740709,Roosendaal,40,15.0,0.0,10.0,5.0,5.0,5.0,5.0,0.0
BU16740800,Roosendaal,400,0.0,80.0,145.0,35.0,40.0,80.0,10.0,15.0
BU16740801,Roosendaal,160,0.0,30.0,35.0,25.0,30.0,30.0,10.0,0.0
BU16740802,Roosendaal,190,0.0,30.0,115.0,10.0,5.0,20.0,0.0,5.0
BU16740803,Roosendaal,225,0.0,45.0,85.0,20.0,20.0,40.0,5.0,10.0
BU16740804,Roosendaal,160,0.0,30.0,30.0,10.0,15.0,25.0,20.0,20.0
BU16741000,Roosendaal,165,10.0,30.0,25.0,10.0,10.0,30.0,25.0,20.0
BU16741009,Roosendaal,80,30.0,10.0,10.0,0.0,5.0,10.0,10.0,5.0
BU16741100,Roosendaal,525,15.0,75.0,90.0,35.0,55.0,120.0,95.0,45.0
BU16741108,Roosendaal,50,25.0,5.0,5.0,0.0,5.0,5.0,5.0,0.0
BU16741109,Roosendaal,15,,,,,,,,
BU16741200,Roosendaal,190,20.0,30.0,25.0,10.0,15.0,25.0,30.0,30.0
BU16741209,Roosendaal,90,20.0,15.0,10.0,0.0,15.0,15.0,10.0,5.0
BU16741300,Roosendaal,45,5.0,10.0,10.0,5.0,0.0,10.0,0.0,5.0
BU16741309,Roosendaal,55,15.0,5.0,5.0,5.0,5.0,15.0,5.0,5.0
BU16741400,Roosendaal,80,0.0,15.0,20.0,5.0,10.0,15.0,15.0,5.0
BU16741409,Roosendaal,130,40.0,15.0,15.0,0.0,5.0,20.0,20.0,10.0
BU05990110,Rotterdam,5475,5.0,270.0,1075.0,595.0,525.0,1920.0,585.0,500.0
BU05990111,Rotterdam,1740,0.0,135.0,340.0,120.0,110.0,485.0,245.0,305.0
BU05990112,Rotterdam,2195,0.0,100.0,665.0,205.0,150.0,630.0,200.0,240.0
BU05990113,Rotterdam,935,0.0,30.0,120.0,185.0,95.0,340.0,65.0,90.0
BU05990118,Rotterdam,1405,0.0,95.0,215.0,150.0,270.0,480.0,100.0,95.0
BU05990119,Rotterdam,300,0.0,15.0,45.0,25.0,35.0,110.0,35.0,40.0
BU05990320,Rotterdam,1180,5.0,110.0,140.0,115.0,40.0,355.0,175.0,240.0
BU05990321,Rotterdam,845,10.0,130.0,140.0,95.0,15.0,205.0,135.0,105.0
BU05990322,Rotterdam,1030,10.0,170.0,180.0,85.0,25.0,245.0,165.0,155.0
BU05990323,Rotterdam,1160,5.0,190.0,145.0,125.0,25.0,275.0,235.0,160.0
BU05990324,Rotterdam,2965,10.0,305.0,390.0,260.0,95.0,900.0,480.0,525.0
BU05990325,Rotterdam,2260,5.0,165.0,315.0,215.0,105.0,635.0,345.0,475.0
BU05990327,Rotterdam,900,30.0,295.0,95.0,80.0,10.0,140.0,135.0,115.0
BU05990328,Rotterdam,40,0.0,10.0,5.0,5.0,0.0,5.0,5.0,5.0
BU05990329,Rotterdam,890,0.0,75.0,80.0,110.0,75.0,290.0,155.0,100.0
BU05990451,Rotterdam,770,0.0,120.0,135.0,65.0,35.0,160.0,170.0,80.0
BU05990452,Rotterdam,15,,,,,,,,
BU05990454,Rotterdam,90,10.0,0.0,10.0,5.0,15.0,35.0,10.0,15.0
BU05990455,Rotterdam,760,5.0,65.0,100.0,85.0,75.0,265.0,125.0,40.0
BU05990456,Rotterdam,1065,5.0,185.0,145.0,85.0,70.0,290.0,150.0,135.0
BU05990457,Rotterdam,15,,,,,,,,
BU05990515,Rotterdam,720,0.0,65.0,105.0,60.0,30.0,205.0,130.0,125.0
BU05990516,Rotterdam,800,0.0,50.0,100.0,75.0,45.0,250.0,130.0,140.0
BU05990531,Rotterdam,1430,5.0,140.0,170.0,120.0,35.0,410.0,230.0,320.0
BU05990532,Rotterdam,1715,5.0,90.0,165.0,160.0,100.0,585.0,315.0,295.0
BU05990534,Rotterdam,1230,5.0,120.0,125.0,95.0,60.0,360.0,240.0,230.0
BU05990535,Rotterdam,2570,5.0,280.0,585.0,215.0,70.0,595.0,380.0,440.0
BU05990558,Rotterdam,50,0.0,5.0,15.0,0.0,5.0,5.0,10.0,10.0
BU05990660,Rotterdam,1790,10.0,200.0,260.0,150.0,120.0,485.0,375.0,185.0
BU05990661,Rotterdam,1585,5.0,145.0,200.0,115.0,125.0,465.0,300.0,230.0
BU05990662,Rotterdam,1275,0.0,70.0,195.0,60.0,205.0,390.0,240.0,110.0
BU05990664,Rotterdam,530,0.0,55.0,55.0,35.0,60.0,165.0,105.0,55.0
BU05990665,Rotterdam,1300,0.0,45.0,115.0,70.0,235.0,485.0,275.0,70.0
BU05990814,Rotterdam,900,0.0,85.0,150.0,85.0,50.0,225.0,170.0,130.0
BU05990836,Rotterdam,680,5.0,70.0,115.0,75.0,35.0,190.0,110.0,80.0
BU05990837,Rotterdam,755,5.0,115.0,120.0,80.0,25.0,160.0,155.0,90.0
BU05990841,Rotterdam,1925,5.0,160.0,335.0,160.0,115.0,540.0,370.0,245.0
BU05990842,Rotterdam,1680,0.0,80.0,170.0,100.0,265.0,625.0,290.0,150.0
BU05990843,Rotterdam,90,0.0,5.0,30.0,0.0,5.0,5.0,5.0,40.0
BU05990845,Rotterdam,545,0.0,50.0,80.0,70.0,30.0,145.0,100.0,65.0
BU05990847,Rotterdam,825,0.0,50.0,135.0,85.0,85.0,270.0,100.0,105.0
BU05991017,Rotterdam,885,0.0,35.0,145.0,110.0,110.0,285.0,120.0,80.0
BU05991079,Rotterdam,1105,0.0,100.0,170.0,100.0,75.0,330.0,230.0,100.0
BU05991080,Rotterdam,1545,10.0,360.0,190.0,145.0,40.0,295.0,340.0,160.0
BU05991081,Rotterdam,1495,20.0,435.0,245.0,145.0,15.0,220.0,250.0,165.0
BU05991082,Rotterdam,1585,15.0,350.0,310.0,170.0,35.0,230.0,310.0,165.0
BU05991085,Rotterdam,880,0.0,55.0,115.0,85.0,55.0,300.0,170.0,105.0
BU05991086,Rotterdam,870,0.0,160.0,175.0,95.0,25.0,160.0,160.0,95.0
BU05991087,Rotterdam,665,0.0,120.0,85.0,75.0,20.0,140.0,150.0,75.0
BU05991088,Rotterdam,675,5.0,45.0,75.0,70.0,65.0,215.0,100.0,100.0
BU05991283,Rotterdam,985,5.0,170.0,170.0,115.0,65.0,215.0,155.0,90.0
BU05991284,Rotterdam,1350,15.0,320.0,215.0,130.0,45.0,245.0,255.0,125.0
BU05991289,Rotterdam,2550,20.0,615.0,405.0,210.0,85.0,410.0,550.0,250.0
BU05991290,Rotterdam,985,10.0,280.0,125.0,80.0,15.0,140.0,240.0,95.0
BU05991391,Rotterdam,435,5.0,115.0,65.0,35.0,30.0,75.0,70.0,50.0
BU05991444,Rotterdam,1265,0.0,85.0,155.0,100.0,185.0,410.0,230.0,95.0
BU05991446,Rotterdam,190,0.0,40.0,30.0,15.0,10.0,45.0,30.0,20.0
BU05991448,Rotterdam,940,5.0,110.0,145.0,70.0,100.0,245.0,190.0,75.0
BU05991449,Rotterdam,1305,0.0,170.0,270.0,125.0,65.0,285.0,230.0,160.0
BU05991463,Rotterdam,2170,0.0,335.0,365.0,210.0,105.0,445.0,465.0,240.0
BU05991466,Rotterdam,1405,10.0,245.0,195.0,130.0,55.0,300.0,305.0,160.0
BU05991467,Rotterdam,1215,0.0,195.0,280.0,90.0,55.0,260.0,220.0,120.0
BU05991468,Rotterdam,1670,5.0,140.0,235.0,160.0,200.0,505.0,290.0,135.0
BU05991570,Rotterdam,265,0.0,35.0,95.0,15.0,45.0,35.0,20.0,20.0
BU05991571,Rotterdam,1650,5.0,555.0,230.0,175.0,30.0,245.0,210.0,195.0
BU05991572,Rotterdam,1730,30.0,705.0,205.0,135.0,25.0,250.0,190.0,195.0
BU05991573,Rotterdam,1170,10.0,295.0,200.0,120.0,20.0,165.0,250.0,110.0
BU05991574,Rotterdam,1860,25.0,475.0,210.0,175.0,35.0,325.0,295.0,315.0
BU05991575,Rotterdam,85,0.0,10.0,5.0,5.0,5.0,20.0,20.0,25.0
BU05991576,Rotterdam,365,0.0,35.0,170.0,20.0,20.0,45.0,45.0,30.0
BU05991577,Rotterdam,1080,5.0,310.0,155.0,130.0,20.0,155.0,230.0,75.0
BU05991578,Rotterdam,85,0.0,15.0,5.0,5.0,5.0,15.0,30.0,15.0
BU05991593,Rotterdam,165,0.0,25.0,20.0,15.0,5.0,50.0,30.0,20.0
BU05991692,Rotterdam,1490,10.0,365.0,270.0,155.0,55.0,270.0,255.0,115.0
BU05991699,Rotterdam,1730,15.0,410.0,265.0,145.0,65.0,275.0,360.0,195.0
BU05991701,Rotterdam,390,15.0,45.0,70.0,15.0,60.0,85.0,55.0,35.0
BU05991702,Rotterdam,785,50.0,180.0,130.0,40.0,55.0,120.0,125.0,85.0
BU05991703,Rotterdam,80,10.0,20.0,25.0,5.0,5.0,5.0,5.0,5.0
BU05991853,Rotterdam,1040,0.0,170.0,385.0,100.0,90.0,205.0,30.0,55.0
BU05991926,Rotterdam,595,5.0,60.0,105.0,80.0,30.0,190.0,40.0,85.0
BU05992194,Rotterdam,585,0.0,60.0,65.0,345.0,20.0,70.0,15.0,10.0
BU05992196,Rotterdam,115,0.0,20.0,25.0,40.0,10.0,10.0,0.0,5.0
BU05992198,Rotterdam,445,0.0,50.0,120.0,140.0,40.0,70.0,15.0,10.0
BU05992295,Rotterdam,50,0.0,20.0,5.0,15.0,0.0,10.0,5.0,0.0
BU05992306,Rotterdam,200,0.0,50.0,30.0,75.0,10.0,25.0,5.0,0.0
BU05992307,Rotterdam,125,0.0,25.0,30.0,40.0,15.0,10.0,5.0,0.0
BU05992308,Rotterdam,75,0.0,15.0,10.0,35.0,5.0,5.0,5.0,0.0
BU05992459,Rotterdam,835,0.0,135.0,290.0,90.0,75.0,180.0,25.0,40.0
BU05992540,Rotterdam,185,0.0,5.0,25.0,25.0,40.0,70.0,10.0,5.0
BU05992704,Rotterdam,870,15.0,190.0,160.0,55.0,40.0,150.0,150.0,110.0
BU05992705,Rotterdam,0,,,,,,,,
BU02770000,Rozendaal,295,0.0,15.0,20.0,10.0,55.0,105.0,65.0,20.0
BU02770009,Rozendaal,0,,,,,,,,
BU08400000,Rucphen,330,5.0,55.0,60.0,15.0,35.0,65.0,50.0,45.0
BU08400009,Rucphen,240,35.0,35.0,45.0,15.0,20.0,30.0,35.0,25.0
BU08400100,Rucphen,1065,0.0,385.0,190.0,55.0,60.0,120.0,105.0,145.0
BU08400109,Rucphen,55,5.0,5.0,10.0,0.0,10.0,10.0,0.0,5.0
BU08400200,Rucphen,415,5.0,105.0,80.0,20.0,25.0,70.0,45.0,60.0
BU08400201,Rucphen,150,0.0,50.0,50.0,10.0,15.0,15.0,5.0,5.0
BU08400209,Rucphen,215,65.0,40.0,25.0,10.0,25.0,30.0,10.0,15.0
BU08400300,Rucphen,90,5.0,25.0,20.0,5.0,0.0,10.0,15.0,5.0
BU08400309,Rucphen,185,50.0,25.0,25.0,10.0,20.0,30.0,10.0,15.0
BU08400400,Rucphen,145,0.0,30.0,25.0,10.0,10.0,30.0,20.0,20.0
BU08400409,Rucphen,85,20.0,15.0,10.0,5.0,5.0,10.0,15.0,5.0
BU04410101,Schagen,165,0.0,40.0,25.0,10.0,20.0,40.0,20.0,10.0
BU04410190,Schagen,40,5.0,10.0,5.0,0.0,0.0,5.0,5.0,0.0
BU04410191,Schagen,40,20.0,5.0,5.0,0.0,0.0,0.0,5.0,5.0
BU04410192,Schagen,35,10.0,5.0,5.0,0.0,5.0,5.0,0.0,5.0
BU04410201,Schagen,105,0.0,10.0,10.0,10.0,5.0,35.0,25.0,10.0
BU04410202,Schagen,10,,,,,,,,
BU04410280,Schagen,250,5.0,50.0,70.0,15.0,40.0,35.0,20.0,20.0
BU04410290,Schagen,5,,,,,,,,
BU04410301,Schagen,55,0.0,15.0,10.0,0.0,5.0,10.0,5.0,5.0
BU04410390,Schagen,65,25.0,10.0,5.0,5.0,0.0,15.0,5.0,5.0
BU04410391,Schagen,40,10.0,10.0,10.0,0.0,5.0,5.0,5.0,0.0
BU04410401,Schagen,100,5.0,30.0,5.0,5.0,5.0,20.0,20.0,10.0
BU04410402,Schagen,50,5.0,10.0,5.0,0.0,10.0,5.0,5.0,10.0
BU04410490,Schagen,10,,,,,,,,
BU04410491,Schagen,20,,,,,,,,
BU04410492,Schagen,30,10.0,0.0,0.0,0.0,5.0,5.0,5.0,5.0
BU04410493,Schagen,25,5.0,5.0,5.0,5.0,0.0,0.0,5.0,0.0
BU04410494,Schagen,35,15.0,5.0,5.0,0.0,0.0,5.0,5.0,0.0
BU04410501,Schagen,155,5.0,35.0,25.0,5.0,20.0,30.0,25.0,10.0
BU04410502,Schagen,75,0.0,20.0,10.0,0.0,5.0,15.0,10.0,15.0
BU04410503,Schagen,100,0.0,35.0,10.0,5.0,10.0,15.0,15.0,10.0
BU04410504,Schagen,115,0.0,30.0,20.0,5.0,10.0,20.0,25.0,10.0
BU04410505,Schagen,85,0.0,15.0,15.0,5.0,5.0,25.0,15.0,5.0
BU04410506,Schagen,50,5.0,10.0,5.0,0.0,5.0,10.0,10.0,5.0
BU04410580,Schagen,35,5.0,5.0,10.0,0.0,5.0,5.0,0.0,0.0
BU04410581,Schagen,125,5.0,45.0,20.0,5.0,15.0,25.0,5.0,5.0
BU04410590,Schagen,105,50.0,15.0,10.0,5.0,10.0,10.0,10.0,5.0
BU04410591,Schagen,20,,,,,,,,
BU04410601,Schagen,95,5.0,20.0,15.0,0.0,10.0,20.0,10.0,10.0
BU04410602,Schagen,190,5.0,50.0,25.0,10.0,10.0,45.0,25.0,20.0
BU04410603,Schagen,135,5.0,25.0,20.0,5.0,5.0,25.0,35.0,15.0
BU04410690,Schagen,5,,,,,,,,
BU04410701,Schagen,295,15.0,85.0,45.0,25.0,30.0,50.0,20.0,30.0
BU04410790,Schagen,145,40.0,30.0,10.0,5.0,10.0,15.0,15.0,15.0
BU04410801,Schagen,155,5.0,30.0,25.0,10.0,15.0,30.0,25.0,15.0
BU04410880,Schagen,50,0.0,20.0,20.0,5.0,0.0,5.0,0.0,0.0
BU04410890,Schagen,75,30.0,5.0,10.0,5.0,5.0,10.0,5.0,5.0
BU04410901,Schagen,60,0.0,25.0,10.0,0.0,0.0,5.0,15.0,5.0
BU04410990,Schagen,45,15.0,10.0,5.0,0.0,5.0,5.0,5.0,5.0
BU04411001,Schagen,485,5.0,60.0,185.0,20.0,50.0,60.0,35.0,70.0
BU04411002,Schagen,115,0.0,20.0,10.0,10.0,10.0,25.0,30.0,10.0
BU04411003,Schagen,145,0.0,25.0,15.0,5.0,20.0,35.0,30.0,20.0
BU04411004,Schagen,75,0.0,20.0,10.0,5.0,5.0,5.0,20.0,15.0
BU04411005,Schagen,170,5.0,30.0,15.0,5.0,5.0,55.0,25.0,30.0
BU04411101,Schagen,80,0.0,15.0,25.0,0.0,5.0,15.0,10.0,10.0
BU04411102,Schagen,40,0.0,5.0,5.0,5.0,0.0,5.0,10.0,10.0
BU04411103,Schagen,45,0.0,5.0,5.0,5.0,0.0,10.0,10.0,5.0
BU04411170,Schagen,0,,,,,,,,
BU04411180,Schagen,10,,,,,,,,
BU04411190,Schagen,25,5.0,5.0,5.0,0.0,5.0,0.0,0.0,0.0
BU04411201,Schagen,50,0.0,10.0,5.0,5.0,0.0,10.0,10.0,5.0
BU04411290,Schagen,55,15.0,10.0,5.0,0.0,0.0,10.0,5.0,0.0
BU04411301,Schagen,100,5.0,20.0,25.0,5.0,10.0,20.0,5.0,15.0
BU04411302,Schagen,80,5.0,10.0,10.0,5.0,5.0,10.0,20.0,15.0
BU04411380,Schagen,40,0.0,15.0,10.0,5.0,5.0,5.0,0.0,5.0
BU04411390,Schagen,55,15.0,5.0,10.0,5.0,10.0,10.0,5.0,5.0
BU04411391,Schagen,80,30.0,5.0,15.0,5.0,10.0,15.0,5.0,0.0
BU04411401,Schagen,30,5.0,10.0,5.0,0.0,0.0,5.0,5.0,5.0
BU04411470,Schagen,40,0.0,10.0,10.0,0.0,5.0,0.0,5.0,0.0
BU04411471,Schagen,25,0.0,0.0,10.0,0.0,5.0,5.0,5.0,5.0
BU04411490,Schagen,40,15.0,5.0,5.0,0.0,5.0,10.0,0.0,5.0
BU04411501,Schagen,185,5.0,20.0,55.0,5.0,15.0,40.0,20.0,25.0
BU04411502,Schagen,60,0.0,15.0,10.0,0.0,10.0,15.0,10.0,5.0
BU04411570,Schagen,5,,,,,,,,
BU04411590,Schagen,50,5.0,5.0,15.0,0.0,0.0,15.0,0.0,5.0
BU04411591,Schagen,45,5.0,5.0,15.0,0.0,5.0,5.0,0.0,5.0
BU04411592,Schagen,55,20.0,0.0,10.0,0.0,5.0,10.0,5.0,5.0
BU04411601,Schagen,80,0.0,5.0,5.0,5.0,20.0,20.0,15.0,10.0
BU04411602,Schagen,140,0.0,35.0,10.0,10.0,10.0,30.0,30.0,10.0
BU04411603,Schagen,135,0.0,30.0,15.0,10.0,5.0,35.0,25.0,10.0
BU04411680,Schagen,140,0.0,20.0,55.0,5.0,10.0,25.0,10.0,10.0
BU04411690,Schagen,25,5.0,5.0,0.0,0.0,5.0,5.0,0.0,0.0
BU04411691,Schagen,10,,,,,,,,
BU04411701,Schagen,195,0.0,20.0,20.0,10.0,20.0,50.0,60.0,20.0
BU04411702,Schagen,175,0.0,15.0,10.0,10.0,35.0,45.0,35.0,20.0
BU04411703,Schagen,90,0.0,10.0,15.0,10.0,5.0,20.0,15.0,10.0
BU04411790,Schagen,15,,,,,,,,
BU04411791,Schagen,25,0.0,0.0,0.0,0.0,5.0,5.0,0.0,5.0
BU02790000,Scherpenzeel,1065,20.0,225.0,200.0,65.0,110.0,210.0,145.0,90.0
BU02790008,Scherpenzeel,95,10.0,20.0,10.0,5.0,10.0,20.0,15.0,10.0
BU02790009,Scherpenzeel,125,40.0,15.0,15.0,5.0,20.0,10.0,10.0,5.0
BU06060000,Schiedam,600,0.0,75.0,205.0,30.0,40.0,100.0,55.0,100.0
BU06060101,Schiedam,15,,,,,,,,
BU06060102,Schiedam,160,5.0,35.0,20.0,10.0,10.0,30.0,30.0,20.0
BU06060103,Schiedam,220,10.0,60.0,25.0,20.0,5.0,50.0,30.0,20.0
BU06060104,Schiedam,145,5.0,40.0,15.0,15.0,0.0,35.0,20.0,10.0
BU06060105,Schiedam,165,5.0,60.0,15.0,15.0,0.0,30.0,25.0,15.0
BU06060106,Schiedam,230,10.0,110.0,20.0,10.0,0.0,30.0,20.0,25.0
BU06060107,Schiedam,490,10.0,200.0,70.0,30.0,5.0,70.0,50.0,55.0
BU06060201,Schiedam,225,0.0,50.0,35.0,15.0,10.0,50.0,25.0,40.0
BU06060202,Schiedam,185,0.0,20.0,25.0,10.0,15.0,55.0,35.0,20.0
BU06060203,Schiedam,225,5.0,20.0,20.0,15.0,30.0,85.0,20.0,30.0
BU06060301,Schiedam,270,10.0,90.0,35.0,15.0,5.0,45.0,35.0,35.0
BU06060302,Schiedam,360,20.0,135.0,35.0,20.0,10.0,70.0,45.0,30.0
BU06060303,Schiedam,195,5.0,70.0,20.0,15.0,5.0,25.0,25.0,25.0
BU06060304,Schiedam,165,0.0,55.0,20.0,10.0,5.0,20.0,25.0,20.0
BU06060305,Schiedam,90,0.0,15.0,10.0,5.0,5.0,25.0,15.0,10.0
BU06060306,Schiedam,155,0.0,25.0,15.0,10.0,10.0,45.0,40.0,10.0
BU06060307,Schiedam,190,0.0,15.0,15.0,10.0,30.0,50.0,55.0,10.0
BU06060308,Schiedam,130,0.0,20.0,15.0,5.0,10.0,35.0,30.0,10.0
BU06060309,Schiedam,95,5.0,30.0,10.0,10.0,10.0,20.0,10.0,5.0
BU06060401,Schiedam,185,5.0,65.0,20.0,15.0,5.0,30.0,15.0,30.0
BU06060402,Schiedam,180,5.0,60.0,25.0,10.0,0.0,40.0,20.0,20.0
BU06060403,Schiedam,160,0.0,60.0,15.0,10.0,5.0,30.0,25.0,15.0
BU06060404,Schiedam,75,0.0,15.0,10.0,5.0,20.0,10.0,5.0,5.0
BU06060405,Schiedam,250,0.0,65.0,70.0,25.0,15.0,65.0,5.0,10.0
BU06060500,Schiedam,125,0.0,35.0,60.0,5.0,5.0,5.0,0.0,10.0
BU06060602,Schiedam,75,5.0,25.0,10.0,10.0,5.0,10.0,10.0,5.0
BU06060603,Schiedam,135,0.0,35.0,15.0,20.0,5.0,15.0,30.0,10.0
BU06060604,Schiedam,115,0.0,25.0,20.0,10.0,5.0,30.0,15.0,10.0
BU06060605,Schiedam,100,0.0,15.0,20.0,5.0,10.0,20.0,15.0,10.0
BU06060606,Schiedam,210,5.0,55.0,35.0,10.0,10.0,40.0,35.0,20.0
BU06060607,Schiedam,290,10.0,80.0,60.0,25.0,0.0,30.0,65.0,20.0
BU06060608,Schiedam,315,5.0,85.0,35.0,30.0,10.0,60.0,60.0,25.0
BU06060701,Schiedam,195,0.0,25.0,30.0,25.0,10.0,45.0,45.0,15.0
BU06060702,Schiedam,80,5.0,15.0,15.0,10.0,0.0,15.0,20.0,5.0
BU06060703,Schiedam,345,10.0,85.0,45.0,25.0,10.0,65.0,70.0,35.0
BU06060704,Schiedam,190,0.0,40.0,40.0,20.0,0.0,35.0,40.0,15.0
BU06060705,Schiedam,145,0.0,20.0,50.0,0.0,10.0,15.0,25.0,20.0
BU06060706,Schiedam,165,0.0,20.0,25.0,10.0,25.0,40.0,25.0,15.0
BU06060707,Schiedam,95,0.0,25.0,15.0,5.0,5.0,15.0,15.0,15.0
BU06060801,Schiedam,130,0.0,25.0,55.0,15.0,5.0,25.0,5.0,5.0
BU06060802,Schiedam,365,0.0,65.0,105.0,35.0,35.0,80.0,20.0,20.0
BU06060803,Schiedam,70,5.0,20.0,10.0,10.0,10.0,5.0,5.0,5.0
BU06060901,Schiedam,130,0.0,35.0,10.0,5.0,10.0,30.0,25.0,15.0
BU06060902,Schiedam,130,5.0,25.0,10.0,15.0,10.0,35.0,20.0,20.0
BU06060903,Schiedam,170,0.0,40.0,30.0,10.0,5.0,40.0,30.0,15.0
BU06060904,Schiedam,120,0.0,30.0,20.0,10.0,10.0,25.0,15.0,5.0
BU06060905,Schiedam,145,0.0,20.0,25.0,15.0,10.0,35.0,25.0,15.0
BU06060906,Schiedam,105,0.0,15.0,5.0,15.0,15.0,30.0,20.0,5.0
BU06060907,Schiedam,245,5.0,35.0,30.0,30.0,20.0,55.0,55.0,20.0
BU06060908,Schiedam,185,0.0,25.0,25.0,10.0,25.0,50.0,30.0,15.0
BU06060909,Schiedam,65,5.0,10.0,5.0,10.0,5.0,10.0,10.0,5.0
BU00880000,Schiermonnikoog,150,5.0,15.0,40.0,10.0,10.0,30.0,20.0,20.0
BU00880009,Schiermonnikoog,30,5.0,0.0,10.0,0.0,0.0,0.0,5.0,5.0
BU16760000,Schouwen-Duiveland,660,5.0,90.0,195.0,45.0,60.0,120.0,70.0,70.0
BU16760001,Schouwen-Duiveland,125,0.0,25.0,10.0,10.0,10.0,30.0,30.0,10.0
BU16760002,Schouwen-Duiveland,335,5.0,55.0,45.0,15.0,20.0,65.0,85.0,50.0
BU16760003,Schouwen-Duiveland,125,0.0,50.0,25.0,10.0,10.0,15.0,5.0,5.0
BU16760004,Schouwen-Duiveland,125,5.0,5.0,20.0,10.0,15.0,15.0,40.0,20.0
BU16760007,Schouwen-Duiveland,145,15.0,20.0,20.0,10.0,15.0,40.0,15.0,10.0
BU16760008,Schouwen-Duiveland,35,5.0,10.0,10.0,5.0,5.0,5.0,0.0,5.0
BU16760009,Schouwen-Duiveland,15,,,,,,,,
BU16760100,Schouwen-Duiveland,140,0.0,20.0,30.0,10.0,10.0,30.0,30.0,15.0
BU16760109,Schouwen-Duiveland,35,5.0,5.0,15.0,0.0,0.0,5.0,0.0,0.0
BU16760200,Schouwen-Duiveland,115,5.0,20.0,20.0,10.0,5.0,25.0,15.0,10.0
BU16760209,Schouwen-Duiveland,55,25.0,5.0,5.0,0.0,10.0,5.0,0.0,5.0
BU16760300,Schouwen-Duiveland,105,5.0,10.0,20.0,5.0,5.0,25.0,25.0,15.0
BU16760309,Schouwen-Duiveland,50,15.0,5.0,5.0,5.0,5.0,5.0,5.0,5.0
BU16760400,Schouwen-Duiveland,55,5.0,5.0,10.0,5.0,5.0,10.0,10.0,5.0
BU16760401,Schouwen-Duiveland,85,5.0,5.0,15.0,0.0,20.0,20.0,15.0,5.0
BU16760409,Schouwen-Duiveland,20,,,,,,,,
BU16760500,Schouwen-Duiveland,325,35.0,50.0,55.0,20.0,30.0,55.0,40.0,40.0
BU16760501,Schouwen-Duiveland,90,0.0,10.0,20.0,0.0,20.0,15.0,10.0,15.0
BU16760509,Schouwen-Duiveland,125,20.0,40.0,20.0,5.0,15.0,15.0,5.0,5.0
BU16760600,Schouwen-Duiveland,245,10.0,65.0,40.0,25.0,30.0,40.0,20.0,20.0
BU16760609,Schouwen-Duiveland,105,40.0,15.0,10.0,5.0,10.0,10.0,5.0,5.0
BU16760700,Schouwen-Duiveland,185,10.0,60.0,30.0,5.0,10.0,30.0,25.0,15.0
BU16760701,Schouwen-Duiveland,45,5.0,5.0,5.0,5.0,0.0,10.0,5.0,5.0
BU16760708,Schouwen-Duiveland,25,10.0,0.0,5.0,0.0,5.0,5.0,0.0,0.0
BU16760709,Schouwen-Duiveland,80,30.0,5.0,15.0,5.0,10.0,10.0,0.0,5.0
BU16760800,Schouwen-Duiveland,35,0.0,10.0,0.0,0.0,0.0,5.0,5.0,10.0
BU16760809,Schouwen-Duiveland,40,15.0,5.0,10.0,0.0,5.0,5.0,5.0,5.0
BU16760900,Schouwen-Duiveland,150,0.0,30.0,40.0,10.0,10.0,35.0,10.0,10.0
BU16760909,Schouwen-Duiveland,65,20.0,5.0,15.0,0.0,5.0,5.0,5.0,5.0
BU16761000,Schouwen-Duiveland,40,0.0,10.0,10.0,5.0,5.0,5.0,10.0,0.0
BU16761009,Schouwen-Duiveland,140,50.0,15.0,25.0,10.0,5.0,15.0,5.0,10.0
BU16761100,Schouwen-Duiveland,60,0.0,5.0,20.0,5.0,5.0,10.0,10.0,5.0
BU16761109,Schouwen-Duiveland,30,5.0,5.0,10.0,0.0,5.0,10.0,0.0,0.0
BU16761200,Schouwen-Duiveland,290,10.0,35.0,70.0,20.0,15.0,55.0,40.0,35.0
BU16761201,Schouwen-Duiveland,85,0.0,15.0,15.0,0.0,5.0,25.0,10.0,10.0
BU16761202,Schouwen-Duiveland,45,0.0,5.0,15.0,0.0,5.0,10.0,5.0,10.0
BU16761203,Schouwen-Duiveland,60,0.0,5.0,15.0,0.0,5.0,20.0,10.0,5.0
BU16761204,Schouwen-Duiveland,85,0.0,5.0,20.0,0.0,15.0,25.0,10.0,5.0
BU16761205,Schouwen-Duiveland,60,0.0,5.0,10.0,0.0,15.0,20.0,10.0,0.0
BU16761208,Schouwen-Duiveland,65,20.0,5.0,15.0,0.0,10.0,5.0,5.0,5.0
BU16761209,Schouwen-Duiveland,25,0.0,0.0,15.0,0.0,0.0,5.0,0.0,0.0
BU16761300,Schouwen-Duiveland,210,0.0,20.0,90.0,5.0,25.0,35.0,15.0,20.0
BU16761301,Schouwen-Duiveland,75,0.0,0.0,25.0,0.0,15.0,15.0,10.0,5.0
BU16761302,Schouwen-Duiveland,20,,,,,,,,
BU16761303,Schouwen-Duiveland,25,0.0,0.0,10.0,0.0,5.0,0.0,0.0,0.0
BU16761309,Schouwen-Duiveland,5,,,,,,,,
BU16761400,Schouwen-Duiveland,40,5.0,5.0,5.0,5.0,5.0,5.0,5.0,5.0
BU16761409,Schouwen-Duiveland,45,10.0,5.0,15.0,5.0,5.0,5.0,0.0,5.0
BU16761500,Schouwen-Duiveland,25,0.0,10.0,5.0,0.0,0.0,5.0,5.0,5.0
BU16761509,Schouwen-Duiveland,20,,,,,,,,
BU09650000,Simpelveld,275,5.0,40.0,60.0,10.0,15.0,45.0,60.0,35.0
BU09650001,Simpelveld,95,0.0,10.0,10.0,5.0,10.0,20.0,20.0,20.0
BU09650002,Simpelveld,30,0.0,5.0,10.0,5.0,5.0,5.0,5.0,0.0
BU09650003,Simpelveld,80,5.0,10.0,15.0,5.0,10.0,15.0,5.0,15.0
BU09650009,Simpelveld,35,10.0,5.0,5.0,0.0,0.0,5.0,0.0,0.0
BU09650100,Simpelveld,290,10.0,35.0,40.0,10.0,25.0,70.0,55.0,45.0
BU09650101,Simpelveld,45,5.0,10.0,5.0,0.0,5.0,5.0,0.0,5.0
BU09650102,Simpelveld,40,5.0,5.0,5.0,0.0,5.0,10.0,5.0,5.0
BU09650103,Simpelveld,25,5.0,0.0,5.0,0.0,5.0,5.0,5.0,0.0
BU08450000,Sint-Michielsgestel,400,0.0,65.0,80.0,10.0,40.0,95.0,70.0,40.0
BU08450001,Sint-Michielsgestel,475,0.0,60.0,55.0,20.0,50.0,120.0,115.0,55.0
BU08450002,Sint-Michielsgestel,320,0.0,80.0,55.0,20.0,15.0,65.0,50.0,35.0
BU08450003,Sint-Michielsgestel,15,,,,,,,,
BU08450007,Sint-Michielsgestel,45,5.0,5.0,5.0,0.0,10.0,15.0,5.0,0.0
BU08450008,Sint-Michielsgestel,85,5.0,15.0,10.0,5.0,10.0,25.0,15.0,5.0
BU08450009,Sint-Michielsgestel,85,10.0,10.0,10.0,5.0,10.0,20.0,5.0,10.0
BU08450100,Sint-Michielsgestel,210,10.0,50.0,25.0,10.0,15.0,45.0,35.0,20.0
BU08450108,Sint-Michielsgestel,90,15.0,10.0,10.0,5.0,15.0,15.0,15.0,5.0
BU08450109,Sint-Michielsgestel,75,15.0,20.0,5.0,5.0,0.0,15.0,10.0,5.0
BU08450200,Sint-Michielsgestel,505,10.0,110.0,70.0,30.0,45.0,110.0,75.0,50.0
BU08450201,Sint-Michielsgestel,240,10.0,45.0,30.0,10.0,25.0,50.0,45.0,25.0
BU08450207,Sint-Michielsgestel,120,15.0,20.0,15.0,0.0,15.0,30.0,15.0,5.0
BU08450208,Sint-Michielsgestel,70,5.0,5.0,15.0,5.0,5.0,20.0,10.0,10.0
BU08450209,Sint-Michielsgestel,30,10.0,10.0,5.0,0.0,5.0,0.0,0.0,0.0
BU08450300,Sint-Michielsgestel,595,5.0,90.0,95.0,30.0,65.0,145.0,100.0,60.0
BU08450301,Sint-Michielsgestel,105,0.0,10.0,20.0,5.0,15.0,20.0,20.0,5.0
BU08450302,Sint-Michielsgestel,220,0.0,45.0,30.0,15.0,20.0,50.0,35.0,25.0
BU08450308,Sint-Michielsgestel,50,5.0,10.0,10.0,0.0,10.0,10.0,5.0,0.0
BU08450309,Sint-Michielsgestel,215,40.0,40.0,25.0,5.0,25.0,40.0,25.0,15.0
BU08450400,Sint-Michielsgestel,170,0.0,25.0,20.0,5.0,20.0,35.0,40.0,20.0
BU08450408,Sint-Michielsgestel,95,10.0,25.0,10.0,5.0,10.0,15.0,10.0,5.0
BU08450409,Sint-Michielsgestel,55,20.0,5.0,5.0,5.0,5.0,10.0,0.0,5.0
BU18830001,Sittard-Geleen,405,0.0,30.0,65.0,35.0,15.0,100.0,100.0,55.0
BU18830008,Sittard-Geleen,405,0.0,55.0,115.0,35.0,25.0,95.0,50.0,35.0
BU18830100,Sittard-Geleen,765,0.0,45.0,300.0,35.0,50.0,140.0,110.0,85.0
BU18830101,Sittard-Geleen,75,0.0,15.0,15.0,5.0,0.0,5.0,20.0,10.0
BU18830102,Sittard-Geleen,485,0.0,50.0,65.0,30.0,30.0,125.0,130.0,55.0
BU18830103,Sittard-Geleen,450,5.0,20.0,40.0,20.0,75.0,160.0,90.0,40.0
BU18830109,Sittard-Geleen,25,0.0,0.0,0.0,0.0,0.0,10.0,10.0,5.0
BU18830200,Sittard-Geleen,285,0.0,45.0,40.0,25.0,15.0,70.0,55.0,35.0
BU18830201,Sittard-Geleen,200,0.0,20.0,35.0,5.0,10.0,40.0,45.0,40.0
BU18830202,Sittard-Geleen,155,0.0,25.0,40.0,5.0,5.0,20.0,30.0,25.0
BU18830203,Sittard-Geleen,95,0.0,10.0,10.0,5.0,5.0,25.0,25.0,15.0
BU18830204,Sittard-Geleen,110,0.0,25.0,25.0,5.0,5.0,20.0,15.0,25.0
BU18830205,Sittard-Geleen,410,0.0,45.0,45.0,30.0,20.0,100.0,110.0,65.0
BU18830208,Sittard-Geleen,280,0.0,70.0,95.0,20.0,25.0,45.0,20.0,5.0
BU18830209,Sittard-Geleen,10,,,,,,,,
BU18830300,Sittard-Geleen,390,5.0,55.0,55.0,15.0,40.0,90.0,75.0,55.0
BU18830301,Sittard-Geleen,25,0.0,0.0,10.0,0.0,0.0,5.0,0.0,5.0
BU18830400,Sittard-Geleen,105,10.0,25.0,15.0,5.0,5.0,20.0,15.0,20.0
BU18830401,Sittard-Geleen,220,5.0,15.0,30.0,10.0,15.0,65.0,50.0,30.0
BU18830402,Sittard-Geleen,135,10.0,20.0,10.0,10.0,10.0,25.0,25.0,20.0
BU18830501,Sittard-Geleen,820,0.0,100.0,255.0,45.0,70.0,155.0,110.0,85.0
BU18830502,Sittard-Geleen,400,5.0,50.0,70.0,20.0,35.0,80.0,95.0,45.0
BU18830503,Sittard-Geleen,605,5.0,130.0,160.0,35.0,25.0,90.0,95.0,70.0
BU18830504,Sittard-Geleen,315,0.0,35.0,55.0,10.0,25.0,70.0,80.0,45.0
BU18830505,Sittard-Geleen,375,0.0,40.0,55.0,25.0,25.0,70.0,90.0,75.0
BU18830506,Sittard-Geleen,410,5.0,45.0,70.0,25.0,25.0,100.0,85.0,55.0
BU18830507,Sittard-Geleen,100,0.0,35.0,10.0,5.0,5.0,40.0,0.0,0.0
BU18830601,Sittard-Geleen,115,5.0,20.0,20.0,5.0,5.0,25.0,20.0,15.0
BU18830602,Sittard-Geleen,170,0.0,25.0,30.0,10.0,5.0,40.0,35.0,25.0
BU18830603,Sittard-Geleen,235,5.0,25.0,60.0,15.0,10.0,50.0,50.0,30.0
BU18830604,Sittard-Geleen,215,0.0,25.0,35.0,15.0,10.0,60.0,45.0,20.0
BU18830606,Sittard-Geleen,35,10.0,5.0,5.0,0.0,0.0,5.0,5.0,5.0
BU18830607,Sittard-Geleen,115,0.0,35.0,30.0,20.0,15.0,10.0,5.0,0.0
BU18830609,Sittard-Geleen,20,,,,,,,,
BU18830700,Sittard-Geleen,155,5.0,25.0,25.0,5.0,10.0,35.0,25.0,30.0
BU18830701,Sittard-Geleen,75,0.0,10.0,15.0,5.0,5.0,15.0,10.0,10.0
BU18830702,Sittard-Geleen,225,5.0,40.0,35.0,10.0,10.0,50.0,45.0,30.0
BU06100101,Sliedrecht,180,0.0,25.0,20.0,25.0,15.0,45.0,30.0,25.0
BU06100102,Sliedrecht,40,0.0,5.0,15.0,0.0,5.0,5.0,5.0,0.0
BU06100103,Sliedrecht,155,0.0,25.0,25.0,15.0,15.0,30.0,25.0,15.0
BU06100104,Sliedrecht,20,,,,,,,,
BU06100105,Sliedrecht,45,0.0,5.0,5.0,5.0,5.0,15.0,5.0,5.0
BU06100106,Sliedrecht,70,0.0,5.0,15.0,5.0,10.0,15.0,15.0,5.0
BU06100107,Sliedrecht,40,0.0,5.0,10.0,5.0,0.0,5.0,5.0,5.0
BU06100108,Sliedrecht,70,0.0,25.0,10.0,0.0,15.0,10.0,0.0,5.0
BU06100109,Sliedrecht,5,,,,,,,,
BU06100201,Sliedrecht,65,0.0,15.0,5.0,5.0,10.0,20.0,10.0,5.0
BU06100202,Sliedrecht,55,0.0,10.0,5.0,5.0,10.0,10.0,10.0,5.0
BU06100203,Sliedrecht,65,0.0,15.0,15.0,0.0,10.0,5.0,15.0,5.0
BU06100204,Sliedrecht,120,0.0,30.0,15.0,15.0,15.0,20.0,20.0,10.0
BU06100205,Sliedrecht,50,0.0,25.0,10.0,5.0,5.0,5.0,5.0,0.0
BU06100206,Sliedrecht,50,0.0,10.0,10.0,0.0,10.0,10.0,5.0,5.0
BU06100207,Sliedrecht,80,0.0,15.0,10.0,5.0,0.0,10.0,30.0,5.0
BU06100208,Sliedrecht,120,0.0,25.0,35.0,10.0,5.0,10.0,15.0,15.0
BU06100209,Sliedrecht,80,0.0,20.0,15.0,10.0,5.0,10.0,15.0,5.0
BU06100210,Sliedrecht,110,0.0,5.0,50.0,0.0,15.0,10.0,10.0,20.0
BU06100211,Sliedrecht,205,0.0,30.0,25.0,15.0,30.0,55.0,30.0,15.0
BU06100301,Sliedrecht,110,0.0,20.0,20.0,10.0,5.0,20.0,25.0,15.0
BU06100302,Sliedrecht,170,0.0,40.0,20.0,15.0,5.0,40.0,35.0,20.0
BU06100303,Sliedrecht,70,0.0,10.0,10.0,5.0,10.0,15.0,15.0,5.0
BU06100304,Sliedrecht,85,0.0,15.0,10.0,5.0,20.0,15.0,10.0,5.0
BU06100305,Sliedrecht,155,0.0,25.0,25.0,15.0,25.0,35.0,25.0,15.0
BU06100306,Sliedrecht,35,0.0,5.0,5.0,5.0,5.0,5.0,5.0,5.0
BU06100307,Sliedrecht,60,0.0,15.0,10.0,5.0,15.0,10.0,0.0,0.0
BU06100401,Sliedrecht,15,,,,,,,,
BU06100402,Sliedrecht,0,,,,,,,,
BU06100403,Sliedrecht,185,0.0,40.0,85.0,5.0,20.0,25.0,5.0,5.0
BU06100404,Sliedrecht,50,0.0,5.0,5.0,5.0,5.0,25.0,5.0,5.0
BU06100405,Sliedrecht,0,,,,,,,,
BU06100406,Sliedrecht,125,0.0,25.0,35.0,10.0,15.0,35.0,5.0,5.0
BU17140000,Sluis,330,0.0,15.0,205.0,15.0,30.0,15.0,15.0,35.0
BU17140001,Sluis,20,,,,,,,,
BU17140009,Sluis,120,40.0,10.0,30.0,0.0,15.0,10.0,10.0,10.0
BU17140100,Sluis,15,,,,,,,,
BU17140109,Sluis,35,15.0,0.0,10.0,0.0,5.0,5.0,0.0,0.0
BU17140200,Sluis,190,5.0,20.0,40.0,15.0,10.0,35.0,30.0,30.0
BU17140209,Sluis,110,55.0,15.0,15.0,5.0,5.0,5.0,5.0,5.0
BU17140300,Sluis,50,5.0,10.0,10.0,5.0,0.0,10.0,5.0,5.0
BU17140309,Sluis,90,35.0,10.0,10.0,10.0,5.0,10.0,0.0,5.0
BU17140400,Sluis,10,,,,,,,,
BU17140409,Sluis,20,,,,,,,,
BU17140500,Sluis,465,5.0,45.0,140.0,25.0,35.0,80.0,90.0,50.0
BU17140509,Sluis,100,35.0,10.0,10.0,5.0,10.0,20.0,0.0,5.0
BU17140600,Sluis,40,0.0,5.0,10.0,5.0,5.0,10.0,5.0,5.0
BU17140609,Sluis,50,25.0,5.0,5.0,0.0,5.0,5.0,0.0,0.0
BU17140700,Sluis,70,0.0,10.0,15.0,0.0,5.0,15.0,10.0,5.0
BU17140701,Sluis,110,5.0,10.0,50.0,0.0,30.0,10.0,0.0,5.0
BU17140709,Sluis,35,15.0,5.0,10.0,0.0,0.0,0.0,0.0,0.0
BU17140800,Sluis,50,10.0,10.0,10.0,0.0,0.0,10.0,5.0,5.0
BU17140801,Sluis,20,,,,,,,,
BU17140809,Sluis,50,10.0,10.0,20.0,0.0,0.0,5.0,0.0,5.0
BU17140900,Sluis,100,5.0,10.0,20.0,5.0,10.0,25.0,15.0,10.0
BU17140909,Sluis,75,35.0,0.0,20.0,0.0,5.0,5.0,5.0,5.0
BU17141000,Sluis,370,5.0,45.0,110.0,20.0,35.0,70.0,45.0,45.0
BU17141009,Sluis,115,15.0,15.0,40.0,5.0,20.0,10.0,5.0,5.0
BU17141100,Sluis,50,0.0,15.0,10.0,5.0,0.0,10.0,5.0,5.0
BU17141101,Sluis,10,,,,,,,,
BU17141108,Sluis,15,,,,,,,,
BU17141109,Sluis,20,,,,,,,,
BU17141200,Sluis,185,5.0,20.0,35.0,5.0,20.0,45.0,35.0,20.0
BU17141209,Sluis,155,70.0,15.0,25.0,5.0,10.0,15.0,10.0,5.0
BU17141300,Sluis,130,20.0,15.0,30.0,5.0,5.0,20.0,20.0,10.0
BU17141309,Sluis,40,25.0,0.0,0.0,0.0,0.0,5.0,0.0,5.0
BU17141400,Sluis,15,,,,,,,,
BU17141409,Sluis,50,20.0,5.0,5.0,5.0,5.0,5.0,5.0,5.0
BU00900001,Smallingerland,360,0.0,15.0,170.0,15.0,25.0,45.0,45.0,40.0
BU00900002,Smallingerland,210,0.0,50.0,35.0,15.0,5.0,25.0,50.0,25.0
BU00900003,Smallingerland,310,0.0,40.0,45.0,15.0,25.0,70.0,70.0,50.0
BU00900004,Smallingerland,450,0.0,40.0,55.0,30.0,30.0,125.0,120.0,50.0
BU00900005,Smallingerland,190,0.0,20.0,10.0,15.0,15.0,80.0,35.0,15.0
BU00900006,Smallingerland,160,0.0,15.0,35.0,10.0,5.0,25.0,50.0,20.0
BU00900007,Smallingerland,205,0.0,35.0,35.0,15.0,10.0,45.0,55.0,15.0
BU00900008,Smallingerland,345,0.0,65.0,85.0,20.0,20.0,65.0,55.0,35.0
BU00900009,Smallingerland,240,0.0,30.0,65.0,10.0,10.0,50.0,45.0,25.0
BU00900010,Smallingerland,345,0.0,50.0,105.0,15.0,10.0,45.0,75.0,40.0
BU00900011,Smallingerland,520,0.0,150.0,210.0,40.0,20.0,70.0,15.0,15.0
BU00900012,Smallingerland,265,5.0,35.0,40.0,25.0,25.0,45.0,65.0,20.0
BU00900013,Smallingerland,190,0.0,30.0,20.0,30.0,5.0,40.0,40.0,25.0
BU00900014,Smallingerland,130,0.0,5.0,15.0,5.0,15.0,50.0,30.0,10.0
BU00900015,Smallingerland,180,0.0,5.0,20.0,15.0,20.0,70.0,30.0,20.0
BU00900016,Smallingerland,35,0.0,15.0,5.0,5.0,0.0,5.0,5.0,0.0
BU00900017,Smallingerland,50,0.0,10.0,5.0,5.0,5.0,15.0,5.0,5.0
BU00900018,Smallingerland,105,0.0,15.0,20.0,5.0,5.0,30.0,20.0,10.0
BU00900120,Smallingerland,215,15.0,35.0,40.0,15.0,20.0,40.0,30.0,25.0
BU00900121,Smallingerland,145,10.0,30.0,25.0,0.0,5.0,30.0,20.0,15.0
BU00900122,Smallingerland,115,10.0,30.0,25.0,5.0,10.0,20.0,5.0,15.0
BU00900123,Smallingerland,285,30.0,70.0,65.0,10.0,15.0,50.0,35.0,20.0
BU00900124,Smallingerland,20,,,,,,,,
BU00900125,Smallingerland,165,10.0,30.0,25.0,10.0,10.0,30.0,35.0,15.0
BU00900126,Smallingerland,135,10.0,10.0,15.0,5.0,20.0,40.0,25.0,10.0
BU00900127,Smallingerland,10,,,,,,,,
BU00900128,Smallingerland,35,15.0,5.0,5.0,0.0,0.0,5.0,5.0,0.0
BU00900129,Smallingerland,15,,,,,,,,
BU00900130,Smallingerland,205,40.0,35.0,35.0,5.0,5.0,45.0,20.0,15.0
BU00900131,Smallingerland,60,25.0,10.0,10.0,5.0,0.0,5.0,5.0,5.0
BU00900132,Smallingerland,45,10.0,15.0,0.0,5.0,5.0,5.0,5.0,5.0
BU03420101,Soest,425,0.0,85.0,150.0,25.0,35.0,65.0,35.0,35.0
BU03420102,Soest,595,5.0,90.0,70.0,40.0,55.0,170.0,105.0,50.0
BU03420103,Soest,870,0.0,55.0,130.0,50.0,110.0,290.0,165.0,65.0
BU03420201,Soest,280,5.0,40.0,35.0,25.0,10.0,70.0,60.0,40.0
BU03420301,Soest,10,,,,,,,,
BU03420302,Soest,50,0.0,5.0,10.0,0.0,5.0,10.0,10.0,5.0
BU03420303,Soest,220,0.0,55.0,65.0,10.0,25.0,50.0,0.0,10.0
BU03420304,Soest,220,0.0,20.0,25.0,25.0,15.0,75.0,35.0,25.0
BU03420401,Soest,70,0.0,5.0,5.0,5.0,5.0,15.0,30.0,10.0
BU03420402,Soest,280,0.0,70.0,20.0,25.0,15.0,60.0,65.0,25.0
BU03420403,Soest,480,0.0,55.0,75.0,25.0,55.0,150.0,65.0,50.0
BU03420404,Soest,30,5.0,5.0,0.0,0.0,5.0,5.0,5.0,0.0
BU03420405,Soest,70,0.0,5.0,10.0,10.0,0.0,25.0,10.0,5.0
BU03420501,Soest,535,0.0,100.0,55.0,50.0,20.0,135.0,120.0,55.0
BU03420601,Soest,430,0.0,60.0,55.0,30.0,20.0,115.0,95.0,55.0
BU03420602,Soest,25,0.0,5.0,5.0,0.0,5.0,10.0,0.0,0.0
BU03420604,Soest,80,0.0,10.0,5.0,0.0,15.0,20.0,20.0,5.0
BU03420605,Soest,110,0.0,10.0,10.0,5.0,15.0,35.0,20.0,15.0
BU03420606,Soest,40,0.0,5.0,5.0,5.0,5.0,5.0,15.0,5.0
BU03420701,Soest,905,5.0,80.0,115.0,40.0,115.0,300.0,160.0,100.0
BU03420702,Soest,75,10.0,10.0,15.0,5.0,10.0,15.0,5.0,5.0
BU03420703,Soest,35,0.0,0.0,5.0,0.0,10.0,10.0,5.0,0.0
BU03420704,Soest,90,0.0,10.0,15.0,5.0,10.0,25.0,15.0,15.0
BU03420705,Soest,40,0.0,0.0,5.0,0.0,10.0,10.0,0.0,10.0
BU03420706,Soest,5,,,,,,,,
BU03420801,Soest,140,0.0,25.0,40.0,10.0,15.0,30.0,5.0,15.0
BU03420802,Soest,335,0.0,40.0,45.0,30.0,30.0,100.0,70.0,25.0
BU03420803,Soest,170,0.0,20.0,60.0,10.0,15.0,45.0,15.0,5.0
BU03420804,Soest,375,0.0,55.0,80.0,25.0,15.0,85.0,80.0,35.0
BU08470000,Someren,1160,30.0,200.0,205.0,55.0,130.0,220.0,190.0,130.0
BU08470008,Someren,95,25.0,20.0,10.0,5.0,20.0,10.0,5.0,5.0
BU08470009,Someren,325,30.0,100.0,75.0,15.0,45.0,45.0,5.0,15.0
BU08470100,Someren,195,15.0,50.0,30.0,5.0,15.0,35.0,25.0,20.0
BU08470108,Someren,60,10.0,15.0,10.0,0.0,5.0,5.0,15.0,5.0
BU08470109,Someren,85,25.0,15.0,15.0,5.0,15.0,10.0,5.0,0.0
BU08470200,Someren,375,10.0,125.0,75.0,15.0,35.0,55.0,25.0,35.0
BU08470208,Someren,40,20.0,5.0,5.0,0.0,0.0,5.0,5.0,5.0
BU08470209,Someren,170,70.0,30.0,20.0,5.0,15.0,10.0,10.0,15.0
BU08470300,Someren,85,10.0,15.0,15.0,5.0,5.0,15.0,15.0,5.0
BU08470309,Someren,220,90.0,35.0,25.0,10.0,15.0,25.0,10.0,15.0
BU08470909,Someren,70,5.0,5.0,50.0,0.0,5.0,0.0,0.0,0.0
BU08480000,Son en Breugel,685,5.0,65.0,120.0,35.0,80.0,150.0,145.0,80.0
BU08480001,Son en Breugel,430,0.0,35.0,45.0,25.0,55.0,135.0,95.0,40.0
BU08480002,Son en Breugel,400,0.0,65.0,165.0,45.0,35.0,75.0,10.0,5.0
BU08480003,Son en Breugel,135,0.0,10.0,5.0,10.0,20.0,55.0,20.0,10.0
BU08480009,Son en Breugel,300,35.0,35.0,30.0,25.0,25.0,85.0,40.0,25.0
BU08480100,Son en Breugel,160,5.0,35.0,20.0,10.0,15.0,35.0,25.0,15.0
BU08480101,Son en Breugel,255,5.0,45.0,35.0,10.0,15.0,55.0,55.0,35.0
BU08480109,Son en Breugel,45,10.0,10.0,5.0,5.0,5.0,5.0,5.0,5.0
BU00370100,Stadskanaal,345,5.0,10.0,150.0,5.0,30.0,40.0,60.0,40.0
BU00370101,Stadskanaal,35,0.0,10.0,10.0,5.0,0.0,0.0,5.0,5.0
BU00370102,Stadskanaal,70,0.0,10.0,10.0,5.0,5.0,15.0,15.0,10.0
BU00370103,Stadskanaal,140,0.0,20.0,25.0,10.0,5.0,25.0,30.0,25.0
BU00370104,Stadskanaal,50,0.0,10.0,10.0,5.0,0.0,5.0,10.0,10.0
BU00370105,Stadskanaal,145,0.0,20.0,15.0,10.0,25.0,35.0,25.0,20.0
BU00370106,Stadskanaal,300,0.0,85.0,105.0,20.0,15.0,40.0,10.0,15.0
BU00370107,Stadskanaal,90,0.0,30.0,25.0,5.0,10.0,10.0,5.0,5.0
BU00370108,Stadskanaal,175,0.0,30.0,30.0,5.0,30.0,35.0,25.0,20.0
BU00370109,Stadskanaal,100,0.0,25.0,20.0,0.0,10.0,15.0,15.0,10.0
BU00370110,Stadskanaal,170,5.0,25.0,30.0,5.0,20.0,20.0,35.0,25.0
BU00370111,Stadskanaal,120,15.0,20.0,20.0,5.0,5.0,20.0,15.0,15.0
BU00370112,Stadskanaal,100,0.0,5.0,15.0,5.0,15.0,40.0,10.0,10.0
BU00370200,Stadskanaal,225,10.0,45.0,55.0,5.0,25.0,25.0,40.0,25.0
BU00370201,Stadskanaal,100,0.0,15.0,25.0,5.0,15.0,15.0,15.0,10.0
BU00370202,Stadskanaal,165,10.0,40.0,40.0,10.0,10.0,25.0,15.0,20.0
BU00370203,Stadskanaal,75,5.0,20.0,15.0,5.0,5.0,10.0,10.0,10.0
BU00370300,Stadskanaal,170,10.0,25.0,40.0,5.0,10.0,25.0,35.0,25.0
BU00370301,Stadskanaal,10,,,,,,,,
BU00370308,Stadskanaal,45,15.0,5.0,5.0,0.0,5.0,5.0,5.0,0.0
BU00370309,Stadskanaal,100,35.0,15.0,10.0,0.0,5.0,10.0,15.0,10.0
BU00370400,Stadskanaal,115,20.0,15.0,20.0,5.0,5.0,20.0,20.0,10.0
BU00370401,Stadskanaal,30,5.0,5.0,5.0,0.0,0.0,0.0,5.0,0.0
BU00370402,Stadskanaal,40,10.0,5.0,5.0,0.0,5.0,5.0,0.0,5.0
BU00370409,Stadskanaal,25,5.0,5.0,5.0,0.0,0.0,5.0,5.0,0.0
BU00370500,Stadskanaal,70,5.0,15.0,15.0,5.0,0.0,5.0,5.0,15.0
BU00370509,Stadskanaal,40,15.0,5.0,10.0,5.0,0.0,5.0,5.0,0.0
BU01800000,Staphorst,75,5.0,15.0,25.0,5.0,10.0,10.0,0.0,5.0
BU01800001,Staphorst,45,0.0,10.0,10.0,5.0,5.0,5.0,5.0,0.0
BU01800002,Staphorst,125,20.0,40.0,30.0,5.0,10.0,15.0,5.0,5.0
BU01800003,Staphorst,140,35.0,40.0,30.0,5.0,10.0,15.0,5.0,5.0
BU01800004,Staphorst,120,5.0,45.0,45.0,5.0,10.0,10.0,0.0,0.0
BU01800005,Staphorst,210,0.0,60.0,35.0,5.0,25.0,30.0,30.0,30.0
BU01800006,Staphorst,120,10.0,30.0,25.0,5.0,5.0,15.0,25.0,10.0
BU01800007,Staphorst,55,0.0,15.0,5.0,5.0,0.0,10.0,15.0,5.0
BU01800100,Staphorst,105,0.0,25.0,15.0,5.0,15.0,20.0,10.0,10.0
BU01800101,Staphorst,110,25.0,25.0,20.0,5.0,10.0,10.0,5.0,5.0
BU01800102,Staphorst,130,20.0,35.0,30.0,5.0,15.0,15.0,5.0,5.0
BU01800206,Staphorst,10,,,,,,,,
BU01800207,Staphorst,15,,,,,,,,
BU01800208,Staphorst,10,,,,,,,,
BU01800209,Staphorst,50,35.0,5.0,5.0,0.0,0.0,10.0,5.0,0.0
BU01800305,Staphorst,40,20.0,10.0,5.0,0.0,0.0,0.0,5.0,0.0
BU01800306,Staphorst,70,20.0,25.0,15.0,5.0,0.0,5.0,5.0,5.0
BU01800307,Staphorst,125,10.0,45.0,20.0,10.0,10.0,25.0,0.0,5.0
BU01800308,Staphorst,30,15.0,5.0,5.0,0.0,0.0,5.0,0.0,0.0
BU01800309,Staphorst,100,45.0,15.0,15.0,5.0,5.0,5.0,10.0,5.0
BU01800400,Staphorst,85,0.0,15.0,15.0,0.0,10.0,25.0,5.0,10.0
BU01800409,Staphorst,135,30.0,20.0,25.0,5.0,5.0,25.0,10.0,15.0
BU01800509,Staphorst,165,70.0,35.0,20.0,5.0,10.0,20.0,5.0,5.0
BU01800609,Staphorst,65,25.0,10.0,5.0,0.0,5.0,5.0,5.0,5.0
BU01800709,Staphorst,15,,,,,,,,
BU05320101,Stede Broec,10,,,,,,,,
BU05320102,Stede Broec,20,,,,,,,,
BU05320103,Stede Broec,25,10.0,0.0,5.0,0.0,0.0,0.0,0.0,0.0
BU05320201,Stede Broec,210,20.0,65.0,25.0,10.0,15.0,40.0,15.0,20.0
BU05320202,Stede Broec,95,0.0,20.0,10.0,0.0,10.0,20.0,15.0,10.0
BU05320203,Stede Broec,180,0.0,55.0,20.0,5.0,15.0,30.0,35.0,15.0
BU05320204,Stede Broec,50,0.0,5.0,5.0,0.0,10.0,20.0,0.0,5.0
BU05320205,Stede Broec,75,0.0,25.0,5.0,5.0,0.0,10.0,10.0,15.0
BU05320206,Stede Broec,30,0.0,5.0,5.0,0.0,0.0,5.0,10.0,5.0
BU05320207,Stede Broec,160,5.0,35.0,15.0,10.0,10.0,45.0,25.0,20.0
BU05320208,Stede Broec,105,0.0,0.0,60.0,0.0,10.0,10.0,10.0,15.0
BU05320209,Stede Broec,40,0.0,15.0,0.0,0.0,5.0,5.0,5.0,10.0
BU05320210,Stede Broec,185,5.0,45.0,30.0,5.0,15.0,30.0,35.0,25.0
BU05320211,Stede Broec,5,,,,,,,,
BU05320301,Stede Broec,25,10.0,5.0,5.0,0.0,0.0,0.0,0.0,0.0
BU05320302,Stede Broec,145,0.0,20.0,55.0,5.0,10.0,25.0,30.0,10.0
BU05320303,Stede Broec,5,,,,,,,,
BU05320304,Stede Broec,105,0.0,25.0,15.0,10.0,0.0,25.0,10.0,15.0
BU05320305,Stede Broec,10,,,,,,,,
BU05320306,Stede Broec,125,0.0,40.0,20.0,5.0,0.0,25.0,15.0,15.0
BU05320307,Stede Broec,30,0.0,10.0,5.0,5.0,0.0,5.0,0.0,5.0
BU05320308,Stede Broec,115,5.0,30.0,15.0,5.0,5.0,20.0,25.0,10.0
BU05320309,Stede Broec,15,,,,,,,,
BU05320310,Stede Broec,160,5.0,45.0,25.0,5.0,5.0,25.0,30.0,15.0
BU05320311,Stede Broec,70,0.0,20.0,10.0,5.0,10.0,10.0,10.0,10.0
BU05320312,Stede Broec,5,,,,,,,,
BU08510000,Steenbergen,500,5.0,75.0,145.0,15.0,40.0,90.0,70.0,60.0
BU08510001,Steenbergen,120,5.0,15.0,15.0,10.0,15.0,30.0,20.0,10.0
BU08510002,Steenbergen,260,5.0,55.0,30.0,15.0,25.0,45.0,50.0,30.0
BU08510003,Steenbergen,245,0.0,35.0,35.0,20.0,25.0,70.0,35.0,25.0
BU08510004,Steenbergen,55,0.0,20.0,15.0,5.0,10.0,5.0,0.0,0.0
BU08510007,Steenbergen,50,20.0,5.0,10.0,0.0,0.0,10.0,5.0,0.0
BU08510008,Steenbergen,160,35.0,30.0,35.0,10.0,15.0,20.0,10.0,10.0
BU08510009,Steenbergen,55,10.0,10.0,5.0,5.0,5.0,10.0,5.0,0.0
BU08510100,Steenbergen,200,15.0,40.0,40.0,15.0,15.0,35.0,20.0,20.0
BU08510109,Steenbergen,155,70.0,15.0,15.0,5.0,15.0,20.0,10.0,5.0
BU08510200,Steenbergen,40,0.0,5.0,5.0,0.0,0.0,10.0,10.0,5.0
BU08510209,Steenbergen,40,20.0,5.0,0.0,0.0,5.0,5.0,0.0,5.0
BU08510300,Steenbergen,495,10.0,125.0,90.0,40.0,45.0,85.0,50.0,50.0
BU08510301,Steenbergen,10,,,,,,,,
BU08510308,Steenbergen,70,30.0,5.0,5.0,5.0,5.0,10.0,5.0,5.0
BU08510309,Steenbergen,60,25.0,10.0,5.0,0.0,5.0,10.0,0.0,0.0
BU08510400,Steenbergen,180,5.0,55.0,25.0,5.0,10.0,35.0,25.0,20.0
BU08510409,Steenbergen,75,35.0,20.0,5.0,5.0,5.0,5.0,0.0,0.0
BU17080001,Steenwijkerland,265,0.0,25.0,145.0,10.0,20.0,25.0,15.0,30.0
BU17080002,Steenwijkerland,115,0.0,25.0,25.0,5.0,5.0,15.0,25.0,20.0
BU17080003,Steenwijkerland,50,0.0,10.0,10.0,0.0,0.0,15.0,5.0,5.0
BU17080004,Steenwijkerland,130,0.0,10.0,20.0,5.0,20.0,30.0,25.0,20.0
BU17080005,Steenwijkerland,135,0.0,25.0,15.0,10.0,10.0,25.0,35.0,15.0
BU17080006,Steenwijkerland,65,0.0,15.0,10.0,5.0,0.0,10.0,15.0,10.0
BU17080007,Steenwijkerland,120,0.0,30.0,55.0,5.0,5.0,10.0,10.0,5.0
BU17080008,Steenwijkerland,125,0.0,10.0,10.0,10.0,5.0,40.0,35.0,10.0
BU17080009,Steenwijkerland,180,0.0,30.0,35.0,20.0,5.0,25.0,35.0,30.0
BU17080010,Steenwijkerland,35,0.0,5.0,15.0,5.0,5.0,5.0,0.0,0.0
BU17080011,Steenwijkerland,110,0.0,10.0,10.0,10.0,10.0,30.0,30.0,10.0
BU17080012,Steenwijkerland,115,5.0,10.0,15.0,5.0,5.0,20.0,35.0,20.0
BU17080014,Steenwijkerland,160,0.0,45.0,60.0,15.0,5.0,15.0,5.0,5.0
BU17080028,Steenwijkerland,45,0.0,10.0,5.0,5.0,5.0,15.0,5.0,5.0
BU17080029,Steenwijkerland,75,0.0,10.0,10.0,5.0,5.0,20.0,15.0,10.0
BU17080030,Steenwijkerland,10,,,,,,,,
BU17080200,Steenwijkerland,235,10.0,40.0,35.0,10.0,15.0,45.0,55.0,30.0
BU17080201,Steenwijkerland,60,0.0,20.0,20.0,5.0,5.0,10.0,5.0,0.0
BU17080209,Steenwijkerland,15,,,,,,,,
BU17080300,Steenwijkerland,45,10.0,5.0,10.0,5.0,5.0,10.0,5.0,0.0
BU17080309,Steenwijkerland,5,,,,,,,,
BU17080400,Steenwijkerland,105,10.0,25.0,25.0,5.0,5.0,15.0,10.0,15.0
BU17080408,Steenwijkerland,15,,,,,,,,
BU17080409,Steenwijkerland,25,15.0,5.0,0.0,0.0,0.0,0.0,0.0,0.0
BU17080500,Steenwijkerland,15,,,,,,,,
BU17080501,Steenwijkerland,40,25.0,5.0,5.0,0.0,0.0,0.0,0.0,5.0
BU17080509,Steenwijkerland,5,,,,,,,,
BU17080600,Steenwijkerland,35,5.0,15.0,5.0,0.0,0.0,5.0,5.0,0.0
BU17080608,Steenwijkerland,20,,,,,,,,
BU17080609,Steenwijkerland,25,15.0,0.0,5.0,0.0,0.0,0.0,0.0,0.0
BU17080700,Steenwijkerland,345,10.0,60.0,70.0,10.0,30.0,60.0,60.0,45.0
BU17080701,Steenwijkerland,15,,,,,,,,
BU17080702,Steenwijkerland,40,0.0,10.0,15.0,0.0,5.0,5.0,0.0,0.0
BU17080709,Steenwijkerland,35,10.0,10.0,5.0,0.0,0.0,5.0,0.0,5.0
BU17080800,Steenwijkerland,130,10.0,30.0,25.0,5.0,10.0,20.0,15.0,20.0
BU17080808,Steenwijkerland,35,10.0,5.0,5.0,0.0,5.0,10.0,0.0,0.0
BU17080809,Steenwijkerland,55,15.0,5.0,10.0,0.0,5.0,15.0,5.0,0.0
BU17080810,Steenwijkerland,45,10.0,15.0,5.0,0.0,5.0,5.0,5.0,5.0
BU17080811,Steenwijkerland,25,5.0,5.0,5.0,0.0,0.0,0.0,5.0,5.0
BU17080812,Steenwijkerland,30,5.0,5.0,5.0,0.0,0.0,5.0,5.0,0.0
BU17080813,Steenwijkerland,30,10.0,5.0,5.0,0.0,0.0,5.0,5.0,0.0
BU17081000,Steenwijkerland,95,30.0,15.0,15.0,0.0,0.0,15.0,5.0,10.0
BU17081001,Steenwijkerland,15,,,,,,,,
BU17081100,Steenwijkerland,80,5.0,15.0,10.0,0.0,5.0,15.0,20.0,10.0
BU17081102,Steenwijkerland,35,0.0,0.0,10.0,5.0,5.0,5.0,5.0,0.0
BU17081103,Steenwijkerland,60,5.0,5.0,15.0,5.0,10.0,15.0,5.0,5.0
BU17081104,Steenwijkerland,5,,,,,,,,
BU17081105,Steenwijkerland,40,10.0,10.0,0.0,0.0,0.0,5.0,5.0,0.0
BU17081106,Steenwijkerland,10,,,,,,,,
BU17081107,Steenwijkerland,10,,,,,,,,
BU17081108,Steenwijkerland,15,,,,,,,,
BU17081600,Steenwijkerland,140,5.0,20.0,25.0,10.0,15.0,25.0,25.0,20.0
BU17081601,Steenwijkerland,35,0.0,10.0,15.0,0.0,0.0,5.0,5.0,0.0
BU17081608,Steenwijkerland,25,5.0,0.0,5.0,0.0,0.0,5.0,5.0,5.0
BU17081609,Steenwijkerland,40,25.0,0.0,10.0,0.0,0.0,0.0,0.0,0.0
BU17081700,Steenwijkerland,20,,,,,,,,
BU17081701,Steenwijkerland,45,25.0,10.0,5.0,0.0,0.0,0.0,0.0,0.0
BU17081702,Steenwijkerland,95,5.0,10.0,15.0,5.0,10.0,30.0,10.0,10.0
BU17081703,Steenwijkerland,70,0.0,10.0,10.0,5.0,10.0,10.0,15.0,10.0
BU17081704,Steenwijkerland,280,10.0,40.0,80.0,15.0,30.0,60.0,20.0,30.0
BU17081705,Steenwijkerland,25,5.0,5.0,5.0,0.0,0.0,5.0,5.0,0.0
BU17081706,Steenwijkerland,35,5.0,5.0,5.0,0.0,0.0,10.0,0.0,5.0
BU17081707,Steenwijkerland,0,,,,,,,,
BU17081800,Steenwijkerland,65,5.0,15.0,10.0,0.0,0.0,10.0,15.0,10.0
BU17081801,Steenwijkerland,10,,,,,,,,
BU17081900,Steenwijkerland,15,,,,,,,,
BU17081901,Steenwijkerland,30,5.0,0.0,5.0,0.0,0.0,5.0,5.0,0.0
BU17082000,Steenwijkerland,50,10.0,10.0,10.0,0.0,5.0,10.0,5.0,5.0
BU17082001,Steenwijkerland,10,,,,,,,,
BU17082100,Steenwijkerland,60,5.0,10.0,10.0,5.0,5.0,15.0,10.0,5.0
BU17082101,Steenwijkerland,55,15.0,15.0,5.0,0.0,5.0,10.0,5.0,5.0
BU17082200,Steenwijkerland,70,0.0,5.0,15.0,5.0,10.0,15.0,10.0,5.0
BU17082300,Steenwijkerland,25,0.0,5.0,5.0,0.0,0.0,5.0,5.0,0.0
BU17082400,Steenwijkerland,15,,,,,,,,
BU17082401,Steenwijkerland,10,,,,,,,,
BU17082500,Steenwijkerland,30,5.0,5.0,10.0,0.0,0.0,5.0,0.0,5.0
BU17082600,Steenwijkerland,100,5.0,25.0,20.0,5.0,5.0,15.0,10.0,10.0
BU17082601,Steenwijkerland,50,10.0,10.0,10.0,5.0,0.0,5.0,5.0,5.0
BU17082700,Steenwijkerland,20,,,,,,,,
BU17082800,Steenwijkerland,185,0.0,20.0,25.0,15.0,15.0,40.0,40.0,25.0
BU17082801,Steenwijkerland,15,,,,,,,,
BU17082900,Steenwijkerland,140,5.0,25.0,15.0,10.0,10.0,25.0,30.0,20.0
BU17082901,Steenwijkerland,45,20.0,5.0,5.0,0.0,0.0,5.0,5.0,5.0
BU17083000,Steenwijkerland,15,,,,,,,,
BU17083001,Steenwijkerland,35,15.0,5.0,0.0,0.0,0.0,5.0,0.0,0.0
BU17083100,Steenwijkerland,75,20.0,5.0,15.0,0.0,5.0,15.0,5.0,10.0
BU17083200,Steenwijkerland,25,10.0,5.0,0.0,0.0,0.0,5.0,5.0,0.0
BU17083300,Steenwijkerland,90,15.0,15.0,15.0,5.0,10.0,20.0,10.0,5.0
BU17083301,Steenwijkerland,25,10.0,5.0,5.0,0.0,0.0,0.0,0.0,0.0
BU17083400,Steenwijkerland,35,10.0,5.0,5.0,0.0,5.0,5.0,0.0,0.0
BU17083401,Steenwijkerland,0,,,,,,,,
BU17083500,Steenwijkerland,10,,,,,,,,
BU17083600,Steenwijkerland,25,10.0,0.0,5.0,0.0,0.0,0.0,0.0,0.0
BU09710000,Stein,330,0.0,45.0,70.0,15.0,15.0,75.0,55.0,55.0
BU09710001,Stein,205,0.0,35.0,35.0,15.0,10.0,40.0,40.0,35.0
BU09710002,Stein,190,0.0,35.0,25.0,20.0,15.0,30.0,30.0,30.0
BU09710003,Stein,20,,,,,,,,
BU09710004,Stein,20,,,,,,,,
BU09710005,Stein,200,0.0,25.0,60.0,10.0,15.0,25.0,40.0,25.0
BU09710100,Stein,670,0.0,80.0,125.0,50.0,40.0,135.0,125.0,105.0
BU09710101,Stein,70,0.0,15.0,10.0,5.0,0.0,15.0,15.0,15.0
BU09710102,Stein,75,10.0,20.0,10.0,5.0,5.0,20.0,5.0,5.0
BU09710200,Stein,165,5.0,30.0,30.0,10.0,10.0,25.0,30.0,25.0
BU09710201,Stein,90,5.0,15.0,15.0,5.0,5.0,20.0,20.0,5.0
BU09710202,Stein,320,5.0,40.0,40.0,25.0,20.0,100.0,55.0,40.0
BU09710203,Stein,15,,,,,,,,
BU19040101,Stichtse Vecht,225,10.0,45.0,55.0,20.0,20.0,45.0,15.0,15.0
BU19040102,Stichtse Vecht,50,5.0,5.0,5.0,5.0,5.0,20.0,5.0,5.0
BU19040103,Stichtse Vecht,60,5.0,5.0,5.0,5.0,15.0,20.0,5.0,0.0
BU19040104,Stichtse Vecht,290,0.0,15.0,40.0,15.0,40.0,105.0,60.0,15.0
BU19040105,Stichtse Vecht,350,0.0,30.0,25.0,25.0,60.0,130.0,65.0,25.0
BU19040106,Stichtse Vecht,155,0.0,25.0,20.0,15.0,10.0,35.0,35.0,10.0
BU19040107,Stichtse Vecht,25,0.0,0.0,0.0,0.0,10.0,0.0,5.0,5.0
BU19040108,Stichtse Vecht,130,0.0,0.0,5.0,5.0,20.0,60.0,30.0,5.0
BU19040109,Stichtse Vecht,75,0.0,5.0,5.0,5.0,10.0,25.0,15.0,5.0
BU19040110,Stichtse Vecht,250,0.0,15.0,45.0,5.0,25.0,75.0,55.0,30.0
BU19040111,Stichtse Vecht,70,0.0,0.0,5.0,5.0,0.0,30.0,20.0,5.0
BU19040112,Stichtse Vecht,165,0.0,30.0,55.0,15.0,10.0,30.0,15.0,15.0
BU19040113,Stichtse Vecht,85,0.0,10.0,10.0,5.0,10.0,35.0,10.0,10.0
BU19040114,Stichtse Vecht,0,,,,,,,,
BU19040115,Stichtse Vecht,90,0.0,15.0,5.0,10.0,5.0,30.0,15.0,10.0
BU19040116,Stichtse Vecht,80,0.0,0.0,5.0,5.0,15.0,30.0,20.0,5.0
BU19040117,Stichtse Vecht,50,0.0,5.0,15.0,0.0,0.0,15.0,5.0,5.0
BU19040118,Stichtse Vecht,110,0.0,10.0,35.0,5.0,15.0,25.0,10.0,10.0
BU19040119,Stichtse Vecht,0,,,,,,,,
BU19040201,Stichtse Vecht,35,10.0,10.0,5.0,0.0,0.0,10.0,0.0,0.0
BU19040202,Stichtse Vecht,65,5.0,5.0,10.0,0.0,15.0,25.0,5.0,5.0
BU19040203,Stichtse Vecht,30,10.0,5.0,5.0,0.0,0.0,5.0,0.0,0.0
BU19040204,Stichtse Vecht,5,,,,,,,,
BU19040205,Stichtse Vecht,15,,,,,,,,
BU19040206,Stichtse Vecht,40,5.0,5.0,5.0,0.0,5.0,5.0,5.0,0.0
BU19040207,Stichtse Vecht,450,0.0,50.0,55.0,35.0,50.0,135.0,70.0,50.0
BU19040208,Stichtse Vecht,325,0.0,50.0,85.0,50.0,35.0,80.0,10.0,15.0
BU19040209,Stichtse Vecht,25,0.0,0.0,10.0,0.0,0.0,5.0,5.0,5.0
BU19040210,Stichtse Vecht,0,,,,,,,,
BU19040211,Stichtse Vecht,120,0.0,25.0,25.0,5.0,10.0,35.0,5.0,15.0
BU19040212,Stichtse Vecht,205,0.0,20.0,15.0,15.0,15.0,85.0,40.0,15.0
BU19040213,Stichtse Vecht,210,0.0,30.0,35.0,10.0,25.0,65.0,25.0,20.0
BU19040214,Stichtse Vecht,5,,,,,,,,
BU19040215,Stichtse Vecht,340,0.0,25.0,70.0,15.0,30.0,85.0,60.0,55.0
BU19040216,Stichtse Vecht,15,,,,,,,,
BU19040301,Stichtse Vecht,55,5.0,5.0,5.0,0.0,10.0,10.0,5.0,5.0
BU19040302,Stichtse Vecht,20,,,,,,,,
BU19040303,Stichtse Vecht,30,0.0,0.0,0.0,0.0,5.0,10.0,5.0,0.0
BU19040304,Stichtse Vecht,0,,,,,,,,
BU19040305,Stichtse Vecht,0,,,,,,,,
BU19040306,Stichtse Vecht,40,0.0,5.0,5.0,0.0,5.0,15.0,5.0,5.0
BU19040307,Stichtse Vecht,150,0.0,25.0,15.0,15.0,10.0,45.0,20.0,20.0
BU19040308,Stichtse Vecht,150,0.0,15.0,15.0,10.0,10.0,45.0,40.0,15.0
BU19040309,Stichtse Vecht,40,0.0,5.0,5.0,0.0,10.0,20.0,0.0,0.0
BU19040310,Stichtse Vecht,130,0.0,10.0,25.0,10.0,25.0,35.0,10.0,10.0
BU19040311,Stichtse Vecht,115,0.0,10.0,10.0,5.0,15.0,50.0,20.0,5.0
BU19040312,Stichtse Vecht,50,0.0,5.0,5.0,5.0,5.0,15.0,5.0,5.0
BU19040401,Stichtse Vecht,65,25.0,15.0,5.0,5.0,5.0,10.0,0.0,0.0
BU19040402,Stichtse Vecht,70,5.0,15.0,10.0,5.0,10.0,20.0,5.0,5.0
BU19040501,Stichtse Vecht,75,25.0,15.0,5.0,0.0,5.0,15.0,5.0,5.0
BU19040502,Stichtse Vecht,50,15.0,10.0,5.0,0.0,10.0,5.0,0.0,0.0
BU19040503,Stichtse Vecht,35,5.0,10.0,5.0,5.0,5.0,5.0,0.0,0.0
BU19040504,Stichtse Vecht,25,5.0,0.0,0.0,0.0,5.0,5.0,5.0,5.0
BU19040505,Stichtse Vecht,180,5.0,35.0,25.0,10.0,15.0,55.0,30.0,10.0
BU19040506,Stichtse Vecht,35,0.0,10.0,15.0,0.0,5.0,5.0,0.0,0.0
BU19040507,Stichtse Vecht,45,0.0,5.0,5.0,5.0,5.0,15.0,5.0,5.0
BU19040508,Stichtse Vecht,55,0.0,10.0,5.0,5.0,5.0,15.0,10.0,5.0
BU19040509,Stichtse Vecht,15,,,,,,,,
BU19040601,Stichtse Vecht,75,5.0,5.0,5.0,5.0,5.0,30.0,10.0,10.0
BU19040602,Stichtse Vecht,45,5.0,5.0,0.0,5.0,10.0,15.0,5.0,5.0
BU19040603,Stichtse Vecht,295,5.0,25.0,40.0,20.0,25.0,105.0,40.0,35.0
BU19040604,Stichtse Vecht,10,,,,,,,,
BU19040701,Stichtse Vecht,245,5.0,50.0,25.0,10.0,15.0,70.0,35.0,30.0
BU19040702,Stichtse Vecht,40,5.0,10.0,0.0,0.0,10.0,10.0,5.0,0.0
BU19040703,Stichtse Vecht,130,10.0,15.0,15.0,10.0,20.0,35.0,20.0,10.0
BU19040801,Stichtse Vecht,35,10.0,5.0,5.0,0.0,5.0,5.0,5.0,5.0
BU19040802,Stichtse Vecht,15,,,,,,,,
BU19040803,Stichtse Vecht,0,,,,,,,,
BU19040804,Stichtse Vecht,165,0.0,20.0,20.0,10.0,20.0,45.0,25.0,20.0
BU19040805,Stichtse Vecht,20,,,,,,,,
BU19040901,Stichtse Vecht,20,,,,,,,,
BU19040902,Stichtse Vecht,10,,,,,,,,
BU19040903,Stichtse Vecht,25,5.0,0.0,5.0,0.0,5.0,5.0,5.0,0.0
BU19040904,Stichtse Vecht,30,0.0,0.0,0.0,5.0,5.0,5.0,5.0,5.0
BU19040905,Stichtse Vecht,40,0.0,5.0,10.0,0.0,5.0,15.0,0.0,0.0
BU19040906,Stichtse Vecht,35,0.0,15.0,10.0,0.0,0.0,5.0,0.0,0.0
BU19040907,Stichtse Vecht,0,,,,,,,,
BU19041001,Stichtse Vecht,20,,,,,,,,
BU19041002,Stichtse Vecht,25,5.0,5.0,5.0,5.0,0.0,5.0,0.0,0.0
BU19041003,Stichtse Vecht,50,0.0,5.0,0.0,0.0,5.0,25.0,10.0,5.0
BU19041004,Stichtse Vecht,0,,,,,,,,
BU19041101,Stichtse Vecht,125,5.0,5.0,20.0,10.0,20.0,45.0,20.0,5.0
BU19041201,Stichtse Vecht,20,,,,,,,,
BU19041202,Stichtse Vecht,180,0.0,35.0,55.0,15.0,15.0,35.0,15.0,10.0
BU19041203,Stichtse Vecht,205,0.0,25.0,20.0,20.0,10.0,50.0,50.0,25.0
BU19041204,Stichtse Vecht,160,0.0,25.0,15.0,20.0,10.0,35.0,40.0,20.0
BU19041205,Stichtse Vecht,170,0.0,35.0,25.0,15.0,5.0,35.0,30.0,25.0
BU19041206,Stichtse Vecht,220,0.0,40.0,30.0,20.0,10.0,55.0,40.0,30.0
BU19041207,Stichtse Vecht,170,0.0,30.0,15.0,20.0,10.0,45.0,30.0,20.0
BU19041208,Stichtse Vecht,160,0.0,30.0,25.0,15.0,5.0,30.0,30.0,20.0
BU19041209,Stichtse Vecht,105,0.0,15.0,15.0,15.0,5.0,25.0,15.0,15.0
BU19041210,Stichtse Vecht,120,0.0,40.0,15.0,10.0,5.0,20.0,15.0,15.0
BU19041211,Stichtse Vecht,80,0.0,15.0,10.0,5.0,5.0,20.0,15.0,10.0
BU19041212,Stichtse Vecht,95,0.0,25.0,10.0,10.0,0.0,20.0,10.0,15.0
BU19041213,Stichtse Vecht,125,0.0,25.0,10.0,15.0,5.0,25.0,20.0,20.0
BU19041214,Stichtse Vecht,215,0.0,15.0,75.0,20.0,10.0,45.0,25.0,25.0
BU19041215,Stichtse Vecht,100,0.0,30.0,10.0,10.0,0.0,20.0,25.0,5.0
BU19000000,Súdwest-Fryslân,265,0.0,25.0,100.0,5.0,25.0,40.0,35.0,35.0
BU19000001,Súdwest-Fryslân,150,0.0,35.0,25.0,10.0,15.0,35.0,25.0,5.0
BU19000002,Súdwest-Fryslân,195,0.0,40.0,25.0,10.0,20.0,30.0,45.0,30.0
BU19000003,Súdwest-Fryslân,55,0.0,15.0,10.0,5.0,5.0,10.0,5.0,5.0
BU19000004,Súdwest-Fryslân,270,0.0,45.0,25.0,20.0,25.0,60.0,60.0,30.0
BU19000009,Súdwest-Fryslân,170,10.0,50.0,50.0,15.0,10.0,20.0,5.0,10.0
BU19000101,Súdwest-Fryslân,530,0.0,30.0,260.0,20.0,35.0,65.0,40.0,80.0
BU19000102,Súdwest-Fryslân,210,0.0,20.0,25.0,10.0,20.0,45.0,65.0,25.0
BU19000103,Súdwest-Fryslân,470,0.0,70.0,100.0,35.0,30.0,110.0,95.0,35.0
BU19000104,Súdwest-Fryslân,75,0.0,15.0,10.0,5.0,0.0,10.0,20.0,10.0
BU19000105,Súdwest-Fryslân,290,0.0,45.0,30.0,10.0,25.0,65.0,65.0,45.0
BU19000106,Súdwest-Fryslân,150,0.0,30.0,15.0,10.0,5.0,40.0,40.0,10.0
BU19000107,Súdwest-Fryslân,175,0.0,25.0,20.0,10.0,10.0,45.0,45.0,20.0
BU19000108,Súdwest-Fryslân,85,0.0,10.0,15.0,5.0,15.0,20.0,10.0,10.0
BU19000109,Súdwest-Fryslân,80,0.0,10.0,15.0,5.0,10.0,20.0,20.0,5.0
BU19000110,Súdwest-Fryslân,220,0.0,20.0,25.0,20.0,15.0,70.0,50.0,20.0
BU19000111,Súdwest-Fryslân,210,0.0,20.0,20.0,15.0,40.0,65.0,30.0,20.0
BU19000112,Súdwest-Fryslân,60,0.0,5.0,5.0,5.0,5.0,15.0,20.0,5.0
BU19000113,Súdwest-Fryslân,435,0.0,115.0,105.0,20.0,30.0,75.0,60.0,25.0
BU19000114,Súdwest-Fryslân,125,0.0,30.0,35.0,10.0,5.0,15.0,15.0,20.0
BU19000115,Súdwest-Fryslân,165,0.0,50.0,40.0,0.0,5.0,30.0,25.0,15.0
BU19000116,Súdwest-Fryslân,115,0.0,25.0,15.0,10.0,0.0,25.0,25.0,15.0
BU19000117,Súdwest-Fryslân,375,5.0,55.0,45.0,35.0,45.0,90.0,70.0,35.0
BU19000118,Súdwest-Fryslân,45,5.0,5.0,5.0,5.0,5.0,10.0,10.0,5.0
BU19000119,Súdwest-Fryslân,45,0.0,5.0,5.0,5.0,5.0,10.0,5.0,10.0
BU19000120,Súdwest-Fryslân,170,5.0,25.0,55.0,15.0,15.0,35.0,10.0,10.0
BU19000200,Súdwest-Fryslân,485,10.0,105.0,105.0,25.0,30.0,85.0,80.0,50.0
BU19000201,Súdwest-Fryslân,15,,,,,,,,
BU19000202,Súdwest-Fryslân,120,0.0,25.0,40.0,5.0,10.0,10.0,15.0,15.0
BU19000208,Súdwest-Fryslân,120,25.0,30.0,25.0,5.0,10.0,10.0,10.0,10.0
BU19000209,Súdwest-Fryslân,35,10.0,5.0,10.0,0.0,5.0,5.0,0.0,0.0
BU19000300,Súdwest-Fryslân,320,15.0,70.0,45.0,20.0,20.0,65.0,50.0,35.0
BU19000301,Súdwest-Fryslân,90,45.0,15.0,10.0,0.0,0.0,10.0,5.0,5.0
BU19000302,Súdwest-Fryslân,25,5.0,5.0,5.0,0.0,0.0,0.0,5.0,5.0
BU19000308,Súdwest-Fryslân,35,10.0,5.0,5.0,0.0,0.0,5.0,0.0,5.0
BU19000309,Súdwest-Fryslân,55,20.0,10.0,10.0,5.0,0.0,5.0,0.0,5.0
BU19000400,Súdwest-Fryslân,90,5.0,15.0,20.0,5.0,5.0,20.0,10.0,15.0
BU19000401,Súdwest-Fryslân,120,20.0,25.0,10.0,10.0,5.0,15.0,25.0,15.0
BU19000402,Súdwest-Fryslân,15,,,,,,,,
BU19000403,Súdwest-Fryslân,120,10.0,25.0,30.0,10.0,5.0,15.0,5.0,20.0
BU19000408,Súdwest-Fryslân,25,15.0,5.0,5.0,0.0,0.0,0.0,0.0,0.0
BU19000409,Súdwest-Fryslân,30,5.0,5.0,5.0,5.0,0.0,0.0,0.0,5.0
BU19000500,Súdwest-Fryslân,100,0.0,20.0,10.0,5.0,10.0,25.0,15.0,15.0
BU19000501,Súdwest-Fryslân,135,0.0,40.0,15.0,5.0,10.0,25.0,20.0,15.0
BU19000502,Súdwest-Fryslân,110,0.0,15.0,5.0,10.0,5.0,20.0,30.0,15.0
BU19000503,Súdwest-Fryslân,20,,,,,,,,
BU19000600,Súdwest-Fryslân,285,10.0,55.0,55.0,15.0,15.0,65.0,35.0,35.0
BU19000602,Súdwest-Fryslân,80,5.0,15.0,10.0,5.0,5.0,15.0,15.0,10.0
BU19000603,Súdwest-Fryslân,25,5.0,5.0,5.0,0.0,0.0,5.0,5.0,0.0
BU19000607,Súdwest-Fryslân,125,20.0,40.0,20.0,0.0,15.0,25.0,5.0,5.0
BU19000608,Súdwest-Fryslân,15,,,,,,,,
BU19000609,Súdwest-Fryslân,10,,,,,,,,
BU19000700,Súdwest-Fryslân,145,0.0,20.0,25.0,10.0,10.0,40.0,25.0,15.0
BU19000701,Súdwest-Fryslân,20,,,,,,,,
BU19000702,Súdwest-Fryslân,40,0.0,5.0,5.0,5.0,0.0,10.0,5.0,5.0
BU19000706,Súdwest-Fryslân,45,10.0,10.0,10.0,0.0,5.0,5.0,0.0,5.0
BU19000707,Súdwest-Fryslân,15,,,,,,,,
BU19000708,Súdwest-Fryslân,5,,,,,,,,
BU19000800,Súdwest-Fryslân,80,5.0,15.0,15.0,10.0,5.0,10.0,10.0,10.0
BU19000801,Súdwest-Fryslân,40,5.0,5.0,10.0,5.0,0.0,5.0,0.0,5.0
BU19000802,Súdwest-Fryslân,10,,,,,,,,
BU19000804,Súdwest-Fryslân,5,,,,,,,,
BU19000808,Súdwest-Fryslân,40,10.0,10.0,5.0,0.0,0.0,5.0,5.0,0.0
BU19000809,Súdwest-Fryslân,15,,,,,,,,
BU19000900,Súdwest-Fryslân,30,0.0,5.0,5.0,0.0,5.0,10.0,5.0,5.0
BU19000901,Súdwest-Fryslân,60,5.0,15.0,10.0,5.0,0.0,10.0,10.0,5.0
BU19000902,Súdwest-Fryslân,15,,,,,,,,
BU19000903,Súdwest-Fryslân,15,,,,,,,,
BU19000904,Súdwest-Fryslân,10,,,,,,,,
BU19000905,Súdwest-Fryslân,5,,,,,,,,
BU19000906,Súdwest-Fryslân,15,,,,,,,,
BU19000907,Súdwest-Fryslân,35,10.0,5.0,5.0,0.0,5.0,10.0,0.0,0.0
BU19000908,Súdwest-Fryslân,30,20.0,5.0,5.0,0.0,0.0,0.0,0.0,0.0
BU19000909,Súdwest-Fryslân,20,,,,,,,,
BU19001000,Súdwest-Fryslân,15,,,,,,,,
BU19001001,Súdwest-Fryslân,65,5.0,15.0,10.0,5.0,0.0,5.0,20.0,10.0
BU19001002,Súdwest-Fryslân,50,5.0,5.0,10.0,0.0,0.0,10.0,15.0,5.0
BU19001003,Súdwest-Fryslân,5,,,,,,,,
BU19001007,Súdwest-Fryslân,15,,,,,,,,
BU19001008,Súdwest-Fryslân,50,15.0,5.0,5.0,5.0,5.0,10.0,5.0,0.0
BU19001100,Súdwest-Fryslân,130,0.0,25.0,20.0,5.0,15.0,20.0,25.0,15.0
BU19001101,Súdwest-Fryslân,75,5.0,15.0,5.0,5.0,10.0,20.0,15.0,5.0
BU19001108,Súdwest-Fryslân,5,,,,,,,,
BU19001109,Súdwest-Fryslân,20,,,,,,,,
BU19001200,Súdwest-Fryslân,230,5.0,45.0,35.0,15.0,15.0,50.0,35.0,30.0
BU19001201,Súdwest-Fryslân,20,,,,,,,,
BU19001202,Súdwest-Fryslân,10,,,,,,,,
BU19001203,Súdwest-Fryslân,5,,,,,,,,
BU19001204,Súdwest-Fryslân,30,15.0,5.0,5.0,0.0,0.0,0.0,0.0,0.0
BU19001208,Súdwest-Fryslân,0,,,,,,,,
BU19001209,Súdwest-Fryslân,30,5.0,10.0,0.0,0.0,0.0,5.0,0.0,5.0
BU19001300,Súdwest-Fryslân,155,15.0,25.0,25.0,5.0,10.0,30.0,25.0,20.0
BU19001301,Súdwest-Fryslân,70,5.0,10.0,5.0,5.0,0.0,15.0,15.0,15.0
BU19001302,Súdwest-Fryslân,50,5.0,10.0,5.0,5.0,0.0,10.0,10.0,0.0
BU19001303,Súdwest-Fryslân,100,5.0,35.0,15.0,5.0,5.0,15.0,10.0,5.0
BU19001306,Súdwest-Fryslân,40,20.0,5.0,5.0,0.0,0.0,5.0,5.0,0.0
BU19001307,Súdwest-Fryslân,35,15.0,0.0,5.0,0.0,0.0,5.0,0.0,5.0
BU19001308,Súdwest-Fryslân,25,5.0,0.0,5.0,5.0,5.0,5.0,0.0,0.0
BU19001309,Súdwest-Fryslân,55,25.0,10.0,5.0,0.0,5.0,5.0,0.0,0.0
BU19001400,Súdwest-Fryslân,35,5.0,15.0,5.0,0.0,0.0,10.0,0.0,0.0
BU19001401,Súdwest-Fryslân,35,5.0,10.0,5.0,0.0,5.0,5.0,5.0,0.0
BU19001402,Súdwest-Fryslân,30,15.0,5.0,0.0,5.0,0.0,0.0,0.0,5.0
BU19001403,Súdwest-Fryslân,20,,,,,,,,
BU19001404,Súdwest-Fryslân,25,0.0,5.0,0.0,0.0,0.0,5.0,5.0,0.0
BU19001405,Súdwest-Fryslân,10,,,,,,,,
BU19001406,Súdwest-Fryslân,25,10.0,0.0,5.0,5.0,0.0,5.0,0.0,0.0
BU19001407,Súdwest-Fryslân,20,,,,,,,,
BU19001408,Súdwest-Fryslân,20,,,,,,,,
BU19001409,Súdwest-Fryslân,20,,,,,,,,
BU19001500,Súdwest-Fryslân,20,,,,,,,,
BU19001501,Súdwest-Fryslân,50,15.0,15.0,10.0,0.0,0.0,5.0,5.0,0.0
BU19001502,Súdwest-Fryslân,20,,,,,,,,
BU19001503,Súdwest-Fryslân,5,,,,,,,,
BU19001509,Súdwest-Fryslân,10,,,,,,,,
BU19001600,Súdwest-Fryslân,35,5.0,10.0,5.0,5.0,0.0,5.0,5.0,5.0
BU19001601,Súdwest-Fryslân,20,,,,,,,,
BU19001602,Súdwest-Fryslân,10,,,,,,,,
BU19001603,Súdwest-Fryslân,35,5.0,15.0,5.0,0.0,0.0,10.0,5.0,0.0
BU19001604,Súdwest-Fryslân,35,5.0,10.0,5.0,0.0,5.0,5.0,5.0,5.0
BU19001606,Súdwest-Fryslân,40,15.0,5.0,10.0,0.0,0.0,5.0,5.0,0.0
BU19001607,Súdwest-Fryslân,40,25.0,5.0,5.0,0.0,5.0,0.0,0.0,5.0
BU19001608,Súdwest-Fryslân,25,15.0,5.0,0.0,0.0,0.0,5.0,5.0,0.0
BU19001700,Súdwest-Fryslân,390,10.0,95.0,75.0,30.0,25.0,80.0,50.0,30.0
BU19001709,Súdwest-Fryslân,35,10.0,5.0,5.0,0.0,5.0,5.0,0.0,5.0
BU19001800,Súdwest-Fryslân,90,10.0,20.0,20.0,5.0,10.0,10.0,5.0,5.0
BU19001801,Súdwest-Fryslân,25,5.0,5.0,0.0,0.0,0.0,5.0,0.0,0.0
BU19001802,Súdwest-Fryslân,10,,,,,,,,
BU19001803,Súdwest-Fryslân,30,5.0,0.0,10.0,5.0,0.0,5.0,0.0,5.0
BU19001804,Súdwest-Fryslân,15,,,,,,,,
BU19001808,Súdwest-Fryslân,25,15.0,5.0,0.0,0.0,0.0,0.0,0.0,0.0
BU19001809,Súdwest-Fryslân,10,,,,,,,,
BU19001900,Súdwest-Fryslân,95,20.0,15.0,5.0,0.0,10.0,20.0,10.0,15.0
BU19001901,Súdwest-Fryslân,30,10.0,5.0,5.0,5.0,0.0,5.0,5.0,0.0
BU19001902,Súdwest-Fryslân,40,5.0,5.0,10.0,0.0,5.0,5.0,10.0,0.0
BU19001903,Súdwest-Fryslân,40,10.0,10.0,5.0,5.0,0.0,5.0,10.0,0.0
BU19001904,Súdwest-Fryslân,25,10.0,5.0,0.0,0.0,0.0,5.0,5.0,0.0
BU19002001,Súdwest-Fryslân,220,5.0,35.0,35.0,10.0,20.0,45.0,40.0,35.0
BU19002002,Súdwest-Fryslân,95,5.0,20.0,15.0,5.0,5.0,20.0,15.0,10.0
BU19002003,Súdwest-Fryslân,10,,,,,,,,
BU19002004,Súdwest-Fryslân,35,5.0,5.0,5.0,0.0,0.0,0.0,10.0,5.0
BU19002005,Súdwest-Fryslân,10,,,,,,,,
BU19002006,Súdwest-Fryslân,15,,,,,,,,
BU19002007,Súdwest-Fryslân,15,,,,,,,,
BU19002008,Súdwest-Fryslân,30,10.0,0.0,0.0,0.0,5.0,5.0,5.0,0.0
BU19002009,Súdwest-Fryslân,85,15.0,25.0,20.0,0.0,5.0,10.0,5.0,0.0
BU19002010,Súdwest-Fryslân,20,,,,,,,,
BU19002011,Súdwest-Fryslân,15,,,,,,,,
BU19002012,Súdwest-Fryslân,20,,,,,,,,
BU19002013,Súdwest-Fryslân,20,,,,,,,,
BU19002014,Súdwest-Fryslân,25,15.0,5.0,0.0,0.0,0.0,0.0,0.0,0.0
BU19002015,Súdwest-Fryslân,25,10.0,5.0,0.0,0.0,0.0,5.0,0.0,0.0
BU19002016,Súdwest-Fryslân,45,10.0,10.0,5.0,0.0,0.0,10.0,5.0,5.0
BU19002017,Súdwest-Fryslân,50,5.0,15.0,10.0,0.0,0.0,5.0,15.0,5.0
BU19002018,Súdwest-Fryslân,45,5.0,10.0,10.0,5.0,0.0,5.0,5.0,5.0
BU19002019,Súdwest-Fryslân,20,,,,,,,,
BU07150101,Terneuzen,560,25.0,90.0,105.0,25.0,50.0,95.0,100.0,70.0
BU07150201,Terneuzen,180,50.0,20.0,45.0,10.0,10.0,20.0,15.0,15.0
BU07150301,Terneuzen,105,5.0,15.0,20.0,5.0,15.0,20.0,15.0,10.0
BU07150401,Terneuzen,85,35.0,15.0,10.0,5.0,10.0,10.0,5.0,5.0
BU07150501,Terneuzen,170,5.0,30.0,30.0,15.0,5.0,35.0,25.0,25.0
BU07150601,Terneuzen,140,35.0,35.0,10.0,10.0,10.0,25.0,10.0,5.0
BU07150701,Terneuzen,145,10.0,20.0,30.0,10.0,5.0,25.0,25.0,20.0
BU07150801,Terneuzen,90,25.0,15.0,15.0,5.0,5.0,10.0,10.0,5.0
BU07150901,Terneuzen,10,,,,,,,,
BU07151001,Terneuzen,20,,,,,,,,
BU07151101,Terneuzen,145,10.0,15.0,35.0,5.0,15.0,25.0,15.0,20.0
BU07151201,Terneuzen,60,25.0,5.0,5.0,0.0,5.0,5.0,5.0,5.0
BU07151301,Terneuzen,245,0.0,40.0,65.0,25.0,15.0,40.0,30.0,30.0
BU07151401,Terneuzen,105,20.0,20.0,20.0,15.0,10.0,10.0,5.0,5.0
BU07151501,Terneuzen,140,10.0,25.0,25.0,15.0,10.0,15.0,20.0,20.0
BU07151601,Terneuzen,30,10.0,10.0,0.0,5.0,0.0,5.0,0.0,0.0
BU07151701,Terneuzen,15,,,,,,,,
BU07151801,Terneuzen,5,,,,,,,,
BU07151901,Terneuzen,5,,,,,,,,
BU07152001,Terneuzen,495,0.0,50.0,135.0,35.0,65.0,75.0,70.0,60.0
BU07152101,Terneuzen,145,0.0,10.0,20.0,15.0,15.0,25.0,35.0,20.0
BU07152102,Terneuzen,110,0.0,15.0,15.0,10.0,15.0,25.0,25.0,10.0
BU07152103,Terneuzen,110,0.0,15.0,25.0,10.0,10.0,15.0,20.0,10.0
BU07152104,Terneuzen,215,0.0,20.0,45.0,20.0,15.0,40.0,30.0,40.0
BU07152105,Terneuzen,60,0.0,10.0,10.0,5.0,5.0,10.0,10.0,10.0
BU07152201,Terneuzen,90,0.0,20.0,30.0,10.0,5.0,10.0,15.0,0.0
BU07152202,Terneuzen,190,0.0,50.0,80.0,10.0,15.0,25.0,5.0,5.0
BU07152203,Terneuzen,25,0.0,5.0,0.0,0.0,0.0,5.0,5.0,5.0
BU07152204,Terneuzen,80,0.0,10.0,25.0,15.0,5.0,10.0,5.0,5.0
BU07152301,Terneuzen,95,0.0,5.0,10.0,20.0,15.0,10.0,20.0,20.0
BU07152302,Terneuzen,50,0.0,15.0,15.0,5.0,5.0,10.0,5.0,5.0
BU07152303,Terneuzen,65,0.0,10.0,15.0,10.0,0.0,10.0,20.0,5.0
BU07152304,Terneuzen,85,0.0,15.0,10.0,5.0,5.0,20.0,20.0,15.0
BU07152305,Terneuzen,255,0.0,20.0,25.0,15.0,20.0,50.0,105.0,25.0
BU07152401,Terneuzen,290,5.0,25.0,35.0,35.0,35.0,60.0,55.0,35.0
BU07152501,Terneuzen,130,15.0,25.0,25.0,10.0,5.0,20.0,20.0,15.0
BU07152601,Terneuzen,30,10.0,5.0,5.0,5.0,0.0,0.0,0.0,0.0
BU07152701,Terneuzen,160,5.0,30.0,30.0,5.0,25.0,30.0,20.0,20.0
BU07152801,Terneuzen,145,45.0,25.0,20.0,5.0,10.0,25.0,10.0,10.0
BU07152901,Terneuzen,55,10.0,5.0,10.0,5.0,0.0,10.0,10.0,5.0
BU07153001,Terneuzen,30,15.0,5.0,5.0,0.0,0.0,0.0,0.0,0.0
BU00930000,Terschelling,375,5.0,45.0,105.0,30.0,25.0,60.0,60.0,45.0
BU00930002,Terschelling,40,0.0,10.0,15.0,5.0,5.0,5.0,0.0,5.0
BU00930110,Terschelling,180,5.0,20.0,65.0,10.0,5.0,25.0,35.0,25.0
BU00930111,Terschelling,95,10.0,15.0,30.0,0.0,10.0,10.0,5.0,10.0
BU00930112,Terschelling,5,,,,,,,,
BU00930213,Terschelling,45,0.0,5.0,15.0,0.0,0.0,10.0,5.0,5.0
BU00930214,Terschelling,20,,,,,,,,
BU00930215,Terschelling,0,,,,,,,,
BU00930316,Terschelling,40,5.0,0.0,10.0,0.0,5.0,10.0,0.0,0.0
BU00930317,Terschelling,5,,,,,,,,
BU00930418,Terschelling,0,,,,,,,,
BU00930419,Terschelling,95,10.0,10.0,25.0,5.0,5.0,15.0,10.0,15.0
BU00930420,Terschelling,15,,,,,,,,
BU00930521,Terschelling,30,5.0,5.0,10.0,5.0,0.0,5.0,5.0,0.0
BU00930522,Terschelling,5,,,,,,,,
BU00930523,Terschelling,0,,,,,,,,
BU04480000,Texel,945,25.0,140.0,225.0,55.0,90.0,155.0,135.0,120.0
BU04480001,Texel,300,0.0,15.0,150.0,10.0,40.0,45.0,15.0,20.0
BU04480002,Texel,140,20.0,25.0,20.0,5.0,15.0,25.0,15.0,15.0
BU04480003,Texel,50,5.0,5.0,15.0,5.0,5.0,10.0,5.0,5.0
BU04480004,Texel,230,25.0,40.0,50.0,20.0,20.0,30.0,20.0,25.0
BU04480005,Texel,70,10.0,5.0,20.0,5.0,5.0,5.0,5.0,10.0
BU04480007,Texel,300,80.0,40.0,40.0,15.0,35.0,50.0,15.0,25.0
BU04480008,Texel,60,15.0,5.0,10.0,5.0,0.0,5.0,15.0,5.0
BU04480009,Texel,165,20.0,10.0,50.0,5.0,15.0,30.0,10.0,20.0
BU04480100,Texel,105,5.0,15.0,30.0,0.0,10.0,25.0,10.0,5.0
BU04480107,Texel,180,40.0,20.0,35.0,5.0,25.0,30.0,20.0,10.0
BU04480108,Texel,55,25.0,5.0,5.0,0.0,5.0,10.0,5.0,0.0
BU04480109,Texel,20,,,,,,,,
BU15250101,Teylingen,85,0.0,10.0,10.0,10.0,10.0,20.0,20.0,5.0
BU15250102,Teylingen,190,0.0,25.0,40.0,10.0,10.0,50.0,30.0,25.0
BU15250103,Teylingen,175,5.0,15.0,25.0,5.0,25.0,55.0,30.0,20.0
BU15250104,Teylingen,15,,,,,,,,
BU15250201,Teylingen,180,0.0,25.0,20.0,10.0,5.0,40.0,50.0,30.0
BU15250202,Teylingen,90,0.0,10.0,15.0,5.0,5.0,30.0,20.0,10.0
BU15250203,Teylingen,180,0.0,25.0,25.0,10.0,15.0,50.0,40.0,20.0
BU15250204,Teylingen,145,0.0,10.0,10.0,10.0,15.0,60.0,25.0,15.0
BU15250205,Teylingen,155,0.0,15.0,15.0,20.0,20.0,50.0,30.0,15.0
BU15250301,Teylingen,135,0.0,15.0,10.0,15.0,15.0,30.0,40.0,10.0
BU15250302,Teylingen,100,0.0,5.0,15.0,10.0,15.0,25.0,15.0,10.0
BU15250303,Teylingen,30,0.0,5.0,5.0,5.0,0.0,5.0,10.0,0.0
BU15250304,Teylingen,60,0.0,5.0,5.0,5.0,0.0,25.0,15.0,5.0
BU15250401,Teylingen,50,5.0,15.0,15.0,0.0,5.0,10.0,5.0,0.0
BU15250402,Teylingen,5,,,,,,,,
BU15250403,Teylingen,0,,,,,,,,
BU15250404,Teylingen,5,,,,,,,,
BU15250405,Teylingen,250,65.0,30.0,45.0,5.0,20.0,50.0,20.0,10.0
BU15251101,Teylingen,85,0.0,10.0,5.0,10.0,10.0,30.0,15.0,10.0
BU15251102,Teylingen,130,0.0,10.0,10.0,10.0,10.0,50.0,25.0,10.0
BU15251103,Teylingen,130,0.0,20.0,20.0,5.0,10.0,40.0,30.0,5.0
BU15251104,Teylingen,10,,,,,,,,
BU15251201,Teylingen,135,5.0,25.0,20.0,10.0,10.0,35.0,25.0,15.0
BU15251202,Teylingen,120,0.0,20.0,20.0,10.0,5.0,35.0,25.0,5.0
BU15251203,Teylingen,40,0.0,10.0,15.0,0.0,5.0,5.0,0.0,0.0
BU15251204,Teylingen,80,0.0,15.0,15.0,5.0,5.0,20.0,15.0,5.0
BU15251205,Teylingen,55,0.0,5.0,0.0,0.0,5.0,25.0,10.0,5.0
BU15251206,Teylingen,45,0.0,5.0,10.0,5.0,0.0,10.0,10.0,5.0
BU15251207,Teylingen,85,0.0,10.0,15.0,15.0,5.0,15.0,15.0,15.0
BU15251208,Teylingen,25,0.0,5.0,5.0,0.0,0.0,5.0,5.0,5.0
BU15251301,Teylingen,5,,,,,,,,
BU15251302,Teylingen,155,0.0,35.0,30.0,15.0,20.0,45.0,5.0,5.0
BU15251303,Teylingen,100,0.0,20.0,30.0,5.0,15.0,15.0,10.0,5.0
BU15251304,Teylingen,15,,,,,,,,
BU15251401,Teylingen,70,0.0,0.0,10.0,0.0,10.0,15.0,30.0,5.0
BU15251402,Teylingen,40,0.0,5.0,5.0,0.0,0.0,15.0,10.0,0.0
BU15251403,Teylingen,40,0.0,5.0,5.0,0.0,0.0,15.0,10.0,0.0
BU15251404,Teylingen,75,0.0,5.0,20.0,5.0,5.0,20.0,15.0,10.0
BU15251405,Teylingen,90,0.0,15.0,10.0,5.0,5.0,25.0,20.0,10.0
BU15251406,Teylingen,315,0.0,35.0,95.0,15.0,35.0,75.0,35.0,30.0
BU15251407,Teylingen,65,0.0,5.0,5.0,5.0,5.0,30.0,10.0,5.0
BU15251408,Teylingen,25,0.0,0.0,0.0,5.0,0.0,15.0,0.0,0.0
BU15251501,Teylingen,0,,,,,,,,
BU15251502,Teylingen,15,,,,,,,,
BU15251503,Teylingen,5,,,,,,,,
BU15252101,Teylingen,310,0.0,30.0,45.0,20.0,30.0,85.0,60.0,40.0
BU15252102,Teylingen,205,0.0,15.0,25.0,20.0,20.0,45.0,55.0,20.0
BU15252103,Teylingen,85,0.0,5.0,10.0,5.0,30.0,20.0,15.0,0.0
BU15252104,Teylingen,90,0.0,20.0,15.0,5.0,10.0,15.0,10.0,15.0
BU15252201,Teylingen,5,,,,,,,,
BU15252202,Teylingen,140,30.0,5.0,30.0,5.0,15.0,30.0,10.0,10.0
BU07160000,Tholen,920,35.0,175.0,190.0,55.0,80.0,170.0,130.0,80.0
BU07160009,Tholen,85,35.0,10.0,15.0,5.0,0.0,10.0,10.0,5.0
BU07160100,Tholen,140,5.0,35.0,35.0,0.0,10.0,20.0,15.0,15.0
BU07160109,Tholen,105,55.0,15.0,10.0,0.0,5.0,10.0,5.0,5.0
BU07160200,Tholen,145,10.0,45.0,20.0,10.0,10.0,25.0,15.0,10.0
BU07160209,Tholen,50,15.0,5.0,10.0,5.0,5.0,5.0,0.0,5.0
BU07160300,Tholen,285,5.0,75.0,80.0,10.0,10.0,40.0,45.0,25.0
BU07160309,Tholen,100,40.0,15.0,10.0,5.0,5.0,10.0,5.0,5.0
BU07160400,Tholen,135,10.0,50.0,15.0,15.0,5.0,20.0,15.0,5.0
BU07160409,Tholen,45,20.0,5.0,5.0,0.0,5.0,10.0,0.0,5.0
BU07160500,Tholen,375,20.0,105.0,70.0,20.0,20.0,45.0,50.0,45.0
BU07160509,Tholen,60,35.0,5.0,5.0,0.0,5.0,5.0,5.0,0.0
BU07160600,Tholen,235,5.0,75.0,40.0,10.0,10.0,35.0,35.0,25.0
BU07160609,Tholen,65,25.0,5.0,5.0,0.0,5.0,15.0,10.0,0.0
BU07160700,Tholen,235,10.0,65.0,35.0,15.0,15.0,45.0,35.0,20.0
BU07160709,Tholen,75,30.0,10.0,5.0,5.0,5.0,10.0,5.0,5.0
BU07160710,Tholen,30,5.0,5.0,5.0,0.0,0.0,5.0,5.0,0.0
BU02810000,Tiel,440,0.0,40.0,180.0,20.0,25.0,55.0,60.0,60.0
BU02810001,Tiel,135,0.0,20.0,20.0,15.0,10.0,25.0,25.0,15.0
BU02810002,Tiel,155,0.0,30.0,25.0,15.0,5.0,25.0,40.0,10.0
BU02810003,Tiel,135,0.0,25.0,20.0,10.0,5.0,30.0,40.0,15.0
BU02810004,Tiel,150,0.0,20.0,20.0,10.0,20.0,30.0,30.0,20.0
BU02810005,Tiel,130,0.0,25.0,15.0,5.0,5.0,35.0,20.0,20.0
BU02810006,Tiel,65,0.0,15.0,10.0,5.0,0.0,15.0,5.0,10.0
BU02810007,Tiel,200,0.0,50.0,45.0,15.0,5.0,50.0,20.0,20.0
BU02810009,Tiel,370,0.0,60.0,95.0,20.0,25.0,85.0,40.0,40.0
BU02810010,Tiel,110,0.0,10.0,10.0,15.0,0.0,15.0,50.0,5.0
BU02810011,Tiel,125,0.0,20.0,25.0,10.0,0.0,25.0,30.0,10.0
BU02810100,Tiel,280,0.0,20.0,40.0,20.0,30.0,70.0,80.0,25.0
BU02810101,Tiel,210,0.0,30.0,35.0,15.0,10.0,60.0,40.0,20.0
BU02810102,Tiel,20,,,,,,,,
BU02810103,Tiel,205,0.0,35.0,35.0,10.0,15.0,40.0,40.0,25.0
BU02810104,Tiel,185,0.0,25.0,25.0,10.0,20.0,40.0,40.0,25.0
BU02810107,Tiel,130,0.0,20.0,50.0,20.0,10.0,25.0,0.0,5.0
BU02810108,Tiel,30,5.0,5.0,5.0,0.0,5.0,10.0,0.0,0.0
BU02810109,Tiel,330,0.0,80.0,135.0,15.0,30.0,45.0,5.0,15.0
BU02810200,Tiel,85,5.0,20.0,15.0,5.0,5.0,20.0,5.0,10.0
BU02810201,Tiel,70,10.0,10.0,10.0,5.0,5.0,20.0,5.0,5.0
BU02810208,Tiel,95,10.0,15.0,25.0,10.0,10.0,10.0,5.0,15.0
BU02810209,Tiel,105,15.0,20.0,10.0,5.0,15.0,15.0,5.0,15.0
BU02810300,Tiel,120,0.0,15.0,15.0,10.0,5.0,30.0,25.0,20.0
BU02810301,Tiel,220,5.0,25.0,30.0,15.0,10.0,60.0,50.0,30.0
BU02810302,Tiel,255,0.0,35.0,25.0,25.0,20.0,75.0,50.0,20.0
BU02810303,Tiel,225,0.0,30.0,35.0,20.0,15.0,50.0,50.0,15.0
BU02810304,Tiel,35,0.0,0.0,5.0,5.0,5.0,10.0,5.0,5.0
BU02810305,Tiel,30,0.0,0.0,10.0,0.0,0.0,10.0,5.0,5.0
BU02810306,Tiel,15,,,,,,,,
BU08551001,Tilburg,505,0.0,20.0,125.0,25.0,45.0,120.0,75.0,90.0
BU08551002,Tilburg,740,0.0,20.0,270.0,50.0,55.0,165.0,80.0,100.0
BU08551003,Tilburg,140,0.0,5.0,25.0,10.0,10.0,35.0,20.0,35.0
BU08551004,Tilburg,100,0.0,5.0,15.0,5.0,5.0,20.0,20.0,35.0
BU08551101,Tilburg,80,0.0,0.0,30.0,5.0,15.0,20.0,5.0,10.0
BU08551102,Tilburg,355,0.0,25.0,25.0,25.0,45.0,115.0,55.0,60.0
BU08551103,Tilburg,200,0.0,20.0,30.0,10.0,20.0,30.0,55.0,35.0
BU08551104,Tilburg,340,0.0,25.0,65.0,15.0,20.0,80.0,85.0,50.0
BU08551105,Tilburg,90,0.0,10.0,20.0,10.0,10.0,15.0,10.0,15.0
BU08551201,Tilburg,90,0.0,10.0,10.0,5.0,5.0,25.0,20.0,15.0
BU08551202,Tilburg,65,0.0,5.0,5.0,0.0,5.0,20.0,20.0,5.0
BU08551203,Tilburg,95,0.0,5.0,5.0,5.0,5.0,35.0,25.0,15.0
BU08551301,Tilburg,50,0.0,0.0,5.0,5.0,5.0,15.0,15.0,5.0
BU08551302,Tilburg,70,0.0,10.0,10.0,5.0,5.0,20.0,15.0,10.0
BU08551401,Tilburg,200,0.0,25.0,30.0,20.0,5.0,55.0,35.0,35.0
BU08551402,Tilburg,80,0.0,10.0,15.0,0.0,0.0,15.0,25.0,10.0
BU08551403,Tilburg,20,,,,,,,,
BU08551404,Tilburg,30,0.0,0.0,30.0,0.0,0.0,0.0,0.0,0.0
BU08551405,Tilburg,70,0.0,5.0,10.0,5.0,5.0,20.0,15.0,15.0
BU08551501,Tilburg,30,0.0,5.0,10.0,5.0,0.0,0.0,5.0,5.0
BU08551502,Tilburg,150,0.0,15.0,20.0,15.0,5.0,35.0,35.0,25.0
BU08551503,Tilburg,130,0.0,25.0,25.0,5.0,5.0,30.0,25.0,20.0
BU08551504,Tilburg,80,0.0,10.0,20.0,10.0,0.0,10.0,15.0,15.0
BU08551505,Tilburg,75,0.0,15.0,15.0,5.0,5.0,10.0,10.0,10.0
BU08551601,Tilburg,75,0.0,10.0,15.0,5.0,0.0,20.0,10.0,15.0
BU08551602,Tilburg,145,0.0,40.0,25.0,10.0,0.0,25.0,20.0,20.0
BU08551603,Tilburg,75,0.0,20.0,10.0,5.0,0.0,15.0,10.0,15.0
BU08551604,Tilburg,185,0.0,35.0,30.0,20.0,5.0,45.0,25.0,30.0
BU08551701,Tilburg,65,0.0,0.0,5.0,5.0,10.0,25.0,10.0,5.0
BU08551702,Tilburg,45,0.0,5.0,10.0,5.0,5.0,10.0,10.0,5.0
BU08551703,Tilburg,25,0.0,5.0,5.0,0.0,0.0,5.0,5.0,5.0
BU08551704,Tilburg,80,0.0,25.0,10.0,5.0,0.0,15.0,15.0,15.0
BU08551705,Tilburg,115,0.0,30.0,15.0,5.0,5.0,20.0,20.0,15.0
BU08551706,Tilburg,170,0.0,30.0,25.0,15.0,5.0,40.0,20.0,35.0
BU08551707,Tilburg,5,,,,,,,,
BU08551801,Tilburg,230,0.0,20.0,55.0,20.0,5.0,50.0,35.0,40.0
BU08551802,Tilburg,175,0.0,20.0,35.0,25.0,5.0,35.0,30.0,25.0
BU08551901,Tilburg,255,0.0,20.0,35.0,15.0,10.0,70.0,35.0,70.0
BU08551902,Tilburg,200,0.0,30.0,50.0,15.0,5.0,40.0,25.0,40.0
BU08552001,Tilburg,165,0.0,10.0,20.0,10.0,20.0,60.0,25.0,20.0
BU08552002,Tilburg,250,0.0,30.0,40.0,15.0,5.0,65.0,45.0,45.0
BU08552003,Tilburg,225,0.0,15.0,35.0,15.0,15.0,80.0,30.0,40.0
BU08552101,Tilburg,50,0.0,10.0,15.0,5.0,0.0,10.0,5.0,5.0
BU08552102,Tilburg,55,0.0,0.0,10.0,5.0,0.0,15.0,5.0,20.0
BU08552103,Tilburg,55,0.0,0.0,15.0,10.0,5.0,10.0,10.0,5.0
BU08552201,Tilburg,240,0.0,25.0,35.0,15.0,15.0,65.0,45.0,35.0
BU08552202,Tilburg,160,0.0,25.0,40.0,10.0,0.0,30.0,25.0,25.0
BU08552301,Tilburg,110,0.0,35.0,25.0,5.0,0.0,15.0,10.0,20.0
BU08552302,Tilburg,85,0.0,25.0,10.0,5.0,0.0,15.0,10.0,15.0
BU08552303,Tilburg,100,0.0,20.0,15.0,5.0,5.0,15.0,15.0,25.0
BU08552304,Tilburg,215,0.0,40.0,35.0,20.0,5.0,35.0,35.0,40.0
BU08552305,Tilburg,120,0.0,20.0,15.0,10.0,5.0,30.0,20.0,25.0
BU08552401,Tilburg,110,0.0,10.0,20.0,10.0,5.0,25.0,20.0,20.0
BU08552402,Tilburg,305,0.0,40.0,55.0,25.0,15.0,75.0,45.0,50.0
BU08552403,Tilburg,105,0.0,15.0,20.0,5.0,0.0,20.0,20.0,25.0
BU08552501,Tilburg,205,0.0,25.0,30.0,10.0,5.0,55.0,35.0,45.0
BU08552502,Tilburg,110,0.0,30.0,20.0,15.0,5.0,20.0,15.0,10.0
BU08552503,Tilburg,115,0.0,25.0,15.0,10.0,5.0,25.0,20.0,20.0
BU08552504,Tilburg,170,0.0,40.0,30.0,10.0,5.0,35.0,25.0,20.0
BU08552601,Tilburg,270,0.0,25.0,75.0,20.0,10.0,45.0,35.0,60.0
BU08552602,Tilburg,25,0.0,0.0,10.0,0.0,0.0,5.0,5.0,5.0
BU08552603,Tilburg,145,0.0,15.0,20.0,15.0,5.0,40.0,25.0,30.0
BU08552604,Tilburg,110,0.0,20.0,15.0,5.0,5.0,25.0,10.0,30.0
BU08552605,Tilburg,115,0.0,20.0,15.0,10.0,5.0,20.0,20.0,25.0
BU08552701,Tilburg,105,0.0,5.0,10.0,5.0,5.0,30.0,15.0,30.0
BU08552702,Tilburg,265,0.0,25.0,30.0,20.0,15.0,60.0,60.0,55.0
BU08552703,Tilburg,180,0.0,20.0,45.0,10.0,10.0,30.0,25.0,35.0
BU08552801,Tilburg,50,0.0,5.0,10.0,5.0,0.0,10.0,10.0,15.0
BU08552802,Tilburg,95,0.0,0.0,20.0,15.0,10.0,30.0,10.0,15.0
BU08552901,Tilburg,0,,,,,,,,
BU08552902,Tilburg,105,0.0,15.0,40.0,5.0,5.0,25.0,10.0,5.0
BU08552903,Tilburg,90,0.0,10.0,25.0,5.0,5.0,10.0,15.0,15.0
BU08552904,Tilburg,40,0.0,15.0,5.0,5.0,0.0,10.0,5.0,5.0
BU08552905,Tilburg,60,0.0,10.0,10.0,10.0,5.0,15.0,5.0,5.0
BU08552906,Tilburg,30,0.0,5.0,15.0,0.0,0.0,5.0,0.0,0.0
BU08552907,Tilburg,20,,,,,,,,
BU08553001,Tilburg,10,,,,,,,,
BU08553101,Tilburg,20,,,,,,,,
BU08553102,Tilburg,30,0.0,5.0,5.0,0.0,0.0,10.0,5.0,5.0
BU08553103,Tilburg,50,0.0,0.0,5.0,0.0,0.0,5.0,40.0,0.0
BU08553104,Tilburg,20,,,,,,,,
BU08553201,Tilburg,75,0.0,20.0,20.0,5.0,0.0,10.0,10.0,15.0
BU08553202,Tilburg,45,0.0,15.0,10.0,5.0,0.0,10.0,5.0,5.0
BU08553203,Tilburg,100,0.0,30.0,15.0,5.0,0.0,10.0,15.0,20.0
BU08553204,Tilburg,55,0.0,15.0,10.0,0.0,0.0,15.0,10.0,10.0
BU08553205,Tilburg,80,0.0,20.0,15.0,5.0,0.0,5.0,15.0,15.0
BU08553206,Tilburg,20,,,,,,,,
BU08553207,Tilburg,100,0.0,20.0,15.0,10.0,5.0,20.0,20.0,10.0
BU08553208,Tilburg,25,0.0,5.0,5.0,0.0,0.0,5.0,10.0,0.0
BU08553209,Tilburg,0,,,,,,,,
BU08553301,Tilburg,60,0.0,0.0,15.0,0.0,5.0,5.0,20.0,15.0
BU08553302,Tilburg,50,0.0,10.0,5.0,5.0,0.0,15.0,10.0,5.0
BU08553303,Tilburg,145,0.0,5.0,15.0,15.0,15.0,45.0,30.0,10.0
BU08553401,Tilburg,185,0.0,25.0,35.0,10.0,25.0,60.0,20.0,10.0
BU08553402,Tilburg,25,0.0,0.0,5.0,0.0,5.0,10.0,5.0,0.0
BU08553501,Tilburg,175,0.0,10.0,10.0,10.0,30.0,75.0,30.0,15.0
BU08553502,Tilburg,140,0.0,10.0,15.0,10.0,15.0,45.0,30.0,10.0
BU08553503,Tilburg,235,0.0,15.0,20.0,10.0,40.0,75.0,55.0,25.0
BU08553504,Tilburg,135,0.0,10.0,20.0,10.0,15.0,35.0,35.0,10.0
BU08553601,Tilburg,160,0.0,10.0,10.0,5.0,30.0,60.0,25.0,10.0
BU08553602,Tilburg,260,0.0,5.0,25.0,10.0,30.0,95.0,65.0,30.0
BU08553603,Tilburg,95,0.0,15.0,15.0,10.0,5.0,20.0,15.0,15.0
BU08553701,Tilburg,25,0.0,0.0,0.0,0.0,0.0,5.0,10.0,10.0
BU08553702,Tilburg,85,0.0,15.0,15.0,10.0,0.0,10.0,15.0,15.0
BU08553703,Tilburg,115,0.0,20.0,20.0,10.0,10.0,30.0,10.0,15.0
BU08553704,Tilburg,130,0.0,10.0,20.0,10.0,5.0,45.0,20.0,20.0
BU08553705,Tilburg,90,0.0,5.0,10.0,5.0,20.0,30.0,20.0,5.0
BU08553706,Tilburg,70,0.0,5.0,5.0,5.0,0.0,15.0,10.0,35.0
BU08553707,Tilburg,155,0.0,10.0,20.0,15.0,15.0,40.0,35.0,25.0
BU08553801,Tilburg,45,0.0,5.0,10.0,0.0,0.0,5.0,25.0,0.0
BU08553802,Tilburg,60,0.0,10.0,5.0,0.0,0.0,15.0,10.0,15.0
BU08553803,Tilburg,65,0.0,15.0,10.0,10.0,0.0,10.0,15.0,5.0
BU08553804,Tilburg,125,0.0,15.0,25.0,10.0,5.0,25.0,25.0,15.0
BU08553805,Tilburg,105,0.0,15.0,20.0,15.0,0.0,20.0,20.0,15.0
BU08553806,Tilburg,65,0.0,10.0,10.0,10.0,0.0,10.0,15.0,10.0
BU08553807,Tilburg,95,0.0,15.0,15.0,10.0,0.0,15.0,20.0,15.0
BU08553808,Tilburg,165,0.0,20.0,65.0,10.0,5.0,20.0,20.0,20.0
BU08553809,Tilburg,60,0.0,10.0,10.0,10.0,0.0,10.0,5.0,10.0
BU08553810,Tilburg,30,0.0,0.0,5.0,5.0,5.0,10.0,5.0,0.0
BU08553811,Tilburg,40,0.0,15.0,10.0,0.0,0.0,5.0,5.0,5.0
BU08553812,Tilburg,20,,,,,,,,
BU08553813,Tilburg,25,0.0,5.0,0.0,0.0,0.0,5.0,5.0,10.0
BU08553814,Tilburg,55,0.0,5.0,10.0,5.0,0.0,10.0,15.0,10.0
BU08553901,Tilburg,10,,,,,,,,
BU08553902,Tilburg,75,0.0,15.0,15.0,10.0,0.0,10.0,15.0,10.0
BU08553903,Tilburg,75,0.0,20.0,5.0,10.0,0.0,10.0,20.0,15.0
BU08553904,Tilburg,65,0.0,10.0,10.0,5.0,0.0,10.0,15.0,10.0
BU08553905,Tilburg,90,0.0,10.0,35.0,5.0,0.0,5.0,15.0,20.0
BU08554001,Tilburg,10,,,,,,,,
BU08554002,Tilburg,140,0.0,15.0,15.0,10.0,15.0,40.0,30.0,10.0
BU08554003,Tilburg,60,0.0,10.0,10.0,0.0,0.0,10.0,15.0,10.0
BU08554101,Tilburg,5,,,,,,,,
BU08554201,Tilburg,40,0.0,10.0,15.0,5.0,0.0,5.0,10.0,0.0
BU08554202,Tilburg,135,0.0,30.0,25.0,15.0,5.0,20.0,30.0,15.0
BU08554203,Tilburg,40,0.0,10.0,10.0,5.0,0.0,5.0,5.0,5.0
BU08554204,Tilburg,75,0.0,15.0,15.0,10.0,0.0,10.0,20.0,5.0
BU08554205,Tilburg,30,0.0,5.0,10.0,5.0,0.0,5.0,0.0,5.0
BU08554206,Tilburg,60,0.0,5.0,20.0,10.0,0.0,10.0,10.0,5.0
BU08554207,Tilburg,60,0.0,0.0,5.0,10.0,10.0,15.0,5.0,5.0
BU08554301,Tilburg,85,0.0,15.0,15.0,15.0,0.0,15.0,15.0,10.0
BU08554302,Tilburg,55,0.0,15.0,10.0,5.0,0.0,10.0,5.0,5.0
BU08554303,Tilburg,75,0.0,10.0,20.0,10.0,0.0,10.0,15.0,5.0
BU08554304,Tilburg,195,0.0,35.0,60.0,15.0,10.0,25.0,35.0,15.0
BU08554305,Tilburg,85,0.0,15.0,10.0,10.0,0.0,10.0,25.0,15.0
BU08554306,Tilburg,180,0.0,20.0,70.0,15.0,0.0,25.0,35.0,20.0
BU08554307,Tilburg,95,0.0,20.0,15.0,5.0,5.0,15.0,15.0,15.0
BU08554308,Tilburg,55,0.0,15.0,0.0,5.0,0.0,15.0,10.0,5.0
BU08554401,Tilburg,85,0.0,25.0,10.0,5.0,0.0,20.0,15.0,10.0
BU08554402,Tilburg,70,0.0,15.0,10.0,10.0,0.0,15.0,15.0,5.0
BU08554403,Tilburg,95,0.0,25.0,15.0,5.0,0.0,20.0,15.0,10.0
BU08554404,Tilburg,85,0.0,20.0,5.0,5.0,5.0,20.0,15.0,5.0
BU08554405,Tilburg,60,0.0,5.0,5.0,5.0,5.0,15.0,15.0,10.0
BU08554406,Tilburg,15,,,,,,,,
BU08554501,Tilburg,220,0.0,50.0,75.0,30.0,25.0,35.0,5.0,0.0
BU08554502,Tilburg,225,0.0,60.0,80.0,10.0,15.0,40.0,15.0,10.0
BU08554601,Tilburg,45,0.0,5.0,5.0,0.0,15.0,15.0,0.0,0.0
BU08554701,Tilburg,25,0.0,0.0,0.0,0.0,0.0,0.0,20.0,5.0
BU08554702,Tilburg,70,0.0,20.0,10.0,5.0,0.0,15.0,10.0,5.0
BU08554703,Tilburg,80,0.0,20.0,20.0,0.0,0.0,10.0,10.0,10.0
BU08554704,Tilburg,110,0.0,35.0,15.0,10.0,5.0,15.0,15.0,15.0
BU08554801,Tilburg,130,0.0,25.0,10.0,5.0,5.0,35.0,30.0,20.0
BU08554802,Tilburg,95,0.0,15.0,5.0,10.0,5.0,20.0,15.0,15.0
BU08554803,Tilburg,145,0.0,25.0,20.0,5.0,10.0,25.0,35.0,25.0
BU08554804,Tilburg,0,,,,,,,,
BU08554901,Tilburg,90,0.0,5.0,20.0,5.0,10.0,20.0,25.0,5.0
BU08554902,Tilburg,135,0.0,20.0,20.0,10.0,10.0,30.0,30.0,20.0
BU08554903,Tilburg,55,0.0,5.0,5.0,5.0,5.0,15.0,10.0,5.0
BU08555001,Tilburg,50,0.0,0.0,35.0,0.0,0.0,5.0,5.0,5.0
BU08555101,Tilburg,75,0.0,5.0,15.0,5.0,5.0,20.0,15.0,5.0
BU08555102,Tilburg,95,0.0,15.0,15.0,10.0,5.0,20.0,10.0,15.0
BU08555201,Tilburg,110,0.0,20.0,20.0,15.0,5.0,25.0,20.0,10.0
BU08555202,Tilburg,50,0.0,5.0,5.0,0.0,0.0,10.0,20.0,5.0
BU08555301,Tilburg,125,0.0,25.0,20.0,10.0,5.0,25.0,25.0,15.0
BU08555302,Tilburg,120,0.0,25.0,25.0,10.0,5.0,25.0,15.0,10.0
BU08555303,Tilburg,115,0.0,30.0,25.0,5.0,5.0,20.0,20.0,10.0
BU08555304,Tilburg,155,0.0,20.0,15.0,5.0,15.0,40.0,40.0,20.0
BU08555401,Tilburg,0,,,,,,,,
BU08555402,Tilburg,0,,,,,,,,
BU08555403,Tilburg,5,,,,,,,,
BU08555404,Tilburg,130,0.0,25.0,20.0,10.0,10.0,35.0,20.0,15.0
BU08555405,Tilburg,110,0.0,15.0,15.0,10.0,5.0,30.0,15.0,15.0
BU08555406,Tilburg,110,0.0,15.0,20.0,10.0,5.0,30.0,15.0,15.0
BU08555407,Tilburg,150,0.0,30.0,25.0,10.0,10.0,30.0,30.0,15.0
BU08555501,Tilburg,85,0.0,20.0,15.0,5.0,5.0,15.0,10.0,15.0
BU08555502,Tilburg,160,0.0,40.0,25.0,10.0,10.0,25.0,25.0,20.0
BU08555503,Tilburg,55,0.0,10.0,10.0,5.0,0.0,10.0,15.0,5.0
BU08555601,Tilburg,180,0.0,25.0,35.0,10.0,10.0,45.0,25.0,20.0
BU08555602,Tilburg,175,0.0,20.0,30.0,10.0,10.0,50.0,40.0,15.0
BU08555603,Tilburg,45,0.0,10.0,15.0,0.0,5.0,10.0,5.0,5.0
BU08555701,Tilburg,135,0.0,10.0,15.0,5.0,15.0,45.0,30.0,15.0
BU08555702,Tilburg,210,0.0,15.0,40.0,20.0,20.0,55.0,35.0,20.0
BU08555703,Tilburg,50,0.0,5.0,10.0,5.0,5.0,20.0,5.0,5.0
BU08555704,Tilburg,15,,,,,,,,
BU08555705,Tilburg,80,0.0,10.0,10.0,10.0,5.0,20.0,10.0,10.0
BU08555801,Tilburg,155,0.0,15.0,25.0,20.0,5.0,25.0,45.0,20.0
BU08555802,Tilburg,85,0.0,0.0,10.0,5.0,10.0,40.0,10.0,10.0
BU08555803,Tilburg,15,,,,,,,,
BU08555901,Tilburg,0,,,,,,,,
BU08555902,Tilburg,0,,,,,,,,
BU08555903,Tilburg,5,,,,,,,,
BU08555904,Tilburg,335,0.0,90.0,115.0,35.0,25.0,55.0,5.0,10.0
BU08555905,Tilburg,60,0.0,10.0,25.0,0.0,5.0,15.0,0.0,0.0
BU08556001,Tilburg,15,,,,,,,,
BU08556002,Tilburg,75,0.0,20.0,25.0,10.0,5.0,10.0,0.0,0.0
BU08556003,Tilburg,115,0.0,30.0,35.0,10.0,15.0,20.0,0.0,5.0
BU08556004,Tilburg,175,0.0,55.0,50.0,20.0,15.0,25.0,5.0,5.0
BU08556005,Tilburg,5,,,,,,,,
BU08556006,Tilburg,60,0.0,5.0,25.0,5.0,5.0,20.0,5.0,0.0
BU08556007,Tilburg,50,0.0,10.0,25.0,0.0,0.0,5.0,5.0,5.0
BU08556101,Tilburg,140,0.0,20.0,35.0,25.0,10.0,35.0,5.0,5.0
BU08556102,Tilburg,15,,,,,,,,
BU08556103,Tilburg,60,0.0,15.0,20.0,5.0,5.0,15.0,0.0,0.0
BU08556202,Tilburg,5,,,,,,,,
BU08556301,Tilburg,5,,,,,,,,
BU08556302,Tilburg,40,10.0,5.0,5.0,0.0,5.0,10.0,0.0,5.0
BU08556303,Tilburg,15,,,,,,,,
BU08556304,Tilburg,10,,,,,,,,
BU08556401,Tilburg,35,10.0,5.0,10.0,0.0,5.0,0.0,0.0,5.0
BU08556402,Tilburg,35,0.0,5.0,20.0,0.0,5.0,5.0,0.0,5.0
BU08556403,Tilburg,0,,,,,,,,
BU08556501,Tilburg,20,,,,,,,,
BU08556601,Tilburg,10,,,,,,,,
BU08556602,Tilburg,30,0.0,5.0,0.0,5.0,5.0,10.0,0.0,0.0
BU08556603,Tilburg,45,0.0,5.0,5.0,5.0,0.0,20.0,5.0,5.0
BU08556604,Tilburg,20,,,,,,,,
BU08556605,Tilburg,40,0.0,10.0,10.0,5.0,5.0,5.0,0.0,0.0
BU08556606,Tilburg,270,5.0,35.0,35.0,15.0,20.0,70.0,60.0,30.0
BU08556607,Tilburg,95,0.0,10.0,5.0,0.0,10.0,35.0,20.0,15.0
BU08556608,Tilburg,210,0.0,15.0,20.0,15.0,15.0,75.0,45.0,20.0
BU08556609,Tilburg,155,0.0,20.0,15.0,10.0,15.0,40.0,35.0,20.0
BU08556610,Tilburg,135,0.0,5.0,30.0,5.0,5.0,30.0,45.0,10.0
BU08556611,Tilburg,130,0.0,20.0,20.0,5.0,5.0,40.0,25.0,10.0
BU08556612,Tilburg,185,0.0,10.0,30.0,10.0,25.0,65.0,30.0,20.0
BU08556613,Tilburg,145,0.0,20.0,20.0,10.0,30.0,40.0,20.0,10.0
BU08556614,Tilburg,50,0.0,5.0,10.0,5.0,5.0,15.0,5.0,5.0
BU08556615,Tilburg,35,0.0,10.0,10.0,0.0,0.0,5.0,0.0,0.0
BU08556616,Tilburg,10,,,,,,,,
BU08556617,Tilburg,30,0.0,5.0,5.0,0.0,5.0,15.0,5.0,0.0
BU08556618,Tilburg,15,,,,,,,,
BU08556619,Tilburg,0,,,,,,,,
BU08556620,Tilburg,10,,,,,,,,
BU08556701,Tilburg,20,,,,,,,,
BU08556702,Tilburg,195,0.0,30.0,35.0,15.0,20.0,45.0,35.0,20.0
BU08556703,Tilburg,35,0.0,0.0,0.0,5.0,5.0,10.0,10.0,5.0
BU08556704,Tilburg,90,0.0,10.0,15.0,5.0,5.0,25.0,15.0,15.0
BU08556705,Tilburg,155,5.0,15.0,25.0,15.0,5.0,40.0,30.0,20.0
BU08556706,Tilburg,290,5.0,45.0,55.0,20.0,25.0,60.0,55.0,40.0
BU08556707,Tilburg,160,0.0,45.0,60.0,10.0,15.0,20.0,5.0,5.0
BU08556708,Tilburg,25,5.0,0.0,5.0,0.0,5.0,0.0,5.0,0.0
BU08556709,Tilburg,45,15.0,5.0,5.0,0.0,5.0,10.0,5.0,0.0
BU08556710,Tilburg,75,20.0,5.0,10.0,5.0,10.0,10.0,5.0,5.0
BU08556801,Tilburg,110,10.0,25.0,10.0,10.0,5.0,20.0,15.0,5.0
BU08556802,Tilburg,15,,,,,,,,
BU08556803,Tilburg,130,40.0,15.0,20.0,5.0,15.0,20.0,10.0,5.0
BU01830000,Tubbergen,475,10.0,65.0,120.0,20.0,45.0,70.0,95.0,45.0
BU01830008,Tubbergen,100,35.0,15.0,15.0,5.0,5.0,5.0,10.0,10.0
BU01830009,Tubbergen,170,35.0,25.0,40.0,5.0,25.0,15.0,20.0,10.0
BU01830100,Tubbergen,215,10.0,45.0,45.0,15.0,20.0,35.0,30.0,20.0
BU01830109,Tubbergen,250,70.0,35.0,35.0,5.0,25.0,30.0,25.0,20.0
BU01830200,Tubbergen,110,0.0,20.0,20.0,10.0,10.0,30.0,10.0,10.0
BU01830201,Tubbergen,35,0.0,5.0,10.0,0.0,5.0,5.0,10.0,5.0
BU01830209,Tubbergen,75,20.0,15.0,10.0,0.0,5.0,10.0,10.0,5.0
BU01830300,Tubbergen,275,5.0,55.0,65.0,15.0,35.0,45.0,30.0,25.0
BU01830309,Tubbergen,345,135.0,55.0,55.0,10.0,25.0,40.0,15.0,15.0
BU01830400,Tubbergen,70,5.0,10.0,10.0,5.0,5.0,15.0,10.0,10.0
BU01830409,Tubbergen,100,45.0,20.0,15.0,0.0,5.0,5.0,5.0,5.0
BU01830500,Tubbergen,90,5.0,10.0,25.0,5.0,5.0,20.0,20.0,10.0
BU01830507,Tubbergen,40,20.0,5.0,5.0,0.0,5.0,5.0,0.0,5.0
BU01830508,Tubbergen,40,20.0,10.0,5.0,0.0,5.0,0.0,0.0,0.0
BU01830509,Tubbergen,75,35.0,10.0,15.0,5.0,0.0,5.0,5.0,0.0
BU01830600,Tubbergen,75,10.0,10.0,15.0,0.0,5.0,10.0,15.0,5.0
BU01830608,Tubbergen,25,15.0,0.0,0.0,0.0,5.0,0.0,0.0,0.0
BU01830609,Tubbergen,105,40.0,25.0,15.0,0.0,5.0,10.0,5.0,5.0
BU01830700,Tubbergen,65,5.0,10.0,10.0,0.0,10.0,10.0,10.0,10.0
BU01830709,Tubbergen,80,30.0,10.0,10.0,5.0,15.0,10.0,5.0,5.0
BU17000101,Twenterand,75,5.0,20.0,15.0,5.0,15.0,5.0,10.0,5.0
BU17000102,Twenterand,120,0.0,45.0,40.0,5.0,10.0,10.0,5.0,5.0
BU17000103,Twenterand,40,0.0,10.0,10.0,0.0,0.0,5.0,5.0,10.0
BU17000104,Twenterand,325,5.0,45.0,70.0,25.0,40.0,50.0,65.0,25.0
BU17000105,Twenterand,140,5.0,20.0,35.0,5.0,15.0,25.0,25.0,10.0
BU17000106,Twenterand,120,0.0,20.0,15.0,5.0,15.0,30.0,20.0,20.0
BU17000107,Twenterand,240,0.0,45.0,70.0,5.0,20.0,35.0,35.0,35.0
BU17000108,Twenterand,130,10.0,25.0,30.0,5.0,15.0,20.0,15.0,10.0
BU17000201,Twenterand,40,0.0,15.0,5.0,0.0,5.0,5.0,5.0,5.0
BU17000202,Twenterand,140,0.0,50.0,40.0,5.0,10.0,20.0,10.0,10.0
BU17000203,Twenterand,155,5.0,45.0,30.0,5.0,5.0,20.0,30.0,15.0
BU17000204,Twenterand,15,,,,,,,,
BU17000205,Twenterand,70,25.0,10.0,10.0,0.0,5.0,10.0,5.0,5.0
BU17000301,Twenterand,80,35.0,10.0,10.0,0.0,5.0,10.0,5.0,5.0
BU17000302,Twenterand,340,10.0,50.0,70.0,15.0,40.0,55.0,65.0,35.0
BU17000303,Twenterand,105,25.0,25.0,20.0,5.0,5.0,10.0,5.0,10.0
BU17000304,Twenterand,125,25.0,30.0,25.0,0.0,5.0,15.0,15.0,10.0
BU17000401,Twenterand,60,10.0,20.0,5.0,0.0,5.0,10.0,5.0,5.0
BU17000402,Twenterand,365,5.0,90.0,60.0,10.0,30.0,45.0,85.0,45.0
BU17000403,Twenterand,75,0.0,30.0,25.0,10.0,5.0,5.0,0.0,0.0
BU17000404,Twenterand,45,5.0,10.0,10.0,0.0,0.0,10.0,5.0,5.0
BU17000405,Twenterand,270,5.0,50.0,90.0,10.0,25.0,30.0,30.0,25.0
BU17000406,Twenterand,45,25.0,10.0,5.0,0.0,0.0,5.0,5.0,0.0
BU17000501,Twenterand,30,5.0,10.0,5.0,0.0,0.0,5.0,0.0,0.0
BU17000502,Twenterand,40,25.0,5.0,5.0,0.0,0.0,0.0,0.0,5.0
BU17000503,Twenterand,60,10.0,10.0,15.0,5.0,5.0,5.0,0.0,5.0
BU17000601,Twenterand,45,25.0,5.0,5.0,0.0,0.0,5.0,0.0,0.0
BU17300000,Tynaarlo,575,5.0,60.0,140.0,30.0,65.0,130.0,95.0,55.0
BU17300001,Tynaarlo,240,0.0,25.0,20.0,20.0,15.0,70.0,65.0,20.0
BU17300009,Tynaarlo,0,,,,,,,,
BU17300100,Tynaarlo,60,5.0,10.0,10.0,0.0,5.0,15.0,10.0,10.0
BU17300109,Tynaarlo,15,,,,,,,,
BU17300200,Tynaarlo,35,5.0,5.0,5.0,0.0,0.0,10.0,10.0,5.0
BU17300209,Tynaarlo,5,,,,,,,,
BU17300300,Tynaarlo,35,0.0,5.0,5.0,0.0,0.0,10.0,5.0,5.0
BU17300309,Tynaarlo,40,0.0,5.0,10.0,0.0,5.0,10.0,10.0,5.0
BU17300400,Tynaarlo,125,0.0,15.0,15.0,10.0,10.0,25.0,30.0,15.0
BU17300401,Tynaarlo,75,0.0,10.0,10.0,5.0,10.0,20.0,20.0,5.0
BU17300402,Tynaarlo,25,0.0,5.0,0.0,0.0,0.0,5.0,15.0,5.0
BU17300403,Tynaarlo,5,,,,,,,,
BU17300500,Tynaarlo,20,,,,,,,,
BU17300509,Tynaarlo,15,,,,,,,,
BU17300600,Tynaarlo,490,10.0,25.0,60.0,30.0,50.0,130.0,130.0,50.0
BU17300609,Tynaarlo,5,,,,,,,,
BU17300700,Tynaarlo,570,15.0,60.0,75.0,40.0,45.0,160.0,135.0,50.0
BU17300701,Tynaarlo,140,0.0,15.0,30.0,20.0,5.0,45.0,15.0,10.0
BU17300709,Tynaarlo,30,0.0,0.0,5.0,0.0,5.0,5.0,5.0,5.0
BU17300800,Tynaarlo,45,0.0,5.0,5.0,0.0,5.0,15.0,10.0,5.0
BU17300805,Tynaarlo,340,0.0,10.0,15.0,20.0,50.0,135.0,85.0,20.0
BU17300809,Tynaarlo,45,0.0,0.0,10.0,0.0,5.0,10.0,10.0,0.0
BU17300900,Tynaarlo,380,5.0,35.0,60.0,20.0,30.0,75.0,100.0,50.0
BU17300909,Tynaarlo,10,,,,,,,,
BU17301000,Tynaarlo,40,5.0,5.0,5.0,0.0,5.0,5.0,5.0,5.0
BU17301009,Tynaarlo,25,10.0,5.0,5.0,0.0,0.0,5.0,5.0,0.0
BU17301100,Tynaarlo,30,5.0,0.0,5.0,0.0,10.0,5.0,5.0,5.0
BU17301101,Tynaarlo,20,,,,,,,,
BU17301108,Tynaarlo,0,,,,,,,,
BU17301109,Tynaarlo,25,15.0,5.0,0.0,0.0,0.0,5.0,0.0,0.0
BU17301200,Tynaarlo,85,5.0,15.0,15.0,5.0,5.0,20.0,10.0,10.0
BU17301201,Tynaarlo,45,5.0,10.0,10.0,0.0,5.0,10.0,5.0,0.0
BU17301208,Tynaarlo,10,,,,,,,,
BU17301209,Tynaarlo,10,,,,,,,,
BU17301300,Tynaarlo,345,10.0,50.0,90.0,15.0,40.0,65.0,45.0,30.0
BU17301309,Tynaarlo,40,10.0,5.0,5.0,0.0,0.0,5.0,5.0,5.0
BU17301400,Tynaarlo,30,5.0,0.0,10.0,5.0,0.0,10.0,0.0,5.0
BU17301401,Tynaarlo,10,,,,,,,,
BU17301402,Tynaarlo,10,,,,,,,,
BU17301407,Tynaarlo,25,0.0,5.0,5.0,0.0,0.0,5.0,10.0,0.0
BU17301408,Tynaarlo,5,,,,,,,,
BU17301409,Tynaarlo,5,,,,,,,,
BU17301500,Tynaarlo,85,5.0,10.0,15.0,5.0,10.0,20.0,15.0,5.0
BU17301509,Tynaarlo,25,10.0,0.0,0.0,0.0,0.0,5.0,5.0,5.0
BU07370000,Tytsjerksteradiel,785,5.0,115.0,185.0,50.0,60.0,155.0,125.0,95.0
BU07370009,Tytsjerksteradiel,95,20.0,15.0,15.0,5.0,5.0,20.0,5.0,5.0
BU07370100,Tytsjerksteradiel,70,5.0,15.0,10.0,0.0,5.0,10.0,15.0,5.0
BU07370101,Tytsjerksteradiel,180,0.0,25.0,25.0,10.0,15.0,40.0,40.0,20.0
BU07370102,Tytsjerksteradiel,55,15.0,5.0,5.0,0.0,0.0,15.0,5.0,5.0
BU07370108,Tytsjerksteradiel,30,10.0,5.0,0.0,0.0,5.0,5.0,0.0,5.0
BU07370109,Tytsjerksteradiel,15,,,,,,,,
BU07370200,Tytsjerksteradiel,60,5.0,5.0,10.0,5.0,10.0,15.0,10.0,5.0
BU07370201,Tytsjerksteradiel,205,5.0,25.0,30.0,15.0,15.0,55.0,35.0,25.0
BU07370208,Tytsjerksteradiel,10,,,,,,,,
BU07370209,Tytsjerksteradiel,25,5.0,5.0,5.0,0.0,5.0,5.0,0.0,0.0
BU07370300,Tytsjerksteradiel,70,5.0,15.0,5.0,10.0,0.0,20.0,15.0,5.0
BU07370309,Tytsjerksteradiel,25,5.0,0.0,5.0,0.0,5.0,0.0,5.0,0.0
BU07370400,Tytsjerksteradiel,145,5.0,20.0,25.0,5.0,10.0,40.0,25.0,15.0
BU07370401,Tytsjerksteradiel,75,10.0,10.0,5.0,5.0,5.0,20.0,15.0,5.0
BU07370408,Tytsjerksteradiel,35,15.0,5.0,5.0,0.0,5.0,5.0,5.0,0.0
BU07370409,Tytsjerksteradiel,20,,,,,,,,
BU07370500,Tytsjerksteradiel,75,0.0,5.0,15.0,10.0,5.0,10.0,10.0,10.0
BU07370501,Tytsjerksteradiel,160,5.0,35.0,35.0,10.0,5.0,25.0,20.0,20.0
BU07370508,Tytsjerksteradiel,15,,,,,,,,
BU07370509,Tytsjerksteradiel,65,25.0,10.0,10.0,5.0,0.0,10.0,5.0,5.0
BU07370600,Tytsjerksteradiel,115,5.0,35.0,25.0,5.0,5.0,25.0,10.0,10.0
BU07370609,Tytsjerksteradiel,75,20.0,20.0,10.0,5.0,5.0,5.0,5.0,10.0
BU07370700,Tytsjerksteradiel,155,10.0,35.0,25.0,5.0,15.0,35.0,15.0,15.0
BU07370701,Tytsjerksteradiel,45,0.0,15.0,10.0,0.0,0.0,5.0,10.0,5.0
BU07370708,Tytsjerksteradiel,60,25.0,5.0,15.0,0.0,0.0,5.0,5.0,0.0
BU07370709,Tytsjerksteradiel,60,10.0,10.0,20.0,5.0,5.0,5.0,5.0,0.0
BU07370800,Tytsjerksteradiel,125,5.0,35.0,20.0,5.0,0.0,20.0,20.0,15.0
BU07370809,Tytsjerksteradiel,120,15.0,25.0,20.0,5.0,10.0,15.0,10.0,15.0
BU07370900,Tytsjerksteradiel,355,0.0,50.0,65.0,20.0,15.0,80.0,70.0,50.0
BU07370909,Tytsjerksteradiel,45,15.0,5.0,5.0,0.0,5.0,5.0,5.0,0.0
BU04500001,Uitgeest,295,0.0,50.0,50.0,20.0,25.0,70.0,45.0,35.0
BU04500002,Uitgeest,235,0.0,30.0,35.0,15.0,15.0,75.0,50.0,15.0
BU04500003,Uitgeest,235,0.0,25.0,35.0,15.0,30.0,55.0,55.0,15.0
BU04500004,Uitgeest,505,5.0,100.0,85.0,25.0,50.0,115.0,65.0,60.0
BU04500005,Uitgeest,230,0.0,55.0,60.0,10.0,20.0,40.0,30.0,15.0
BU04500006,Uitgeest,120,20.0,20.0,15.0,5.0,10.0,15.0,15.0,15.0
BU04511500,Uithoorn,250,0.0,20.0,85.0,10.0,10.0,50.0,40.0,30.0
BU04512500,Uithoorn,305,0.0,55.0,40.0,35.0,15.0,65.0,55.0,35.0
BU04513500,Uithoorn,615,5.0,90.0,110.0,55.0,30.0,150.0,120.0,60.0
BU04514500,Uithoorn,850,5.0,115.0,95.0,105.0,75.0,225.0,160.0,70.0
BU04515000,Uithoorn,110,5.0,5.0,15.0,10.0,20.0,30.0,15.0,10.0
BU04515500,Uithoorn,160,10.0,10.0,80.0,10.0,30.0,20.0,0.0,5.0
BU04516500,Uithoorn,530,0.0,50.0,55.0,55.0,60.0,150.0,90.0,65.0
BU04517500,Uithoorn,495,0.0,95.0,145.0,35.0,55.0,100.0,25.0,40.0
BU04518500,Uithoorn,460,35.0,100.0,50.0,30.0,35.0,105.0,55.0,50.0
BU04519000,Uithoorn,165,50.0,10.0,40.0,5.0,35.0,15.0,0.0,5.0
BU04519500,Uithoorn,35,5.0,5.0,10.0,0.0,0.0,5.0,0.0,5.0
BU01840000,Urk,255,10.0,40.0,75.0,15.0,30.0,25.0,25.0,30.0
BU01840002,Urk,0,,,,,,,,
BU01840003,Urk,95,5.0,30.0,15.0,5.0,10.0,10.0,15.0,5.0
BU01840004,Urk,380,10.0,105.0,120.0,35.0,45.0,30.0,10.0,15.0
BU01840006,Urk,155,10.0,40.0,25.0,15.0,20.0,20.0,20.0,10.0
BU01840007,Urk,340,25.0,80.0,50.0,35.0,50.0,40.0,35.0,25.0
BU01840008,Urk,300,15.0,75.0,55.0,25.0,30.0,35.0,35.0,30.0
BU01840009,Urk,25,5.0,0.0,5.0,0.0,5.0,5.0,5.0,0.0
BU01840010,Urk,450,10.0,95.0,60.0,45.0,60.0,75.0,55.0,45.0
BU01840011,Urk,120,5.0,30.0,15.0,15.0,15.0,20.0,10.0,10.0
BU01840015,Urk,160,10.0,40.0,45.0,10.0,20.0,25.0,5.0,10.0
BU03440111,Utrecht,295,0.0,5.0,35.0,30.0,25.0,110.0,60.0,35.0
BU03440112,Utrecht,575,0.0,15.0,35.0,55.0,30.0,245.0,120.0,75.0
BU03440113,Utrecht,185,0.0,5.0,5.0,10.0,10.0,60.0,50.0,40.0
BU03440114,Utrecht,185,0.0,15.0,20.0,15.0,5.0,45.0,45.0,35.0
BU03440121,Utrecht,385,0.0,20.0,95.0,45.0,10.0,85.0,55.0,85.0
BU03440122,Utrecht,175,0.0,5.0,15.0,20.0,5.0,70.0,35.0,25.0
BU03440123,Utrecht,835,0.0,40.0,75.0,85.0,25.0,250.0,170.0,185.0
BU03440124,Utrecht,635,0.0,50.0,70.0,60.0,35.0,195.0,120.0,105.0
BU03440131,Utrecht,815,0.0,45.0,70.0,105.0,30.0,220.0,185.0,165.0
BU03440132,Utrecht,600,0.0,60.0,75.0,80.0,30.0,185.0,45.0,120.0
BU03440133,Utrecht,1105,0.0,155.0,240.0,195.0,95.0,295.0,65.0,60.0
BU03440211,Utrecht,885,0.0,35.0,110.0,110.0,35.0,280.0,165.0,145.0
BU03440212,Utrecht,255,0.0,15.0,25.0,30.0,5.0,70.0,55.0,50.0
BU03440221,Utrecht,260,0.0,25.0,15.0,30.0,10.0,75.0,50.0,55.0
BU03440222,Utrecht,555,0.0,75.0,45.0,60.0,20.0,155.0,130.0,70.0
BU03440223,Utrecht,705,0.0,50.0,115.0,75.0,35.0,190.0,105.0,135.0
BU03440224,Utrecht,475,0.0,30.0,75.0,50.0,15.0,120.0,80.0,100.0
BU03440231,Utrecht,375,0.0,35.0,50.0,40.0,10.0,95.0,65.0,80.0
BU03440232,Utrecht,590,0.0,55.0,60.0,65.0,25.0,145.0,120.0,115.0
BU03440233,Utrecht,425,0.0,50.0,65.0,35.0,10.0,95.0,100.0,65.0
BU03440241,Utrecht,370,0.0,40.0,45.0,50.0,5.0,100.0,65.0,70.0
BU03440242,Utrecht,450,0.0,50.0,60.0,65.0,10.0,100.0,110.0,60.0
BU03440243,Utrecht,100,0.0,10.0,10.0,20.0,0.0,30.0,25.0,5.0
BU03440244,Utrecht,405,0.0,55.0,45.0,45.0,15.0,105.0,80.0,60.0
BU03440311,Utrecht,470,0.0,70.0,45.0,80.0,5.0,100.0,100.0,75.0
BU03440312,Utrecht,355,0.0,40.0,45.0,55.0,5.0,75.0,90.0,45.0
BU03440321,Utrecht,430,0.0,30.0,130.0,60.0,5.0,95.0,65.0,55.0
BU03440322,Utrecht,305,0.0,35.0,40.0,60.0,5.0,40.0,95.0,35.0
BU03440331,Utrecht,520,0.0,50.0,60.0,60.0,10.0,135.0,140.0,60.0
BU03440332,Utrecht,280,0.0,35.0,20.0,35.0,0.0,70.0,80.0,30.0
BU03440333,Utrecht,495,0.0,80.0,190.0,25.0,30.0,80.0,50.0,40.0
BU03440341,Utrecht,390,0.0,50.0,45.0,60.0,10.0,70.0,120.0,35.0
BU03440342,Utrecht,325,0.0,60.0,50.0,60.0,5.0,60.0,70.0,20.0
BU03440343,Utrecht,85,5.0,10.0,20.0,5.0,10.0,15.0,5.0,15.0
BU03440411,Utrecht,650,0.0,20.0,65.0,65.0,25.0,245.0,130.0,100.0
BU03440412,Utrecht,585,0.0,25.0,40.0,75.0,35.0,215.0,110.0,95.0
BU03440413,Utrecht,245,0.0,20.0,20.0,25.0,5.0,75.0,50.0,45.0
BU03440414,Utrecht,365,0.0,10.0,30.0,45.0,20.0,130.0,70.0,60.0
BU03440415,Utrecht,645,0.0,25.0,60.0,80.0,40.0,230.0,120.0,95.0
BU03440421,Utrecht,870,0.0,35.0,50.0,75.0,80.0,335.0,215.0,85.0
BU03440422,Utrecht,410,0.0,15.0,50.0,45.0,25.0,115.0,105.0,55.0
BU03440423,Utrecht,650,0.0,25.0,25.0,65.0,50.0,260.0,155.0,75.0
BU03440431,Utrecht,170,0.0,5.0,20.0,20.0,10.0,60.0,35.0,20.0
BU03440432,Utrecht,605,0.0,20.0,35.0,55.0,55.0,225.0,140.0,75.0
BU03440433,Utrecht,1210,0.0,50.0,120.0,110.0,100.0,410.0,265.0,160.0
BU03440511,Utrecht,1455,0.0,35.0,165.0,125.0,175.0,500.0,260.0,190.0
BU03440512,Utrecht,940,0.0,40.0,85.0,75.0,75.0,330.0,210.0,130.0
BU03440521,Utrecht,325,0.0,15.0,35.0,20.0,25.0,100.0,65.0,65.0
BU03440522,Utrecht,90,0.0,15.0,10.0,5.0,5.0,20.0,15.0,15.0
BU03440523,Utrecht,285,0.0,15.0,45.0,30.0,10.0,70.0,70.0,45.0
BU03440524,Utrecht,405,0.0,20.0,30.0,50.0,15.0,125.0,80.0,80.0
BU03440525,Utrecht,170,0.0,10.0,20.0,15.0,0.0,50.0,35.0,40.0
BU03440526,Utrecht,70,0.0,5.0,5.0,5.0,5.0,15.0,10.0,20.0
BU03440531,Utrecht,650,0.0,15.0,60.0,45.0,45.0,210.0,160.0,115.0
BU03440532,Utrecht,700,0.0,15.0,30.0,35.0,115.0,300.0,160.0,45.0
BU03440533,Utrecht,295,0.0,10.0,30.0,45.0,5.0,80.0,60.0,65.0
BU03440534,Utrecht,695,0.0,30.0,60.0,80.0,115.0,255.0,110.0,45.0
BU03440535,Utrecht,160,0.0,5.0,20.0,20.0,20.0,55.0,35.0,10.0
BU03440611,Utrecht,945,0.0,30.0,325.0,75.0,55.0,205.0,110.0,150.0
BU03440612,Utrecht,735,0.0,15.0,350.0,55.0,35.0,130.0,70.0,75.0
BU03440613,Utrecht,805,0.0,50.0,185.0,100.0,90.0,210.0,90.0,75.0
BU03440621,Utrecht,400,0.0,15.0,85.0,55.0,15.0,95.0,50.0,85.0
BU03440622,Utrecht,780,0.0,25.0,145.0,65.0,40.0,220.0,110.0,165.0
BU03440623,Utrecht,310,0.0,15.0,50.0,30.0,10.0,80.0,55.0,70.0
BU03440624,Utrecht,505,0.0,20.0,45.0,50.0,30.0,155.0,100.0,110.0
BU03440625,Utrecht,665,0.0,20.0,100.0,60.0,50.0,185.0,135.0,120.0
BU03440626,Utrecht,330,0.0,10.0,20.0,25.0,45.0,130.0,60.0,45.0
BU03440627,Utrecht,100,0.0,5.0,10.0,10.0,10.0,30.0,20.0,15.0
BU03440628,Utrecht,450,0.0,10.0,20.0,45.0,30.0,170.0,115.0,65.0
BU03440711,Utrecht,570,0.0,25.0,55.0,70.0,15.0,160.0,135.0,100.0
BU03440712,Utrecht,715,5.0,40.0,40.0,105.0,15.0,215.0,185.0,110.0
BU03440721,Utrecht,595,0.0,30.0,90.0,70.0,10.0,180.0,105.0,115.0
BU03440722,Utrecht,360,0.0,30.0,35.0,35.0,20.0,115.0,75.0,45.0
BU03440723,Utrecht,295,0.0,10.0,20.0,30.0,15.0,100.0,85.0,35.0
BU03440731,Utrecht,75,0.0,5.0,5.0,10.0,0.0,25.0,15.0,10.0
BU03440732,Utrecht,190,0.0,5.0,25.0,30.0,5.0,55.0,45.0,25.0
BU03440733,Utrecht,275,0.0,20.0,20.0,40.0,0.0,65.0,85.0,45.0
BU03440811,Utrecht,790,0.0,25.0,75.0,75.0,50.0,265.0,160.0,135.0
BU03440812,Utrecht,1230,0.0,80.0,125.0,125.0,40.0,390.0,280.0,195.0
BU03440821,Utrecht,690,0.0,40.0,125.0,140.0,75.0,205.0,70.0,40.0
BU03440822,Utrecht,605,0.0,35.0,65.0,110.0,15.0,165.0,95.0,115.0
BU03440823,Utrecht,490,0.0,30.0,55.0,70.0,15.0,140.0,110.0,65.0
BU03440831,Utrecht,810,0.0,115.0,115.0,105.0,20.0,170.0,190.0,90.0
BU03440832,Utrecht,805,0.0,80.0,125.0,110.0,10.0,185.0,185.0,110.0
BU03440911,Utrecht,275,0.0,40.0,100.0,25.0,20.0,45.0,20.0,25.0
BU03440912,Utrecht,585,0.0,40.0,50.0,95.0,40.0,195.0,130.0,40.0
BU03440913,Utrecht,665,0.0,35.0,105.0,95.0,25.0,190.0,145.0,70.0
BU03440921,Utrecht,710,0.0,55.0,65.0,90.0,50.0,230.0,160.0,70.0
BU03440922,Utrecht,460,0.0,30.0,40.0,75.0,20.0,125.0,110.0,60.0
BU03440931,Utrecht,470,0.0,15.0,105.0,55.0,40.0,130.0,75.0,50.0
BU03440932,Utrecht,170,0.0,15.0,10.0,30.0,5.0,65.0,30.0,15.0
BU03440933,Utrecht,365,0.0,25.0,25.0,65.0,15.0,110.0,95.0,30.0
BU03440934,Utrecht,180,0.0,15.0,15.0,25.0,5.0,50.0,50.0,25.0
BU03440941,Utrecht,375,0.0,25.0,25.0,55.0,20.0,125.0,90.0,40.0
BU03440942,Utrecht,365,0.0,40.0,45.0,60.0,15.0,90.0,95.0,30.0
BU03440943,Utrecht,510,0.0,35.0,45.0,60.0,45.0,160.0,105.0,55.0
BU03440951,Utrecht,180,0.0,15.0,25.0,20.0,10.0,60.0,35.0,15.0
BU03440952,Utrecht,0,,,,,,,,
BU03440953,Utrecht,565,0.0,55.0,55.0,105.0,60.0,170.0,55.0,70.0
BU03441011,Utrecht,55,0.0,5.0,20.0,5.0,5.0,10.0,5.0,0.0
BU03441012,Utrecht,125,15.0,10.0,20.0,5.0,15.0,30.0,15.0,15.0
BU03441013,Utrecht,1080,10.0,100.0,120.0,90.0,105.0,325.0,240.0,95.0
BU03441014,Utrecht,190,0.0,10.0,30.0,20.0,20.0,55.0,35.0,15.0
BU03441021,Utrecht,600,0.0,40.0,55.0,95.0,45.0,200.0,120.0,45.0
BU03441022,Utrecht,795,0.0,55.0,110.0,100.0,50.0,245.0,180.0,65.0
BU03441023,Utrecht,525,0.0,35.0,55.0,50.0,40.0,190.0,105.0,50.0
BU03441024,Utrecht,905,0.0,75.0,95.0,105.0,60.0,285.0,210.0,80.0
BU03441031,Utrecht,685,5.0,55.0,60.0,65.0,70.0,245.0,130.0,60.0
BU03441032,Utrecht,760,10.0,115.0,95.0,50.0,65.0,190.0,165.0,75.0
BU03441033,Utrecht,600,5.0,100.0,185.0,75.0,50.0,120.0,45.0,20.0
BU03441041,Utrecht,70,15.0,10.0,5.0,5.0,5.0,20.0,5.0,5.0
BU15810000,Utrechtse Heuvelrug,700,5.0,50.0,110.0,40.0,65.0,230.0,145.0,60.0
BU15810001,Utrechtse Heuvelrug,150,5.0,25.0,25.0,10.0,20.0,40.0,25.0,10.0
BU15810002,Utrechtse Heuvelrug,300,0.0,15.0,20.0,15.0,40.0,120.0,60.0,20.0
BU15810003,Utrechtse Heuvelrug,175,0.0,15.0,15.0,10.0,10.0,55.0,40.0,25.0
BU15810004,Utrechtse Heuvelrug,155,0.0,20.0,10.0,15.0,5.0,50.0,35.0,15.0
BU15810007,Utrechtse Heuvelrug,45,0.0,5.0,5.0,0.0,5.0,15.0,5.0,5.0
BU15810008,Utrechtse Heuvelrug,55,0.0,0.0,15.0,5.0,5.0,10.0,15.0,5.0
BU15810009,Utrechtse Heuvelrug,115,15.0,10.0,15.0,5.0,10.0,35.0,15.0,10.0
BU15810101,Utrechtse Heuvelrug,15,,,,,,,,
BU15810102,Utrechtse Heuvelrug,75,20.0,5.0,5.0,5.0,5.0,15.0,15.0,5.0
BU15810103,Utrechtse Heuvelrug,340,0.0,15.0,15.0,15.0,35.0,140.0,95.0,20.0
BU15810104,Utrechtse Heuvelrug,70,0.0,0.0,5.0,10.0,5.0,30.0,5.0,10.0
BU15810105,Utrechtse Heuvelrug,370,0.0,40.0,30.0,30.0,25.0,120.0,85.0,45.0
BU15810106,Utrechtse Heuvelrug,655,0.0,55.0,135.0,25.0,50.0,190.0,125.0,70.0
BU15810107,Utrechtse Heuvelrug,250,0.0,25.0,30.0,15.0,15.0,75.0,55.0,30.0
BU15810108,Utrechtse Heuvelrug,580,5.0,45.0,50.0,45.0,30.0,170.0,180.0,50.0
BU15810109,Utrechtse Heuvelrug,505,5.0,15.0,15.0,35.0,70.0,220.0,110.0,40.0
BU15810110,Utrechtse Heuvelrug,80,5.0,5.0,5.0,5.0,10.0,20.0,25.0,0.0
BU15810200,Utrechtse Heuvelrug,965,10.0,130.0,135.0,60.0,80.0,270.0,175.0,100.0
BU15810201,Utrechtse Heuvelrug,25,0.0,0.0,0.0,5.0,5.0,10.0,0.0,5.0
BU15810206,Utrechtse Heuvelrug,20,,,,,,,,
BU15810207,Utrechtse Heuvelrug,70,15.0,10.0,5.0,5.0,5.0,25.0,5.0,0.0
BU15810208,Utrechtse Heuvelrug,15,,,,,,,,
BU15810209,Utrechtse Heuvelrug,55,20.0,10.0,5.0,0.0,10.0,5.0,5.0,5.0
BU15810300,Utrechtse Heuvelrug,710,5.0,95.0,105.0,45.0,65.0,195.0,125.0,70.0
BU15810302,Utrechtse Heuvelrug,280,45.0,70.0,40.0,10.0,15.0,40.0,40.0,15.0
BU15810308,Utrechtse Heuvelrug,20,,,,,,,,
BU15810309,Utrechtse Heuvelrug,70,20.0,10.0,5.0,0.0,5.0,15.0,10.0,0.0
BU15810400,Utrechtse Heuvelrug,670,5.0,45.0,65.0,50.0,65.0,225.0,155.0,65.0
BU15810402,Utrechtse Heuvelrug,275,5.0,35.0,45.0,15.0,65.0,60.0,25.0,30.0
BU15810403,Utrechtse Heuvelrug,30,0.0,0.0,5.0,0.0,0.0,10.0,5.0,0.0
BU15810408,Utrechtse Heuvelrug,145,10.0,15.0,20.0,5.0,20.0,45.0,20.0,10.0
BU15810409,Utrechtse Heuvelrug,60,15.0,5.0,15.0,0.0,5.0,5.0,0.0,10.0
BU09810000,Vaals,130,5.0,15.0,25.0,5.0,5.0,30.0,20.0,25.0
BU09810001,Vaals,15,,,,,,,,
BU09810003,Vaals,10,,,,,,,,
BU09810005,Vaals,85,5.0,15.0,20.0,5.0,5.0,15.0,10.0,15.0
BU09810006,Vaals,20,,,,,,,,
BU09810007,Vaals,35,5.0,0.0,10.0,0.0,0.0,5.0,0.0,10.0
BU09810008,Vaals,20,,,,,,,,
BU09810009,Vaals,20,,,,,,,,
BU09810100,Vaals,495,5.0,65.0,135.0,35.0,25.0,85.0,80.0,65.0
BU09940000,Valkenburg aan de Geul,640,0.0,35.0,250.0,25.0,55.0,100.0,85.0,90.0
BU09940001,Valkenburg aan de Geul,170,0.0,15.0,40.0,5.0,15.0,35.0,35.0,25.0
BU09940002,Valkenburg aan de Geul,105,0.0,20.0,10.0,5.0,10.0,15.0,25.0,15.0
BU09940003,Valkenburg aan de Geul,35,0.0,5.0,5.0,0.0,5.0,10.0,5.0,5.0
BU09940004,Valkenburg aan de Geul,20,,,,,,,,
BU09940005,Valkenburg aan de Geul,35,0.0,10.0,15.0,5.0,0.0,5.0,5.0,0.0
BU09940006,Valkenburg aan de Geul,60,0.0,5.0,20.0,0.0,5.0,10.0,10.0,10.0
BU09940007,Valkenburg aan de Geul,45,0.0,0.0,15.0,0.0,5.0,10.0,10.0,5.0
BU09940008,Valkenburg aan de Geul,0,,,,,,,,
BU09940100,Valkenburg aan de Geul,110,0.0,10.0,15.0,10.0,10.0,30.0,20.0,15.0
BU09940101,Valkenburg aan de Geul,60,0.0,10.0,5.0,5.0,0.0,15.0,10.0,15.0
BU09940102,Valkenburg aan de Geul,20,,,,,,,,
BU09940103,Valkenburg aan de Geul,0,,,,,,,,
BU09940104,Valkenburg aan de Geul,15,,,,,,,,
BU09940200,Valkenburg aan de Geul,75,0.0,5.0,25.0,5.0,0.0,15.0,15.0,10.0
BU09940201,Valkenburg aan de Geul,30,5.0,5.0,5.0,0.0,0.0,5.0,10.0,0.0
BU09940202,Valkenburg aan de Geul,20,,,,,,,,
BU09940203,Valkenburg aan de Geul,35,0.0,5.0,10.0,0.0,0.0,5.0,5.0,5.0
BU09940204,Valkenburg aan de Geul,0,,,,,,,,
BU09940205,Valkenburg aan de Geul,5,,,,,,,,
BU09940206,Valkenburg aan de Geul,0,,,,,,,,
BU09940300,Valkenburg aan de Geul,120,5.0,15.0,20.0,5.0,10.0,30.0,15.0,25.0
BU09940301,Valkenburg aan de Geul,40,5.0,10.0,5.0,0.0,5.0,10.0,5.0,5.0
BU09940302,Valkenburg aan de Geul,0,,,,,,,,
BU09940400,Valkenburg aan de Geul,285,5.0,20.0,50.0,15.0,25.0,60.0,60.0,50.0
BU09940401,Valkenburg aan de Geul,25,5.0,5.0,5.0,0.0,5.0,5.0,0.0,5.0
BU09940402,Valkenburg aan de Geul,100,5.0,15.0,20.0,5.0,5.0,30.0,15.0,10.0
BU09940403,Valkenburg aan de Geul,20,,,,,,,,
BU09940404,Valkenburg aan de Geul,15,,,,,,,,
BU09940405,Valkenburg aan de Geul,0,,,,,,,,
BU09940406,Valkenburg aan de Geul,0,,,,,,,,
BU09940500,Valkenburg aan de Geul,20,,,,,,,,
BU08580000,Valkenswaard,785,0.0,60.0,215.0,40.0,90.0,185.0,120.0,75.0
BU08580001,Valkenswaard,305,0.0,60.0,60.0,10.0,25.0,65.0,55.0,35.0
BU08580002,Valkenswaard,200,0.0,30.0,35.0,10.0,25.0,40.0,40.0,20.0
BU08580003,Valkenswaard,360,5.0,60.0,55.0,25.0,40.0,85.0,50.0,45.0
BU08580004,Valkenswaard,335,5.0,45.0,65.0,15.0,40.0,85.0,40.0,40.0
BU08580005,Valkenswaard,195,0.0,25.0,50.0,15.0,15.0,35.0,20.0,30.0
BU08580006,Valkenswaard,250,0.0,45.0,40.0,10.0,30.0,50.0,35.0,35.0
BU08580007,Valkenswaard,210,0.0,50.0,80.0,10.0,30.0,30.0,5.0,5.0
BU08580009,Valkenswaard,225,20.0,50.0,55.0,10.0,20.0,50.0,10.0,15.0
BU08580100,Valkenswaard,30,0.0,5.0,10.0,0.0,0.0,5.0,5.0,5.0
BU08580101,Valkenswaard,140,0.0,30.0,20.0,5.0,15.0,30.0,20.0,20.0
BU08580102,Valkenswaard,165,0.0,35.0,25.0,10.0,10.0,25.0,40.0,20.0
BU08580103,Valkenswaard,130,0.0,25.0,15.0,15.0,10.0,30.0,25.0,10.0
BU08580104,Valkenswaard,10,,,,,,,,
BU08580105,Valkenswaard,105,0.0,20.0,10.0,10.0,10.0,25.0,15.0,15.0
BU08580106,Valkenswaard,185,0.0,30.0,35.0,5.0,20.0,45.0,30.0,20.0
BU08580200,Valkenswaard,90,5.0,20.0,20.0,0.0,5.0,15.0,15.0,10.0
BU08580201,Valkenswaard,40,10.0,5.0,5.0,0.0,0.0,5.0,0.0,5.0
BU08580208,Valkenswaard,45,20.0,5.0,5.0,0.0,0.0,5.0,5.0,0.0
BU08580209,Valkenswaard,50,15.0,5.0,10.0,5.0,0.0,5.0,5.0,5.0
BU00470000,Veendam,345,0.0,35.0,120.0,10.0,35.0,45.0,45.0,50.0
BU00470001,Veendam,260,0.0,55.0,85.0,15.0,10.0,45.0,30.0,25.0
BU00470002,Veendam,100,5.0,25.0,25.0,5.0,10.0,20.0,10.0,5.0
BU00470003,Veendam,175,0.0,25.0,30.0,10.0,15.0,50.0,30.0,20.0
BU00470004,Veendam,85,0.0,10.0,20.0,5.0,0.0,15.0,15.0,15.0
BU00470005,Veendam,355,5.0,55.0,45.0,25.0,20.0,80.0,80.0,45.0
BU00470006,Veendam,180,0.0,35.0,65.0,15.0,15.0,20.0,20.0,5.0
BU00470007,Veendam,140,0.0,15.0,15.0,10.0,20.0,35.0,25.0,20.0
BU00470100,Veendam,65,15.0,5.0,10.0,0.0,5.0,5.0,10.0,5.0
BU00470101,Veendam,110,10.0,25.0,20.0,10.0,10.0,15.0,20.0,10.0
BU00470102,Veendam,55,10.0,15.0,10.0,0.0,0.0,5.0,5.0,5.0
BU00470109,Veendam,45,15.0,0.0,5.0,0.0,0.0,5.0,10.0,5.0
BU00470200,Veendam,235,0.0,45.0,35.0,15.0,15.0,40.0,50.0,35.0
BU00470201,Veendam,130,10.0,25.0,30.0,10.0,0.0,25.0,20.0,15.0
BU00470202,Veendam,25,0.0,5.0,10.0,0.0,0.0,5.0,0.0,0.0
BU00470203,Veendam,15,,,,,,,,
BU00470209,Veendam,100,5.0,5.0,5.0,5.0,25.0,30.0,15.0,10.0
BU03450001,Veenendaal,95,0.0,10.0,30.0,5.0,10.0,15.0,10.0,15.0
BU03450002,Veenendaal,165,0.0,20.0,25.0,15.0,5.0,30.0,60.0,15.0
BU03450003,Veenendaal,130,0.0,20.0,20.0,5.0,5.0,30.0,30.0,20.0
BU03450099,Veenendaal,430,0.0,25.0,235.0,15.0,30.0,40.0,40.0,45.0
BU03450110,Veenendaal,335,0.0,55.0,50.0,20.0,20.0,90.0,70.0,35.0
BU03450111,Veenendaal,180,0.0,25.0,30.0,10.0,5.0,45.0,40.0,15.0
BU03450112,Veenendaal,145,0.0,15.0,55.0,10.0,25.0,35.0,5.0,5.0
BU03450113,Veenendaal,50,0.0,10.0,5.0,0.0,5.0,10.0,10.0,5.0
BU03450114,Veenendaal,210,0.0,25.0,20.0,15.0,30.0,55.0,45.0,25.0
BU03450116,Veenendaal,15,,,,,,,,
BU03450117,Veenendaal,300,0.0,30.0,35.0,20.0,30.0,85.0,65.0,30.0
BU03450118,Veenendaal,230,0.0,25.0,25.0,25.0,35.0,65.0,40.0,15.0
BU03450220,Veenendaal,235,0.0,25.0,30.0,20.0,30.0,45.0,55.0,35.0
BU03450221,Veenendaal,220,0.0,35.0,40.0,15.0,10.0,35.0,70.0,15.0
BU03450222,Veenendaal,215,0.0,35.0,30.0,20.0,20.0,55.0,35.0,20.0
BU03450223,Veenendaal,355,0.0,30.0,40.0,30.0,50.0,105.0,65.0,35.0
BU03450224,Veenendaal,250,0.0,20.0,35.0,25.0,25.0,70.0,50.0,25.0
BU03450225,Veenendaal,460,5.0,110.0,170.0,35.0,60.0,60.0,5.0,15.0
BU03450226,Veenendaal,10,,,,,,,,
BU03450227,Veenendaal,25,5.0,0.0,0.0,0.0,5.0,5.0,0.0,5.0
BU03450228,Veenendaal,20,,,,,,,,
BU03450330,Veenendaal,100,0.0,10.0,15.0,10.0,10.0,25.0,20.0,10.0
BU03450331,Veenendaal,540,0.0,80.0,110.0,45.0,30.0,110.0,100.0,70.0
BU03450332,Veenendaal,95,0.0,10.0,10.0,10.0,20.0,30.0,15.0,5.0
BU03450440,Veenendaal,195,0.0,40.0,35.0,15.0,5.0,25.0,50.0,25.0
BU03450441,Veenendaal,300,0.0,50.0,60.0,25.0,15.0,65.0,45.0,40.0
BU03450442,Veenendaal,225,5.0,40.0,35.0,20.0,10.0,60.0,35.0,25.0
BU03450443,Veenendaal,175,0.0,20.0,20.0,10.0,15.0,50.0,30.0,25.0
BU03450444,Veenendaal,255,0.0,40.0,60.0,20.0,40.0,65.0,15.0,20.0
BU03450445,Veenendaal,245,0.0,40.0,80.0,35.0,25.0,45.0,5.0,10.0
BU03450550,Veenendaal,220,0.0,35.0,35.0,15.0,5.0,40.0,55.0,25.0
BU03450551,Veenendaal,185,0.0,15.0,20.0,20.0,15.0,65.0,30.0,15.0
BU03450552,Veenendaal,245,0.0,25.0,50.0,15.0,15.0,60.0,50.0,30.0
BU03450553,Veenendaal,280,0.0,35.0,40.0,20.0,25.0,75.0,55.0,35.0
BU03450554,Veenendaal,185,0.0,15.0,15.0,15.0,15.0,55.0,50.0,20.0
BU03450555,Veenendaal,440,0.0,55.0,75.0,55.0,65.0,150.0,20.0,20.0
BU03450556,Veenendaal,15,,,,,,,,
BU03450557,Veenendaal,25,0.0,0.0,5.0,0.0,10.0,5.0,0.0,5.0
BU07170000,Veere,120,0.0,5.0,40.0,0.0,15.0,25.0,20.0,15.0
BU07170001,Veere,75,0.0,10.0,10.0,5.0,10.0,15.0,15.0,0.0
BU07170002,Veere,10,,,,,,,,
BU07170009,Veere,60,20.0,10.0,15.0,0.0,5.0,10.0,5.0,0.0
BU07170100,Veere,50,5.0,10.0,5.0,5.0,5.0,5.0,10.0,5.0
BU07170109,Veere,30,10.0,5.0,0.0,0.0,5.0,0.0,5.0,0.0
BU07170200,Veere,115,0.0,15.0,30.0,5.0,10.0,20.0,15.0,15.0
BU07170201,Veere,15,,,,,,,,
BU07170209,Veere,85,25.0,15.0,25.0,0.0,5.0,5.0,5.0,5.0
BU07170300,Veere,175,10.0,30.0,30.0,10.0,15.0,25.0,35.0,15.0
BU07170309,Veere,130,20.0,40.0,35.0,5.0,5.0,10.0,10.0,5.0
BU07170400,Veere,260,0.0,15.0,110.0,5.0,30.0,45.0,30.0,25.0
BU07170409,Veere,45,10.0,5.0,15.0,0.0,5.0,10.0,0.0,5.0
BU07170500,Veere,185,5.0,30.0,45.0,5.0,20.0,40.0,25.0,15.0
BU07170501,Veere,60,0.0,5.0,15.0,0.0,10.0,15.0,10.0,5.0
BU07170502,Veere,5,,,,,,,,
BU07170508,Veere,60,20.0,10.0,15.0,0.0,5.0,5.0,5.0,0.0
BU07170509,Veere,50,0.0,5.0,20.0,0.0,10.0,5.0,5.0,5.0
BU07170600,Veere,120,15.0,30.0,20.0,10.0,15.0,20.0,10.0,10.0
BU07170609,Veere,85,25.0,20.0,10.0,0.0,5.0,10.0,5.0,5.0
BU07170700,Veere,95,5.0,15.0,15.0,5.0,5.0,20.0,15.0,5.0
BU07170709,Veere,105,30.0,10.0,15.0,5.0,10.0,15.0,10.0,10.0
BU07170800,Veere,115,10.0,40.0,15.0,5.0,10.0,20.0,10.0,5.0
BU07170809,Veere,55,30.0,10.0,5.0,0.0,0.0,5.0,0.0,0.0
BU07170900,Veere,255,5.0,35.0,45.0,10.0,30.0,55.0,55.0,25.0
BU07170901,Veere,30,0.0,0.0,5.0,0.0,5.0,10.0,5.0,0.0
BU07170908,Veere,25,0.0,5.0,10.0,0.0,0.0,0.0,5.0,0.0
BU07170909,Veere,110,25.0,10.0,25.0,5.0,15.0,15.0,10.0,5.0
BU07171000,Veere,90,5.0,20.0,10.0,5.0,10.0,20.0,10.0,10.0
BU07171001,Veere,5,,,,,,,,
BU07171008,Veere,10,,,,,,,,
BU07171009,Veere,40,15.0,10.0,5.0,0.0,0.0,5.0,5.0,0.0
BU07171100,Veere,175,5.0,15.0,70.0,0.0,20.0,30.0,20.0,15.0
BU07171101,Veere,5,,,,,,,,
BU07171109,Veere,60,15.0,5.0,25.0,0.0,0.0,5.0,5.0,5.0
BU07171200,Veere,290,10.0,85.0,55.0,10.0,25.0,50.0,30.0,25.0
BU07171201,Veere,10,,,,,,,,
BU07171209,Veere,40,5.0,5.0,15.0,0.0,5.0,0.0,5.0,0.0
BU08610000,Veldhoven,940,5.0,170.0,200.0,45.0,120.0,165.0,130.0,105.0
BU08610001,Veldhoven,545,0.0,105.0,150.0,30.0,50.0,90.0,75.0,50.0
BU08610002,Veldhoven,610,0.0,85.0,100.0,35.0,65.0,150.0,100.0,80.0
BU08610003,Veldhoven,275,0.0,60.0,45.0,15.0,15.0,45.0,50.0,40.0
BU08610004,Veldhoven,275,0.0,45.0,45.0,10.0,25.0,50.0,65.0,35.0
BU08610005,Veldhoven,200,0.0,25.0,25.0,15.0,15.0,55.0,40.0,20.0
BU08610006,Veldhoven,370,0.0,45.0,110.0,25.0,10.0,75.0,60.0,45.0
BU08610009,Veldhoven,70,10.0,15.0,10.0,5.0,10.0,5.0,5.0,10.0
BU08610100,Veldhoven,255,0.0,35.0,25.0,20.0,10.0,70.0,50.0,40.0
BU08610101,Veldhoven,190,0.0,30.0,25.0,10.0,10.0,50.0,45.0,20.0
BU08610102,Veldhoven,305,0.0,25.0,40.0,20.0,30.0,100.0,60.0,30.0
BU08610103,Veldhoven,275,0.0,35.0,35.0,15.0,30.0,90.0,55.0,20.0
BU08610200,Veldhoven,315,0.0,45.0,35.0,15.0,55.0,75.0,65.0,25.0
BU08610201,Veldhoven,25,0.0,0.0,5.0,0.0,5.0,5.0,5.0,0.0
BU08610207,Veldhoven,85,0.0,10.0,15.0,5.0,10.0,15.0,15.0,10.0
BU08610208,Veldhoven,70,20.0,10.0,10.0,5.0,10.0,15.0,0.0,5.0
BU08610209,Veldhoven,165,0.0,30.0,40.0,15.0,15.0,40.0,20.0,5.0
BU04530000,Velsen,35,0.0,0.0,5.0,0.0,5.0,10.0,5.0,5.0
BU04530001,Velsen,190,0.0,20.0,20.0,5.0,35.0,55.0,40.0,15.0
BU04530002,Velsen,80,0.0,10.0,30.0,5.0,5.0,15.0,15.0,0.0
BU04530003,Velsen,160,0.0,15.0,10.0,15.0,15.0,60.0,30.0,20.0
BU04530004,Velsen,110,0.0,10.0,10.0,5.0,15.0,45.0,10.0,10.0
BU04530005,Velsen,165,0.0,15.0,20.0,5.0,15.0,60.0,40.0,15.0
BU04530100,Velsen,65,0.0,20.0,15.0,0.0,0.0,10.0,10.0,5.0
BU04530101,Velsen,145,0.0,55.0,25.0,10.0,5.0,20.0,15.0,20.0
BU04530102,Velsen,115,0.0,30.0,25.0,5.0,10.0,15.0,20.0,15.0
BU04530103,Velsen,225,0.0,55.0,55.0,15.0,15.0,30.0,20.0,35.0
BU04530104,Velsen,215,0.0,60.0,35.0,10.0,10.0,45.0,35.0,20.0
BU04530105,Velsen,125,0.0,35.0,40.0,10.0,5.0,15.0,10.0,15.0
BU04530106,Velsen,105,0.0,20.0,45.0,0.0,0.0,10.0,10.0,15.0
BU04530200,Velsen,210,0.0,50.0,40.0,15.0,10.0,50.0,30.0,20.0
BU04530201,Velsen,90,0.0,10.0,10.0,10.0,15.0,30.0,10.0,5.0
BU04530202,Velsen,65,0.0,15.0,10.0,0.0,0.0,15.0,15.0,10.0
BU04530203,Velsen,145,0.0,35.0,25.0,5.0,0.0,25.0,30.0,15.0
BU04530204,Velsen,50,0.0,10.0,5.0,0.0,5.0,5.0,15.0,10.0
BU04530205,Velsen,60,0.0,15.0,10.0,5.0,5.0,5.0,10.0,5.0
BU04530206,Velsen,170,0.0,40.0,30.0,10.0,5.0,35.0,35.0,15.0
BU04530300,Velsen,20,,,,,,,,
BU04530301,Velsen,125,0.0,30.0,30.0,10.0,5.0,20.0,10.0,15.0
BU04530302,Velsen,270,0.0,60.0,55.0,30.0,10.0,45.0,40.0,30.0
BU04530303,Velsen,630,0.0,155.0,220.0,70.0,50.0,95.0,15.0,25.0
BU04530400,Velsen,125,5.0,45.0,25.0,10.0,5.0,15.0,15.0,10.0
BU04530401,Velsen,80,0.0,25.0,15.0,10.0,0.0,10.0,10.0,10.0
BU04530402,Velsen,145,0.0,45.0,20.0,10.0,5.0,30.0,20.0,20.0
BU04530403,Velsen,45,0.0,5.0,20.0,5.0,0.0,5.0,5.0,10.0
BU04530404,Velsen,45,0.0,10.0,5.0,0.0,5.0,10.0,5.0,5.0
BU04530405,Velsen,95,0.0,20.0,20.0,10.0,5.0,20.0,10.0,10.0
BU04530406,Velsen,120,0.0,25.0,15.0,15.0,10.0,25.0,15.0,10.0
BU04530500,Velsen,105,0.0,35.0,20.0,15.0,5.0,15.0,10.0,5.0
BU04530501,Velsen,165,0.0,60.0,30.0,10.0,15.0,40.0,5.0,10.0
BU04530502,Velsen,85,0.0,20.0,20.0,10.0,5.0,15.0,5.0,10.0
BU04530503,Velsen,95,0.0,35.0,20.0,5.0,5.0,15.0,10.0,15.0
BU04530504,Velsen,155,0.0,50.0,30.0,10.0,5.0,40.0,10.0,10.0
BU04530505,Velsen,70,0.0,20.0,15.0,10.0,5.0,10.0,10.0,0.0
BU04530506,Velsen,20,,,,,,,,
BU04530507,Velsen,10,,,,,,,,
BU04530600,Velsen,70,0.0,5.0,10.0,5.0,5.0,20.0,15.0,10.0
BU04530601,Velsen,70,5.0,10.0,15.0,5.0,5.0,20.0,5.0,10.0
BU04530602,Velsen,70,0.0,15.0,5.0,0.0,5.0,20.0,15.0,10.0
BU04530603,Velsen,120,0.0,20.0,20.0,10.0,10.0,35.0,15.0,15.0
BU04530604,Velsen,265,0.0,30.0,65.0,5.0,25.0,60.0,50.0,30.0
BU04530605,Velsen,110,0.0,15.0,10.0,5.0,5.0,35.0,20.0,15.0
BU04530606,Velsen,125,0.0,15.0,10.0,10.0,20.0,35.0,25.0,10.0
BU04530607,Velsen,165,0.0,15.0,15.0,5.0,30.0,55.0,40.0,10.0
BU04530608,Velsen,15,,,,,,,,
BU04530700,Velsen,195,5.0,10.0,20.0,10.0,35.0,65.0,35.0,15.0
BU04530701,Velsen,105,0.0,5.0,5.0,0.0,20.0,45.0,20.0,10.0
BU04530702,Velsen,250,0.0,20.0,35.0,15.0,20.0,85.0,55.0,25.0
BU04530703,Velsen,35,5.0,5.0,5.0,5.0,0.0,5.0,5.0,5.0
BU04530800,Velsen,255,5.0,40.0,50.0,25.0,35.0,50.0,30.0,25.0
BU04530801,Velsen,60,0.0,10.0,10.0,5.0,5.0,10.0,10.0,10.0
BU04530802,Velsen,155,0.0,20.0,25.0,5.0,15.0,50.0,35.0,10.0
BU04530803,Velsen,160,0.0,25.0,20.0,10.0,10.0,45.0,35.0,10.0
BU04530804,Velsen,155,0.0,25.0,25.0,10.0,15.0,50.0,20.0,15.0
BU04530805,Velsen,185,0.0,35.0,40.0,10.0,5.0,25.0,40.0,30.0
BU04530806,Velsen,190,0.0,20.0,25.0,15.0,15.0,55.0,35.0,25.0
BU04530807,Velsen,205,0.0,40.0,35.0,20.0,15.0,40.0,35.0,25.0
BU04530808,Velsen,35,0.0,10.0,5.0,0.0,5.0,5.0,5.0,0.0
BU04530900,Velsen,20,,,,,,,,
BU04530901,Velsen,65,0.0,10.0,10.0,0.0,5.0,20.0,5.0,10.0
BU09831101,Venlo,545,0.0,15.0,310.0,20.0,20.0,70.0,30.0,70.0
BU09831102,Venlo,185,0.0,10.0,70.0,10.0,10.0,25.0,25.0,30.0
BU09831103,Venlo,210,0.0,10.0,40.0,10.0,30.0,60.0,30.0,30.0
BU09831104,Venlo,205,0.0,20.0,40.0,5.0,20.0,50.0,35.0,30.0
BU09831201,Venlo,190,0.0,25.0,35.0,10.0,15.0,40.0,35.0,35.0
BU09831202,Venlo,75,0.0,0.0,10.0,10.0,15.0,25.0,10.0,5.0
BU09831203,Venlo,60,0.0,5.0,15.0,5.0,5.0,15.0,10.0,5.0
BU09831204,Venlo,175,0.0,15.0,30.0,20.0,20.0,35.0,40.0,20.0
BU09831205,Venlo,110,0.0,15.0,30.0,10.0,0.0,15.0,20.0,20.0
BU09831206,Venlo,65,0.0,10.0,15.0,10.0,0.0,10.0,15.0,10.0
BU09831207,Venlo,80,0.0,10.0,20.0,5.0,0.0,10.0,35.0,5.0
BU09831208,Venlo,10,,,,,,,,
BU09831209,Venlo,25,0.0,0.0,0.0,0.0,5.0,5.0,10.0,0.0
BU09831210,Venlo,30,0.0,5.0,10.0,0.0,0.0,5.0,0.0,5.0
BU09831301,Venlo,140,0.0,10.0,20.0,5.0,15.0,45.0,25.0,20.0
BU09831302,Venlo,140,0.0,15.0,25.0,5.0,15.0,30.0,35.0,15.0
BU09831303,Venlo,40,0.0,0.0,5.0,0.0,10.0,10.0,10.0,5.0
BU09831304,Venlo,20,,,,,,,,
BU09831305,Venlo,145,0.0,5.0,20.0,10.0,20.0,35.0,35.0,20.0
BU09831306,Venlo,110,0.0,10.0,15.0,5.0,10.0,25.0,30.0,15.0
BU09831307,Venlo,425,0.0,45.0,70.0,35.0,40.0,100.0,95.0,40.0
BU09831308,Venlo,35,0.0,0.0,5.0,0.0,5.0,5.0,5.0,5.0
BU09831401,Venlo,175,0.0,15.0,25.0,15.0,15.0,35.0,45.0,25.0
BU09831402,Venlo,215,0.0,30.0,30.0,10.0,15.0,50.0,55.0,25.0
BU09831403,Venlo,175,5.0,25.0,35.0,5.0,15.0,35.0,35.0,20.0
BU09831404,Venlo,10,,,,,,,,
BU09831405,Venlo,25,0.0,10.0,5.0,0.0,0.0,5.0,5.0,0.0
BU09831501,Venlo,35,0.0,5.0,5.0,0.0,0.0,5.0,10.0,5.0
BU09831502,Venlo,80,0.0,20.0,20.0,0.0,0.0,10.0,15.0,10.0
BU09831503,Venlo,70,0.0,15.0,10.0,0.0,5.0,15.0,15.0,10.0
BU09831504,Venlo,30,0.0,0.0,10.0,0.0,0.0,5.0,0.0,10.0
BU09831505,Venlo,85,0.0,5.0,10.0,5.0,10.0,15.0,25.0,10.0
BU09831506,Venlo,5,,,,,,,,
BU09831507,Venlo,10,,,,,,,,
BU09831508,Venlo,70,0.0,0.0,5.0,5.0,15.0,20.0,15.0,5.0
BU09831509,Venlo,95,0.0,5.0,10.0,5.0,25.0,20.0,25.0,5.0
BU09831510,Venlo,45,5.0,10.0,5.0,0.0,5.0,10.0,10.0,5.0
BU09831511,Venlo,25,0.0,5.0,10.0,5.0,5.0,0.0,0.0,0.0
BU09831512,Venlo,25,5.0,0.0,5.0,0.0,0.0,0.0,5.0,5.0
BU09831601,Venlo,165,5.0,15.0,30.0,5.0,15.0,35.0,35.0,30.0
BU09831602,Venlo,55,5.0,10.0,10.0,0.0,5.0,10.0,5.0,5.0
BU09831603,Venlo,70,0.0,5.0,10.0,10.0,10.0,20.0,10.0,5.0
BU09831604,Venlo,200,0.0,45.0,90.0,15.0,5.0,30.0,10.0,10.0
BU09831605,Venlo,80,0.0,5.0,20.0,10.0,10.0,25.0,10.0,0.0
BU09831606,Venlo,65,20.0,15.0,10.0,0.0,5.0,10.0,5.0,0.0
BU09831607,Venlo,0,,,,,,,,
BU09832101,Venlo,405,0.0,35.0,115.0,15.0,45.0,65.0,70.0,55.0
BU09832102,Venlo,200,5.0,35.0,45.0,20.0,5.0,35.0,35.0,30.0
BU09832201,Venlo,95,0.0,10.0,25.0,0.0,5.0,10.0,25.0,20.0
BU09832202,Venlo,150,0.0,30.0,45.0,10.0,5.0,20.0,30.0,10.0
BU09832203,Venlo,85,0.0,15.0,15.0,10.0,0.0,10.0,20.0,15.0
BU09832301,Venlo,20,,,,,,,,
BU09832302,Venlo,60,0.0,10.0,15.0,5.0,5.0,5.0,15.0,10.0
BU09832303,Venlo,50,0.0,10.0,15.0,5.0,5.0,10.0,5.0,5.0
BU09832304,Venlo,10,,,,,,,,
BU09832401,Venlo,65,0.0,20.0,10.0,5.0,0.0,10.0,10.0,10.0
BU09832402,Venlo,45,0.0,10.0,10.0,5.0,5.0,0.0,5.0,10.0
BU09832403,Venlo,50,0.0,15.0,10.0,10.0,0.0,10.0,5.0,10.0
BU09832404,Venlo,50,0.0,10.0,10.0,0.0,5.0,5.0,5.0,10.0
BU09832501,Venlo,130,0.0,30.0,25.0,15.0,5.0,15.0,15.0,20.0
BU09832502,Venlo,85,0.0,15.0,20.0,5.0,5.0,15.0,15.0,10.0
BU09832601,Venlo,155,0.0,25.0,25.0,15.0,15.0,25.0,30.0,15.0
BU09832602,Venlo,70,10.0,5.0,15.0,0.0,10.0,10.0,10.0,5.0
BU09832603,Venlo,85,0.0,5.0,15.0,10.0,15.0,10.0,15.0,10.0
BU09832701,Venlo,70,5.0,5.0,15.0,5.0,0.0,10.0,15.0,15.0
BU09832702,Venlo,50,10.0,5.0,10.0,5.0,5.0,5.0,10.0,5.0
BU09832801,Venlo,105,0.0,10.0,25.0,10.0,15.0,20.0,15.0,10.0
BU09832802,Venlo,25,0.0,0.0,5.0,0.0,5.0,5.0,10.0,5.0
BU09832803,Venlo,135,0.0,30.0,65.0,15.0,10.0,10.0,5.0,5.0
BU09832804,Venlo,125,0.0,25.0,60.0,20.0,5.0,10.0,0.0,0.0
BU09832805,Venlo,95,0.0,20.0,30.0,15.0,10.0,15.0,0.0,0.0
BU09832806,Venlo,65,0.0,15.0,30.0,5.0,5.0,10.0,0.0,0.0
BU09832807,Venlo,105,0.0,15.0,40.0,30.0,15.0,5.0,5.0,0.0
BU09832808,Venlo,90,5.0,5.0,45.0,10.0,5.0,10.0,0.0,5.0
BU09832809,Venlo,40,0.0,5.0,20.0,0.0,10.0,0.0,0.0,5.0
BU09832810,Venlo,20,,,,,,,,
BU09832811,Venlo,85,0.0,10.0,10.0,10.0,5.0,35.0,5.0,5.0
BU09832812,Venlo,25,5.0,5.0,5.0,0.0,0.0,5.0,0.0,0.0
BU09833101,Venlo,260,0.0,40.0,45.0,25.0,15.0,50.0,50.0,35.0
BU09833102,Venlo,440,0.0,65.0,115.0,10.0,20.0,65.0,80.0,80.0
BU09833103,Venlo,10,,,,,,,,
BU09833104,Venlo,40,0.0,5.0,5.0,0.0,5.0,10.0,10.0,10.0
BU09833105,Venlo,105,0.0,5.0,15.0,5.0,20.0,30.0,15.0,15.0
BU09833201,Venlo,105,0.0,15.0,20.0,0.0,10.0,20.0,15.0,15.0
BU09833202,Venlo,20,,,,,,,,
BU09833203,Venlo,20,,,,,,,,
BU09833204,Venlo,180,0.0,30.0,35.0,15.0,10.0,30.0,35.0,25.0
BU09833205,Venlo,35,0.0,5.0,15.0,5.0,0.0,5.0,0.0,0.0
BU09833206,Venlo,10,,,,,,,,
BU09833207,Venlo,0,,,,,,,,
BU09833501,Venlo,190,0.0,20.0,30.0,15.0,20.0,40.0,35.0,35.0
BU09833502,Venlo,105,0.0,10.0,25.0,5.0,5.0,20.0,25.0,15.0
BU09834101,Venlo,145,0.0,30.0,25.0,10.0,15.0,20.0,25.0,20.0
BU09834102,Venlo,180,5.0,25.0,30.0,10.0,15.0,40.0,35.0,30.0
BU09834103,Venlo,30,0.0,5.0,5.0,0.0,5.0,5.0,5.0,5.0
BU09834104,Venlo,60,20.0,10.0,5.0,0.0,5.0,10.0,5.0,5.0
BU09834105,Venlo,70,15.0,15.0,15.0,0.0,10.0,5.0,5.0,5.0
BU09834106,Venlo,20,,,,,,,,
BU09834107,Venlo,35,10.0,5.0,5.0,0.0,5.0,5.0,0.0,0.0
BU09834301,Venlo,90,0.0,10.0,25.0,0.0,10.0,15.0,15.0,10.0
BU09834302,Venlo,35,0.0,15.0,10.0,0.0,0.0,5.0,0.0,0.0
BU09834303,Venlo,25,10.0,5.0,5.0,0.0,0.0,0.0,5.0,0.0
BU09834401,Venlo,200,0.0,25.0,45.0,10.0,10.0,40.0,30.0,35.0
BU09834402,Venlo,25,0.0,5.0,10.0,0.0,5.0,0.0,5.0,5.0
BU09834403,Venlo,40,10.0,5.0,10.0,0.0,5.0,5.0,5.0,5.0
BU09834404,Venlo,35,0.0,0.0,5.0,5.0,5.0,10.0,5.0,5.0
BU09835101,Venlo,310,5.0,50.0,65.0,15.0,30.0,55.0,45.0,40.0
BU09835102,Venlo,15,,,,,,,,
BU09835103,Venlo,5,,,,,,,,
BU09835104,Venlo,15,,,,,,,,
BU09835105,Venlo,5,,,,,,,,
BU09835106,Venlo,100,0.0,30.0,35.0,5.0,15.0,10.0,0.0,0.0
BU09835107,Venlo,15,,,,,,,,
BU09835108,Venlo,50,20.0,5.0,5.0,0.0,5.0,5.0,5.0,0.0
BU09840101,Venray,95,30.0,10.0,10.0,5.0,5.0,15.0,10.0,10.0
BU09840201,Venray,410,145.0,60.0,55.0,15.0,30.0,45.0,30.0,35.0
BU09840301,Venray,160,35.0,20.0,30.0,5.0,10.0,35.0,15.0,10.0
BU09840401,Venray,60,30.0,5.0,5.0,5.0,5.0,0.0,5.0,5.0
BU09840501,Venray,25,5.0,5.0,5.0,0.0,0.0,5.0,5.0,5.0
BU09840601,Venray,300,10.0,55.0,55.0,25.0,15.0,60.0,45.0,35.0
BU09840701,Venray,155,40.0,25.0,20.0,10.0,10.0,20.0,20.0,15.0
BU09840801,Venray,115,50.0,15.0,15.0,5.0,5.0,10.0,5.0,10.0
BU09840901,Venray,95,50.0,15.0,15.0,0.0,5.0,5.0,5.0,0.0
BU09841001,Venray,250,40.0,35.0,35.0,15.0,20.0,50.0,30.0,30.0
BU09841101,Venray,445,0.0,30.0,180.0,20.0,45.0,65.0,55.0,45.0
BU09841201,Venray,60,0.0,5.0,10.0,5.0,15.0,15.0,10.0,10.0
BU09841202,Venray,145,0.0,10.0,15.0,5.0,25.0,30.0,30.0,30.0
BU09841203,Venray,40,0.0,10.0,5.0,5.0,0.0,10.0,10.0,5.0
BU09841301,Venray,115,0.0,15.0,20.0,10.0,5.0,25.0,25.0,15.0
BU09841302,Venray,70,0.0,15.0,15.0,0.0,0.0,15.0,20.0,5.0
BU09841303,Venray,75,0.0,5.0,15.0,5.0,5.0,15.0,25.0,5.0
BU09841401,Venray,125,0.0,5.0,10.0,5.0,35.0,35.0,25.0,10.0
BU09841501,Venray,140,0.0,15.0,25.0,15.0,5.0,25.0,35.0,20.0
BU09841502,Venray,180,0.0,15.0,20.0,10.0,25.0,55.0,45.0,10.0
BU09841601,Venray,175,0.0,35.0,45.0,15.0,5.0,25.0,25.0,30.0
BU09841602,Venray,110,0.0,30.0,20.0,5.0,0.0,20.0,15.0,15.0
BU09841701,Venray,90,0.0,10.0,10.0,5.0,0.0,20.0,25.0,15.0
BU09841702,Venray,110,0.0,20.0,15.0,5.0,5.0,25.0,25.0,15.0
BU09841703,Venray,125,0.0,15.0,20.0,10.0,5.0,30.0,25.0,20.0
BU09841704,Venray,190,0.0,40.0,50.0,15.0,15.0,40.0,20.0,5.0
BU09841801,Venray,235,0.0,50.0,50.0,20.0,25.0,40.0,25.0,20.0
BU09841901,Venray,205,15.0,20.0,25.0,10.0,20.0,55.0,50.0,20.0
BU09842001,Venray,145,0.0,10.0,15.0,10.0,10.0,30.0,50.0,20.0
BU09842101,Venray,215,20.0,45.0,45.0,15.0,15.0,25.0,30.0,25.0
BU09842201,Venray,60,5.0,5.0,10.0,5.0,5.0,10.0,10.0,10.0
BU09842301,Venray,120,15.0,20.0,15.0,5.0,5.0,25.0,20.0,15.0
BU19610101,Vijfheerenlanden,15,,,,,,,,
BU19610201,Vijfheerenlanden,35,10.0,5.0,5.0,5.0,5.0,5.0,0.0,0.0
BU19610202,Vijfheerenlanden,45,5.0,15.0,5.0,0.0,5.0,10.0,5.0,0.0
BU19610301,Vijfheerenlanden,90,0.0,20.0,20.0,0.0,10.0,30.0,5.0,10.0
BU19610302,Vijfheerenlanden,195,5.0,45.0,30.0,20.0,10.0,45.0,25.0,15.0
BU19610303,Vijfheerenlanden,20,,,,,,,,
BU19610401,Vijfheerenlanden,15,,,,,,,,
BU19610402,Vijfheerenlanden,15,,,,,,,,
BU19610403,Vijfheerenlanden,5,,,,,,,,
BU19610501,Vijfheerenlanden,215,5.0,45.0,35.0,10.0,25.0,65.0,15.0,15.0
BU19610502,Vijfheerenlanden,70,5.0,15.0,5.0,5.0,5.0,15.0,15.0,5.0
BU19610503,Vijfheerenlanden,30,0.0,5.0,5.0,5.0,0.0,5.0,5.0,5.0
BU19610504,Vijfheerenlanden,130,0.0,35.0,45.0,5.0,20.0,25.0,0.0,5.0
BU19610601,Vijfheerenlanden,65,5.0,20.0,10.0,5.0,5.0,10.0,5.0,5.0
BU19610602,Vijfheerenlanden,105,25.0,15.0,10.0,5.0,20.0,15.0,10.0,5.0
BU19610701,Vijfheerenlanden,245,0.0,45.0,35.0,20.0,30.0,55.0,40.0,15.0
BU19610801,Vijfheerenlanden,105,15.0,20.0,20.0,5.0,10.0,20.0,10.0,5.0
BU19610802,Vijfheerenlanden,40,20.0,10.0,0.0,0.0,0.0,5.0,0.0,5.0
BU19610803,Vijfheerenlanden,85,25.0,10.0,10.0,5.0,10.0,20.0,0.0,5.0
BU19610901,Vijfheerenlanden,50,5.0,15.0,5.0,5.0,5.0,10.0,10.0,0.0
BU19611001,Vijfheerenlanden,40,10.0,10.0,5.0,0.0,5.0,5.0,0.0,0.0
BU19611002,Vijfheerenlanden,25,5.0,5.0,5.0,0.0,0.0,5.0,0.0,0.0
BU19611003,Vijfheerenlanden,30,5.0,15.0,5.0,0.0,5.0,5.0,0.0,0.0
BU19611101,Vijfheerenlanden,100,10.0,30.0,15.0,5.0,5.0,20.0,10.0,5.0
BU19611201,Vijfheerenlanden,15,,,,,,,,
BU19611202,Vijfheerenlanden,20,,,,,,,,
BU19611203,Vijfheerenlanden,70,10.0,20.0,10.0,5.0,5.0,10.0,0.0,5.0
BU19611301,Vijfheerenlanden,65,0.0,15.0,5.0,0.0,5.0,15.0,15.0,10.0
BU19611401,Vijfheerenlanden,65,15.0,10.0,5.0,5.0,5.0,15.0,0.0,10.0
BU19611501,Vijfheerenlanden,85,10.0,20.0,5.0,5.0,0.0,20.0,15.0,5.0
BU19611601,Vijfheerenlanden,70,20.0,15.0,5.0,5.0,5.0,5.0,5.0,5.0
BU19611701,Vijfheerenlanden,40,0.0,5.0,5.0,5.0,5.0,15.0,5.0,0.0
BU19611801,Vijfheerenlanden,125,0.0,25.0,20.0,10.0,15.0,30.0,20.0,10.0
BU19611901,Vijfheerenlanden,205,0.0,35.0,30.0,20.0,10.0,45.0,50.0,20.0
BU19611902,Vijfheerenlanden,85,0.0,15.0,10.0,10.0,5.0,15.0,20.0,10.0
BU19611903,Vijfheerenlanden,120,0.0,20.0,10.0,10.0,15.0,35.0,25.0,10.0
BU19611904,Vijfheerenlanden,45,0.0,0.0,5.0,5.0,5.0,15.0,10.0,5.0
BU19611905,Vijfheerenlanden,5,,,,,,,,
BU19612001,Vijfheerenlanden,285,0.0,75.0,85.0,35.0,25.0,50.0,10.0,15.0
BU19612002,Vijfheerenlanden,160,0.0,25.0,45.0,20.0,15.0,40.0,10.0,5.0
BU19612003,Vijfheerenlanden,30,0.0,5.0,10.0,5.0,0.0,5.0,0.0,0.0
BU19612101,Vijfheerenlanden,330,0.0,40.0,70.0,10.0,25.0,80.0,40.0,55.0
BU19612102,Vijfheerenlanden,20,,,,,,,,
BU19612103,Vijfheerenlanden,85,0.0,15.0,10.0,10.0,10.0,20.0,15.0,10.0
BU19612104,Vijfheerenlanden,125,0.0,30.0,15.0,15.0,10.0,20.0,20.0,20.0
BU19612105,Vijfheerenlanden,90,0.0,5.0,20.0,10.0,5.0,35.0,10.0,5.0
BU19612106,Vijfheerenlanden,5,,,,,,,,
BU19612201,Vijfheerenlanden,80,0.0,10.0,15.0,15.0,0.0,15.0,15.0,5.0
BU19612202,Vijfheerenlanden,30,0.0,10.0,5.0,5.0,0.0,5.0,5.0,0.0
BU19612203,Vijfheerenlanden,45,0.0,5.0,5.0,5.0,0.0,5.0,15.0,5.0
BU19612204,Vijfheerenlanden,85,0.0,20.0,15.0,5.0,5.0,15.0,15.0,10.0
BU19612205,Vijfheerenlanden,20,,,,,,,,
BU19612301,Vijfheerenlanden,25,5.0,5.0,0.0,0.0,0.0,5.0,5.0,5.0
BU19612302,Vijfheerenlanden,40,10.0,10.0,0.0,5.0,5.0,5.0,5.0,0.0
BU19612401,Vijfheerenlanden,120,0.0,30.0,25.0,5.0,5.0,15.0,30.0,10.0
BU19612402,Vijfheerenlanden,25,0.0,5.0,0.0,0.0,0.0,5.0,10.0,0.0
BU19612403,Vijfheerenlanden,25,0.0,10.0,5.0,5.0,0.0,5.0,0.0,0.0
BU19612404,Vijfheerenlanden,35,0.0,15.0,0.0,0.0,0.0,0.0,10.0,10.0
BU19612405,Vijfheerenlanden,145,0.0,35.0,20.0,15.0,5.0,30.0,30.0,15.0
BU19612406,Vijfheerenlanden,70,0.0,10.0,0.0,5.0,5.0,30.0,20.0,0.0
BU19612407,Vijfheerenlanden,60,0.0,10.0,10.0,5.0,0.0,20.0,10.0,5.0
BU19612408,Vijfheerenlanden,10,,,,,,,,
BU19612501,Vijfheerenlanden,70,0.0,10.0,10.0,5.0,5.0,25.0,10.0,10.0
BU19612502,Vijfheerenlanden,130,0.0,20.0,20.0,10.0,5.0,40.0,15.0,15.0
BU19612503,Vijfheerenlanden,90,0.0,10.0,15.0,10.0,5.0,15.0,20.0,10.0
BU19612504,Vijfheerenlanden,30,0.0,5.0,5.0,0.0,0.0,5.0,15.0,0.0
BU19612505,Vijfheerenlanden,70,0.0,15.0,5.0,10.0,5.0,10.0,15.0,5.0
BU19612601,Vijfheerenlanden,270,0.0,35.0,115.0,15.0,15.0,35.0,15.0,40.0
BU19612602,Vijfheerenlanden,75,0.0,15.0,10.0,10.0,5.0,15.0,10.0,5.0
BU19612701,Vijfheerenlanden,70,0.0,5.0,15.0,5.0,15.0,15.0,5.0,5.0
BU19612702,Vijfheerenlanden,120,0.0,20.0,15.0,10.0,10.0,20.0,30.0,10.0
BU19612703,Vijfheerenlanden,105,0.0,15.0,15.0,5.0,10.0,30.0,15.0,10.0
BU19612801,Vijfheerenlanden,245,0.0,65.0,75.0,20.0,15.0,45.0,15.0,10.0
BU19612901,Vijfheerenlanden,200,30.0,35.0,25.0,5.0,30.0,45.0,20.0,15.0
BU19613001,Vijfheerenlanden,100,5.0,20.0,10.0,15.0,5.0,20.0,10.0,15.0
BU19613101,Vijfheerenlanden,85,15.0,20.0,10.0,5.0,5.0,15.0,5.0,5.0
BU19613201,Vijfheerenlanden,70,5.0,20.0,10.0,0.0,5.0,15.0,5.0,5.0
BU19613301,Vijfheerenlanden,35,15.0,5.0,5.0,0.0,0.0,0.0,5.0,5.0
BU19613401,Vijfheerenlanden,150,0.0,25.0,20.0,5.0,20.0,50.0,20.0,10.0
BU19613501,Vijfheerenlanden,35,5.0,10.0,5.0,0.0,0.0,5.0,5.0,0.0
BU19613502,Vijfheerenlanden,45,5.0,10.0,0.0,5.0,5.0,15.0,5.0,5.0
BU19613503,Vijfheerenlanden,15,,,,,,,,
BU19613601,Vijfheerenlanden,115,0.0,10.0,10.0,20.0,5.0,30.0,30.0,10.0
BU19613602,Vijfheerenlanden,95,0.0,10.0,5.0,15.0,10.0,30.0,15.0,10.0
BU19613603,Vijfheerenlanden,20,,,,,,,,
BU19613701,Vijfheerenlanden,100,0.0,20.0,15.0,5.0,10.0,25.0,15.0,10.0
BU19613801,Vijfheerenlanden,115,20.0,20.0,15.0,10.0,5.0,25.0,10.0,10.0
BU19613901,Vijfheerenlanden,5,,,,,,,,
BU06220101,Vlaardingen,290,0.0,65.0,35.0,30.0,20.0,55.0,40.0,40.0
BU06220102,Vlaardingen,495,25.0,175.0,65.0,20.0,15.0,70.0,65.0,60.0
BU06220103,Vlaardingen,875,10.0,165.0,250.0,45.0,35.0,130.0,125.0,115.0
BU06220104,Vlaardingen,60,0.0,0.0,40.0,5.0,0.0,10.0,0.0,5.0
BU06220201,Vlaardingen,230,15.0,85.0,25.0,20.0,5.0,20.0,45.0,20.0
BU06220202,Vlaardingen,260,10.0,80.0,45.0,25.0,10.0,35.0,35.0,25.0
BU06220203,Vlaardingen,245,10.0,75.0,30.0,20.0,10.0,45.0,35.0,20.0
BU06220204,Vlaardingen,240,15.0,85.0,20.0,20.0,10.0,45.0,35.0,15.0
BU06220205,Vlaardingen,25,0.0,5.0,5.0,0.0,0.0,0.0,5.0,5.0
BU06220301,Vlaardingen,140,0.0,35.0,60.0,10.0,10.0,20.0,0.0,5.0
BU06220302,Vlaardingen,5,,,,,,,,
BU06220303,Vlaardingen,90,0.0,15.0,30.0,15.0,10.0,20.0,0.0,5.0
BU06220304,Vlaardingen,55,0.0,15.0,15.0,5.0,5.0,10.0,0.0,0.0
BU06220305,Vlaardingen,10,,,,,,,,
BU06220306,Vlaardingen,295,0.0,90.0,105.0,15.0,25.0,40.0,5.0,15.0
BU06220307,Vlaardingen,115,0.0,15.0,30.0,5.0,15.0,30.0,15.0,10.0
BU06220401,Vlaardingen,120,0.0,15.0,15.0,5.0,10.0,45.0,30.0,5.0
BU06220402,Vlaardingen,735,10.0,125.0,85.0,60.0,55.0,155.0,160.0,90.0
BU06220403,Vlaardingen,125,0.0,25.0,25.0,10.0,15.0,25.0,5.0,15.0
BU06220404,Vlaardingen,0,,,,,,,,
BU06220501,Vlaardingen,190,0.0,35.0,20.0,20.0,15.0,45.0,40.0,15.0
BU06220502,Vlaardingen,120,0.0,15.0,10.0,10.0,15.0,35.0,30.0,10.0
BU06220503,Vlaardingen,375,5.0,65.0,40.0,30.0,20.0,95.0,80.0,40.0
BU06220504,Vlaardingen,410,15.0,105.0,80.0,30.0,15.0,75.0,65.0,25.0
BU06220505,Vlaardingen,5,,,,,,,,
BU06220601,Vlaardingen,165,0.0,10.0,15.0,5.0,40.0,45.0,35.0,15.0
BU06220602,Vlaardingen,165,5.0,20.0,15.0,10.0,10.0,30.0,55.0,20.0
BU06220603,Vlaardingen,125,0.0,15.0,55.0,5.0,5.0,20.0,10.0,15.0
BU06220604,Vlaardingen,175,5.0,35.0,40.0,20.0,5.0,25.0,30.0,15.0
BU06220605,Vlaardingen,20,,,,,,,,
BU06220606,Vlaardingen,145,0.0,35.0,20.0,10.0,5.0,30.0,30.0,10.0
BU06220701,Vlaardingen,315,0.0,30.0,50.0,15.0,40.0,80.0,60.0,40.0
BU06220702,Vlaardingen,100,0.0,15.0,10.0,10.0,5.0,15.0,35.0,10.0
BU06220703,Vlaardingen,85,0.0,10.0,15.0,5.0,10.0,20.0,10.0,10.0
BU06220704,Vlaardingen,95,0.0,20.0,15.0,5.0,5.0,10.0,30.0,10.0
BU06220705,Vlaardingen,10,,,,,,,,
BU06220706,Vlaardingen,200,0.0,50.0,20.0,20.0,5.0,40.0,45.0,20.0
BU06220707,Vlaardingen,10,,,,,,,,
BU06220708,Vlaardingen,140,0.0,10.0,15.0,5.0,20.0,50.0,20.0,15.0
BU06220801,Vlaardingen,30,0.0,0.0,10.0,0.0,0.0,0.0,5.0,15.0
BU00960000,Vlieland,260,0.0,35.0,75.0,30.0,10.0,40.0,30.0,35.0
BU00960009,Vlieland,15,,,,,,,,
BU07180100,Vlissingen,530,5.0,50.0,195.0,20.0,30.0,85.0,70.0,70.0
BU07180101,Vlissingen,290,0.0,75.0,50.0,15.0,10.0,50.0,50.0,40.0
BU07180102,Vlissingen,125,0.0,10.0,15.0,5.0,20.0,25.0,25.0,20.0
BU07180103,Vlissingen,60,0.0,10.0,5.0,10.0,0.0,10.0,15.0,10.0
BU07180200,Vlissingen,75,0.0,5.0,15.0,5.0,10.0,15.0,25.0,10.0
BU07180201,Vlissingen,135,0.0,15.0,10.0,10.0,5.0,30.0,55.0,15.0
BU07180202,Vlissingen,110,0.0,20.0,25.0,10.0,0.0,15.0,20.0,15.0
BU07180203,Vlissingen,95,0.0,10.0,30.0,0.0,10.0,20.0,20.0,5.0
BU07180204,Vlissingen,30,0.0,5.0,5.0,0.0,0.0,10.0,10.0,0.0
BU07180205,Vlissingen,40,0.0,10.0,5.0,0.0,0.0,10.0,10.0,5.0
BU07180206,Vlissingen,125,0.0,25.0,20.0,10.0,5.0,20.0,35.0,10.0
BU07180207,Vlissingen,60,0.0,5.0,30.0,0.0,5.0,5.0,5.0,5.0
BU07180208,Vlissingen,105,0.0,10.0,15.0,10.0,20.0,15.0,20.0,15.0
BU07180209,Vlissingen,70,0.0,10.0,10.0,5.0,0.0,15.0,25.0,5.0
BU07180300,Vlissingen,90,0.0,10.0,15.0,5.0,0.0,10.0,30.0,15.0
BU07180301,Vlissingen,180,5.0,10.0,15.0,15.0,30.0,50.0,35.0,20.0
BU07180302,Vlissingen,10,,,,,,,,
BU07180303,Vlissingen,80,0.0,10.0,15.0,5.0,5.0,15.0,25.0,10.0
BU07180400,Vlissingen,120,0.0,10.0,10.0,10.0,15.0,25.0,35.0,15.0
BU07180401,Vlissingen,130,0.0,35.0,15.0,5.0,5.0,25.0,35.0,10.0
BU07180402,Vlissingen,85,0.0,15.0,15.0,5.0,0.0,20.0,15.0,15.0
BU07180403,Vlissingen,105,0.0,10.0,10.0,10.0,15.0,25.0,25.0,10.0
BU07180405,Vlissingen,75,0.0,10.0,15.0,5.0,0.0,10.0,20.0,15.0
BU07180406,Vlissingen,160,0.0,25.0,20.0,10.0,15.0,30.0,40.0,20.0
BU07180407,Vlissingen,10,,,,,,,,
BU07180408,Vlissingen,110,0.0,25.0,35.0,5.0,10.0,15.0,5.0,15.0
BU07180500,Vlissingen,210,0.0,35.0,55.0,10.0,10.0,35.0,40.0,25.0
BU07180501,Vlissingen,90,0.0,25.0,15.0,5.0,0.0,15.0,20.0,10.0
BU07180502,Vlissingen,130,0.0,25.0,10.0,10.0,5.0,30.0,20.0,25.0
BU07180503,Vlissingen,80,0.0,20.0,10.0,0.0,0.0,15.0,25.0,10.0
BU07180504,Vlissingen,5,,,,,,,,
BU07180505,Vlissingen,85,0.0,20.0,15.0,5.0,0.0,10.0,20.0,15.0
BU07180506,Vlissingen,55,0.0,10.0,5.0,0.0,0.0,10.0,15.0,5.0
BU07180507,Vlissingen,25,0.0,0.0,5.0,0.0,0.0,5.0,10.0,5.0
BU07180600,Vlissingen,40,5.0,10.0,0.0,0.0,5.0,10.0,5.0,5.0
BU07180601,Vlissingen,20,,,,,,,,
BU07180602,Vlissingen,20,,,,,,,,
BU07180603,Vlissingen,15,,,,,,,,
BU07180700,Vlissingen,150,0.0,20.0,20.0,20.0,10.0,40.0,20.0,20.0
BU07180701,Vlissingen,35,0.0,10.0,15.0,5.0,0.0,5.0,0.0,0.0
BU07180702,Vlissingen,0,,,,,,,,
BU07180800,Vlissingen,60,0.0,20.0,5.0,20.0,5.0,10.0,0.0,0.0
BU09860101,Voerendaal,285,0.0,30.0,55.0,10.0,25.0,60.0,75.0,30.0
BU09860102,Voerendaal,5,,,,,,,,
BU09860201,Voerendaal,325,5.0,50.0,65.0,10.0,20.0,65.0,70.0,40.0
BU09860202,Voerendaal,0,,,,,,,,
BU09860203,Voerendaal,10,,,,,,,,
BU09860301,Voerendaal,130,10.0,15.0,20.0,5.0,10.0,30.0,30.0,20.0
BU09860302,Voerendaal,15,,,,,,,,
BU09860303,Voerendaal,5,,,,,,,,
BU09860401,Voerendaal,190,5.0,15.0,40.0,5.0,15.0,45.0,35.0,25.0
BU09860402,Voerendaal,25,0.0,0.0,5.0,0.0,5.0,10.0,0.0,0.0
BU09860403,Voerendaal,15,,,,,,,,
BU09860404,Voerendaal,15,,,,,,,,
BU09860405,Voerendaal,60,0.0,5.0,10.0,0.0,5.0,20.0,10.0,10.0
BU09860406,Voerendaal,25,0.0,5.0,5.0,0.0,0.0,5.0,5.0,5.0
BU09860501,Voerendaal,100,5.0,15.0,10.0,5.0,5.0,30.0,15.0,15.0
BU09860900,Voerendaal,100,30.0,15.0,10.0,5.0,10.0,15.0,10.0,10.0
BU06260001,Voorschoten,500,0.0,50.0,60.0,40.0,30.0,145.0,120.0,55.0
BU06260002,Voorschoten,290,0.0,30.0,35.0,15.0,20.0,80.0,80.0,30.0
BU06260004,Voorschoten,190,0.0,20.0,20.0,15.0,15.0,55.0,50.0,20.0
BU06260006,Voorschoten,140,0.0,10.0,15.0,5.0,15.0,40.0,40.0,15.0
BU06260007,Voorschoten,380,5.0,100.0,45.0,20.0,15.0,75.0,75.0,45.0
BU06260008,Voorschoten,335,0.0,35.0,40.0,25.0,50.0,100.0,65.0,20.0
BU06260009,Voorschoten,170,0.0,35.0,40.0,15.0,20.0,35.0,10.0,20.0
BU06260010,Voorschoten,265,0.0,15.0,35.0,25.0,30.0,95.0,50.0,15.0
BU06260011,Voorschoten,245,0.0,25.0,95.0,5.0,20.0,25.0,30.0,45.0
BU06260012,Voorschoten,270,0.0,15.0,35.0,20.0,25.0,80.0,65.0,30.0
BU06260013,Voorschoten,220,0.0,20.0,25.0,15.0,20.0,70.0,50.0,25.0
BU06260014,Voorschoten,100,10.0,5.0,10.0,5.0,10.0,25.0,20.0,10.0
BU02850000,Voorst,190,5.0,25.0,40.0,5.0,5.0,35.0,45.0,25.0
BU02850001,Voorst,15,,,,,,,,
BU02850002,Voorst,30,5.0,5.0,5.0,0.0,5.0,10.0,5.0,0.0
BU02850005,Voorst,50,5.0,5.0,10.0,0.0,5.0,10.0,10.0,5.0
BU02850006,Voorst,30,5.0,5.0,5.0,0.0,0.0,10.0,0.0,5.0
BU02850007,Voorst,20,,,,,,,,
BU02850008,Voorst,10,,,,,,,,
BU02850009,Voorst,55,10.0,10.0,5.0,5.0,5.0,10.0,10.0,0.0
BU02850100,Voorst,565,5.0,60.0,115.0,25.0,55.0,125.0,115.0,55.0
BU02850101,Voorst,295,5.0,30.0,50.0,25.0,30.0,75.0,55.0,30.0
BU02850102,Voorst,240,5.0,35.0,50.0,15.0,25.0,60.0,30.0,25.0
BU02850103,Voorst,135,0.0,20.0,25.0,10.0,10.0,15.0,35.0,15.0
BU02850104,Voorst,20,,,,,,,,
BU02850105,Voorst,350,20.0,55.0,75.0,20.0,40.0,75.0,45.0,20.0
BU02850106,Voorst,35,0.0,5.0,5.0,0.0,5.0,10.0,5.0,0.0
BU02850107,Voorst,70,15.0,5.0,5.0,0.0,10.0,20.0,10.0,5.0
BU02850108,Voorst,170,60.0,20.0,15.0,5.0,15.0,30.0,15.0,5.0
BU02850109,Voorst,115,25.0,15.0,15.0,5.0,10.0,20.0,10.0,10.0
BU02850200,Voorst,90,0.0,10.0,25.0,5.0,5.0,20.0,15.0,10.0
BU02850201,Voorst,60,5.0,5.0,10.0,5.0,5.0,15.0,10.0,5.0
BU02850202,Voorst,20,,,,,,,,
BU02850203,Voorst,25,5.0,5.0,5.0,5.0,5.0,0.0,5.0,0.0
BU02850205,Voorst,80,20.0,10.0,10.0,5.0,5.0,15.0,5.0,5.0
BU02850206,Voorst,150,25.0,20.0,25.0,20.0,10.0,15.0,20.0,20.0
BU02850207,Voorst,75,25.0,15.0,5.0,5.0,5.0,10.0,5.0,5.0
BU02850208,Voorst,90,25.0,10.0,10.0,5.0,10.0,20.0,5.0,10.0
BU02850209,Voorst,45,10.0,5.0,5.0,0.0,5.0,15.0,5.0,5.0
BU02850300,Voorst,125,0.0,20.0,25.0,5.0,10.0,30.0,20.0,15.0
BU02850301,Voorst,30,0.0,5.0,5.0,5.0,5.0,5.0,5.0,0.0
BU02850308,Voorst,60,5.0,5.0,15.0,0.0,5.0,5.0,20.0,5.0
BU02850309,Voorst,25,10.0,5.0,5.0,0.0,0.0,0.0,0.0,0.0
BU08650000,Vught,630,0.0,65.0,105.0,25.0,90.0,170.0,115.0,55.0
BU08650001,Vught,280,0.0,20.0,20.0,10.0,55.0,95.0,60.0,25.0
BU08650002,Vught,445,0.0,20.0,30.0,30.0,70.0,165.0,95.0,30.0
BU08650003,Vught,215,0.0,0.0,15.0,10.0,50.0,70.0,65.0,5.0
BU08650004,Vught,160,0.0,5.0,25.0,5.0,40.0,60.0,30.0,0.0
BU08650005,Vught,445,0.0,55.0,55.0,20.0,40.0,130.0,105.0,45.0
BU08650008,Vught,100,0.0,5.0,5.0,5.0,10.0,40.0,20.0,10.0
BU08650009,Vught,15,,,,,,,,
BU08650100,Vught,195,0.0,55.0,35.0,5.0,25.0,25.0,40.0,10.0
BU08650101,Vught,450,0.0,95.0,85.0,25.0,30.0,80.0,75.0,55.0
BU08650102,Vught,340,0.0,30.0,45.0,25.0,30.0,90.0,80.0,30.0
BU08650103,Vught,175,0.0,20.0,20.0,10.0,20.0,45.0,40.0,20.0
BU08650104,Vught,210,5.0,50.0,20.0,10.0,20.0,55.0,35.0,15.0
BU08650108,Vught,60,5.0,5.0,5.0,0.0,15.0,25.0,5.0,0.0
BU08650109,Vught,100,10.0,5.0,10.0,5.0,20.0,30.0,10.0,10.0
BU08650110,Vught,5,,,,,,,,
BU08650200,Vught,180,10.0,15.0,25.0,10.0,35.0,40.0,25.0,15.0
BU08650209,Vught,35,5.0,0.0,5.0,5.0,5.0,5.0,0.0,10.0
BU08650300,Vught,540,10.0,85.0,90.0,30.0,65.0,120.0,85.0,55.0
BU08650301,Vught,90,5.0,10.0,10.0,5.0,25.0,20.0,10.0,5.0
BU08650307,Vught,55,10.0,5.0,10.0,0.0,5.0,5.0,10.0,0.0
BU08650308,Vught,35,15.0,5.0,0.0,0.0,0.0,0.0,0.0,5.0
BU08650309,Vught,85,25.0,15.0,15.0,5.0,5.0,10.0,10.0,5.0
BU19491500,Waadhoeke,25,15.0,5.0,0.0,0.0,0.0,5.0,0.0,0.0
BU19491501,Waadhoeke,55,5.0,15.0,10.0,5.0,5.0,5.0,10.0,0.0
BU19491600,Waadhoeke,90,35.0,10.0,15.0,5.0,0.0,15.0,5.0,5.0
BU19491601,Waadhoeke,30,0.0,5.0,10.0,0.0,0.0,5.0,0.0,5.0
BU19491602,Waadhoeke,75,0.0,10.0,25.0,0.0,5.0,10.0,15.0,10.0
BU19491603,Waadhoeke,30,0.0,5.0,10.0,0.0,5.0,5.0,0.0,5.0
BU19491604,Waadhoeke,100,0.0,15.0,25.0,5.0,0.0,15.0,25.0,10.0
BU19491605,Waadhoeke,85,5.0,15.0,15.0,5.0,10.0,15.0,15.0,10.0
BU19491606,Waadhoeke,50,0.0,15.0,25.0,0.0,5.0,5.0,0.0,0.0
BU19491700,Waadhoeke,10,,,,,,,,
BU19491800,Waadhoeke,25,15.0,5.0,5.0,0.0,0.0,0.0,0.0,0.0
BU19491801,Waadhoeke,150,10.0,30.0,25.0,5.0,10.0,25.0,25.0,20.0
BU19491802,Waadhoeke,105,5.0,20.0,15.0,5.0,10.0,20.0,20.0,10.0
BU19491803,Waadhoeke,30,0.0,10.0,5.0,0.0,0.0,5.0,0.0,5.0
BU19491804,Waadhoeke,20,,,,,,,,
BU19491900,Waadhoeke,15,,,,,,,,
BU19491901,Waadhoeke,60,0.0,15.0,10.0,0.0,0.0,10.0,5.0,10.0
BU19492000,Waadhoeke,20,,,,,,,,
BU19492001,Waadhoeke,85,5.0,15.0,15.0,5.0,5.0,15.0,15.0,5.0
BU19492100,Waadhoeke,20,,,,,,,,
BU19492200,Waadhoeke,10,,,,,,,,
BU19492300,Waadhoeke,10,,,,,,,,
BU19492301,Waadhoeke,35,5.0,5.0,5.0,0.0,5.0,5.0,5.0,5.0
BU19492400,Waadhoeke,20,,,,,,,,
BU19492401,Waadhoeke,85,5.0,10.0,10.0,5.0,10.0,20.0,20.0,15.0
BU19492500,Waadhoeke,15,,,,,,,,
BU19492501,Waadhoeke,30,10.0,5.0,5.0,0.0,0.0,0.0,5.0,0.0
BU19492600,Waadhoeke,50,25.0,5.0,5.0,0.0,5.0,5.0,0.0,5.0
BU19492601,Waadhoeke,50,0.0,15.0,10.0,10.0,0.0,5.0,5.0,5.0
BU19492602,Waadhoeke,145,5.0,35.0,20.0,5.0,10.0,25.0,25.0,20.0
BU19492603,Waadhoeke,85,0.0,10.0,5.0,5.0,5.0,25.0,20.0,10.0
BU19492604,Waadhoeke,35,0.0,5.0,5.0,5.0,5.0,10.0,5.0,5.0
BU19492700,Waadhoeke,15,,,,,,,,
BU19492800,Waadhoeke,40,15.0,5.0,5.0,0.0,0.0,5.0,5.0,0.0
BU19492801,Waadhoeke,35,0.0,5.0,5.0,0.0,5.0,10.0,5.0,0.0
BU19492802,Waadhoeke,305,5.0,25.0,105.0,10.0,20.0,45.0,55.0,40.0
BU19492803,Waadhoeke,110,0.0,20.0,20.0,5.0,15.0,25.0,25.0,10.0
BU19492804,Waadhoeke,95,0.0,10.0,10.0,5.0,5.0,25.0,25.0,10.0
BU19492805,Waadhoeke,125,5.0,40.0,45.0,5.0,10.0,15.0,5.0,0.0
BU19492806,Waadhoeke,30,0.0,15.0,5.0,0.0,5.0,5.0,0.0,0.0
BU19492807,Waadhoeke,10,,,,,,,,
BU19492808,Waadhoeke,60,0.0,10.0,5.0,5.0,0.0,20.0,10.0,5.0
BU19492809,Waadhoeke,30,0.0,10.0,0.0,0.0,0.0,5.0,10.0,5.0
BU19492810,Waadhoeke,40,0.0,5.0,0.0,0.0,10.0,15.0,5.0,5.0
BU19492811,Waadhoeke,65,10.0,10.0,10.0,0.0,5.0,5.0,20.0,0.0
BU19492812,Waadhoeke,65,5.0,10.0,5.0,5.0,5.0,15.0,10.0,10.0
BU19492813,Waadhoeke,75,0.0,15.0,5.0,5.0,0.0,15.0,15.0,15.0
BU19492814,Waadhoeke,35,0.0,5.0,5.0,5.0,5.0,10.0,5.0,5.0
BU19492815,Waadhoeke,40,0.0,5.0,0.0,5.0,5.0,15.0,0.0,5.0
BU19492816,Waadhoeke,105,5.0,25.0,10.0,0.0,10.0,25.0,20.0,5.0
BU19492817,Waadhoeke,50,0.0,5.0,5.0,5.0,5.0,15.0,10.0,10.0
BU19492900,Waadhoeke,35,5.0,5.0,5.0,0.0,0.0,10.0,0.0,5.0
BU19493000,Waadhoeke,30,5.0,5.0,5.0,0.0,5.0,5.0,5.0,0.0
BU19493100,Waadhoeke,10,,,,,,,,
BU19493101,Waadhoeke,25,5.0,5.0,5.0,0.0,0.0,5.0,0.0,5.0
BU19493200,Waadhoeke,85,25.0,10.0,15.0,0.0,5.0,10.0,10.0,10.0
BU19493201,Waadhoeke,80,15.0,15.0,15.0,0.0,0.0,15.0,10.0,5.0
BU19493202,Waadhoeke,55,15.0,15.0,5.0,5.0,0.0,5.0,5.0,5.0
BU19493300,Waadhoeke,10,,,,,,,,
BU19493400,Waadhoeke,30,10.0,0.0,5.0,0.0,5.0,5.0,5.0,5.0
BU19493401,Waadhoeke,95,0.0,10.0,20.0,10.0,5.0,10.0,20.0,15.0
BU19493500,Waadhoeke,50,20.0,5.0,5.0,0.0,5.0,10.0,5.0,5.0
BU19493501,Waadhoeke,30,0.0,10.0,10.0,5.0,0.0,0.0,0.0,5.0
BU19493502,Waadhoeke,95,5.0,20.0,15.0,5.0,5.0,15.0,20.0,10.0
BU19493503,Waadhoeke,105,5.0,20.0,20.0,5.0,5.0,25.0,10.0,15.0
BU19493600,Waadhoeke,40,15.0,0.0,5.0,5.0,0.0,5.0,5.0,5.0
BU19493601,Waadhoeke,25,0.0,0.0,10.0,5.0,0.0,5.0,0.0,0.0
BU19493602,Waadhoeke,50,5.0,10.0,10.0,5.0,0.0,5.0,5.0,5.0
BU19493603,Waadhoeke,75,5.0,10.0,5.0,5.0,10.0,20.0,15.0,10.0
BU19493700,Waadhoeke,30,0.0,10.0,5.0,0.0,0.0,5.0,5.0,5.0
BU19493800,Waadhoeke,20,,,,,,,,
BU19493801,Waadhoeke,65,10.0,20.0,10.0,5.0,0.0,5.0,10.0,5.0
BU19493900,Waadhoeke,65,20.0,10.0,5.0,0.0,5.0,10.0,5.0,5.0
BU19493901,Waadhoeke,80,5.0,15.0,10.0,5.0,5.0,15.0,10.0,10.0
BU19494000,Waadhoeke,55,15.0,10.0,5.0,0.0,0.0,10.0,10.0,5.0
BU19494100,Waadhoeke,30,10.0,5.0,0.0,5.0,0.0,5.0,0.0,0.0
BU19494200,Waadhoeke,10,,,,,,,,
BU19494201,Waadhoeke,55,5.0,15.0,5.0,0.0,0.0,10.0,10.0,5.0
BU19494300,Waadhoeke,25,5.0,5.0,5.0,0.0,0.0,5.0,0.0,0.0
BU19494400,Waadhoeke,20,,,,,,,,
BU19494401,Waadhoeke,135,20.0,30.0,30.0,5.0,5.0,30.0,10.0,10.0
BU19494402,Waadhoeke,10,,,,,,,,
BU19494403,Waadhoeke,0,,,,,,,,
BU19494500,Waadhoeke,15,,,,,,,,
BU19494600,Waadhoeke,20,,,,,,,,
BU19494700,Waadhoeke,5,,,,,,,,
BU19494701,Waadhoeke,25,0.0,10.0,0.0,0.0,0.0,5.0,5.0,5.0
BU19494800,Waadhoeke,55,35.0,10.0,0.0,0.0,0.0,5.0,5.0,0.0
BU19494801,Waadhoeke,65,5.0,15.0,5.0,5.0,0.0,15.0,15.0,5.0
BU19494900,Waadhoeke,50,20.0,10.0,5.0,0.0,5.0,5.0,0.0,0.0
BU19494901,Waadhoeke,65,5.0,20.0,15.0,5.0,0.0,5.0,10.0,5.0
BU19494902,Waadhoeke,65,10.0,15.0,10.0,5.0,0.0,10.0,10.0,5.0
BU19495000,Waadhoeke,40,15.0,0.0,5.0,0.0,0.0,5.0,5.0,5.0
BU19495001,Waadhoeke,65,5.0,15.0,15.0,10.0,5.0,10.0,5.0,5.0
BU19495100,Waadhoeke,45,15.0,10.0,5.0,0.0,0.0,5.0,5.0,5.0
BU19495200,Waadhoeke,20,,,,,,,,
BU19495300,Waadhoeke,20,,,,,,,,
BU19495301,Waadhoeke,80,5.0,15.0,10.0,10.0,5.0,10.0,15.0,10.0
BU19495302,Waadhoeke,25,0.0,10.0,10.0,0.0,0.0,0.0,0.0,0.0
BU19495400,Waadhoeke,30,10.0,10.0,0.0,0.0,0.0,0.0,0.0,0.0
BU19495401,Waadhoeke,40,0.0,15.0,5.0,0.0,5.0,5.0,5.0,5.0
BU19495500,Waadhoeke,30,5.0,10.0,5.0,0.0,0.0,5.0,0.0,0.0
BU08660000,Waalre,895,0.0,90.0,130.0,55.0,115.0,260.0,175.0,70.0
BU08660001,Waalre,630,0.0,60.0,100.0,30.0,120.0,160.0,110.0,45.0
BU08660002,Waalre,380,0.0,45.0,60.0,25.0,65.0,90.0,60.0,35.0
BU08660003,Waalre,365,0.0,30.0,35.0,25.0,40.0,120.0,75.0,45.0
BU08660009,Waalre,130,15.0,10.0,15.0,5.0,25.0,35.0,5.0,15.0
BU08670000,Waalwijk,805,0.0,100.0,245.0,30.0,85.0,170.0,85.0,90.0
BU08670001,Waalwijk,490,0.0,115.0,85.0,10.0,45.0,105.0,75.0,55.0
BU08670002,Waalwijk,265,0.0,70.0,50.0,15.0,10.0,40.0,50.0,30.0
BU08670003,Waalwijk,245,0.0,50.0,40.0,15.0,10.0,40.0,45.0,40.0
BU08670004,Waalwijk,260,0.0,60.0,65.0,10.0,15.0,50.0,25.0,35.0
BU08670005,Waalwijk,200,0.0,50.0,30.0,10.0,5.0,30.0,45.0,25.0
BU08670006,Waalwijk,385,0.0,75.0,65.0,20.0,30.0,95.0,55.0,50.0
BU08670007,Waalwijk,375,0.0,20.0,45.0,15.0,80.0,130.0,65.0,20.0
BU08670008,Waalwijk,140,0.0,40.0,10.0,5.0,10.0,30.0,25.0,15.0
BU08670009,Waalwijk,270,0.0,30.0,115.0,10.0,30.0,50.0,20.0,15.0
BU08670010,Waalwijk,660,0.0,180.0,255.0,50.0,55.0,90.0,10.0,15.0
BU08670011,Waalwijk,30,10.0,5.0,10.0,0.0,0.0,0.0,0.0,0.0
BU08670012,Waalwijk,20,,,,,,,,
BU08670013,Waalwijk,0,,,,,,,,
BU08670100,Waalwijk,445,10.0,90.0,120.0,25.0,35.0,85.0,50.0,30.0
BU08670101,Waalwijk,365,5.0,80.0,60.0,20.0,35.0,75.0,55.0,40.0
BU08670102,Waalwijk,435,35.0,125.0,65.0,25.0,35.0,65.0,35.0,45.0
BU08670103,Waalwijk,10,,,,,,,,
BU08670104,Waalwijk,350,0.0,45.0,50.0,25.0,25.0,105.0,65.0,40.0
BU08670200,Waalwijk,410,10.0,90.0,65.0,15.0,35.0,80.0,65.0,45.0
BU08670201,Waalwijk,155,15.0,35.0,25.0,10.0,20.0,20.0,10.0,20.0
BU08670202,Waalwijk,80,0.0,30.0,20.0,10.0,5.0,10.0,0.0,0.0
BU08670203,Waalwijk,15,,,,,,,,
BU06270101,Waddinxveen,130,5.0,20.0,20.0,5.0,15.0,30.0,20.0,10.0
BU06270102,Waddinxveen,115,0.0,20.0,10.0,10.0,5.0,30.0,15.0,20.0
BU06270103,Waddinxveen,115,0.0,20.0,15.0,15.0,5.0,20.0,20.0,10.0
BU06270104,Waddinxveen,50,0.0,15.0,10.0,0.0,5.0,10.0,5.0,5.0
BU06270105,Waddinxveen,70,20.0,15.0,10.0,0.0,5.0,15.0,5.0,0.0
BU06270106,Waddinxveen,225,5.0,40.0,35.0,10.0,10.0,45.0,45.0,35.0
BU06270202,Waddinxveen,475,5.0,85.0,50.0,30.0,65.0,115.0,75.0,45.0
BU06270203,Waddinxveen,155,5.0,10.0,25.0,15.0,25.0,40.0,25.0,10.0
BU06270204,Waddinxveen,310,0.0,45.0,40.0,20.0,15.0,95.0,55.0,40.0
BU06270205,Waddinxveen,280,45.0,25.0,55.0,35.0,45.0,60.0,10.0,5.0
BU06270301,Waddinxveen,95,5.0,30.0,5.0,5.0,5.0,20.0,10.0,15.0
BU06270302,Waddinxveen,135,5.0,40.0,20.0,10.0,5.0,15.0,25.0,15.0
BU06270303,Waddinxveen,160,5.0,25.0,25.0,15.0,5.0,30.0,35.0,20.0
BU06270304,Waddinxveen,185,0.0,25.0,45.0,15.0,30.0,25.0,30.0,15.0
BU06270401,Waddinxveen,245,0.0,30.0,70.0,10.0,25.0,40.0,40.0,35.0
BU06270402,Waddinxveen,170,0.0,40.0,15.0,15.0,10.0,45.0,20.0,20.0
BU06270403,Waddinxveen,85,0.0,20.0,20.0,5.0,5.0,20.0,10.0,5.0
BU06270404,Waddinxveen,165,0.0,40.0,40.0,10.0,20.0,25.0,20.0,10.0
BU06270405,Waddinxveen,245,0.0,60.0,90.0,20.0,20.0,35.0,5.0,10.0
BU06270406,Waddinxveen,5,,,,,,,,
BU06270407,Waddinxveen,125,15.0,25.0,15.0,5.0,20.0,25.0,10.0,5.0
BU06270408,Waddinxveen,85,0.0,15.0,10.0,10.0,10.0,15.0,20.0,10.0
BU02890101,Wageningen,125,0.0,5.0,10.0,5.0,15.0,50.0,25.0,15.0
BU02890102,Wageningen,175,5.0,15.0,15.0,10.0,10.0,65.0,40.0,15.0
BU02890103,Wageningen,105,5.0,10.0,10.0,10.0,5.0,35.0,20.0,5.0
BU02890104,Wageningen,120,5.0,10.0,5.0,15.0,10.0,60.0,10.0,10.0
BU02890201,Wageningen,120,0.0,15.0,25.0,10.0,5.0,35.0,15.0,15.0
BU02890202,Wageningen,20,,,,,,,,
BU02890301,Wageningen,165,5.0,10.0,15.0,10.0,5.0,55.0,45.0,20.0
BU02890302,Wageningen,95,0.0,5.0,10.0,5.0,15.0,30.0,20.0,10.0
BU02890401,Wageningen,95,0.0,10.0,10.0,5.0,0.0,25.0,30.0,15.0
BU02890402,Wageningen,60,0.0,5.0,5.0,10.0,0.0,15.0,15.0,5.0
BU02890501,Wageningen,20,,,,,,,,
BU02890502,Wageningen,145,0.0,15.0,10.0,10.0,0.0,55.0,40.0,15.0
BU02890503,Wageningen,25,0.0,0.0,10.0,0.0,0.0,5.0,0.0,5.0
BU02890504,Wageningen,50,0.0,0.0,5.0,10.0,5.0,15.0,10.0,5.0
BU02890601,Wageningen,25,0.0,5.0,0.0,5.0,0.0,5.0,5.0,5.0
BU02890602,Wageningen,80,0.0,15.0,20.0,5.0,0.0,15.0,15.0,10.0
BU02890603,Wageningen,180,0.0,20.0,15.0,20.0,5.0,50.0,35.0,30.0
BU02890604,Wageningen,215,0.0,30.0,30.0,20.0,15.0,50.0,40.0,30.0
BU02890701,Wageningen,230,5.0,15.0,20.0,15.0,10.0,75.0,65.0,30.0
BU02890702,Wageningen,215,0.0,30.0,25.0,15.0,10.0,70.0,40.0,25.0
BU02890801,Wageningen,150,0.0,10.0,25.0,10.0,5.0,50.0,30.0,25.0
BU02890802,Wageningen,195,0.0,45.0,50.0,15.0,5.0,45.0,25.0,10.0
BU02890901,Wageningen,520,5.0,20.0,180.0,30.0,35.0,100.0,65.0,85.0
BU02890902,Wageningen,95,0.0,5.0,15.0,5.0,5.0,30.0,25.0,10.0
BU02891001,Wageningen,260,5.0,15.0,20.0,15.0,30.0,85.0,55.0,35.0
BU02891002,Wageningen,60,0.0,0.0,0.0,0.0,10.0,25.0,10.0,10.0
BU02891003,Wageningen,130,0.0,5.0,10.0,5.0,15.0,55.0,30.0,10.0
BU02891101,Wageningen,255,0.0,10.0,15.0,20.0,40.0,105.0,50.0,10.0
BU02891201,Wageningen,25,5.0,0.0,0.0,0.0,0.0,5.0,5.0,5.0
BU02891202,Wageningen,90,0.0,5.0,10.0,5.0,15.0,35.0,15.0,5.0
BU02891203,Wageningen,45,0.0,0.0,5.0,0.0,5.0,10.0,10.0,5.0
BU02891204,Wageningen,55,10.0,10.0,5.0,5.0,5.0,10.0,5.0,5.0
BU02891205,Wageningen,35,5.0,0.0,5.0,0.0,0.0,15.0,5.0,5.0
BU06290000,Wassenaar,145,0.0,5.0,10.0,5.0,25.0,60.0,30.0,10.0
BU06290001,Wassenaar,130,0.0,5.0,5.0,0.0,35.0,50.0,20.0,10.0
BU06290002,Wassenaar,215,0.0,5.0,15.0,5.0,50.0,80.0,45.0,10.0
BU06290003,Wassenaar,55,0.0,0.0,10.0,0.0,5.0,15.0,10.0,20.0
BU06290004,Wassenaar,140,5.0,5.0,15.0,10.0,20.0,55.0,15.0,10.0
BU06290005,Wassenaar,275,0.0,10.0,20.0,10.0,100.0,90.0,30.0,15.0
BU06290006,Wassenaar,140,0.0,25.0,15.0,10.0,10.0,45.0,20.0,15.0
BU06290007,Wassenaar,90,0.0,5.0,5.0,0.0,15.0,35.0,20.0,5.0
BU06290008,Wassenaar,10,,,,,,,,
BU06290009,Wassenaar,15,,,,,,,,
BU06290100,Wassenaar,215,0.0,10.0,20.0,10.0,50.0,100.0,30.0,5.0
BU06290101,Wassenaar,540,0.0,40.0,160.0,20.0,55.0,120.0,80.0,65.0
BU06290102,Wassenaar,240,5.0,30.0,50.0,10.0,20.0,60.0,35.0,35.0
BU06290103,Wassenaar,480,0.0,65.0,90.0,35.0,30.0,115.0,105.0,40.0
BU06290104,Wassenaar,260,0.0,20.0,30.0,10.0,35.0,100.0,50.0,15.0
BU06290105,Wassenaar,500,0.0,60.0,50.0,40.0,60.0,135.0,105.0,40.0
BU06290106,Wassenaar,85,0.0,5.0,10.0,5.0,15.0,35.0,15.0,0.0
BU06290107,Wassenaar,60,5.0,15.0,10.0,5.0,5.0,15.0,5.0,0.0
BU06290108,Wassenaar,100,10.0,10.0,15.0,5.0,20.0,20.0,10.0,10.0
BU06290109,Wassenaar,75,0.0,0.0,10.0,5.0,5.0,20.0,20.0,5.0
BU06290110,Wassenaar,45,0.0,5.0,5.0,5.0,5.0,10.0,15.0,5.0
BU08520000,Waterland,430,0.0,50.0,80.0,30.0,50.0,135.0,45.0,45.0
BU08520001,Waterland,75,0.0,25.0,10.0,5.0,5.0,15.0,5.0,10.0
BU08520002,Waterland,160,0.0,30.0,15.0,20.0,10.0,25.0,40.0,25.0
BU08520003,Waterland,175,0.0,20.0,25.0,10.0,20.0,45.0,30.0,15.0
BU08520004,Waterland,90,0.0,10.0,10.0,10.0,5.0,30.0,20.0,5.0
BU08520005,Waterland,35,0.0,5.0,10.0,0.0,0.0,5.0,10.0,5.0
BU08520006,Waterland,55,0.0,10.0,5.0,0.0,0.0,15.0,10.0,10.0
BU08520007,Waterland,110,0.0,15.0,10.0,10.0,15.0,35.0,20.0,10.0
BU08520009,Waterland,70,20.0,5.0,5.0,5.0,10.0,15.0,0.0,5.0
BU08520010,Waterland,35,10.0,5.0,0.0,0.0,0.0,5.0,5.0,0.0
BU08520100,Waterland,95,15.0,15.0,15.0,5.0,5.0,15.0,15.0,10.0
BU08520200,Waterland,145,5.0,15.0,30.0,10.0,10.0,40.0,20.0,25.0
BU08520201,Waterland,25,0.0,5.0,0.0,0.0,0.0,5.0,5.0,0.0
BU08520300,Waterland,560,20.0,50.0,60.0,50.0,55.0,185.0,75.0,65.0
BU08520301,Waterland,105,10.0,5.0,5.0,0.0,15.0,25.0,20.0,20.0
BU08520302,Waterland,30,5.0,5.0,0.0,0.0,5.0,10.0,0.0,5.0
BU08520400,Waterland,255,5.0,35.0,20.0,30.0,20.0,70.0,40.0,35.0
BU08520401,Waterland,10,,,,,,,,
BU08520500,Waterland,150,5.0,15.0,30.0,10.0,15.0,45.0,20.0,15.0
BU09880101,Weert,425,0.0,45.0,70.0,25.0,35.0,105.0,80.0,60.0
BU09880102,Weert,75,5.0,15.0,10.0,0.0,5.0,15.0,10.0,10.0
BU09880103,Weert,135,0.0,15.0,15.0,25.0,10.0,50.0,5.0,10.0
BU09880104,Weert,35,15.0,5.0,5.0,0.0,0.0,5.0,5.0,5.0
BU09880105,Weert,50,0.0,25.0,15.0,0.0,5.0,5.0,0.0,0.0
BU09880201,Weert,50,0.0,5.0,5.0,5.0,5.0,10.0,10.0,5.0
BU09880202,Weert,25,0.0,5.0,0.0,0.0,5.0,5.0,5.0,5.0
BU09880203,Weert,75,20.0,10.0,10.0,5.0,5.0,10.0,10.0,5.0
BU09880204,Weert,35,5.0,5.0,5.0,0.0,5.0,5.0,0.0,5.0
BU09880205,Weert,105,5.0,15.0,5.0,5.0,15.0,25.0,20.0,15.0
BU09880301,Weert,305,0.0,25.0,40.0,20.0,35.0,75.0,70.0,40.0
BU09880302,Weert,175,0.0,45.0,60.0,15.0,20.0,35.0,0.0,0.0
BU09880303,Weert,5,,,,,,,,
BU09881101,Weert,610,5.0,25.0,260.0,35.0,55.0,95.0,70.0,65.0
BU09881102,Weert,230,0.0,15.0,40.0,10.0,35.0,50.0,55.0,25.0
BU09881201,Weert,220,0.0,35.0,30.0,10.0,25.0,50.0,45.0,25.0
BU09881301,Weert,90,0.0,15.0,15.0,10.0,5.0,20.0,15.0,5.0
BU09881302,Weert,195,0.0,30.0,50.0,10.0,20.0,25.0,35.0,35.0
BU09881401,Weert,150,0.0,15.0,30.0,15.0,5.0,30.0,30.0,20.0
BU09881402,Weert,95,0.0,20.0,25.0,5.0,5.0,10.0,15.0,5.0
BU09882101,Weert,340,0.0,55.0,65.0,35.0,15.0,70.0,60.0,40.0
BU09882102,Weert,40,5.0,5.0,10.0,0.0,5.0,5.0,5.0,5.0
BU09882201,Weert,230,0.0,35.0,35.0,10.0,20.0,35.0,65.0,30.0
BU09882202,Weert,70,15.0,10.0,10.0,0.0,10.0,15.0,10.0,5.0
BU09882301,Weert,165,0.0,20.0,20.0,10.0,15.0,30.0,45.0,25.0
BU09882401,Weert,370,5.0,50.0,80.0,30.0,25.0,65.0,70.0,45.0
BU09882402,Weert,245,0.0,55.0,80.0,15.0,25.0,40.0,5.0,25.0
BU09882403,Weert,45,10.0,5.0,15.0,0.0,5.0,0.0,5.0,5.0
BU09882501,Weert,235,0.0,10.0,30.0,5.0,30.0,75.0,55.0,30.0
BU09882502,Weert,50,0.0,15.0,15.0,10.0,0.0,5.0,0.0,0.0
BU09883101,Weert,75,0.0,5.0,10.0,5.0,5.0,20.0,15.0,15.0
BU09883102,Weert,120,25.0,20.0,20.0,5.0,10.0,15.0,15.0,10.0
BU09883201,Weert,70,0.0,15.0,5.0,5.0,5.0,20.0,10.0,5.0
BU09883202,Weert,75,25.0,10.0,10.0,0.0,5.0,10.0,5.0,5.0
BU09883301,Weert,65,0.0,15.0,5.0,5.0,5.0,10.0,15.0,10.0
BU09883302,Weert,65,15.0,5.0,10.0,5.0,10.0,5.0,5.0,10.0
BU09883401,Weert,380,5.0,85.0,55.0,15.0,35.0,70.0,70.0,50.0
BU09883402,Weert,115,35.0,15.0,15.0,0.0,10.0,15.0,10.0,20.0
BU04570001,Weesp,540,0.0,45.0,125.0,40.0,45.0,140.0,60.0,85.0
BU04570002,Weesp,165,0.0,15.0,20.0,10.0,15.0,45.0,35.0,20.0
BU04570101,Weesp,100,0.0,15.0,15.0,10.0,10.0,30.0,10.0,10.0
BU04570102,Weesp,45,0.0,5.0,5.0,0.0,5.0,5.0,20.0,5.0
BU04570103,Weesp,75,0.0,15.0,5.0,5.0,5.0,15.0,25.0,10.0
BU04570104,Weesp,70,0.0,5.0,5.0,5.0,5.0,20.0,10.0,10.0
BU04570201,Weesp,225,0.0,30.0,25.0,35.0,5.0,60.0,40.0,30.0
BU04570202,Weesp,85,0.0,15.0,10.0,10.0,0.0,15.0,20.0,10.0
BU04570301,Weesp,100,0.0,15.0,15.0,5.0,5.0,30.0,15.0,15.0
BU04570302,Weesp,160,0.0,15.0,30.0,25.0,10.0,40.0,25.0,15.0
BU04570303,Weesp,170,0.0,20.0,20.0,25.0,15.0,50.0,30.0,10.0
BU04570304,Weesp,455,0.0,90.0,155.0,40.0,40.0,70.0,25.0,35.0
BU04570401,Weesp,125,0.0,20.0,5.0,20.0,5.0,25.0,30.0,20.0
BU04570402,Weesp,145,0.0,30.0,15.0,20.0,10.0,35.0,30.0,10.0
BU04570701,Weesp,140,15.0,10.0,15.0,5.0,20.0,35.0,15.0,20.0
BU04570801,Weesp,165,25.0,25.0,15.0,15.0,15.0,40.0,10.0,15.0
BU04570901,Weesp,235,0.0,10.0,25.0,30.0,20.0,90.0,40.0,20.0
BU04570902,Weesp,65,0.0,10.0,15.0,10.0,5.0,10.0,10.0,0.0
BU04570903,Weesp,175,5.0,5.0,5.0,15.0,20.0,75.0,35.0,15.0
BU19600000,West Betuwe,165,0.0,25.0,50.0,10.0,5.0,35.0,20.0,20.0
BU19600001,West Betuwe,225,0.0,15.0,40.0,10.0,30.0,75.0,30.0,20.0
BU19600002,West Betuwe,165,0.0,20.0,20.0,15.0,15.0,55.0,20.0,15.0
BU19600003,West Betuwe,195,0.0,45.0,40.0,10.0,10.0,45.0,35.0,10.0
BU19600004,West Betuwe,230,5.0,45.0,30.0,15.0,25.0,50.0,45.0,20.0
BU19600005,West Betuwe,240,5.0,45.0,40.0,20.0,25.0,35.0,55.0,20.0
BU19600006,West Betuwe,70,0.0,10.0,10.0,5.0,5.0,20.0,10.0,5.0
BU19600007,West Betuwe,125,15.0,15.0,15.0,10.0,20.0,35.0,10.0,10.0
BU19600008,West Betuwe,165,5.0,30.0,55.0,15.0,20.0,30.0,5.0,5.0
BU19600009,West Betuwe,5,,,,,,,,
BU19600100,West Betuwe,250,5.0,35.0,40.0,25.0,35.0,60.0,25.0,20.0
BU19600101,West Betuwe,55,5.0,15.0,5.0,5.0,5.0,10.0,5.0,5.0
BU19600102,West Betuwe,105,0.0,10.0,15.0,10.0,10.0,35.0,15.0,10.0
BU19600103,West Betuwe,35,0.0,5.0,5.0,0.0,5.0,5.0,5.0,5.0
BU19600106,West Betuwe,15,,,,,,,,
BU19600107,West Betuwe,95,25.0,10.0,10.0,5.0,5.0,10.0,10.0,20.0
BU19600108,West Betuwe,60,15.0,5.0,20.0,5.0,5.0,10.0,0.0,5.0
BU19600109,West Betuwe,65,30.0,0.0,5.0,5.0,5.0,10.0,0.0,5.0
BU19600200,West Betuwe,185,5.0,35.0,20.0,10.0,25.0,40.0,25.0,20.0
BU19600201,West Betuwe,270,5.0,60.0,65.0,10.0,25.0,60.0,25.0,25.0
BU19600202,West Betuwe,105,5.0,15.0,10.0,5.0,15.0,30.0,10.0,10.0
BU19600203,West Betuwe,50,0.0,5.0,5.0,0.0,5.0,15.0,5.0,5.0
BU19600207,West Betuwe,50,15.0,5.0,5.0,0.0,0.0,10.0,5.0,5.0
BU19600208,West Betuwe,50,15.0,5.0,5.0,0.0,0.0,10.0,10.0,0.0
BU19600209,West Betuwe,145,30.0,20.0,30.0,10.0,15.0,20.0,5.0,10.0
BU19600300,West Betuwe,90,5.0,20.0,10.0,10.0,5.0,20.0,10.0,5.0
BU19600301,West Betuwe,195,5.0,30.0,20.0,10.0,15.0,55.0,35.0,20.0
BU19600308,West Betuwe,75,25.0,10.0,10.0,0.0,5.0,15.0,10.0,5.0
BU19600309,West Betuwe,75,15.0,5.0,5.0,5.0,10.0,20.0,5.0,5.0
BU19600400,West Betuwe,130,10.0,20.0,20.0,5.0,15.0,35.0,10.0,15.0
BU19600401,West Betuwe,220,5.0,20.0,30.0,15.0,20.0,70.0,40.0,20.0
BU19600402,West Betuwe,125,0.0,15.0,10.0,10.0,15.0,45.0,15.0,10.0
BU19600403,West Betuwe,50,15.0,5.0,10.0,5.0,5.0,10.0,0.0,0.0
BU19600500,West Betuwe,255,5.0,55.0,25.0,20.0,10.0,65.0,45.0,25.0
BU19600501,West Betuwe,80,5.0,15.0,15.0,5.0,5.0,20.0,10.0,5.0
BU19600502,West Betuwe,100,5.0,30.0,15.0,5.0,5.0,25.0,10.0,10.0
BU19600507,West Betuwe,85,20.0,15.0,10.0,5.0,10.0,15.0,5.0,5.0
BU19600508,West Betuwe,55,25.0,10.0,5.0,0.0,5.0,5.0,5.0,5.0
BU19600509,West Betuwe,90,15.0,15.0,25.0,10.0,5.0,15.0,5.0,0.0
BU19600600,West Betuwe,200,10.0,50.0,30.0,20.0,25.0,35.0,25.0,15.0
BU19600601,West Betuwe,120,0.0,30.0,40.0,5.0,20.0,15.0,5.0,0.0
BU19600602,West Betuwe,20,,,,,,,,
BU19600603,West Betuwe,135,5.0,20.0,15.0,20.0,15.0,35.0,20.0,5.0
BU19600604,West Betuwe,60,5.0,10.0,10.0,5.0,5.0,15.0,5.0,5.0
BU19600606,West Betuwe,35,15.0,5.0,0.0,0.0,0.0,5.0,0.0,0.0
BU19600607,West Betuwe,10,,,,,,,,
BU19600608,West Betuwe,80,20.0,10.0,15.0,10.0,10.0,10.0,5.0,0.0
BU19600609,West Betuwe,160,25.0,35.0,30.0,15.0,15.0,20.0,10.0,10.0
BU19600700,West Betuwe,190,15.0,30.0,30.0,15.0,20.0,40.0,25.0,20.0
BU19600701,West Betuwe,165,10.0,25.0,15.0,15.0,5.0,45.0,25.0,20.0
BU19600702,West Betuwe,20,,,,,,,,
BU19600707,West Betuwe,55,10.0,10.0,5.0,5.0,0.0,10.0,5.0,5.0
BU19600708,West Betuwe,35,15.0,5.0,5.0,0.0,0.0,5.0,5.0,0.0
BU19600709,West Betuwe,70,30.0,10.0,10.0,0.0,10.0,10.0,0.0,0.0
BU19600800,West Betuwe,165,5.0,25.0,20.0,10.0,15.0,40.0,30.0,25.0
BU19600801,West Betuwe,120,0.0,25.0,15.0,10.0,5.0,30.0,20.0,10.0
BU19600802,West Betuwe,25,0.0,15.0,5.0,0.0,5.0,0.0,0.0,0.0
BU19600809,West Betuwe,50,0.0,10.0,10.0,5.0,10.0,10.0,5.0,5.0
BU19600900,West Betuwe,80,0.0,15.0,15.0,10.0,5.0,10.0,15.0,10.0
BU19600901,West Betuwe,130,0.0,25.0,10.0,10.0,10.0,40.0,25.0,10.0
BU19600902,West Betuwe,145,5.0,30.0,20.0,10.0,20.0,30.0,15.0,15.0
BU19600909,West Betuwe,60,5.0,10.0,15.0,0.0,10.0,10.0,5.0,5.0
BU19601000,West Betuwe,215,5.0,45.0,35.0,10.0,20.0,45.0,40.0,15.0
BU19601009,West Betuwe,170,25.0,35.0,45.0,10.0,20.0,20.0,5.0,10.0
BU19601100,West Betuwe,305,20.0,70.0,45.0,15.0,30.0,65.0,40.0,20.0
BU19601109,West Betuwe,80,35.0,10.0,10.0,0.0,5.0,5.0,5.0,5.0
BU06680100,West Maas en Waal,100,0.0,30.0,20.0,5.0,5.0,20.0,10.0,10.0
BU06680101,West Maas en Waal,170,40.0,30.0,15.0,15.0,10.0,30.0,15.0,20.0
BU06680200,West Maas en Waal,40,0.0,10.0,5.0,0.0,5.0,10.0,10.0,5.0
BU06680201,West Maas en Waal,65,15.0,5.0,10.0,5.0,5.0,10.0,5.0,5.0
BU06680300,West Maas en Waal,65,0.0,10.0,10.0,5.0,5.0,15.0,10.0,5.0
BU06680301,West Maas en Waal,65,5.0,10.0,10.0,5.0,5.0,15.0,5.0,5.0
BU06680400,West Maas en Waal,690,5.0,125.0,145.0,40.0,60.0,120.0,105.0,85.0
BU06680401,West Maas en Waal,190,20.0,35.0,40.0,10.0,10.0,35.0,30.0,10.0
BU06680500,West Maas en Waal,150,5.0,20.0,25.0,10.0,10.0,35.0,30.0,20.0
BU06680501,West Maas en Waal,235,25.0,55.0,55.0,10.0,15.0,45.0,15.0,15.0
BU06680600,West Maas en Waal,330,10.0,85.0,60.0,20.0,20.0,60.0,40.0,35.0
BU06680601,West Maas en Waal,230,55.0,35.0,35.0,10.0,20.0,40.0,15.0,15.0
BU06680700,West Maas en Waal,110,0.0,30.0,25.0,5.0,5.0,10.0,20.0,10.0
BU06680701,West Maas en Waal,130,25.0,20.0,15.0,5.0,5.0,35.0,15.0,10.0
BU06680800,West Maas en Waal,240,5.0,45.0,35.0,15.0,15.0,55.0,40.0,40.0
BU06680801,West Maas en Waal,60,30.0,5.0,10.0,0.0,0.0,5.0,10.0,5.0
BU19690000,Westerkwartier,345,10.0,70.0,85.0,15.0,25.0,50.0,55.0,35.0
BU19690001,Westerkwartier,80,15.0,20.0,20.0,0.0,0.0,10.0,5.0,10.0
BU19690002,Westerkwartier,45,5.0,15.0,5.0,0.0,0.0,5.0,5.0,5.0
BU19690006,Westerkwartier,35,10.0,5.0,5.0,0.0,5.0,10.0,0.0,5.0
BU19690007,Westerkwartier,30,10.0,10.0,0.0,0.0,0.0,5.0,5.0,0.0
BU19690008,Westerkwartier,55,20.0,10.0,5.0,0.0,5.0,5.0,5.0,5.0
BU19690009,Westerkwartier,50,20.0,10.0,5.0,5.0,0.0,5.0,0.0,5.0
BU19690100,Westerkwartier,80,10.0,15.0,10.0,5.0,5.0,15.0,10.0,10.0
BU19690109,Westerkwartier,75,30.0,10.0,10.0,5.0,5.0,10.0,5.0,5.0
BU19690200,Westerkwartier,90,5.0,25.0,15.0,5.0,10.0,15.0,10.0,10.0
BU19690201,Westerkwartier,50,10.0,15.0,5.0,5.0,0.0,5.0,5.0,0.0
BU19690202,Westerkwartier,40,0.0,10.0,10.0,0.0,0.0,10.0,5.0,0.0
BU19690209,Westerkwartier,145,15.0,35.0,35.0,5.0,10.0,30.0,10.0,5.0
BU19690300,Westerkwartier,130,10.0,25.0,25.0,5.0,5.0,20.0,25.0,15.0
BU19690301,Westerkwartier,85,0.0,25.0,15.0,5.0,5.0,15.0,15.0,5.0
BU19690309,Westerkwartier,100,45.0,10.0,5.0,5.0,5.0,15.0,5.0,5.0
BU19690401,Westerkwartier,90,0.0,15.0,10.0,10.0,20.0,25.0,10.0,10.0
BU19690402,Westerkwartier,450,5.0,70.0,125.0,20.0,40.0,70.0,75.0,45.0
BU19690403,Westerkwartier,375,5.0,70.0,50.0,30.0,25.0,95.0,65.0,35.0
BU19690404,Westerkwartier,30,0.0,0.0,0.0,0.0,5.0,10.0,5.0,5.0
BU19690408,Westerkwartier,5,,,,,,,,
BU19690409,Westerkwartier,155,0.0,10.0,15.0,15.0,20.0,45.0,35.0,15.0
BU19690500,Westerkwartier,120,5.0,25.0,25.0,5.0,10.0,20.0,15.0,20.0
BU19690501,Westerkwartier,35,5.0,10.0,5.0,0.0,5.0,5.0,5.0,0.0
BU19690502,Westerkwartier,25,5.0,5.0,0.0,5.0,5.0,5.0,5.0,0.0
BU19690503,Westerkwartier,20,,,,,,,,
BU19690507,Westerkwartier,35,0.0,5.0,5.0,5.0,15.0,5.0,0.0,0.0
BU19690508,Westerkwartier,35,5.0,10.0,0.0,5.0,10.0,0.0,5.0,0.0
BU19690509,Westerkwartier,130,35.0,20.0,15.0,0.0,10.0,25.0,15.0,5.0
BU19690600,Westerkwartier,220,5.0,35.0,45.0,5.0,25.0,50.0,30.0,20.0
BU19690601,Westerkwartier,130,0.0,15.0,10.0,10.0,10.0,35.0,35.0,15.0
BU19690609,Westerkwartier,155,20.0,25.0,35.0,15.0,15.0,15.0,15.0,10.0
BU19690700,Westerkwartier,20,,,,,,,,
BU19690701,Westerkwartier,20,,,,,,,,
BU19690709,Westerkwartier,170,5.0,40.0,55.0,5.0,10.0,40.0,10.0,10.0
BU19690800,Westerkwartier,15,,,,,,,,
BU19690809,Westerkwartier,15,,,,,,,,
BU19690900,Westerkwartier,65,0.0,10.0,15.0,5.0,5.0,15.0,15.0,5.0
BU19690909,Westerkwartier,15,,,,,,,,
BU19691000,Westerkwartier,30,5.0,5.0,5.0,0.0,0.0,10.0,5.0,5.0
BU19691009,Westerkwartier,15,,,,,,,,
BU19691100,Westerkwartier,555,10.0,90.0,125.0,30.0,40.0,115.0,90.0,50.0
BU19691102,Westerkwartier,85,10.0,10.0,15.0,5.0,5.0,20.0,10.0,5.0
BU19691103,Westerkwartier,70,5.0,5.0,10.0,10.0,5.0,15.0,10.0,5.0
BU19691104,Westerkwartier,45,5.0,15.0,5.0,0.0,5.0,10.0,5.0,5.0
BU19691105,Westerkwartier,35,15.0,5.0,0.0,5.0,5.0,0.0,5.0,0.0
BU19691106,Westerkwartier,20,,,,,,,,
BU19691107,Westerkwartier,40,15.0,5.0,5.0,0.0,5.0,10.0,5.0,5.0
BU19691108,Westerkwartier,55,20.0,5.0,5.0,0.0,5.0,5.0,5.0,5.0
BU19691109,Westerkwartier,85,15.0,15.0,10.0,5.0,10.0,15.0,10.0,5.0
BU19691200,Westerkwartier,130,10.0,35.0,25.0,5.0,5.0,20.0,15.0,15.0
BU19691201,Westerkwartier,10,,,,,,,,
BU19691202,Westerkwartier,40,10.0,5.0,5.0,0.0,0.0,10.0,5.0,5.0
BU19691204,Westerkwartier,40,10.0,10.0,5.0,0.0,0.0,5.0,5.0,5.0
BU19691208,Westerkwartier,55,10.0,5.0,10.0,5.0,5.0,15.0,0.0,5.0
BU19691209,Westerkwartier,45,10.0,5.0,10.0,0.0,5.0,5.0,5.0,5.0
BU19691300,Westerkwartier,90,0.0,15.0,15.0,10.0,0.0,10.0,20.0,15.0
BU19691301,Westerkwartier,25,0.0,5.0,5.0,0.0,0.0,10.0,5.0,0.0
BU19691302,Westerkwartier,60,5.0,5.0,5.0,0.0,5.0,20.0,15.0,5.0
BU19691309,Westerkwartier,90,30.0,10.0,10.0,5.0,5.0,5.0,10.0,10.0
BU19691400,Westerkwartier,685,5.0,55.0,95.0,45.0,60.0,180.0,165.0,80.0
BU19691401,Westerkwartier,170,5.0,40.0,30.0,10.0,5.0,40.0,25.0,15.0
BU19691402,Westerkwartier,50,5.0,5.0,10.0,5.0,5.0,5.0,5.0,10.0
BU19691403,Westerkwartier,30,0.0,0.0,5.0,5.0,0.0,10.0,5.0,5.0
BU19691409,Westerkwartier,135,35.0,10.0,15.0,15.0,10.0,20.0,15.0,15.0
BU19691500,Westerkwartier,255,0.0,60.0,60.0,10.0,10.0,35.0,45.0,30.0
BU19691502,Westerkwartier,40,5.0,5.0,5.0,0.0,0.0,10.0,5.0,5.0
BU19691503,Westerkwartier,45,5.0,10.0,5.0,5.0,0.0,10.0,10.0,5.0
BU19691504,Westerkwartier,15,,,,,,,,
BU19691509,Westerkwartier,85,40.0,10.0,5.0,5.0,5.0,10.0,10.0,5.0
BU19691600,Westerkwartier,105,5.0,25.0,20.0,0.0,10.0,10.0,20.0,15.0
BU19691601,Westerkwartier,25,0.0,5.0,0.0,0.0,0.0,5.0,10.0,0.0
BU19691603,Westerkwartier,10,,,,,,,,
BU19691604,Westerkwartier,10,,,,,,,,
BU19691608,Westerkwartier,20,,,,,,,,
BU19691609,Westerkwartier,100,55.0,10.0,10.0,5.0,5.0,10.0,10.0,0.0
BU19691700,Westerkwartier,175,0.0,30.0,25.0,15.0,5.0,35.0,40.0,25.0
BU19691701,Westerkwartier,25,0.0,5.0,0.0,5.0,0.0,5.0,5.0,5.0
BU19691702,Westerkwartier,20,,,,,,,,
BU19691709,Westerkwartier,130,50.0,15.0,15.0,5.0,5.0,15.0,15.0,10.0
BU17010000,Westerveld,265,5.0,25.0,50.0,20.0,15.0,50.0,55.0,40.0
BU17010003,Westerveld,25,10.0,5.0,5.0,0.0,0.0,0.0,5.0,0.0
BU17010009,Westerveld,105,20.0,5.0,15.0,0.0,5.0,25.0,15.0,10.0
BU17010100,Westerveld,85,15.0,15.0,10.0,0.0,5.0,15.0,15.0,15.0
BU17010109,Westerveld,35,15.0,0.0,0.0,0.0,5.0,5.0,5.0,0.0
BU17010200,Westerveld,30,5.0,5.0,5.0,0.0,5.0,5.0,5.0,5.0
BU17010209,Westerveld,70,5.0,10.0,20.0,0.0,5.0,15.0,10.0,5.0
BU17010300,Westerveld,300,5.0,50.0,65.0,10.0,25.0,50.0,60.0,30.0
BU17010301,Westerveld,20,,,,,,,,
BU17010302,Westerveld,15,,,,,,,,
BU17010303,Westerveld,10,,,,,,,,
BU17010309,Westerveld,35,10.0,5.0,5.0,0.0,0.0,5.0,5.0,5.0
BU17010400,Westerveld,45,5.0,5.0,5.0,0.0,5.0,10.0,10.0,5.0
BU17010401,Westerveld,30,5.0,0.0,5.0,5.0,0.0,10.0,5.0,0.0
BU17010409,Westerveld,35,5.0,5.0,5.0,0.0,0.0,10.0,5.0,5.0
BU17010500,Westerveld,30,5.0,5.0,5.0,0.0,0.0,5.0,5.0,5.0
BU17010509,Westerveld,55,15.0,0.0,5.0,5.0,5.0,15.0,10.0,0.0
BU17010600,Westerveld,30,5.0,5.0,5.0,0.0,0.0,5.0,5.0,0.0
BU17010601,Westerveld,30,5.0,0.0,5.0,0.0,5.0,10.0,5.0,0.0
BU17010609,Westerveld,20,,,,,,,,
BU17010700,Westerveld,75,5.0,15.0,25.0,5.0,5.0,5.0,10.0,10.0
BU17010709,Westerveld,5,,,,,,,,
BU17010800,Westerveld,375,10.0,35.0,60.0,10.0,30.0,100.0,85.0,50.0
BU17010801,Westerveld,50,5.0,5.0,10.0,0.0,0.0,10.0,10.0,10.0
BU17010802,Westerveld,20,,,,,,,,
BU17010809,Westerveld,115,25.0,15.0,20.0,0.0,10.0,20.0,15.0,10.0
BU17010900,Westerveld,190,15.0,35.0,30.0,10.0,10.0,30.0,40.0,20.0
BU17010909,Westerveld,40,10.0,0.0,5.0,0.0,5.0,10.0,5.0,5.0
BU17011000,Westerveld,80,10.0,10.0,15.0,0.0,0.0,15.0,15.0,10.0
BU17011001,Westerveld,20,,,,,,,,
BU17011002,Westerveld,20,,,,,,,,
BU17011009,Westerveld,25,5.0,5.0,5.0,0.0,0.0,5.0,5.0,0.0
BU17011100,Westerveld,180,10.0,30.0,25.0,5.0,10.0,40.0,40.0,25.0
BU17011109,Westerveld,35,10.0,0.0,5.0,0.0,5.0,5.0,5.0,5.0
BU17011200,Westerveld,25,0.0,0.0,5.0,0.0,5.0,5.0,5.0,5.0
BU17011209,Westerveld,25,5.0,0.0,5.0,0.0,0.0,5.0,5.0,5.0
BU17011300,Westerveld,80,15.0,15.0,15.0,5.0,5.0,15.0,10.0,10.0
BU17011309,Westerveld,20,,,,,,,,
BU17011400,Westerveld,35,0.0,5.0,5.0,5.0,0.0,5.0,5.0,10.0
BU17011409,Westerveld,30,5.0,0.0,5.0,0.0,0.0,5.0,5.0,5.0
BU17011500,Westerveld,70,5.0,10.0,10.0,5.0,0.0,10.0,10.0,15.0
BU17011509,Westerveld,25,10.0,0.0,5.0,0.0,0.0,5.0,5.0,0.0
BU17011600,Westerveld,10,,,,,,,,
BU17011609,Westerveld,15,,,,,,,,
BU17011709,Westerveld,5,,,,,,,,
BU02930000,Westervoort,705,5.0,105.0,130.0,45.0,55.0,140.0,120.0,100.0
BU02930001,Westervoort,80,0.0,15.0,10.0,10.0,0.0,10.0,20.0,10.0
BU02930002,Westervoort,175,0.0,40.0,15.0,10.0,5.0,45.0,35.0,25.0
BU02930003,Westervoort,160,0.0,25.0,10.0,15.0,5.0,40.0,45.0,20.0
BU02930004,Westervoort,195,0.0,30.0,20.0,15.0,5.0,40.0,55.0,25.0
BU02930009,Westervoort,55,0.0,5.0,20.0,5.0,5.0,10.0,5.0,0.0
BU19500000,Westerwolde,210,20.0,35.0,50.0,10.0,5.0,30.0,35.0,25.0
BU19500001,Westerwolde,35,10.0,0.0,10.0,0.0,0.0,5.0,10.0,5.0
BU19500002,Westerwolde,35,0.0,10.0,5.0,0.0,0.0,5.0,5.0,10.0
BU19500004,Westerwolde,55,5.0,15.0,15.0,0.0,0.0,10.0,5.0,5.0
BU19500005,Westerwolde,20,,,,,,,,
BU19500006,Westerwolde,10,,,,,,,,
BU19500007,Westerwolde,50,5.0,10.0,10.0,5.0,0.0,10.0,10.0,5.0
BU19500008,Westerwolde,10,,,,,,,,
BU19500009,Westerwolde,20,,,,,,,,
BU19500100,Westerwolde,65,10.0,15.0,10.0,0.0,0.0,10.0,15.0,5.0
BU19500101,Westerwolde,15,,,,,,,,
BU19500108,Westerwolde,25,5.0,5.0,5.0,0.0,0.0,5.0,0.0,0.0
BU19500109,Westerwolde,30,10.0,5.0,5.0,0.0,0.0,5.0,5.0,0.0
BU19500200,Westerwolde,145,10.0,30.0,20.0,5.0,10.0,30.0,20.0,15.0
BU19500201,Westerwolde,60,5.0,10.0,10.0,0.0,0.0,10.0,15.0,10.0
BU19500202,Westerwolde,50,0.0,5.0,0.0,5.0,5.0,10.0,15.0,5.0
BU19500203,Westerwolde,30,5.0,10.0,0.0,0.0,0.0,5.0,5.0,5.0
BU19500204,Westerwolde,15,,,,,,,,
BU19500206,Westerwolde,20,,,,,,,,
BU19500207,Westerwolde,25,10.0,0.0,0.0,0.0,0.0,5.0,5.0,0.0
BU19500208,Westerwolde,35,10.0,5.0,5.0,0.0,5.0,5.0,5.0,0.0
BU19500209,Westerwolde,35,5.0,5.0,5.0,0.0,0.0,5.0,5.0,5.0
BU19500300,Westerwolde,100,5.0,10.0,20.0,10.0,5.0,20.0,15.0,15.0
BU19500301,Westerwolde,10,,,,,,,,
BU19500304,Westerwolde,25,5.0,5.0,5.0,0.0,0.0,0.0,5.0,0.0
BU19500306,Westerwolde,20,,,,,,,,
BU19500308,Westerwolde,50,20.0,5.0,5.0,5.0,0.0,5.0,5.0,5.0
BU19500309,Westerwolde,50,5.0,5.0,10.0,0.0,5.0,10.0,10.0,5.0
BU19500400,Westerwolde,190,10.0,30.0,45.0,10.0,10.0,30.0,35.0,20.0
BU19500401,Westerwolde,5,,,,,,,,
BU19500402,Westerwolde,15,,,,,,,,
BU19500403,Westerwolde,30,5.0,10.0,5.0,0.0,0.0,0.0,5.0,0.0
BU19500404,Westerwolde,10,,,,,,,,
BU19500409,Westerwolde,35,5.0,5.0,5.0,5.0,0.0,5.0,0.0,5.0
BU19500500,Westerwolde,45,5.0,5.0,15.0,0.0,0.0,10.0,0.0,5.0
BU19500501,Westerwolde,10,,,,,,,,
BU19500502,Westerwolde,10,,,,,,,,
BU19500504,Westerwolde,35,10.0,5.0,5.0,0.0,0.0,10.0,5.0,5.0
BU19500507,Westerwolde,20,,,,,,,,
BU19500508,Westerwolde,35,10.0,5.0,5.0,0.0,5.0,5.0,5.0,5.0
BU19500509,Westerwolde,20,,,,,,,,
BU19500600,Westerwolde,20,,,,,,,,
BU19500601,Westerwolde,35,10.0,5.0,5.0,5.0,0.0,5.0,5.0,5.0
BU19500602,Westerwolde,15,,,,,,,,
BU19500609,Westerwolde,55,30.0,5.0,10.0,0.0,5.0,0.0,0.0,5.0
BU19500700,Westerwolde,415,10.0,95.0,95.0,15.0,45.0,60.0,50.0,45.0
BU19500701,Westerwolde,35,5.0,5.0,5.0,0.0,5.0,5.0,5.0,0.0
BU19500702,Westerwolde,95,10.0,20.0,15.0,15.0,10.0,10.0,10.0,5.0
BU19500703,Westerwolde,35,0.0,10.0,10.0,0.0,0.0,0.0,5.0,5.0
BU19500704,Westerwolde,40,5.0,10.0,10.0,5.0,0.0,10.0,5.0,5.0
BU19500705,Westerwolde,25,5.0,5.0,5.0,0.0,0.0,5.0,0.0,0.0
BU19500706,Westerwolde,15,,,,,,,,
BU19500707,Westerwolde,65,0.0,15.0,15.0,5.0,5.0,5.0,10.0,10.0
BU19500708,Westerwolde,95,0.0,15.0,15.0,10.0,5.0,20.0,20.0,15.0
BU19500709,Westerwolde,35,0.0,10.0,5.0,5.0,0.0,5.0,10.0,0.0
BU19500808,Westerwolde,35,20.0,0.0,5.0,0.0,0.0,5.0,5.0,0.0
BU19500809,Westerwolde,35,10.0,5.0,5.0,0.0,0.0,5.0,5.0,5.0
BU19500900,Westerwolde,20,,,,,,,,
BU19500909,Westerwolde,20,,,,,,,,
BU17830101,Westland,805,30.0,115.0,205.0,30.0,70.0,155.0,100.0,100.0
BU17830103,Westland,395,25.0,70.0,45.0,25.0,45.0,110.0,50.0,25.0
BU17830105,Westland,165,5.0,40.0,15.0,10.0,10.0,35.0,30.0,15.0
BU17830111,Westland,180,10.0,40.0,25.0,10.0,10.0,35.0,30.0,15.0
BU17830113,Westland,370,20.0,55.0,40.0,15.0,55.0,95.0,55.0,35.0
BU17830154,Westland,345,85.0,50.0,40.0,10.0,55.0,75.0,20.0,10.0
BU17830155,Westland,390,5.0,75.0,125.0,25.0,45.0,85.0,20.0,15.0
BU17830157,Westland,15,,,,,,,,
BU17830159,Westland,190,10.0,35.0,15.0,15.0,15.0,60.0,30.0,10.0
BU17830160,Westland,105,0.0,10.0,5.0,5.0,15.0,35.0,15.0,15.0
BU17830161,Westland,305,15.0,35.0,30.0,30.0,50.0,95.0,35.0,10.0
BU17830201,Westland,110,5.0,25.0,30.0,0.0,10.0,20.0,15.0,10.0
BU17830207,Westland,185,5.0,40.0,25.0,15.0,15.0,35.0,25.0,25.0
BU17830211,Westland,180,15.0,50.0,25.0,15.0,10.0,30.0,20.0,15.0
BU17830251,Westland,145,5.0,40.0,45.0,5.0,15.0,20.0,20.0,5.0
BU17830253,Westland,105,5.0,20.0,10.0,10.0,5.0,25.0,15.0,15.0
BU17830256,Westland,190,5.0,5.0,125.0,5.0,15.0,20.0,5.0,15.0
BU17830257,Westland,500,165.0,60.0,45.0,15.0,75.0,95.0,25.0,15.0
BU17830301,Westland,315,30.0,80.0,40.0,20.0,30.0,50.0,30.0,30.0
BU17830306,Westland,85,5.0,25.0,25.0,0.0,10.0,15.0,0.0,5.0
BU17830351,Westland,375,15.0,90.0,105.0,40.0,50.0,55.0,5.0,15.0
BU17830352,Westland,255,80.0,35.0,30.0,5.0,40.0,40.0,10.0,10.0
BU17830401,Westland,415,15.0,55.0,115.0,15.0,35.0,60.0,70.0,50.0
BU17830402,Westland,270,15.0,65.0,20.0,10.0,25.0,65.0,30.0,35.0
BU17830403,Westland,180,10.0,50.0,15.0,5.0,15.0,40.0,20.0,25.0
BU17830404,Westland,205,5.0,45.0,25.0,5.0,15.0,50.0,35.0,20.0
BU17830405,Westland,145,10.0,35.0,20.0,5.0,5.0,25.0,25.0,15.0
BU17830406,Westland,210,10.0,30.0,15.0,20.0,30.0,55.0,35.0,15.0
BU17830407,Westland,185,10.0,35.0,20.0,10.0,15.0,55.0,20.0,20.0
BU17830408,Westland,175,10.0,30.0,25.0,15.0,15.0,40.0,20.0,15.0
BU17830409,Westland,260,10.0,85.0,40.0,10.0,25.0,50.0,20.0,25.0
BU17830410,Westland,70,5.0,30.0,5.0,5.0,0.0,10.0,10.0,10.0
BU17830420,Westland,760,240.0,115.0,80.0,25.0,100.0,115.0,45.0,35.0
BU17830421,Westland,0,,,,,,,,
BU17830480,Westland,185,5.0,40.0,20.0,10.0,10.0,45.0,30.0,20.0
BU17830502,Westland,370,10.0,65.0,85.0,15.0,35.0,75.0,55.0,30.0
BU17830504,Westland,345,15.0,85.0,35.0,20.0,20.0,90.0,50.0,30.0
BU17830505,Westland,285,15.0,75.0,30.0,20.0,25.0,45.0,55.0,25.0
BU17830506,Westland,215,15.0,35.0,15.0,15.0,20.0,60.0,35.0,15.0
BU17830507,Westland,95,0.0,10.0,10.0,10.0,5.0,15.0,25.0,20.0
BU17830508,Westland,85,5.0,15.0,10.0,5.0,10.0,20.0,20.0,5.0
BU17830509,Westland,275,100.0,35.0,20.0,5.0,40.0,50.0,15.0,10.0
BU17830510,Westland,60,0.0,5.0,5.0,0.0,5.0,10.0,30.0,0.0
BU17830511,Westland,220,5.0,70.0,50.0,10.0,25.0,35.0,5.0,15.0
BU17830521,Westland,5,,,,,,,,
BU17830601,Westland,235,5.0,25.0,85.0,5.0,20.0,30.0,40.0,25.0
BU17830602,Westland,170,0.0,25.0,15.0,5.0,15.0,45.0,35.0,25.0
BU17830606,Westland,210,5.0,50.0,35.0,20.0,10.0,30.0,40.0,20.0
BU17830607,Westland,155,0.0,30.0,20.0,10.0,15.0,30.0,20.0,25.0
BU17830608,Westland,180,5.0,40.0,20.0,10.0,15.0,40.0,30.0,20.0
BU17830609,Westland,85,25.0,5.0,15.0,0.0,20.0,10.0,5.0,5.0
BU17830610,Westland,320,5.0,40.0,30.0,30.0,35.0,90.0,50.0,40.0
BU17830611,Westland,255,5.0,40.0,20.0,20.0,25.0,80.0,50.0,15.0
BU17830612,Westland,650,20.0,190.0,160.0,55.0,45.0,115.0,30.0,35.0
BU17830701,Westland,630,205.0,75.0,65.0,20.0,110.0,100.0,25.0,30.0
BU17830702,Westland,220,5.0,65.0,65.0,10.0,20.0,30.0,5.0,10.0
BU17830703,Westland,135,5.0,20.0,50.0,5.0,15.0,10.0,15.0,20.0
BU17830710,Westland,300,15.0,60.0,30.0,25.0,30.0,70.0,35.0,35.0
BU17830711,Westland,15,,,,,,,,
BU17830712,Westland,335,30.0,60.0,40.0,35.0,20.0,75.0,45.0,35.0
BU17830713,Westland,105,10.0,20.0,5.0,5.0,20.0,30.0,10.0,5.0
BU17830714,Westland,180,10.0,45.0,30.0,15.0,15.0,35.0,15.0,15.0
BU17830801,Westland,295,10.0,65.0,45.0,20.0,35.0,55.0,40.0,30.0
BU17830802,Westland,70,0.0,30.0,20.0,5.0,5.0,10.0,0.0,0.0
BU17830803,Westland,295,60.0,40.0,20.0,15.0,60.0,55.0,25.0,20.0
BU17830900,Westland,125,35.0,15.0,15.0,0.0,10.0,20.0,10.0,15.0
BU17830901,Westland,200,10.0,40.0,35.0,10.0,15.0,35.0,25.0,30.0
BU17830902,Westland,215,10.0,60.0,20.0,10.0,10.0,40.0,40.0,20.0
BU17830903,Westland,145,5.0,20.0,10.0,15.0,30.0,40.0,15.0,10.0
BU17830904,Westland,170,10.0,10.0,65.0,20.0,20.0,40.0,0.0,5.0
BU17830905,Westland,105,5.0,45.0,25.0,0.0,5.0,15.0,0.0,10.0
BU17830966,Westland,170,50.0,20.0,20.0,5.0,25.0,30.0,15.0,10.0
BU17831001,Westland,70,5.0,15.0,15.0,5.0,0.0,10.0,10.0,10.0
BU00980001,Weststellingwerf,55,0.0,15.0,25.0,0.0,0.0,5.0,5.0,0.0
BU00980002,Weststellingwerf,100,0.0,25.0,45.0,5.0,5.0,10.0,5.0,5.0
BU00980003,Weststellingwerf,75,0.0,20.0,15.0,5.0,10.0,15.0,10.0,10.0
BU00980004,Weststellingwerf,70,5.0,15.0,20.0,0.0,0.0,15.0,5.0,10.0
BU00980005,Weststellingwerf,75,0.0,15.0,10.0,5.0,5.0,10.0,15.0,15.0
BU00980006,Weststellingwerf,135,5.0,35.0,30.0,5.0,5.0,20.0,25.0,10.0
BU00980007,Weststellingwerf,35,0.0,5.0,10.0,5.0,5.0,5.0,5.0,5.0
BU00980008,Weststellingwerf,35,0.0,10.0,5.0,0.0,0.0,5.0,10.0,5.0
BU00980009,Weststellingwerf,55,0.0,10.0,15.0,0.0,0.0,10.0,15.0,0.0
BU00980010,Weststellingwerf,40,0.0,5.0,10.0,5.0,0.0,5.0,15.0,5.0
BU00980011,Weststellingwerf,95,5.0,20.0,15.0,5.0,5.0,15.0,15.0,15.0
BU00980012,Weststellingwerf,55,0.0,15.0,15.0,5.0,0.0,5.0,10.0,10.0
BU00980013,Weststellingwerf,30,0.0,10.0,5.0,0.0,0.0,5.0,5.0,5.0
BU00980014,Weststellingwerf,180,0.0,20.0,95.0,0.0,15.0,20.0,15.0,20.0
BU00980015,Weststellingwerf,35,0.0,10.0,5.0,0.0,0.0,5.0,5.0,5.0
BU00980016,Weststellingwerf,35,0.0,0.0,5.0,0.0,0.0,10.0,10.0,5.0
BU00980017,Weststellingwerf,35,0.0,5.0,5.0,0.0,5.0,5.0,10.0,0.0
BU00980018,Weststellingwerf,5,,,,,,,,
BU00980019,Weststellingwerf,30,0.0,5.0,5.0,0.0,0.0,5.0,10.0,5.0
BU00980020,Weststellingwerf,80,0.0,10.0,10.0,5.0,15.0,25.0,15.0,0.0
BU00980021,Weststellingwerf,15,,,,,,,,
BU00980101,Weststellingwerf,50,20.0,10.0,0.0,0.0,5.0,5.0,5.0,0.0
BU00980102,Weststellingwerf,30,20.0,0.0,0.0,0.0,0.0,0.0,5.0,0.0
BU00980103,Weststellingwerf,20,,,,,,,,
BU00980104,Weststellingwerf,45,20.0,5.0,5.0,0.0,5.0,5.0,0.0,5.0
BU00980201,Weststellingwerf,35,15.0,5.0,5.0,0.0,0.0,5.0,5.0,0.0
BU00980202,Weststellingwerf,55,25.0,5.0,5.0,0.0,0.0,5.0,10.0,5.0
BU00980301,Weststellingwerf,20,,,,,,,,
BU00980302,Weststellingwerf,25,10.0,5.0,0.0,0.0,5.0,5.0,5.0,0.0
BU00980303,Weststellingwerf,25,5.0,5.0,5.0,0.0,0.0,5.0,5.0,0.0
BU00980304,Weststellingwerf,60,15.0,5.0,10.0,5.0,5.0,5.0,10.0,0.0
BU00980305,Weststellingwerf,30,0.0,5.0,0.0,5.0,0.0,5.0,5.0,5.0
BU00980401,Weststellingwerf,35,5.0,10.0,5.0,5.0,0.0,5.0,5.0,5.0
BU00980402,Weststellingwerf,30,10.0,5.0,0.0,5.0,0.0,5.0,0.0,5.0
BU00980403,Weststellingwerf,60,25.0,5.0,10.0,0.0,5.0,5.0,0.0,10.0
BU00980501,Weststellingwerf,45,15.0,5.0,5.0,0.0,0.0,5.0,5.0,5.0
BU00980502,Weststellingwerf,55,10.0,5.0,10.0,5.0,5.0,10.0,5.0,5.0
BU00980601,Weststellingwerf,25,5.0,0.0,5.0,0.0,0.0,10.0,0.0,5.0
BU00980602,Weststellingwerf,65,25.0,10.0,10.0,0.0,5.0,5.0,10.0,5.0
BU00980701,Weststellingwerf,85,10.0,15.0,20.0,5.0,0.0,10.0,5.0,10.0
BU00980702,Weststellingwerf,10,,,,,,,,
BU00980801,Weststellingwerf,65,10.0,20.0,5.0,5.0,5.0,10.0,10.0,5.0
BU00980802,Weststellingwerf,70,15.0,15.0,10.0,0.0,0.0,15.0,5.0,5.0
BU00980901,Weststellingwerf,25,0.0,5.0,5.0,5.0,0.0,5.0,5.0,0.0
BU00980902,Weststellingwerf,45,20.0,5.0,5.0,0.0,0.0,5.0,5.0,5.0
BU00980903,Weststellingwerf,40,10.0,5.0,5.0,5.0,0.0,10.0,5.0,5.0
BU00981001,Weststellingwerf,25,0.0,5.0,10.0,5.0,5.0,0.0,0.0,5.0
BU00981002,Weststellingwerf,60,0.0,15.0,20.0,5.0,0.0,10.0,0.0,0.0
BU00981003,Weststellingwerf,90,0.0,10.0,25.0,10.0,5.0,10.0,15.0,15.0
BU00981004,Weststellingwerf,35,0.0,5.0,5.0,0.0,0.0,5.0,10.0,5.0
BU00981005,Weststellingwerf,55,0.0,15.0,10.0,5.0,0.0,10.0,5.0,5.0
BU00981006,Weststellingwerf,15,,,,,,,,
BU00981007,Weststellingwerf,20,,,,,,,,
BU00981008,Weststellingwerf,50,0.0,10.0,10.0,0.0,0.0,10.0,10.0,5.0
BU00981009,Weststellingwerf,70,15.0,15.0,10.0,5.0,5.0,5.0,10.0,10.0
BU00981101,Weststellingwerf,25,0.0,5.0,5.0,0.0,5.0,5.0,0.0,5.0
BU00981102,Weststellingwerf,60,10.0,5.0,10.0,0.0,0.0,10.0,5.0,5.0
BU00981201,Weststellingwerf,60,10.0,10.0,5.0,0.0,5.0,10.0,10.0,10.0
BU00981301,Weststellingwerf,50,5.0,10.0,10.0,0.0,0.0,5.0,10.0,10.0
BU00981302,Weststellingwerf,110,35.0,15.0,15.0,0.0,5.0,20.0,5.0,10.0
BU00981401,Weststellingwerf,25,0.0,0.0,5.0,0.0,5.0,0.0,10.0,5.0
BU00981402,Weststellingwerf,45,10.0,10.0,5.0,0.0,5.0,10.0,5.0,5.0
BU00981501,Weststellingwerf,80,5.0,20.0,20.0,0.0,5.0,15.0,5.0,10.0
BU00981502,Weststellingwerf,65,20.0,5.0,10.0,0.0,5.0,10.0,5.0,5.0
BU06140000,Westvoorne,255,5.0,30.0,70.0,10.0,15.0,50.0,45.0,30.0
BU06140001,Westvoorne,10,,,,,,,,
BU06140002,Westvoorne,45,5.0,10.0,10.0,0.0,10.0,10.0,0.0,0.0
BU06140003,Westvoorne,115,10.0,10.0,15.0,10.0,20.0,25.0,15.0,5.0
BU06140004,Westvoorne,145,0.0,20.0,25.0,5.0,10.0,35.0,20.0,25.0
BU06140005,Westvoorne,110,0.0,5.0,15.0,10.0,15.0,35.0,15.0,15.0
BU06140009,Westvoorne,225,35.0,15.0,35.0,5.0,40.0,45.0,25.0,20.0
BU06140100,Westvoorne,615,5.0,60.0,110.0,30.0,95.0,170.0,80.0,60.0
BU06140101,Westvoorne,30,0.0,0.0,5.0,0.0,10.0,10.0,5.0,0.0
BU06140102,Westvoorne,45,0.0,5.0,15.0,0.0,5.0,5.0,5.0,5.0
BU06140103,Westvoorne,30,5.0,5.0,5.0,0.0,0.0,10.0,5.0,0.0
BU06140104,Westvoorne,65,0.0,10.0,10.0,5.0,0.0,15.0,10.0,10.0
BU06140105,Westvoorne,90,0.0,5.0,10.0,5.0,25.0,25.0,10.0,10.0
BU06140106,Westvoorne,20,,,,,,,,
BU06140108,Westvoorne,15,,,,,,,,
BU06140109,Westvoorne,255,45.0,40.0,55.0,10.0,30.0,45.0,15.0,10.0
BU01890000,Wierden,220,0.0,15.0,80.0,10.0,20.0,25.0,30.0,40.0
BU01890001,Wierden,170,0.0,30.0,55.0,10.0,15.0,30.0,15.0,10.0
BU01890002,Wierden,140,0.0,25.0,25.0,5.0,10.0,25.0,30.0,20.0
BU01890003,Wierden,170,5.0,15.0,25.0,10.0,30.0,30.0,35.0,25.0
BU01890004,Wierden,180,0.0,20.0,30.0,5.0,20.0,35.0,45.0,20.0
BU01890005,Wierden,50,0.0,0.0,5.0,5.0,5.0,15.0,10.0,5.0
BU01890006,Wierden,50,0.0,5.0,10.0,0.0,10.0,20.0,5.0,0.0
BU01890007,Wierden,185,0.0,25.0,30.0,15.0,30.0,35.0,35.0,10.0
BU01890008,Wierden,85,0.0,10.0,15.0,5.0,5.0,20.0,25.0,5.0
BU01890105,Wierden,70,5.0,15.0,15.0,0.0,10.0,10.0,10.0,5.0
BU01890106,Wierden,5,,,,,,,,
BU01890107,Wierden,55,10.0,5.0,10.0,0.0,10.0,10.0,5.0,5.0
BU01890108,Wierden,60,10.0,10.0,10.0,5.0,10.0,10.0,5.0,5.0
BU01890109,Wierden,60,15.0,0.0,5.0,5.0,5.0,15.0,0.0,5.0
BU01890200,Wierden,35,5.0,10.0,5.0,0.0,5.0,5.0,10.0,5.0
BU01890209,Wierden,135,45.0,15.0,20.0,0.0,10.0,15.0,15.0,10.0
BU01890300,Wierden,205,0.0,40.0,55.0,10.0,30.0,30.0,20.0,15.0
BU01890301,Wierden,185,0.0,30.0,45.0,5.0,25.0,30.0,30.0,20.0
BU01890302,Wierden,180,5.0,25.0,25.0,10.0,40.0,50.0,20.0,10.0
BU01890303,Wierden,85,0.0,25.0,30.0,0.0,15.0,15.0,0.0,0.0
BU01890405,Wierden,40,20.0,5.0,5.0,0.0,5.0,5.0,0.0,0.0
BU01890406,Wierden,40,15.0,5.0,0.0,0.0,5.0,10.0,0.0,5.0
BU01890407,Wierden,115,5.0,25.0,30.0,5.0,20.0,15.0,10.0,10.0
BU01890408,Wierden,80,10.0,15.0,15.0,0.0,20.0,15.0,5.0,5.0
BU01890409,Wierden,90,35.0,10.0,10.0,0.0,5.0,15.0,10.0,10.0
BU01890507,Wierden,75,20.0,10.0,15.0,5.0,10.0,10.0,5.0,5.0
BU01890508,Wierden,95,30.0,10.0,10.0,0.0,10.0,15.0,10.0,10.0
BU01890509,Wierden,70,10.0,10.0,15.0,0.0,20.0,10.0,5.0,5.0
BU02960000,Wijchen,35,10.0,5.0,5.0,0.0,5.0,5.0,0.0,5.0
BU02960001,Wijchen,10,,,,,,,,
BU02960002,Wijchen,10,,,,,,,,
BU02960100,Wijchen,145,0.0,20.0,15.0,10.0,10.0,40.0,35.0,20.0
BU02960101,Wijchen,290,0.0,80.0,75.0,35.0,30.0,60.0,5.0,5.0
BU02960102,Wijchen,60,0.0,10.0,5.0,0.0,5.0,10.0,10.0,10.0
BU02960103,Wijchen,55,0.0,10.0,5.0,5.0,5.0,15.0,10.0,5.0
BU02960104,Wijchen,40,0.0,10.0,5.0,0.0,10.0,10.0,0.0,5.0
BU02960105,Wijchen,25,0.0,10.0,0.0,5.0,0.0,5.0,5.0,5.0
BU02960106,Wijchen,105,0.0,15.0,10.0,10.0,5.0,25.0,25.0,15.0
BU02960107,Wijchen,120,0.0,30.0,10.0,0.0,10.0,25.0,25.0,20.0
BU02960108,Wijchen,85,0.0,10.0,15.0,10.0,5.0,15.0,20.0,15.0
BU02960109,Wijchen,325,0.0,75.0,50.0,15.0,15.0,55.0,70.0,45.0
BU02960110,Wijchen,140,0.0,20.0,10.0,10.0,20.0,30.0,25.0,20.0
BU02960111,Wijchen,230,0.0,65.0,75.0,10.0,20.0,25.0,15.0,25.0
BU02960112,Wijchen,90,0.0,15.0,5.0,5.0,10.0,30.0,20.0,10.0
BU02960113,Wijchen,95,0.0,10.0,5.0,5.0,20.0,20.0,25.0,15.0
BU02960114,Wijchen,350,0.0,20.0,140.0,10.0,45.0,55.0,40.0,40.0
BU02960115,Wijchen,105,0.0,15.0,15.0,10.0,10.0,20.0,20.0,15.0
BU02960116,Wijchen,235,0.0,35.0,30.0,15.0,25.0,50.0,50.0,30.0
BU02960117,Wijchen,310,10.0,85.0,105.0,20.0,25.0,30.0,10.0,25.0
BU02960118,Wijchen,30,0.0,0.0,5.0,0.0,5.0,10.0,5.0,0.0
BU02960119,Wijchen,20,,,,,,,,
BU02960120,Wijchen,15,,,,,,,,
BU02960121,Wijchen,5,,,,,,,,
BU02960122,Wijchen,20,,,,,,,,
BU02960123,Wijchen,80,0.0,15.0,10.0,10.0,5.0,15.0,10.0,10.0
BU02960124,Wijchen,30,0.0,5.0,10.0,0.0,0.0,0.0,10.0,5.0
BU02960125,Wijchen,70,0.0,10.0,10.0,5.0,5.0,15.0,15.0,5.0
BU02960126,Wijchen,45,0.0,10.0,10.0,5.0,0.0,10.0,10.0,5.0
BU02960127,Wijchen,30,0.0,5.0,0.0,0.0,0.0,5.0,10.0,5.0
BU02960128,Wijchen,5,,,,,,,,
BU02960129,Wijchen,20,,,,,,,,
BU02960130,Wijchen,100,0.0,20.0,15.0,10.0,5.0,20.0,20.0,10.0
BU02960131,Wijchen,45,0.0,5.0,0.0,5.0,0.0,15.0,10.0,5.0
BU02960132,Wijchen,15,,,,,,,,
BU02960133,Wijchen,55,5.0,5.0,5.0,0.0,10.0,20.0,10.0,0.0
BU02960134,Wijchen,40,0.0,5.0,5.0,5.0,5.0,15.0,5.0,0.0
BU02960135,Wijchen,60,0.0,5.0,10.0,5.0,5.0,15.0,15.0,5.0
BU02960136,Wijchen,45,0.0,0.0,5.0,0.0,5.0,10.0,20.0,5.0
BU02960137,Wijchen,85,0.0,10.0,10.0,5.0,5.0,20.0,20.0,10.0
BU02960138,Wijchen,155,0.0,15.0,15.0,10.0,10.0,55.0,45.0,10.0
BU02960200,Wijchen,70,5.0,10.0,5.0,5.0,5.0,20.0,15.0,10.0
BU02960201,Wijchen,35,10.0,5.0,5.0,0.0,0.0,5.0,5.0,5.0
BU02960300,Wijchen,85,0.0,10.0,10.0,5.0,10.0,35.0,10.0,5.0
BU02960301,Wijchen,30,20.0,5.0,0.0,0.0,0.0,5.0,0.0,0.0
BU02960400,Wijchen,145,5.0,30.0,15.0,5.0,10.0,25.0,35.0,20.0
BU02960401,Wijchen,25,0.0,5.0,10.0,0.0,5.0,5.0,0.0,0.0
BU02960402,Wijchen,70,20.0,10.0,5.0,0.0,10.0,10.0,10.0,5.0
BU02960500,Wijchen,70,5.0,10.0,5.0,10.0,5.0,15.0,10.0,10.0
BU02960501,Wijchen,40,15.0,5.0,5.0,0.0,5.0,0.0,5.0,5.0
BU02960600,Wijchen,10,,,,,,,,
BU02960601,Wijchen,35,5.0,5.0,0.0,0.0,5.0,5.0,10.0,5.0
BU02960700,Wijchen,35,5.0,10.0,5.0,0.0,5.0,5.0,0.0,5.0
BU02960701,Wijchen,20,,,,,,,,
BU02960702,Wijchen,20,,,,,,,,
BU02960800,Wijchen,45,5.0,5.0,5.0,5.0,5.0,10.0,5.0,5.0
BU02960801,Wijchen,105,10.0,20.0,15.0,10.0,10.0,15.0,15.0,10.0
BU02960802,Wijchen,35,5.0,5.0,5.0,0.0,0.0,5.0,5.0,5.0
BU02960803,Wijchen,135,0.0,25.0,30.0,10.0,10.0,30.0,15.0,20.0
BU16960000,Wijdemeren,355,10.0,45.0,65.0,20.0,30.0,100.0,35.0,45.0
BU16960100,Wijdemeren,120,5.0,20.0,20.0,0.0,15.0,30.0,15.0,15.0
BU16960101,Wijdemeren,755,5.0,120.0,100.0,60.0,65.0,210.0,125.0,70.0
BU16960102,Wijdemeren,45,0.0,0.0,5.0,0.0,10.0,15.0,5.0,5.0
BU16960103,Wijdemeren,20,,,,,,,,
BU16960200,Wijdemeren,65,0.0,5.0,5.0,10.0,5.0,20.0,5.0,10.0
BU16960201,Wijdemeren,215,5.0,45.0,40.0,15.0,15.0,55.0,25.0,20.0
BU16960202,Wijdemeren,55,0.0,10.0,5.0,0.0,15.0,10.0,5.0,5.0
BU16960300,Wijdemeren,665,5.0,95.0,115.0,25.0,95.0,185.0,75.0,70.0
BU16960400,Wijdemeren,1015,15.0,150.0,150.0,70.0,95.0,270.0,155.0,105.0
BU16960401,Wijdemeren,40,0.0,0.0,5.0,0.0,15.0,5.0,5.0,5.0
BU16960402,Wijdemeren,70,0.0,10.0,20.0,0.0,5.0,20.0,5.0,5.0
BU16960500,Wijdemeren,70,0.0,5.0,5.0,5.0,20.0,20.0,10.0,5.0
BU16960601,Wijdemeren,180,10.0,30.0,30.0,10.0,15.0,40.0,25.0,25.0
BU16960602,Wijdemeren,195,0.0,25.0,25.0,15.0,30.0,60.0,25.0,15.0
BU16960603,Wijdemeren,275,15.0,65.0,50.0,25.0,30.0,55.0,15.0,15.0
BU16960604,Wijdemeren,330,5.0,50.0,30.0,25.0,35.0,105.0,45.0,35.0
BU03520000,Wijk bij Duurstede,290,0.0,30.0,85.0,5.0,20.0,65.0,45.0,40.0
BU03520001,Wijk bij Duurstede,120,0.0,20.0,20.0,15.0,10.0,25.0,20.0,15.0
BU03520002,Wijk bij Duurstede,90,0.0,15.0,10.0,10.0,10.0,25.0,20.0,5.0
BU03520003,Wijk bij Duurstede,210,0.0,45.0,25.0,15.0,10.0,45.0,35.0,30.0
BU03520004,Wijk bij Duurstede,150,0.0,30.0,15.0,10.0,10.0,45.0,25.0,15.0
BU03520005,Wijk bij Duurstede,170,0.0,20.0,20.0,10.0,20.0,50.0,35.0,15.0
BU03520006,Wijk bij Duurstede,135,0.0,30.0,15.0,10.0,5.0,30.0,25.0,15.0
BU03520007,Wijk bij Duurstede,105,0.0,15.0,10.0,15.0,5.0,25.0,20.0,10.0
BU03520008,Wijk bij Duurstede,160,5.0,25.0,15.0,15.0,5.0,45.0,35.0,15.0
BU03520009,Wijk bij Duurstede,115,0.0,15.0,15.0,0.0,5.0,35.0,35.0,10.0
BU03520010,Wijk bij Duurstede,165,0.0,30.0,65.0,15.0,10.0,30.0,10.0,5.0
BU03520011,Wijk bij Duurstede,265,5.0,25.0,20.0,15.0,35.0,100.0,40.0,20.0
BU03520100,Wijk bij Duurstede,110,20.0,20.0,10.0,5.0,10.0,20.0,15.0,15.0
BU03520101,Wijk bij Duurstede,65,15.0,10.0,5.0,0.0,10.0,15.0,5.0,5.0
BU03520200,Wijk bij Duurstede,315,5.0,65.0,30.0,15.0,35.0,80.0,50.0,30.0
BU03520201,Wijk bij Duurstede,140,35.0,15.0,25.0,10.0,5.0,30.0,5.0,10.0
BU03520300,Wijk bij Duurstede,225,5.0,45.0,25.0,10.0,20.0,65.0,35.0,25.0
BU03520301,Wijk bij Duurstede,210,40.0,25.0,15.0,10.0,40.0,50.0,20.0,10.0
BU02940000,Winterswijk,700,0.0,65.0,255.0,25.0,45.0,105.0,110.0,90.0
BU02940001,Winterswijk,455,0.0,115.0,150.0,20.0,35.0,60.0,35.0,40.0
BU02940002,Winterswijk,435,0.0,55.0,60.0,20.0,55.0,95.0,110.0,40.0
BU02940003,Winterswijk,415,5.0,60.0,110.0,15.0,20.0,65.0,85.0,55.0
BU02940004,Winterswijk,355,5.0,45.0,70.0,25.0,45.0,65.0,55.0,50.0
BU02940100,Winterswijk,50,5.0,10.0,10.0,5.0,5.0,5.0,5.0,5.0
BU02940101,Winterswijk,20,,,,,,,,
BU02940102,Winterswijk,15,,,,,,,,
BU02940103,Winterswijk,130,30.0,20.0,20.0,10.0,10.0,20.0,15.0,10.0
BU02940104,Winterswijk,135,60.0,15.0,10.0,5.0,10.0,15.0,15.0,5.0
BU02940105,Winterswijk,80,25.0,15.0,10.0,0.0,5.0,5.0,10.0,5.0
BU02940106,Winterswijk,190,75.0,15.0,25.0,5.0,10.0,25.0,25.0,5.0
BU02940107,Winterswijk,105,25.0,20.0,20.0,5.0,5.0,15.0,10.0,5.0
BU02940108,Winterswijk,10,,,,,,,,
BU02940109,Winterswijk,70,15.0,10.0,10.0,5.0,5.0,10.0,10.0,10.0
BU02940120,Winterswijk,140,20.0,20.0,25.0,5.0,15.0,30.0,15.0,10.0
BU02940121,Winterswijk,175,55.0,20.0,30.0,5.0,5.0,35.0,15.0,10.0
BU08730000,Woensdrecht,520,5.0,85.0,115.0,20.0,35.0,95.0,90.0,70.0
BU08730001,Woensdrecht,120,5.0,20.0,15.0,5.0,5.0,25.0,25.0,10.0
BU08730002,Woensdrecht,265,5.0,35.0,35.0,20.0,25.0,60.0,45.0,35.0
BU08730003,Woensdrecht,85,0.0,30.0,35.0,5.0,10.0,5.0,5.0,0.0
BU08730008,Woensdrecht,45,20.0,10.0,5.0,0.0,5.0,0.0,0.0,0.0
BU08730009,Woensdrecht,85,15.0,20.0,15.0,5.0,5.0,15.0,10.0,5.0
BU08730100,Woensdrecht,190,5.0,30.0,30.0,10.0,25.0,40.0,30.0,20.0
BU08730101,Woensdrecht,15,,,,,,,,
BU08730108,Woensdrecht,20,,,,,,,,
BU08730109,Woensdrecht,40,20.0,5.0,10.0,0.0,0.0,5.0,0.0,0.0
BU08730200,Woensdrecht,295,10.0,70.0,55.0,15.0,15.0,50.0,35.0,45.0
BU08730201,Woensdrecht,70,5.0,10.0,5.0,5.0,5.0,25.0,10.0,5.0
BU08730208,Woensdrecht,25,15.0,5.0,5.0,0.0,0.0,5.0,0.0,0.0
BU08730209,Woensdrecht,190,25.0,35.0,40.0,10.0,15.0,25.0,15.0,20.0
BU08730300,Woensdrecht,290,5.0,55.0,75.0,15.0,25.0,60.0,25.0,35.0
BU08730309,Woensdrecht,35,0.0,10.0,5.0,0.0,0.0,10.0,5.0,0.0
BU06320101,Woerden,685,0.0,60.0,225.0,45.0,75.0,140.0,55.0,85.0
BU06320102,Woerden,375,0.0,75.0,45.0,30.0,15.0,90.0,70.0,45.0
BU06320103,Woerden,130,0.0,30.0,30.0,5.0,15.0,20.0,10.0,20.0
BU06320104,Woerden,475,0.0,50.0,60.0,40.0,60.0,150.0,80.0,35.0
BU06320105,Woerden,140,0.0,15.0,15.0,10.0,20.0,40.0,20.0,20.0
BU06320106,Woerden,545,0.0,90.0,90.0,35.0,35.0,140.0,105.0,50.0
BU06320201,Woerden,295,5.0,75.0,100.0,10.0,20.0,55.0,20.0,15.0
BU06320202,Woerden,380,0.0,50.0,30.0,40.0,30.0,120.0,75.0,30.0
BU06320203,Woerden,330,0.0,45.0,50.0,30.0,15.0,90.0,65.0,30.0
BU06320204,Woerden,40,5.0,10.0,5.0,0.0,5.0,5.0,5.0,5.0
BU06320301,Woerden,185,0.0,10.0,15.0,20.0,15.0,25.0,60.0,40.0
BU06320302,Woerden,640,0.0,55.0,125.0,105.0,40.0,190.0,70.0,55.0
BU06320303,Woerden,615,0.0,65.0,75.0,45.0,55.0,200.0,130.0,45.0
BU06320304,Woerden,140,0.0,25.0,60.0,5.0,20.0,20.0,5.0,5.0
BU06320305,Woerden,385,0.0,20.0,45.0,30.0,60.0,145.0,65.0,20.0
BU06320401,Woerden,90,10.0,25.0,15.0,5.0,15.0,15.0,0.0,5.0
BU06320402,Woerden,40,10.0,15.0,5.0,0.0,10.0,5.0,0.0,0.0
BU06320501,Woerden,40,5.0,5.0,5.0,0.0,15.0,10.0,0.0,0.0
BU06320502,Woerden,30,5.0,5.0,5.0,0.0,10.0,5.0,0.0,0.0
BU06320503,Woerden,30,5.0,0.0,5.0,0.0,5.0,5.0,0.0,5.0
BU06320601,Woerden,270,5.0,40.0,35.0,20.0,35.0,65.0,50.0,25.0
BU06320602,Woerden,425,0.0,65.0,55.0,35.0,45.0,120.0,75.0,30.0
BU06320603,Woerden,145,0.0,45.0,40.0,10.0,15.0,25.0,5.0,5.0
BU06320604,Woerden,180,40.0,20.0,20.0,5.0,25.0,40.0,20.0,15.0
BU06320605,Woerden,50,20.0,15.0,5.0,0.0,5.0,0.0,0.0,5.0
BU06320606,Woerden,65,25.0,10.0,10.0,0.0,5.0,5.0,5.0,0.0
BU06320701,Woerden,260,5.0,50.0,45.0,20.0,25.0,60.0,30.0,30.0
BU06320702,Woerden,70,5.0,10.0,15.0,10.0,5.0,15.0,5.0,5.0
BU06320703,Woerden,235,70.0,40.0,25.0,5.0,35.0,35.0,15.0,15.0
BU06320801,Woerden,200,10.0,50.0,35.0,10.0,10.0,40.0,25.0,20.0
BU06320802,Woerden,140,45.0,15.0,15.0,10.0,5.0,35.0,10.0,5.0
BU16900000,De Wolden,645,10.0,85.0,125.0,30.0,55.0,125.0,130.0,85.0
BU16900009,De Wolden,205,45.0,30.0,30.0,5.0,20.0,40.0,25.0,5.0
BU16900100,De Wolden,70,0.0,15.0,15.0,5.0,0.0,10.0,15.0,10.0
BU16900109,De Wolden,50,10.0,15.0,0.0,5.0,5.0,5.0,5.0,5.0
BU16900200,De Wolden,65,5.0,15.0,5.0,5.0,0.0,10.0,10.0,10.0
BU16900209,De Wolden,55,25.0,5.0,5.0,5.0,0.0,10.0,0.0,5.0
BU16900300,De Wolden,45,10.0,10.0,5.0,0.0,0.0,10.0,5.0,5.0
BU16900309,De Wolden,35,10.0,10.0,0.0,0.0,0.0,5.0,5.0,5.0
BU16900400,De Wolden,15,,,,,,,,
BU16900409,De Wolden,125,50.0,15.0,20.0,0.0,10.0,10.0,10.0,5.0
BU16900500,De Wolden,35,5.0,5.0,5.0,0.0,0.0,10.0,5.0,0.0
BU16900509,De Wolden,115,35.0,20.0,10.0,5.0,5.0,25.0,10.0,5.0
BU16900600,De Wolden,35,0.0,0.0,5.0,5.0,5.0,5.0,10.0,5.0
BU16900609,De Wolden,75,15.0,15.0,15.0,0.0,5.0,10.0,5.0,5.0
BU16900700,De Wolden,30,5.0,5.0,5.0,0.0,0.0,5.0,5.0,5.0
BU16900709,De Wolden,50,15.0,0.0,15.0,5.0,5.0,5.0,5.0,5.0
BU16900800,De Wolden,310,20.0,55.0,65.0,30.0,30.0,45.0,45.0,30.0
BU16900801,De Wolden,15,,,,,,,,
BU16900802,De Wolden,5,,,,,,,,
BU16900803,De Wolden,10,,,,,,,,
BU16900804,De Wolden,15,,,,,,,,
BU16900809,De Wolden,155,35.0,20.0,20.0,10.0,10.0,30.0,20.0,10.0
BU16900900,De Wolden,15,,,,,,,,
BU16900909,De Wolden,15,,,,,,,,
BU16901000,De Wolden,55,5.0,5.0,10.0,10.0,5.0,10.0,10.0,5.0
BU16901009,De Wolden,30,10.0,5.0,5.0,0.0,0.0,5.0,5.0,5.0
BU16901100,De Wolden,250,20.0,30.0,50.0,15.0,15.0,45.0,45.0,35.0
BU16901101,De Wolden,40,10.0,0.0,5.0,0.0,10.0,5.0,5.0,5.0
BU16901102,De Wolden,35,5.0,5.0,5.0,0.0,0.0,5.0,10.0,5.0
BU16901103,De Wolden,20,,,,,,,,
BU16901104,De Wolden,25,5.0,5.0,5.0,0.0,0.0,5.0,5.0,0.0
BU16901105,De Wolden,115,25.0,15.0,15.0,5.0,15.0,20.0,15.0,10.0
BU16901109,De Wolden,85,25.0,5.0,15.0,0.0,5.0,15.0,10.0,5.0
BU16901200,De Wolden,120,5.0,20.0,15.0,10.0,10.0,25.0,20.0,10.0
BU16901201,De Wolden,60,5.0,10.0,10.0,5.0,5.0,10.0,5.0,5.0
BU16901202,De Wolden,35,10.0,5.0,5.0,5.0,0.0,5.0,5.0,0.0
BU16901203,De Wolden,15,,,,,,,,
BU16901209,De Wolden,130,35.0,15.0,15.0,5.0,5.0,30.0,20.0,10.0
BU16901300,De Wolden,275,15.0,30.0,45.0,20.0,20.0,60.0,55.0,30.0
BU16901309,De Wolden,50,5.0,5.0,5.0,0.0,5.0,10.0,10.0,5.0
BU08800000,Wormerland,165,5.0,30.0,15.0,5.0,25.0,40.0,25.0,15.0
BU08800001,Wormerland,545,0.0,120.0,90.0,55.0,45.0,130.0,55.0,45.0
BU08800002,Wormerland,95,5.0,20.0,10.0,5.0,10.0,25.0,5.0,10.0
BU08800003,Wormerland,255,0.0,50.0,35.0,20.0,15.0,55.0,45.0,35.0
BU08800004,Wormerland,355,0.0,55.0,65.0,20.0,35.0,80.0,45.0,50.0
BU08800005,Wormerland,35,0.0,5.0,10.0,5.0,5.0,10.0,5.0,0.0
BU08800009,Wormerland,20,,,,,,,,
BU08800100,Wormerland,135,0.0,20.0,20.0,10.0,10.0,30.0,15.0,20.0
BU08800108,Wormerland,65,15.0,5.0,10.0,0.0,5.0,10.0,5.0,5.0
BU08800109,Wormerland,75,25.0,15.0,0.0,5.0,5.0,10.0,10.0,5.0
BU08800200,Wormerland,80,5.0,15.0,5.0,5.0,15.0,25.0,10.0,5.0
BU08800201,Wormerland,20,,,,,,,,
BU08800208,Wormerland,5,,,,,,,,
BU08800209,Wormerland,90,15.0,15.0,10.0,5.0,5.0,20.0,10.0,10.0
BU03510001,Woudenberg,250,0.0,40.0,30.0,20.0,25.0,65.0,45.0,20.0
BU03510002,Woudenberg,225,0.0,50.0,40.0,15.0,15.0,45.0,45.0,15.0
BU03510003,Woudenberg,135,0.0,15.0,20.0,5.0,15.0,40.0,25.0,10.0
BU03510004,Woudenberg,275,0.0,35.0,45.0,15.0,20.0,65.0,65.0,30.0
BU03510005,Woudenberg,180,0.0,25.0,30.0,10.0,25.0,50.0,30.0,15.0
BU03510006,Woudenberg,150,5.0,25.0,15.0,10.0,20.0,40.0,25.0,10.0
BU03510007,Woudenberg,85,5.0,25.0,15.0,5.0,15.0,15.0,5.0,5.0
BU03510008,Woudenberg,100,0.0,20.0,40.0,10.0,10.0,15.0,5.0,0.0
BU03510009,Woudenberg,90,5.0,15.0,15.0,5.0,5.0,25.0,5.0,10.0
BU03510010,Woudenberg,40,10.0,5.0,0.0,0.0,5.0,15.0,0.0,5.0
BU03510011,Woudenberg,75,30.0,10.0,10.0,5.0,5.0,5.0,5.0,0.0
BU03510012,Woudenberg,130,40.0,20.0,20.0,0.0,15.0,20.0,15.0,5.0
BU04791110,Zaanstad,435,0.0,110.0,100.0,50.0,35.0,90.0,10.0,35.0
BU04791120,Zaanstad,620,0.0,140.0,90.0,80.0,15.0,115.0,90.0,90.0
BU04791130,Zaanstad,860,0.0,220.0,125.0,65.0,35.0,170.0,115.0,130.0
BU04791210,Zaanstad,820,0.0,210.0,105.0,125.0,25.0,155.0,130.0,70.0
BU04791310,Zaanstad,560,0.0,140.0,70.0,75.0,15.0,130.0,95.0,35.0
BU04791320,Zaanstad,445,0.0,95.0,75.0,40.0,30.0,75.0,90.0,35.0
BU04791410,Zaanstad,835,0.0,170.0,125.0,95.0,20.0,160.0,165.0,105.0
BU04791510,Zaanstad,325,0.0,100.0,40.0,40.0,5.0,55.0,50.0,30.0
BU04791520,Zaanstad,255,0.0,50.0,50.0,25.0,20.0,50.0,30.0,40.0
BU04791610,Zaanstad,520,0.0,110.0,55.0,40.0,30.0,130.0,95.0,65.0
BU04791620,Zaanstad,95,0.0,20.0,15.0,5.0,10.0,20.0,5.0,20.0
BU04792110,Zaanstad,130,0.0,15.0,20.0,10.0,10.0,35.0,15.0,25.0
BU04792120,Zaanstad,205,0.0,35.0,90.0,10.0,20.0,30.0,5.0,10.0
BU04792130,Zaanstad,155,0.0,5.0,10.0,20.0,20.0,60.0,20.0,20.0
BU04792140,Zaanstad,625,0.0,95.0,210.0,70.0,30.0,100.0,50.0,70.0
BU04792210,Zaanstad,810,0.0,125.0,120.0,55.0,55.0,210.0,110.0,125.0
BU04792220,Zaanstad,135,0.0,15.0,15.0,10.0,15.0,30.0,35.0,20.0
BU04792230,Zaanstad,470,0.0,70.0,40.0,50.0,40.0,130.0,95.0,45.0
BU04792310,Zaanstad,1005,0.0,200.0,220.0,100.0,55.0,225.0,110.0,90.0
BU04792320,Zaanstad,750,5.0,135.0,100.0,90.0,40.0,175.0,140.0,70.0
BU04793110,Zaanstad,670,0.0,135.0,95.0,55.0,35.0,130.0,140.0,80.0
BU04793210,Zaanstad,495,0.0,85.0,65.0,40.0,35.0,130.0,90.0,50.0
BU04794110,Zaanstad,400,0.0,90.0,70.0,25.0,20.0,100.0,45.0,50.0
BU04794210,Zaanstad,185,0.0,45.0,20.0,25.0,10.0,45.0,25.0,20.0
BU04794220,Zaanstad,305,0.0,55.0,35.0,20.0,25.0,80.0,55.0,30.0
BU04795110,Zaanstad,500,0.0,120.0,100.0,40.0,30.0,90.0,60.0,65.0
BU04795120,Zaanstad,0,,,,,,,,
BU04795130,Zaanstad,715,0.0,140.0,130.0,50.0,40.0,125.0,130.0,100.0
BU04795140,Zaanstad,530,0.0,150.0,140.0,45.0,45.0,115.0,15.0,25.0
BU04795150,Zaanstad,50,0.0,10.0,10.0,5.0,5.0,15.0,0.0,5.0
BU04795160,Zaanstad,275,0.0,95.0,65.0,20.0,25.0,40.0,15.0,10.0
BU04796110,Zaanstad,290,0.0,45.0,60.0,10.0,25.0,60.0,45.0,50.0
BU04796120,Zaanstad,315,0.0,80.0,70.0,20.0,15.0,45.0,35.0,45.0
BU04796130,Zaanstad,225,0.0,40.0,25.0,20.0,15.0,55.0,35.0,35.0
BU04796140,Zaanstad,90,0.0,15.0,20.0,5.0,5.0,15.0,15.0,10.0
BU04796210,Zaanstad,225,0.0,30.0,30.0,15.0,10.0,55.0,45.0,35.0
BU04796220,Zaanstad,205,0.0,40.0,20.0,15.0,10.0,45.0,45.0,25.0
BU04796230,Zaanstad,70,5.0,15.0,10.0,0.0,15.0,10.0,10.0,5.0
BU04796240,Zaanstad,235,0.0,30.0,15.0,15.0,30.0,75.0,45.0,25.0
BU04797110,Zaanstad,265,30.0,75.0,30.0,15.0,15.0,50.0,35.0,20.0
BU04797120,Zaanstad,625,10.0,155.0,75.0,45.0,65.0,125.0,100.0,55.0
BU04797130,Zaanstad,40,20.0,10.0,0.0,0.0,0.0,5.0,0.0,5.0
BU04797210,Zaanstad,640,5.0,120.0,100.0,55.0,50.0,155.0,85.0,70.0
BU04797220,Zaanstad,185,0.0,50.0,35.0,10.0,20.0,25.0,20.0,15.0
BU04797230,Zaanstad,935,5.0,140.0,150.0,105.0,70.0,215.0,165.0,85.0
BU04798110,Zaanstad,75,0.0,20.0,15.0,10.0,10.0,15.0,0.0,0.0
BU04798120,Zaanstad,245,5.0,65.0,35.0,15.0,10.0,55.0,30.0,25.0
BU04798130,Zaanstad,150,5.0,30.0,15.0,10.0,25.0,35.0,20.0,10.0
BU04798140,Zaanstad,285,0.0,45.0,35.0,25.0,30.0,65.0,50.0,30.0
BU04798150,Zaanstad,15,,,,,,,,
BU02970000,Zaltbommel,535,0.0,60.0,120.0,25.0,55.0,140.0,70.0,60.0
BU02970001,Zaltbommel,540,0.0,90.0,80.0,35.0,40.0,135.0,115.0,45.0
BU02970002,Zaltbommel,295,0.0,30.0,30.0,25.0,10.0,90.0,75.0,35.0
BU02970007,Zaltbommel,390,0.0,45.0,70.0,45.0,35.0,115.0,50.0,25.0
BU02970008,Zaltbommel,230,10.0,55.0,80.0,20.0,10.0,40.0,5.0,10.0
BU02970009,Zaltbommel,45,10.0,5.0,5.0,5.0,5.0,10.0,5.0,0.0
BU02970100,Zaltbommel,285,10.0,90.0,40.0,25.0,25.0,40.0,35.0,20.0
BU02970101,Zaltbommel,65,5.0,10.0,5.0,5.0,5.0,20.0,10.0,5.0
BU02970102,Zaltbommel,140,0.0,45.0,30.0,10.0,10.0,25.0,10.0,15.0
BU02970103,Zaltbommel,125,10.0,30.0,15.0,10.0,15.0,25.0,15.0,5.0
BU02970104,Zaltbommel,20,,,,,,,,
BU02970105,Zaltbommel,120,30.0,35.0,15.0,0.0,5.0,25.0,10.0,5.0
BU02970106,Zaltbommel,65,20.0,10.0,10.0,0.0,5.0,5.0,5.0,5.0
BU02970107,Zaltbommel,115,30.0,20.0,20.0,5.0,10.0,20.0,5.0,5.0
BU02970108,Zaltbommel,5,,,,,,,,
BU02970109,Zaltbommel,60,10.0,15.0,10.0,5.0,0.0,5.0,5.0,5.0
BU02970200,Zaltbommel,70,0.0,15.0,10.0,5.0,5.0,10.0,15.0,5.0
BU02970201,Zaltbommel,145,10.0,25.0,20.0,5.0,10.0,35.0,20.0,15.0
BU02970202,Zaltbommel,35,5.0,10.0,0.0,0.0,5.0,10.0,0.0,0.0
BU02970203,Zaltbommel,280,20.0,50.0,50.0,10.0,40.0,65.0,30.0,25.0
BU02970204,Zaltbommel,70,5.0,15.0,5.0,5.0,5.0,15.0,10.0,5.0
BU02970207,Zaltbommel,60,25.0,10.0,5.0,5.0,5.0,10.0,0.0,0.0
BU02970208,Zaltbommel,115,30.0,20.0,25.0,5.0,10.0,20.0,5.0,0.0
BU02970209,Zaltbommel,165,40.0,20.0,30.0,10.0,10.0,30.0,10.0,10.0
BU02970300,Zaltbommel,155,15.0,35.0,35.0,25.0,15.0,15.0,10.0,5.0
BU02970301,Zaltbommel,10,,,,,,,,
BU02970309,Zaltbommel,90,10.0,25.0,15.0,10.0,5.0,15.0,5.0,5.0
BU04730101,Zandvoort,225,0.0,30.0,35.0,20.0,10.0,65.0,35.0,25.0
BU04730102,Zandvoort,135,0.0,10.0,15.0,10.0,10.0,45.0,30.0,20.0
BU04730103,Zandvoort,190,0.0,40.0,30.0,5.0,15.0,45.0,25.0,25.0
BU04730104,Zandvoort,85,0.0,25.0,30.0,0.0,10.0,15.0,5.0,5.0
BU04730105,Zandvoort,255,0.0,50.0,40.0,20.0,10.0,60.0,40.0,30.0
BU04730106,Zandvoort,35,0.0,0.0,10.0,0.0,0.0,0.0,10.0,10.0
BU04730107,Zandvoort,5,,,,,,,,
BU04730201,Zandvoort,115,0.0,15.0,30.0,5.0,10.0,35.0,15.0,10.0
BU04730202,Zandvoort,55,0.0,5.0,10.0,5.0,10.0,15.0,5.0,5.0
BU04730203,Zandvoort,485,0.0,55.0,65.0,35.0,65.0,145.0,75.0,45.0
BU04730204,Zandvoort,60,0.0,5.0,15.0,5.0,10.0,10.0,10.0,5.0
BU04730205,Zandvoort,230,0.0,25.0,35.0,15.0,45.0,65.0,35.0,15.0
BU04730206,Zandvoort,620,0.0,100.0,205.0,35.0,30.0,105.0,60.0,85.0
BU04730301,Zandvoort,80,0.0,5.0,15.0,0.0,15.0,25.0,10.0,5.0
BU04730302,Zandvoort,110,0.0,0.0,15.0,0.0,30.0,45.0,5.0,10.0
BU04730401,Zandvoort,15,,,,,,,,
BU04730402,Zandvoort,15,,,,,,,,
BU04730403,Zandvoort,5,,,,,,,,
BU04730404,Zandvoort,5,,,,,,,,
BU00500000,Zeewolde,290,0.0,30.0,85.0,15.0,20.0,60.0,45.0,35.0
BU00500001,Zeewolde,355,5.0,65.0,50.0,30.0,20.0,70.0,70.0,40.0
BU00500002,Zeewolde,620,10.0,65.0,65.0,45.0,55.0,180.0,140.0,60.0
BU00500003,Zeewolde,770,10.0,110.0,125.0,60.0,55.0,205.0,140.0,65.0
BU00500004,Zeewolde,440,0.0,45.0,60.0,40.0,40.0,130.0,80.0,50.0
BU00500005,Zeewolde,5,,,,,,,,
BU00500006,Zeewolde,165,85.0,15.0,35.0,5.0,10.0,5.0,5.0,5.0
BU00500007,Zeewolde,290,195.0,40.0,15.0,5.0,15.0,15.0,5.0,5.0
BU00500008,Zeewolde,110,30.0,25.0,20.0,5.0,10.0,10.0,5.0,5.0
BU00500009,Zeewolde,190,0.0,35.0,85.0,10.0,25.0,20.0,5.0,5.0
BU00500010,Zeewolde,95,0.0,20.0,45.0,10.0,10.0,15.0,0.0,0.0
BU03550101,Zeist,745,0.0,60.0,270.0,45.0,55.0,155.0,75.0,90.0
BU03550102,Zeist,705,0.0,35.0,70.0,35.0,95.0,250.0,170.0,50.0
BU03550103,Zeist,605,0.0,75.0,75.0,40.0,45.0,160.0,135.0,70.0
BU03550104,Zeist,800,0.0,20.0,45.0,30.0,140.0,340.0,185.0,35.0
BU03550105,Zeist,145,0.0,10.0,15.0,5.0,20.0,45.0,35.0,15.0
BU03550201,Zeist,550,0.0,50.0,50.0,35.0,45.0,185.0,135.0,45.0
BU03550202,Zeist,440,0.0,50.0,70.0,30.0,30.0,115.0,90.0,60.0
BU03550203,Zeist,170,0.0,20.0,20.0,20.0,10.0,35.0,45.0,15.0
BU03550204,Zeist,145,0.0,15.0,15.0,20.0,5.0,55.0,25.0,15.0
BU03550205,Zeist,420,0.0,55.0,55.0,60.0,10.0,90.0,105.0,40.0
BU03550206,Zeist,340,0.0,25.0,25.0,20.0,65.0,100.0,85.0,25.0
BU03550301,Zeist,410,0.0,15.0,35.0,35.0,40.0,165.0,90.0,30.0
BU03550302,Zeist,190,0.0,25.0,15.0,20.0,5.0,60.0,40.0,20.0
BU03550303,Zeist,80,0.0,10.0,5.0,10.0,0.0,25.0,20.0,10.0
BU03550304,Zeist,305,0.0,45.0,50.0,35.0,10.0,70.0,55.0,30.0
BU03550305,Zeist,210,0.0,25.0,20.0,20.0,10.0,60.0,55.0,20.0
BU03550306,Zeist,65,0.0,5.0,15.0,5.0,0.0,5.0,25.0,5.0
BU03550307,Zeist,200,0.0,25.0,15.0,20.0,5.0,55.0,65.0,15.0
BU03550308,Zeist,5,,,,,,,,
BU03550309,Zeist,35,10.0,0.0,0.0,0.0,5.0,15.0,5.0,0.0
BU03550401,Zeist,555,0.0,25.0,30.0,30.0,100.0,225.0,110.0,40.0
BU03550402,Zeist,380,0.0,25.0,35.0,35.0,20.0,105.0,105.0,45.0
BU03550403,Zeist,90,0.0,5.0,5.0,10.0,5.0,35.0,15.0,15.0
BU03550404,Zeist,35,0.0,5.0,10.0,5.0,0.0,10.0,10.0,0.0
BU03550405,Zeist,135,0.0,20.0,20.0,5.0,10.0,30.0,25.0,25.0
BU03550406,Zeist,255,0.0,45.0,25.0,15.0,15.0,70.0,65.0,20.0
BU03550407,Zeist,20,,,,,,,,
BU03550501,Zeist,110,0.0,5.0,15.0,0.0,15.0,35.0,30.0,10.0
BU03550502,Zeist,145,0.0,5.0,10.0,10.0,30.0,45.0,25.0,15.0
BU03550503,Zeist,400,0.0,15.0,30.0,30.0,100.0,140.0,70.0,20.0
BU03550504,Zeist,90,0.0,10.0,45.0,0.0,10.0,10.0,5.0,10.0
BU03550505,Zeist,355,0.0,20.0,70.0,20.0,40.0,110.0,60.0,30.0
BU03550506,Zeist,295,0.0,30.0,30.0,20.0,20.0,100.0,65.0,30.0
BU03550507,Zeist,45,0.0,5.0,5.0,0.0,5.0,15.0,10.0,5.0
BU03550508,Zeist,140,0.0,10.0,10.0,10.0,10.0,45.0,45.0,10.0
BU02990000,Zevenaar,320,0.0,25.0,130.0,15.0,25.0,40.0,35.0,45.0
BU02990001,Zevenaar,130,0.0,15.0,20.0,5.0,15.0,25.0,30.0,15.0
BU02990002,Zevenaar,145,0.0,15.0,25.0,5.0,15.0,25.0,45.0,20.0
BU02990003,Zevenaar,145,0.0,20.0,20.0,10.0,10.0,25.0,35.0,20.0
BU02990004,Zevenaar,220,0.0,35.0,30.0,20.0,5.0,45.0,50.0,30.0
BU02990005,Zevenaar,140,0.0,25.0,15.0,5.0,10.0,20.0,50.0,15.0
BU02990006,Zevenaar,195,0.0,25.0,35.0,20.0,15.0,40.0,45.0,15.0
BU02990007,Zevenaar,90,0.0,10.0,20.0,10.0,5.0,20.0,15.0,15.0
BU02990008,Zevenaar,145,0.0,15.0,70.0,5.0,10.0,35.0,5.0,5.0
BU02990009,Zevenaar,65,0.0,5.0,5.0,5.0,5.0,20.0,15.0,10.0
BU02990010,Zevenaar,200,0.0,20.0,25.0,10.0,20.0,50.0,45.0,25.0
BU02990011,Zevenaar,80,0.0,5.0,10.0,10.0,10.0,20.0,15.0,10.0
BU02990012,Zevenaar,145,0.0,30.0,60.0,15.0,15.0,20.0,0.0,5.0
BU02990013,Zevenaar,95,0.0,20.0,15.0,10.0,15.0,20.0,10.0,10.0
BU02990014,Zevenaar,55,0.0,5.0,10.0,0.0,5.0,20.0,10.0,5.0
BU02990015,Zevenaar,145,10.0,15.0,20.0,15.0,10.0,40.0,25.0,15.0
BU02990016,Zevenaar,195,0.0,10.0,25.0,20.0,10.0,60.0,55.0,15.0
BU02990017,Zevenaar,50,25.0,5.0,0.0,0.0,5.0,5.0,5.0,0.0
BU02990018,Zevenaar,60,0.0,10.0,15.0,10.0,5.0,10.0,0.0,0.0
BU02990100,Zevenaar,110,5.0,25.0,20.0,0.0,5.0,25.0,20.0,15.0
BU02990101,Zevenaar,75,10.0,10.0,5.0,5.0,10.0,15.0,10.0,10.0
BU02990102,Zevenaar,90,10.0,15.0,25.0,5.0,5.0,15.0,5.0,10.0
BU02990200,Zevenaar,165,5.0,30.0,25.0,5.0,15.0,40.0,30.0,10.0
BU02990201,Zevenaar,60,25.0,5.0,5.0,0.0,5.0,10.0,5.0,5.0
BU02990300,Zevenaar,285,0.0,50.0,55.0,15.0,30.0,55.0,50.0,25.0
BU02990301,Zevenaar,25,0.0,5.0,10.0,0.0,0.0,0.0,0.0,5.0
BU02990302,Zevenaar,130,0.0,10.0,20.0,5.0,20.0,35.0,20.0,15.0
BU02990400,Zevenaar,75,10.0,5.0,15.0,5.0,5.0,20.0,15.0,5.0
BU02990500,Zevenaar,25,10.0,0.0,0.0,0.0,5.0,5.0,0.0,5.0
BU02990600,Zevenaar,185,5.0,35.0,30.0,15.0,15.0,30.0,30.0,20.0
BU02990601,Zevenaar,45,5.0,10.0,5.0,0.0,5.0,5.0,5.0,5.0
BU02990700,Zevenaar,25,5.0,5.0,5.0,0.0,0.0,10.0,0.0,0.0
BU02990701,Zevenaar,80,5.0,15.0,10.0,5.0,15.0,10.0,10.0,5.0
BU02990800,Zevenaar,90,5.0,20.0,15.0,5.0,10.0,15.0,15.0,10.0
BU02990801,Zevenaar,60,15.0,5.0,10.0,0.0,0.0,15.0,5.0,5.0
BU02990900,Zevenaar,250,0.0,50.0,60.0,15.0,15.0,35.0,35.0,40.0
BU02991000,Zevenaar,245,0.0,35.0,40.0,25.0,30.0,55.0,35.0,20.0
BU02991001,Zevenaar,15,,,,,,,,
BU02991100,Zevenaar,35,0.0,10.0,5.0,5.0,0.0,10.0,5.0,5.0
BU02991101,Zevenaar,50,5.0,10.0,15.0,5.0,5.0,5.0,0.0,5.0
BU06370001,Zoetermeer,740,5.0,120.0,175.0,40.0,40.0,120.0,125.0,115.0
BU06370002,Zoetermeer,665,0.0,45.0,220.0,65.0,25.0,125.0,120.0,65.0
BU06370003,Zoetermeer,405,5.0,65.0,60.0,35.0,5.0,75.0,110.0,50.0
BU06370004,Zoetermeer,650,5.0,90.0,95.0,60.0,30.0,155.0,135.0,80.0
BU06370100,Zoetermeer,725,5.0,95.0,135.0,75.0,25.0,150.0,170.0,75.0
BU06370101,Zoetermeer,445,10.0,60.0,60.0,50.0,15.0,105.0,105.0,40.0
BU06370200,Zoetermeer,820,10.0,135.0,100.0,80.0,20.0,175.0,230.0,75.0
BU06370201,Zoetermeer,840,5.0,95.0,100.0,55.0,45.0,250.0,200.0,95.0
BU06370300,Zoetermeer,575,5.0,95.0,80.0,45.0,20.0,125.0,140.0,65.0
BU06370301,Zoetermeer,680,5.0,120.0,80.0,65.0,20.0,150.0,170.0,70.0
BU06370400,Zoetermeer,290,0.0,55.0,30.0,25.0,25.0,70.0,65.0,25.0
BU06370401,Zoetermeer,475,5.0,65.0,60.0,30.0,35.0,135.0,95.0,50.0
BU06370500,Zoetermeer,1010,5.0,80.0,145.0,125.0,95.0,270.0,170.0,120.0
BU06370501,Zoetermeer,1055,0.0,125.0,120.0,100.0,75.0,290.0,235.0,110.0
BU06370600,Zoetermeer,605,0.0,60.0,80.0,80.0,55.0,175.0,115.0,40.0
BU06370601,Zoetermeer,1625,10.0,215.0,210.0,160.0,110.0,435.0,330.0,160.0
BU06370800,Zoetermeer,260,0.0,35.0,70.0,40.0,25.0,65.0,15.0,15.0
BU06370801,Zoetermeer,730,0.0,100.0,280.0,65.0,50.0,125.0,45.0,65.0
BU06370802,Zoetermeer,240,0.0,35.0,75.0,20.0,15.0,55.0,25.0,15.0
BU06370803,Zoetermeer,135,0.0,30.0,50.0,5.0,5.0,20.0,15.0,5.0
BU06370902,Zoetermeer,5,,,,,,,,
BU06370903,Zoetermeer,35,0.0,0.0,10.0,0.0,5.0,10.0,0.0,5.0
BU06370904,Zoetermeer,45,0.0,0.0,15.0,0.0,5.0,10.0,5.0,5.0
BU06370905,Zoetermeer,20,,,,,,,,
BU06370906,Zoetermeer,15,,,,,,,,
BU06370907,Zoetermeer,15,,,,,,,,
BU06380001,Zoeterwoude,95,0.0,15.0,10.0,5.0,5.0,30.0,15.0,10.0
BU06380002,Zoeterwoude,55,0.0,5.0,5.0,5.0,5.0,15.0,10.0,10.0
BU06380003,Zoeterwoude,75,0.0,15.0,10.0,5.0,5.0,20.0,10.0,10.0
BU06380004,Zoeterwoude,20,,,,,,,,
BU06380005,Zoeterwoude,105,5.0,20.0,15.0,10.0,10.0,25.0,15.0,10.0
BU06380006,Zoeterwoude,20,,,,,,,,
BU06380007,Zoeterwoude,80,0.0,25.0,20.0,5.0,10.0,5.0,10.0,5.0
BU06380101,Zoeterwoude,20,,,,,,,,
BU06380202,Zoeterwoude,50,5.0,5.0,5.0,0.0,5.0,20.0,5.0,0.0
BU06380303,Zoeterwoude,70,20.0,10.0,10.0,5.0,5.0,15.0,10.0,0.0
BU06380404,Zoeterwoude,20,,,,,,,,
BU06380909,Zoeterwoude,25,10.0,0.0,0.0,0.0,0.0,5.0,5.0,0.0
BU06381004,Zoeterwoude,55,0.0,5.0,5.0,10.0,0.0,10.0,15.0,5.0
BU06381005,Zoeterwoude,40,0.0,5.0,30.0,0.0,0.0,0.0,0.0,0.0
BU06381006,Zoeterwoude,90,0.0,25.0,5.0,10.0,10.0,20.0,15.0,5.0
BU06381007,Zoeterwoude,65,0.0,10.0,10.0,10.0,5.0,20.0,10.0,5.0
BU06381010,Zoeterwoude,195,0.0,45.0,60.0,15.0,25.0,35.0,5.0,5.0
BU06381011,Zoeterwoude,5,,,,,,,,
BU06381012,Zoeterwoude,65,0.0,15.0,10.0,5.0,15.0,10.0,5.0,5.0
BU06381013,Zoeterwoude,65,0.0,10.0,5.0,5.0,5.0,10.0,20.0,5.0
BU18920101,Zuidplas,170,10.0,35.0,25.0,10.0,20.0,35.0,20.0,15.0
BU18920102,Zuidplas,5,,,,,,,,
BU18920103,Zuidplas,65,0.0,20.0,10.0,5.0,5.0,5.0,15.0,5.0
BU18920104,Zuidplas,90,5.0,15.0,10.0,5.0,10.0,25.0,10.0,5.0
BU18920105,Zuidplas,85,5.0,25.0,30.0,5.0,10.0,10.0,5.0,0.0
BU18920106,Zuidplas,65,20.0,10.0,10.0,0.0,15.0,10.0,0.0,0.0
BU18920107,Zuidplas,115,5.0,15.0,15.0,5.0,10.0,30.0,15.0,15.0
BU18920191,Zuidplas,55,15.0,10.0,5.0,5.0,5.0,10.0,0.0,0.0
BU18920201,Zuidplas,135,0.0,15.0,40.0,10.0,25.0,20.0,15.0,15.0
BU18920202,Zuidplas,160,0.0,30.0,20.0,20.0,15.0,45.0,20.0,10.0
BU18920203,Zuidplas,80,5.0,20.0,15.0,0.0,5.0,20.0,10.0,5.0
BU18920204,Zuidplas,60,0.0,15.0,20.0,5.0,5.0,15.0,5.0,0.0
BU18920205,Zuidplas,105,0.0,20.0,5.0,10.0,10.0,25.0,20.0,10.0
BU18920206,Zuidplas,110,5.0,15.0,10.0,10.0,5.0,30.0,15.0,15.0
BU18920207,Zuidplas,10,,,,,,,,
BU18920208,Zuidplas,15,,,,,,,,
BU18920209,Zuidplas,80,5.0,15.0,20.0,5.0,10.0,15.0,15.0,0.0
BU18920210,Zuidplas,0,,,,,,,,
BU18920211,Zuidplas,200,5.0,20.0,25.0,20.0,20.0,50.0,40.0,20.0
BU18920291,Zuidplas,50,10.0,0.0,15.0,5.0,5.0,5.0,5.0,0.0
BU18920292,Zuidplas,210,50.0,35.0,50.0,15.0,25.0,20.0,5.0,10.0
BU18920293,Zuidplas,45,10.0,5.0,5.0,0.0,10.0,10.0,5.0,5.0
BU18920301,Zuidplas,220,5.0,45.0,40.0,15.0,15.0,50.0,30.0,20.0
BU18920302,Zuidplas,65,0.0,15.0,10.0,5.0,5.0,20.0,10.0,5.0
BU18920303,Zuidplas,165,0.0,35.0,15.0,10.0,25.0,35.0,40.0,10.0
BU18920304,Zuidplas,230,0.0,50.0,25.0,20.0,20.0,65.0,30.0,25.0
BU18920305,Zuidplas,35,0.0,10.0,5.0,0.0,0.0,5.0,10.0,5.0
BU18920306,Zuidplas,35,0.0,10.0,0.0,0.0,5.0,10.0,0.0,5.0
BU18920307,Zuidplas,45,0.0,5.0,0.0,0.0,5.0,15.0,5.0,5.0
BU18920308,Zuidplas,125,0.0,35.0,25.0,15.0,15.0,25.0,5.0,10.0
BU18920309,Zuidplas,30,0.0,10.0,5.0,0.0,0.0,0.0,0.0,5.0
BU18920310,Zuidplas,225,0.0,55.0,95.0,20.0,15.0,30.0,10.0,5.0
BU18920311,Zuidplas,70,0.0,10.0,5.0,10.0,5.0,15.0,20.0,10.0
BU18920399,Zuidplas,130,25.0,15.0,25.0,5.0,15.0,15.0,15.0,10.0
BU18920401,Zuidplas,90,0.0,5.0,30.0,0.0,15.0,10.0,15.0,10.0
BU18920402,Zuidplas,120,0.0,15.0,45.0,10.0,5.0,35.0,5.0,0.0
BU18920403,Zuidplas,145,0.0,15.0,15.0,10.0,15.0,45.0,25.0,15.0
BU18920404,Zuidplas,150,0.0,30.0,20.0,10.0,10.0,35.0,25.0,20.0
BU18920405,Zuidplas,60,0.0,10.0,5.0,10.0,0.0,15.0,10.0,10.0
BU18920406,Zuidplas,45,0.0,5.0,15.0,0.0,10.0,0.0,5.0,0.0
BU18920407,Zuidplas,15,,,,,,,,
BU18920408,Zuidplas,280,5.0,20.0,50.0,20.0,40.0,75.0,45.0,25.0
BU18920409,Zuidplas,220,0.0,10.0,30.0,20.0,25.0,75.0,35.0,25.0
BU18920410,Zuidplas,55,0.0,10.0,10.0,5.0,0.0,10.0,15.0,5.0
BU18920411,Zuidplas,245,5.0,35.0,40.0,15.0,30.0,55.0,45.0,25.0
BU18920412,Zuidplas,90,0.0,0.0,5.0,5.0,25.0,30.0,20.0,5.0
BU18920413,Zuidplas,100,0.0,20.0,10.0,5.0,15.0,25.0,20.0,10.0
BU18920414,Zuidplas,215,0.0,25.0,20.0,15.0,25.0,65.0,45.0,20.0
BU18920415,Zuidplas,235,0.0,25.0,60.0,15.0,15.0,40.0,50.0,25.0
BU18920416,Zuidplas,205,0.0,25.0,25.0,20.0,20.0,50.0,45.0,25.0
BU18920491,Zuidplas,200,20.0,30.0,40.0,15.0,35.0,35.0,5.0,20.0
BU18920492,Zuidplas,245,5.0,40.0,30.0,15.0,60.0,60.0,25.0,10.0
BU18920493,Zuidplas,145,5.0,30.0,45.0,10.0,15.0,20.0,10.0,10.0
BU08790000,Zundert,750,15.0,120.0,165.0,45.0,70.0,145.0,85.0,105.0
BU08790009,Zundert,270,85.0,40.0,30.0,15.0,25.0,45.0,15.0,15.0
BU08790100,Zundert,105,5.0,5.0,20.0,5.0,10.0,30.0,5.0,15.0
BU08790109,Zundert,245,85.0,30.0,35.0,5.0,30.0,40.0,15.0,10.0
BU08790200,Zundert,110,5.0,30.0,15.0,5.0,5.0,20.0,10.0,20.0
BU08790209,Zundert,315,85.0,55.0,45.0,5.0,20.0,50.0,25.0,30.0
BU08790300,Zundert,65,5.0,15.0,10.0,5.0,5.0,10.0,5.0,10.0
BU08790309,Zundert,230,85.0,30.0,25.0,15.0,20.0,25.0,15.0,10.0
BU08790400,Zundert,430,10.0,65.0,75.0,20.0,40.0,95.0,65.0,55.0
BU08790408,Zundert,275,50.0,45.0,35.0,5.0,30.0,60.0,35.0,20.0
BU08790409,Zundert,225,50.0,30.0,30.0,10.0,20.0,40.0,25.0,20.0
BU03010000,Zutphen,600,5.0,35.0,120.0,30.0,35.0,155.0,150.0,75.0
BU03010001,Zutphen,460,0.0,25.0,170.0,15.0,30.0,70.0,80.0,70.0
BU03010002,Zutphen,490,0.0,80.0,155.0,30.0,35.0,85.0,65.0,40.0
BU03010003,Zutphen,335,0.0,20.0,55.0,25.0,30.0,85.0,80.0,40.0
BU03010004,Zutphen,250,10.0,30.0,35.0,15.0,10.0,55.0,65.0,30.0
BU03010100,Zutphen,75,0.0,15.0,10.0,5.0,0.0,15.0,20.0,10.0
BU03010101,Zutphen,105,0.0,15.0,10.0,5.0,10.0,25.0,35.0,10.0
BU03010102,Zutphen,80,0.0,10.0,20.0,10.0,0.0,15.0,15.0,10.0
BU03010103,Zutphen,135,0.0,10.0,10.0,5.0,5.0,30.0,55.0,20.0
BU03010104,Zutphen,170,0.0,15.0,20.0,5.0,10.0,40.0,45.0,30.0
BU03010105,Zutphen,90,0.0,15.0,30.0,5.0,0.0,10.0,20.0,10.0
BU03010106,Zutphen,135,0.0,25.0,25.0,5.0,5.0,25.0,35.0,20.0
BU03010200,Zutphen,85,0.0,15.0,5.0,10.0,0.0,15.0,30.0,10.0
BU03010201,Zutphen,135,0.0,10.0,10.0,10.0,5.0,45.0,35.0,15.0
BU03010202,Zutphen,170,0.0,15.0,20.0,5.0,10.0,45.0,50.0,25.0
BU03010203,Zutphen,90,5.0,10.0,5.0,10.0,5.0,15.0,25.0,10.0
BU03010300,Zutphen,135,0.0,20.0,30.0,15.0,0.0,25.0,25.0,15.0
BU03010301,Zutphen,105,0.0,15.0,20.0,10.0,0.0,20.0,35.0,10.0
BU03010302,Zutphen,90,0.0,10.0,15.0,5.0,5.0,20.0,25.0,15.0
BU03010303,Zutphen,165,5.0,15.0,25.0,10.0,10.0,45.0,40.0,20.0
BU03010304,Zutphen,135,0.0,15.0,10.0,10.0,5.0,35.0,40.0,15.0
BU03010400,Zutphen,185,0.0,15.0,25.0,10.0,15.0,45.0,60.0,20.0
BU03010401,Zutphen,225,0.0,20.0,20.0,15.0,15.0,60.0,65.0,30.0
BU03010402,Zutphen,135,0.0,10.0,20.0,10.0,5.0,35.0,40.0,15.0
BU03010403,Zutphen,145,0.0,10.0,15.0,10.0,10.0,45.0,35.0,15.0
BU03010409,Zutphen,240,15.0,45.0,70.0,15.0,20.0,40.0,20.0,20.0
BU03010500,Zutphen,395,5.0,40.0,55.0,20.0,35.0,105.0,110.0,30.0
BU03010501,Zutphen,65,0.0,5.0,5.0,0.0,5.0,15.0,20.0,10.0
BU03010502,Zutphen,160,0.0,15.0,35.0,10.0,5.0,35.0,35.0,20.0
BU03010503,Zutphen,85,0.0,5.0,5.0,0.0,5.0,20.0,30.0,15.0
BU03010509,Zutphen,120,20.0,5.0,15.0,5.0,15.0,30.0,20.0,10.0
BU18960000,Zwartewaterland,160,0.0,25.0,55.0,10.0,25.0,20.0,15.0,15.0
BU18960001,Zwartewaterland,135,0.0,35.0,40.0,5.0,20.0,20.0,10.0,5.0
BU18960008,Zwartewaterland,10,,,,,,,,
BU18960009,Zwartewaterland,25,15.0,0.0,5.0,0.0,0.0,5.0,0.0,0.0
BU18960010,Zwartewaterland,240,5.0,80.0,75.0,10.0,35.0,25.0,5.0,10.0
BU18960011,Zwartewaterland,85,0.0,25.0,10.0,5.0,10.0,10.0,10.0,15.0
BU18960012,Zwartewaterland,205,0.0,35.0,45.0,15.0,45.0,40.0,10.0,15.0
BU18960013,Zwartewaterland,115,0.0,25.0,30.0,5.0,10.0,10.0,25.0,15.0
BU18960014,Zwartewaterland,115,0.0,20.0,25.0,10.0,20.0,25.0,10.0,10.0
BU18960100,Zwartewaterland,40,5.0,5.0,15.0,5.0,5.0,10.0,0.0,5.0
BU18960101,Zwartewaterland,20,,,,,,,,
BU18960108,Zwartewaterland,25,20.0,0.0,0.0,0.0,0.0,0.0,0.0,0.0
BU18960109,Zwartewaterland,15,,,,,,,,
BU18960200,Zwartewaterland,130,0.0,20.0,35.0,10.0,10.0,15.0,20.0,20.0
BU18960201,Zwartewaterland,50,5.0,10.0,10.0,5.0,0.0,10.0,10.0,5.0
BU18960202,Zwartewaterland,65,5.0,5.0,5.0,5.0,10.0,15.0,15.0,5.0
BU18960203,Zwartewaterland,130,0.0,40.0,45.0,15.0,15.0,10.0,0.0,5.0
BU18960204,Zwartewaterland,100,0.0,15.0,15.0,10.0,5.0,20.0,20.0,10.0
BU18960205,Zwartewaterland,100,0.0,10.0,15.0,5.0,10.0,20.0,25.0,15.0
BU18960206,Zwartewaterland,20,,,,,,,,
BU18960207,Zwartewaterland,55,5.0,5.0,10.0,5.0,5.0,15.0,5.0,5.0
BU18960307,Zwartewaterland,30,15.0,0.0,5.0,0.0,0.0,5.0,5.0,5.0
BU18960310,Zwartewaterland,70,30.0,10.0,5.0,0.0,5.0,0.0,10.0,0.0
BU18960400,Zwartewaterland,65,0.0,5.0,30.0,5.0,0.0,5.0,5.0,10.0
BU18960402,Zwartewaterland,60,0.0,15.0,10.0,10.0,0.0,5.0,5.0,5.0
BU18960403,Zwartewaterland,35,0.0,5.0,5.0,0.0,10.0,5.0,0.0,0.0
BU18960404,Zwartewaterland,105,0.0,20.0,10.0,15.0,10.0,15.0,20.0,15.0
BU18960405,Zwartewaterland,50,0.0,15.0,10.0,5.0,5.0,10.0,5.0,5.0
BU18960406,Zwartewaterland,50,0.0,15.0,10.0,5.0,0.0,10.0,5.0,0.0
BU18960407,Zwartewaterland,80,5.0,25.0,20.0,5.0,15.0,0.0,0.0,5.0
BU18960408,Zwartewaterland,25,10.0,0.0,5.0,0.0,0.0,0.0,5.0,0.0
BU18960409,Zwartewaterland,10,,,,,,,,
BU18960410,Zwartewaterland,70,0.0,10.0,10.0,10.0,15.0,15.0,0.0,15.0
BU18960500,Zwartewaterland,55,35.0,5.0,5.0,0.0,0.0,5.0,5.0,5.0
BU06420101,Zwijndrecht,80,0.0,20.0,10.0,15.0,5.0,10.0,5.0,10.0
BU06420102,Zwijndrecht,85,0.0,5.0,15.0,40.0,10.0,15.0,5.0,5.0
BU06420103,Zwijndrecht,0,,,,,,,,
BU06420104,Zwijndrecht,70,0.0,5.0,5.0,25.0,20.0,10.0,0.0,5.0
BU06420105,Zwijndrecht,0,,,,,,,,
BU06420106,Zwijndrecht,0,,,,,,,,
BU06420107,Zwijndrecht,90,0.0,15.0,10.0,5.0,5.0,25.0,25.0,5.0
BU06420108,Zwijndrecht,95,0.0,20.0,10.0,10.0,5.0,25.0,15.0,10.0
BU06420109,Zwijndrecht,70,0.0,15.0,10.0,5.0,0.0,20.0,15.0,5.0
BU06420110,Zwijndrecht,25,0.0,5.0,0.0,5.0,0.0,0.0,5.0,5.0
BU06420111,Zwijndrecht,125,0.0,5.0,70.0,0.0,15.0,10.0,10.0,20.0
BU06420112,Zwijndrecht,105,0.0,10.0,10.0,15.0,15.0,20.0,25.0,10.0
BU06420113,Zwijndrecht,40,0.0,5.0,0.0,5.0,5.0,10.0,15.0,0.0
BU06420114,Zwijndrecht,25,0.0,0.0,5.0,0.0,5.0,5.0,5.0,5.0
BU06420115,Zwijndrecht,30,0.0,5.0,0.0,0.0,5.0,5.0,5.0,0.0
BU06420201,Zwijndrecht,75,0.0,5.0,15.0,40.0,10.0,10.0,0.0,0.0
BU06420202,Zwijndrecht,15,,,,,,,,
BU06420203,Zwijndrecht,210,0.0,10.0,20.0,95.0,35.0,30.0,10.0,10.0
BU06420204,Zwijndrecht,0,,,,,,,,
BU06420205,Zwijndrecht,40,0.0,5.0,5.0,5.0,0.0,10.0,10.0,5.0
BU06420206,Zwijndrecht,155,0.0,20.0,20.0,25.0,10.0,45.0,20.0,15.0
BU06420207,Zwijndrecht,65,0.0,5.0,5.0,10.0,5.0,15.0,15.0,5.0
BU06420208,Zwijndrecht,75,0.0,10.0,5.0,5.0,10.0,20.0,20.0,0.0
BU06420209,Zwijndrecht,175,0.0,30.0,20.0,10.0,15.0,40.0,35.0,20.0
BU06420301,Zwijndrecht,55,0.0,5.0,20.0,5.0,5.0,10.0,5.0,0.0
BU06420302,Zwijndrecht,35,0.0,10.0,5.0,0.0,0.0,5.0,5.0,0.0
BU06420303,Zwijndrecht,110,0.0,25.0,20.0,10.0,5.0,15.0,20.0,15.0
BU06420304,Zwijndrecht,70,0.0,10.0,5.0,10.0,5.0,15.0,20.0,5.0
BU06420305,Zwijndrecht,50,0.0,15.0,5.0,5.0,0.0,10.0,5.0,5.0
BU06420306,Zwijndrecht,0,,,,,,,,
BU06420307,Zwijndrecht,40,0.0,5.0,5.0,5.0,0.0,10.0,10.0,5.0
BU06420308,Zwijndrecht,20,,,,,,,,
BU06420309,Zwijndrecht,40,0.0,5.0,15.0,0.0,0.0,5.0,10.0,5.0
BU06420310,Zwijndrecht,85,0.0,25.0,15.0,5.0,5.0,10.0,15.0,10.0
BU06420311,Zwijndrecht,25,0.0,5.0,5.0,0.0,0.0,5.0,5.0,5.0
BU06420312,Zwijndrecht,85,0.0,10.0,25.0,10.0,5.0,15.0,10.0,5.0
BU06420313,Zwijndrecht,85,0.0,10.0,15.0,5.0,10.0,20.0,15.0,10.0
BU06420401,Zwijndrecht,5,,,,,,,,
BU06420402,Zwijndrecht,70,0.0,10.0,5.0,10.0,0.0,15.0,20.0,15.0
BU06420403,Zwijndrecht,75,0.0,20.0,10.0,10.0,5.0,20.0,10.0,5.0
BU06420404,Zwijndrecht,80,0.0,15.0,10.0,5.0,0.0,20.0,10.0,15.0
BU06420405,Zwijndrecht,35,0.0,5.0,15.0,5.0,0.0,5.0,0.0,10.0
BU06420406,Zwijndrecht,95,0.0,15.0,10.0,10.0,5.0,20.0,20.0,10.0
BU06420407,Zwijndrecht,15,,,,,,,,
BU06420408,Zwijndrecht,95,0.0,10.0,10.0,15.0,20.0,25.0,15.0,0.0
BU06420409,Zwijndrecht,0,,,,,,,,
BU06420410,Zwijndrecht,45,0.0,15.0,20.0,0.0,0.0,5.0,0.0,0.0
BU06420501,Zwijndrecht,0,,,,,,,,
BU06420502,Zwijndrecht,5,,,,,,,,
BU06420503,Zwijndrecht,15,,,,,,,,
BU06420504,Zwijndrecht,35,0.0,5.0,10.0,0.0,0.0,5.0,5.0,10.0
BU06420505,Zwijndrecht,35,0.0,10.0,10.0,5.0,0.0,5.0,5.0,0.0
BU06420506,Zwijndrecht,35,0.0,10.0,5.0,5.0,0.0,5.0,10.0,0.0
BU06420507,Zwijndrecht,65,0.0,20.0,15.0,5.0,0.0,15.0,10.0,5.0
BU06420508,Zwijndrecht,75,0.0,30.0,5.0,5.0,5.0,5.0,15.0,10.0
BU06420509,Zwijndrecht,30,0.0,5.0,5.0,5.0,0.0,5.0,5.0,5.0
BU06420510,Zwijndrecht,40,0.0,10.0,10.0,0.0,5.0,10.0,5.0,5.0
BU06420511,Zwijndrecht,55,0.0,10.0,15.0,5.0,0.0,5.0,10.0,5.0
BU06420512,Zwijndrecht,50,0.0,20.0,5.0,0.0,0.0,5.0,5.0,10.0
BU06420513,Zwijndrecht,30,0.0,10.0,10.0,0.0,0.0,5.0,5.0,0.0
BU06420514,Zwijndrecht,55,0.0,10.0,10.0,5.0,5.0,10.0,10.0,5.0
BU06420515,Zwijndrecht,20,,,,,,,,
BU06420601,Zwijndrecht,15,,,,,,,,
BU06420602,Zwijndrecht,60,0.0,10.0,10.0,5.0,5.0,10.0,5.0,5.0
BU06420603,Zwijndrecht,20,,,,,,,,
BU06420604,Zwijndrecht,55,0.0,5.0,5.0,5.0,0.0,15.0,15.0,5.0
BU06420605,Zwijndrecht,15,,,,,,,,
BU06420606,Zwijndrecht,55,0.0,10.0,10.0,5.0,0.0,10.0,10.0,5.0
BU06420607,Zwijndrecht,30,0.0,5.0,5.0,0.0,0.0,5.0,5.0,5.0
BU06420608,Zwijndrecht,75,0.0,15.0,10.0,5.0,10.0,15.0,15.0,5.0
BU06420609,Zwijndrecht,80,0.0,5.0,10.0,5.0,10.0,35.0,10.0,0.0
BU06420610,Zwijndrecht,40,0.0,0.0,5.0,5.0,5.0,15.0,5.0,5.0
BU06420701,Zwijndrecht,160,0.0,45.0,40.0,35.0,25.0,15.0,5.0,0.0
BU06420702,Zwijndrecht,80,0.0,30.0,25.0,0.0,5.0,10.0,5.0,0.0
BU06420703,Zwijndrecht,80,0.0,15.0,25.0,10.0,10.0,15.0,0.0,0.0
BU06420704,Zwijndrecht,10,,,,,,,,
BU06420705,Zwijndrecht,30,5.0,10.0,5.0,5.0,5.0,5.0,5.0,0.0
BU06420706,Zwijndrecht,0,,,,,,,,
BU06420707,Zwijndrecht,15,,,,,,,,
BU06420708,Zwijndrecht,140,0.0,30.0,40.0,15.0,10.0,30.0,5.0,10.0
BU06420801,Zwijndrecht,40,0.0,5.0,5.0,5.0,5.0,10.0,0.0,5.0
BU06420802,Zwijndrecht,80,0.0,15.0,10.0,5.0,5.0,20.0,20.0,5.0
BU06420803,Zwijndrecht,105,0.0,10.0,20.0,5.0,20.0,25.0,15.0,15.0
BU06420804,Zwijndrecht,80,0.0,5.0,10.0,5.0,20.0,20.0,15.0,10.0
BU06420805,Zwijndrecht,25,0.0,10.0,0.0,0.0,5.0,5.0,5.0,0.0
BU06420901,Zwijndrecht,10,,,,,,,,
BU06420902,Zwijndrecht,10,,,,,,,,
BU06420903,Zwijndrecht,25,5.0,5.0,5.0,0.0,5.0,0.0,0.0,0.0
BU06420904,Zwijndrecht,25,5.0,5.0,5.0,5.0,0.0,0.0,0.0,0.0
BU06420905,Zwijndrecht,15,,,,,,,,
BU06420906,Zwijndrecht,5,,,,,,,,
BU06420907,Zwijndrecht,30,0.0,15.0,10.0,0.0,5.0,0.0,0.0,0.0
BU01931000,Zwolle,845,0.0,30.0,285.0,40.0,85.0,165.0,130.0,105.0
BU01931010,Zwolle,315,0.0,5.0,150.0,15.0,15.0,50.0,30.0,50.0
BU01931020,Zwolle,265,0.0,15.0,45.0,20.0,30.0,60.0,55.0,45.0
BU01931100,Zwolle,220,0.0,15.0,25.0,30.0,10.0,55.0,45.0,40.0
BU01931110,Zwolle,40,0.0,5.0,10.0,0.0,0.0,5.0,15.0,5.0
BU01931120,Zwolle,170,0.0,15.0,20.0,20.0,5.0,40.0,25.0,40.0
BU01931130,Zwolle,160,0.0,10.0,55.0,5.0,10.0,30.0,25.0,30.0
BU01931140,Zwolle,195,0.0,5.0,60.0,10.0,15.0,40.0,35.0,30.0
BU01931150,Zwolle,275,0.0,25.0,35.0,30.0,5.0,60.0,75.0,45.0
BU01931160,Zwolle,80,0.0,10.0,15.0,5.0,0.0,10.0,20.0,20.0
BU01931170,Zwolle,20,,,,,,,,
BU01931180,Zwolle,95,0.0,15.0,15.0,5.0,5.0,25.0,15.0,10.0
BU01931200,Zwolle,405,0.0,20.0,30.0,25.0,45.0,140.0,120.0,30.0
BU01931210,Zwolle,305,5.0,20.0,20.0,25.0,30.0,85.0,70.0,55.0
BU01931300,Zwolle,370,0.0,30.0,45.0,20.0,45.0,110.0,85.0,40.0
BU01931310,Zwolle,665,0.0,30.0,110.0,45.0,30.0,150.0,165.0,135.0
BU01931320,Zwolle,295,0.0,15.0,40.0,20.0,20.0,75.0,70.0,50.0
BU01931330,Zwolle,225,0.0,10.0,20.0,25.0,20.0,70.0,60.0,25.0
BU01931340,Zwolle,215,0.0,15.0,25.0,10.0,5.0,50.0,55.0,55.0
BU01931350,Zwolle,10,,,,,,,,
BU01931360,Zwolle,255,0.0,10.0,35.0,45.0,15.0,80.0,45.0,20.0
BU01931400,Zwolle,305,0.0,25.0,45.0,40.0,25.0,85.0,60.0,35.0
BU01931410,Zwolle,255,0.0,20.0,20.0,20.0,35.0,75.0,55.0,30.0
BU01932000,Zwolle,70,0.0,5.0,20.0,15.0,0.0,10.0,10.0,10.0
BU01932010,Zwolle,135,0.0,15.0,25.0,25.0,15.0,40.0,10.0,5.0
BU01932020,Zwolle,40,0.0,0.0,10.0,0.0,5.0,15.0,5.0,0.0
BU01932100,Zwolle,230,0.0,30.0,50.0,15.0,10.0,50.0,40.0,30.0
BU01932110,Zwolle,160,0.0,20.0,25.0,10.0,5.0,35.0,35.0,25.0
BU01932120,Zwolle,45,10.0,5.0,5.0,5.0,5.0,15.0,5.0,0.0
BU01932130,Zwolle,150,0.0,20.0,45.0,20.0,10.0,45.0,10.0,0.0
BU01932140,Zwolle,25,0.0,5.0,15.0,0.0,0.0,5.0,0.0,0.0
BU01932200,Zwolle,540,0.0,35.0,55.0,65.0,45.0,155.0,135.0,50.0
BU01932210,Zwolle,15,,,,,,,,
BU01932220,Zwolle,340,0.0,25.0,35.0,40.0,25.0,95.0,75.0,40.0
BU01932230,Zwolle,430,0.0,15.0,45.0,40.0,50.0,135.0,105.0,35.0
BU01932240,Zwolle,630,0.0,50.0,100.0,70.0,35.0,155.0,150.0,70.0
BU01932250,Zwolle,0,,,,,,,,
BU01932260,Zwolle,250,0.0,25.0,35.0,30.0,15.0,75.0,50.0,20.0
BU01932270,Zwolle,90,0.0,5.0,15.0,10.0,0.0,25.0,30.0,10.0
BU01932280,Zwolle,15,,,,,,,,
BU01933000,Zwolle,260,0.0,15.0,30.0,30.0,5.0,65.0,85.0,30.0
BU01933010,Zwolle,180,0.0,15.0,30.0,10.0,0.0,45.0,55.0,20.0
BU01933020,Zwolle,200,0.0,15.0,35.0,20.0,5.0,30.0,50.0,40.0
BU01933030,Zwolle,140,0.0,20.0,20.0,10.0,0.0,30.0,30.0,30.0
BU01933100,Zwolle,175,0.0,25.0,25.0,25.0,5.0,35.0,30.0,30.0
BU01933110,Zwolle,305,0.0,20.0,50.0,25.0,10.0,65.0,90.0,40.0
BU01933120,Zwolle,280,0.0,30.0,25.0,20.0,15.0,75.0,80.0,35.0
BU01933130,Zwolle,215,0.0,25.0,25.0,15.0,10.0,55.0,60.0,25.0
BU01933200,Zwolle,165,0.0,10.0,15.0,5.0,50.0,45.0,25.0,10.0
BU01933210,Zwolle,45,10.0,0.0,10.0,0.0,5.0,10.0,10.0,0.0
BU01933220,Zwolle,65,25.0,10.0,15.0,0.0,0.0,5.0,5.0,0.0
BU01934000,Zwolle,380,0.0,30.0,55.0,20.0,40.0,100.0,90.0,45.0
BU01934010,Zwolle,145,0.0,5.0,60.0,15.0,15.0,20.0,15.0,20.0
BU01934020,Zwolle,75,5.0,15.0,5.0,5.0,10.0,25.0,5.0,5.0
BU01934030,Zwolle,385,0.0,15.0,30.0,50.0,25.0,115.0,125.0,30.0
BU01934040,Zwolle,105,5.0,20.0,35.0,15.0,10.0,15.0,10.0,5.0
BU01934050,Zwolle,40,15.0,5.0,5.0,0.0,0.0,0.0,5.0,5.0
BU01934100,Zwolle,75,20.0,10.0,5.0,5.0,0.0,15.0,10.0,5.0
BU01934110,Zwolle,810,0.0,165.0,325.0,75.0,35.0,150.0,25.0,35.0
BU01934120,Zwolle,90,20.0,15.0,10.0,5.0,5.0,10.0,10.0,15.0
BU01935000,Zwolle,145,0.0,10.0,15.0,10.0,15.0,40.0,30.0,25.0
BU01935010,Zwolle,80,0.0,5.0,5.0,10.0,5.0,25.0,20.0,10.0
BU01935020,Zwolle,125,0.0,5.0,10.0,10.0,10.0,35.0,30.0,25.0
BU01935030,Zwolle,195,0.0,15.0,25.0,15.0,15.0,45.0,60.0,20.0
BU01935040,Zwolle,155,0.0,10.0,20.0,20.0,5.0,40.0,40.0,20.0
BU01935050,Zwolle,120,0.0,10.0,10.0,5.0,10.0,35.0,30.0,15.0
BU01935060,Zwolle,205,0.0,10.0,20.0,15.0,20.0,50.0,60.0,30.0
BU01935070,Zwolle,30,5.0,0.0,0.0,0.0,5.0,5.0,5.0,5.0
BU01935080,Zwolle,115,0.0,10.0,15.0,5.0,25.0,30.0,25.0,5.0
BU01935100,Zwolle,135,0.0,15.0,20.0,5.0,10.0,30.0,40.0,15.0
BU01935110,Zwolle,295,0.0,30.0,80.0,25.0,10.0,45.0,70.0,40.0
BU01935120,Zwolle,175,0.0,10.0,20.0,15.0,5.0,60.0,35.0,25.0
BU01935130,Zwolle,60,0.0,5.0,10.0,5.0,5.0,20.0,5.0,10.0
BU01935140,Zwolle,280,0.0,25.0,35.0,20.0,10.0,70.0,85.0,35.0
BU01935150,Zwolle,175,0.0,15.0,15.0,20.0,10.0,45.0,50.0,25.0
BU01935160,Zwolle,25,0.0,0.0,0.0,0.0,5.0,10.0,10.0,0.0
BU01935200,Zwolle,35,0.0,5.0,5.0,0.0,0.0,10.0,10.0,5.0
BU01935210,Zwolle,70,15.0,5.0,10.0,5.0,10.0,15.0,10.0,5.0
